province,year,quarter_num,quarter,time_index,temperature_2m_mean,temperature_2m_max,temperature_2m_min,precipitation_mm,rain_mm,precipitation_hours,sunshine_hours,shortwave_radiation_mj_m2,et0_mm,wind_speed_max_kmh,wind_gust_max_kmh,rain_normal_mm,temp_normal_c,rainfall_deviation_pct,temperature_anomaly_c,oni_index,enso_phase,temp_anomaly_rolling,rain_anomaly_rolling,climate_stress
AGUSAN DEL NORTE,2010,1,Q1,8041,26.2983333333333,28.8994444444444,23.9155555555556,971.6,971.6,1338.0,1760.52219722222,3188.9,645.78,8.48444444444445,25.5266666666667,1642.76,25.9953785103785,-40.8556332026589,0.30295482295482,1.16666666666667,El Niño,0.30295482295482,-40.8556332026589,41.1585880256137
AGUSAN DEL NORTE,2010,2,Q2,8042,27.8785714285714,30.8241758241758,25.2368131868132,759.4,759.4,1100.0,1950.04350277778,3729.02,781.44,9.00549450549451,25.3824175824176,1137.05,27.4983516483517,-33.2131392638846,0.380219780219772,-0.166666666666667,Neutral,0.341587301587296,-37.0343862332718,37.3759735348591
AGUSAN DEL NORTE,2010,3,Q3,8043,27.5717391304348,30.4913043478261,25.1809782608696,1240.0,1240.0,1554.0,1798.10958055556,3411.8,720.51,10.3163043478261,25.0097826086957,1049.47,27.4147282608696,18.1548781766034,0.157010869565219,-1.3,La Niña,0.280061824246604,-18.6379647633134,18.91802658756
AGUSAN DEL NORTE,2010,4,Q4,8044,27.1478260869565,30.1277173913043,24.8054347826087,1256.2,1256.2,1512.0,1788.90739722222,3063.86,642.81,9.75,25.8413043478261,1439.98,26.8302173913043,-12.7626772594064,0.317608695652172,-1.6,La Niña,0.289448542097996,-17.1691428873366,17.4585914294346
AGUSAN DEL NORTE,2011,1,Q1,8045,26.0016666666667,28.4294444444444,24.1161111111111,2299.0,2299.0,2290.0,1442.45941666667,2680.14,546.05,9.58777777777778,27.86,1642.76,25.9953785103785,39.9474055857216,0.0062881562881607,-1.16666666666667,La Niña,0.215281875431331,3.03161680975851,3.24689868518984
AGUSAN DEL NORTE,2011,2,Q2,8046,26.7868131868132,29.2192307692308,24.7472527472527,1448.0,1448.0,1730.0,1654.90318055556,3200.08,650.87,10.4538461538462,25.7835164835165,1137.05,27.4983516483517,27.3470823622532,-0.711538461538463,-0.566666666666667,La Niña,-0.0576576850082278,18.171672216293,18.2293299013012
AGUSAN DEL NORTE,2011,3,Q3,8047,27.1527173913043,29.5777173913044,24.9722826086957,625.2,625.2,1030.0,1736.07435,3382.34,696.67,11.3565217391304,25.4695652173913,1049.47,27.4147282608696,-40.4270727128932,-0.262010869565216,-0.633333333333333,La Niña,-0.162413119790837,3.52618449391882,3.68859761370965
AGUSAN DEL NORTE,2011,4,Q4,8048,26.7679347826087,29.2663043478261,24.6576086956522,1841.0,1841.0,1700.0,1660.02396111111,2959.9,608.98,9.11521739130435,25.8630434782609,1439.98,26.8302173913043,27.8489979027486,-0.0622826086956536,-1.03333333333333,La Niña,-0.257385945877793,13.6791032844576,13.9364892303354
AGUSAN DEL NORTE,2012,1,Q1,8049,26.2115384615385,28.8093406593407,24.1076923076923,1174.4,1174.4,1684.0,1643.49299166667,3035.34,615.69,8.51428571428571,26.7274725274725,1642.76,25.9953785103785,-28.5105554067545,0.216159951159952,-0.733333333333333,La Niña,-0.204917997159845,-3.43538696366145,3.6403049608213
AGUSAN DEL NORTE,2012,2,Q2,8050,27.4736263736264,30.3098901098901,25.0038461538462,737.0,737.0,1186.0,1886.23370277778,3555.02,743.42,10.4912087912088,25.6857142857143,1137.05,27.4983516483517,-35.1831493777758,-0.0247252747252773,-0.266666666666667,Neutral,-0.0332147004565488,-19.0679448986687,19.1011595991253
AGUSAN DEL NORTE,2012,3,Q3,8051,27.3951086956522,30.0679347826087,25.0119565217391,979.2,979.2,1390.0,1705.84591111111,3390.54,715.57,11.7978260869565,26.7576086956522,1049.47,27.4147282608696,-6.69576071731445,-0.0196195652173933,0.333333333333333,Neutral,0.0273831256304069,-10.635116899774,10.6625000254044
AGUSAN DEL NORTE,2012,4,Q4,8052,27.0130434782609,29.7614130434783,24.7277173913043,919.6,919.6,1416.0,1760.85909722222,3073.84,643.85,9.85652173913043,28.9619565217391,1439.98,26.8302173913043,-36.1380019166933,0.182826086956521,0.0666666666666666,Neutral,0.0886602995434504,-26.6318668546345,26.720527154178
AGUSAN DEL NORTE,2013,1,Q1,8053,26.2472222222222,28.6738888888889,24.1811111111111,1893.8,1893.8,2064.0,1558.97430277778,2899.26,589.06,8.98555555555556,26.9666666666667,1642.76,25.9953785103785,15.2815992597823,0.251843711843716,-0.366666666666667,Neutral,0.0975812397143914,-15.6838281880003,15.7814094277147
AGUSAN DEL NORTE,2013,2,Q2,8054,27.5868131868132,30.4923076923077,25.1324175824176,1002.6,1002.6,1188.0,1770.84266388889,3470.06,725.43,9.59120879120879,24.5153846153846,1137.05,27.4983516483517,-11.8244580273515,0.0884615384615372,-0.366666666666667,Neutral,0.125877943011095,-9.84415535039422,9.97003329340531
AGUSAN DEL NORTE,2013,3,Q3,8055,27.1255434782609,29.6570652173913,24.9016304347826,1280.6,1280.6,1614.0,1711.21833888889,3325.74,688.38,10.7521739130435,25.2945652173913,1049.47,27.4147282608696,22.0234975749664,-0.28918478260869,-0.333333333333333,Neutral,0.0584866386632709,-2.66434077732401,2.72282741598728
AGUSAN DEL NORTE,2013,4,Q4,8056,26.8483695652174,29.5603260869565,24.6239130434783,1108.6,1108.6,1568.0,1747.11435,3038.26,632.49,10.5141304347826,27.6728260869565,1439.98,26.8302173913043,-23.0128196224948,0.0181521739130481,-0.233333333333333,Neutral,0.0173181604024028,0.616954796225623,0.634272956628026
AGUSAN DEL NORTE,2014,1,Q1,8057,25.495,27.75,23.5533333333333,3456.6,3456.6,2002.0,1389.57496666667,2627.6,536.27,12.2911111111111,30.3366666666667,1642.76,25.9953785103785,110.414181012442,-0.500378510378507,-0.4,Neutral,-0.170737395153153,24.4001002343907,24.5708376295438
AGUSAN DEL NORTE,2014,2,Q2,8058,27.5763736263736,30.2895604395604,25.1747252747253,1039.4,1039.4,1280.0,1795.32614444444,3502.18,727.67,10.2472527472527,25.3879120879121,1137.05,27.4983516483517,-8.58801284024448,0.0780219780219724,0.133333333333333,Neutral,-0.173347285263044,25.2092115311674,25.3825588164305
AGUSAN DEL NORTE,2014,3,Q3,8059,27.2369565217391,29.6733695652174,25.0516304347826,1321.8,1321.8,1564.0,1603.20382222222,3203.02,668.83,12.4717391304348,26.8228260869565,1049.47,27.4147282608696,25.9492886885761,-0.177771739130435,0.1,Neutral,-0.14549402439348,26.1906593095698,26.3361533339633
AGUSAN DEL NORTE,2014,4,Q4,8060,26.6951086956522,29.0586956521739,24.6641304347826,1680.8,1680.8,2030.0,1617.48752777778,2831.64,582.68,11.2010869565217,27.4,1439.98,26.8302173913043,16.7238433867137,-0.135108695652175,0.6,El Niño,-0.183809241784786,36.124825061872,36.3086343036567
AGUSAN DEL NORTE,2015,1,Q1,8061,25.9083333333333,28.3683333333333,23.6816666666667,984.6,984.6,1524.0,1807.51313333333,3212.34,643.66,9.85111111111111,25.3555555555556,1642.76,25.9953785103785,-40.0642820618958,-0.0870451770451765,0.5,El Niño,-0.0804759084514534,-1.49479070671262,1.57526661516407
AGUSAN DEL NORTE,2015,2,Q2,8062,27.7857142857143,30.6291208791209,25.1137362637363,1021.4,1021.4,1238.0,1828.7781,3624.26,766.52,11.8989010989011,26.2340659340659,1137.05,27.4983516483517,-10.1710566817642,0.287362637362634,0.933333333333333,El Niño,-0.0281407436162881,-1.89055166709255,1.91869241070884
AGUSAN DEL NORTE,2015,3,Q3,8063,27.3152173913043,29.8429347826087,25.0304347826087,1140.2,1140.2,1568.0,1762.59255,3321.86,690.77,12.3836956521739,27.1760869565217,1049.47,27.4147282608696,8.64531620722841,-0.0995108695652184,1.86666666666667,El Niño,-0.00857552622498398,-6.21654478742948,6.22512031365446
AGUSAN DEL NORTE,2015,4,Q4,8064,27.1271739130435,29.8625,24.7032608695652,1222.8,1222.8,1322.0,1858.81558611111,3215.3,666.8,9.70326086956522,26.3858695652174,1439.98,26.8302173913043,-15.0821539188044,0.296956521739126,2.53333333333333,El Niño,0.0994407781228413,-14.168044113809,14.2674848919319
AGUSAN DEL NORTE,2016,1,Q1,8065,27.0478021978022,30.2521978021978,23.9785714285714,328.6,328.6,648.0,1958.31072222222,3616.9,758.54,9.14615384615385,25.1395604395604,1642.76,25.9953785103785,-79.9970780880956,1.05242368742369,2.06666666666667,El Niño,0.384307994240058,-24.151243120359,24.535551114599
AGUSAN DEL NORTE,2016,2,Q2,8066,28.4126373626374,31.5203296703297,25.6736263736264,1035.0,1035.0,1254.0,1904.86361111111,3601.74,780.95,10.1989010989011,26.3516483516484,1137.05,27.4983516483517,-8.97497911261598,0.914285714285718,0.4,Neutral,0.541038763470829,-23.8522237280719,24.3932624915427
AGUSAN DEL NORTE,2016,3,Q3,8067,28.1048913043478,30.9864130434783,25.6978260869565,851.2,851.2,1290.0,1790.637,3492.62,752.51,12.5054347826087,27.6021739130435,1049.47,27.4147282608696,-18.8923933032864,0.690163043478261,-0.5,La Niña,0.738457241731699,-30.7366511057006,31.4751083474323
AGUSAN DEL NORTE,2016,4,Q4,8068,26.9385869565217,29.4483695652174,24.8663043478261,1467.0,1467.0,1934.0,1650.87455555556,2830.88,588.8,10.3173913043478,27.1902173913043,1439.98,26.8302173913043,1.87641495020764,0.108369565217391,-0.666666666666667,La Niña,0.691310502601265,-26.4970088884476,27.1883193910489
AGUSAN DEL NORTE,2017,1,Q1,8069,25.6244444444444,28.3594444444444,23.4338888888889,2290.3,2290.3,2063.0,1442.53795833333,2649.3,536.21,10.4644444444444,34.99,1642.76,25.9953785103785,39.4178090530571,-0.370934065934065,-0.133333333333333,Neutral,0.335471064261826,3.35671289684058,3.69218396110241
AGUSAN DEL NORTE,2017,2,Q2,8070,26.9461538461538,30.0598901098901,24.4648351648352,1952.6,1952.6,1502.0,1762.70055833333,3303.4,676.2,10.0516483516484,29.9576923076923,1137.05,27.4983516483517,71.7250780528561,-0.552197802197806,0.266666666666667,Neutral,-0.031149814859055,23.5317271882086,23.5628770030677
AGUSAN DEL NORTE,2017,3,Q3,8071,26.858152173913,29.7853260869565,24.5266304347826,1532.4,1532.4,1489.0,1582.06786666667,3199.77,660.13,10.9625,30.4505434782609,1049.47,27.4147282608696,46.0165607401831,-0.556576086956525,-0.133333333333333,Neutral,-0.342834597467752,39.758965699076,40.1018002965437
AGUSAN DEL NORTE,2017,4,Q4,8072,26.5413043478261,29.3538043478261,24.2722826086957,1942.8,1942.8,1678.0,1519.94448888889,2767.91,573.1,11.4369565217391,34.3059782608696,1439.98,26.8302173913043,34.9185405352852,-0.28891304347826,-0.833333333333333,La Niña,-0.442155249641664,48.0194970953454,48.461652344987
AGUSAN DEL NORTE,2018,1,Q1,8073,25.8994444444444,28.7772222222222,23.5366666666667,2012.7,2012.7,1635.0,1552.24615555556,2860.73,578.02,10.4116666666667,33.3433333333333,1642.76,25.9953785103785,22.5194185395311,-0.0959340659340668,-0.833333333333333,La Niña,-0.373405249641665,43.7948994669639,44.1683047166055
AGUSAN DEL NORTE,2018,2,Q2,8074,27.0758241758242,30.3049450549451,24.3598901098901,1300.1,1300.1,1254.0,1823.39949722222,3484.42,719.56,10.8445054945055,31.4071428571429,1137.05,27.4983516483517,14.3397387977661,-0.422527472527474,-0.233333333333333,Neutral,-0.340987667224081,29.4485646531914,29.7895523204155
AGUSAN DEL NORTE,2018,3,Q3,8075,27.6125,30.6891304347826,25.0021739130435,778.1,778.1,1162.0,1719.78228055556,3500.39,761.55,14.1744565217391,38.8722826086956,1049.47,27.4147282608696,-25.8578139441813,0.197771739130434,0.266666666666667,Neutral,-0.152400710702342,11.4799709821003,11.6323716928026
AGUSAN DEL NORTE,2018,4,Q4,8076,26.4472826086957,29.4673913043478,23.8586956521739,1588.4,1588.4,1955.0,1711.85736388889,3076.83,629.34,10.6728260869565,33.6353260869565,1439.98,26.8302173913043,10.3070875984389,-0.382934782608697,0.833333333333333,El Niño,-0.175906145484951,5.32710774788868,5.50301389337363
AGUSAN DEL NORTE,2019,1,Q1,8077,25.22,28.5911111111111,22.0716666666667,1016.0,1016.0,1485.0,1741.07391388889,3389.7,672.24,10.4372222222222,32.6716666666667,1642.76,25.9953785103785,-38.1528646911296,-0.775378510378509,0.7,El Niño,-0.345767256596061,-9.84096305977647,10.1867303163725
AGUSAN DEL NORTE,2019,2,Q2,8078,27.460989010989,30.9379120879121,24.4093406593407,1075.0,1075.0,1352.0,1876.73038333333,3670.51,768.79,11.0175824175824,31.8208791208791,1137.05,27.4983516483517,-5.45710390923882,-0.0373626373626407,0.566666666666667,El Niño,-0.249476047804853,-14.7901737365277,15.0396497843326
AGUSAN DEL NORTE,2019,3,Q3,8079,27.7744565217391,31.2211956521739,25.0239130434783,746.0,746.0,1216.0,1648.15535555556,3493.82,774.68,12.9277173913043,35.5402173913043,1049.47,27.4147282608696,-28.9165007098821,0.359728260869563,0.2,Neutral,-0.208986917370071,-15.5548454279529,15.763832345323
AGUSAN DEL NORTE,2019,4,Q4,8080,26.7755434782609,30.075,24.0527173913043,1372.6,1372.6,1726.0,1733.97899166667,3134.59,654.58,11.2429347826087,33.6152173913043,1439.98,26.8302173913043,-4.67923165599523,-0.0546739130434801,0.433333333333333,Neutral,-0.126921699978767,-19.3014252415614,19.4283469415402
AGUSAN DEL NORTE,2020,1,Q1,8081,26.3697802197802,30.0181318681319,23.1027472527473,740.2,740.2,1486.0,1884.443825,3522.31,726.25,10.3,32.3478021978022,1642.76,25.9953785103785,-54.9416835082422,0.374401709401713,0.466666666666667,Neutral,0.160523354966289,-23.4986299458396,23.6591533008059
AGUSAN DEL NORTE,2020,2,Q2,8082,27.4796703296703,31.171978021978,24.4593406593407,1548.1,1548.1,1612.0,1760.02552777778,3513.52,743.94,10.8258241758242,32.1368131868132,1137.05,27.4983516483517,36.1505650587045,-0.0186813186813203,-0.0666666666666666,Neutral,0.165193684636619,-13.0967127038538,13.2619063884904
AGUSAN DEL NORTE,2020,3,Q3,8083,27.0728260869565,30.4038043478261,24.4891304347826,1752.8,1752.8,1677.0,1611.54334444444,3259.89,677.7,10.7038043478261,30.9119565217391,1049.47,27.4147282608696,67.0176374741536,-0.341902173913045,-0.633333333333333,La Niña,-0.0102139240590331,10.8868218421552,10.8970357662142
AGUSAN DEL NORTE,2020,4,Q4,8084,26.6152173913043,29.6788043478261,24.2184782608696,1819.1,1819.1,1887.0,1534.98041111111,2806.52,578.53,10.6722826086957,32.2358695652174,1439.98,26.8302173913043,26.3281434464367,-0.215,-1.23333333333333,La Niña,-0.050295445798163,18.6386656177632,18.6889610635613
AGUSAN DEL NORTE,2021,1,Q1,8085,25.8588888888889,28.9255555555556,23.3166666666667,2314.6,2314.6,2182.0,1555.29117777778,2965.03,595.06,9.69611111111111,32.65,1642.76,25.9953785103785,40.8970269546373,-0.136489621489616,-0.9,La Niña,-0.178018278520995,42.5983432334831,42.7763615120041
AGUSAN DEL NORTE,2021,2,Q2,8086,26.9225274725275,29.9730769230769,24.3384615384615,1665.2,1665.2,1720.0,1745.44817222222,3432.89,701.96,11.4093406593407,32.617032967033,1137.05,27.4983516483517,46.4491447165912,-0.575824175824181,-0.533333333333333,La Niña,-0.317303992806711,45.1729881479547,45.4902921407614
AGUSAN DEL NORTE,2021,3,Q3,8087,27.4228260869565,30.8478260869565,24.591847826087,1325.6,1325.6,1314.0,1706.26197222222,3456.52,736.09,11.5461956521739,32.0375,1049.47,27.4147282608696,26.3113762184722,0.0080978260869564,-0.533333333333333,La Niña,-0.22980399280671,34.9964228340344,35.2262268268411
AGUSAN DEL NORTE,2021,4,Q4,8088,26.2586956521739,29.3684782608696,23.9608695652174,2536.7,2536.7,1822.0,1422.97866111111,2816.26,577.32,11.3271739130435,30.770652173913,1439.98,26.8302173913043,76.1621689190128,-0.571521739130429,-0.933333333333333,La Niña,-0.318934427589317,47.4549292021784,47.7738636297677
AGUSAN DEL NORTE,2022,1,Q1,8089,25.7077777777778,29.025,23.1438888888889,1990.9,1990.9,1887.0,1479.70343888889,3023.17,604.6,9.71277777777778,28.2261111111111,1642.76,25.9953785103785,21.192383549636,-0.287600732600737,-0.966666666666667,La Niña,-0.356712205367097,42.528768350928,42.8854805562951
AGUSAN DEL NORTE,2022,2,Q2,8090,26.4758241758242,29.8582417582418,23.9395604395604,2284.6,2284.6,1833.0,1494.24468888889,3234.99,658.29,10.9615384615385,29.1708791208791,1137.05,27.4983516483517,100.923442240887,-1.02252747252747,-1.0,La Niña,-0.46838802954292,56.1473427320019,56.6157307615448
AGUSAN DEL NORTE,2022,3,Q3,8091,26.683152173913,30.2135869565217,24.0815217391304,1804.8,1804.8,1497.0,1663.31295833333,3501.45,712.85,11.0788043478261,28.6663043478261,1049.47,27.4147282608696,71.9725194622047,-0.731576086956522,-0.9,La Niña,-0.65330650780379,67.562628542935,68.2159350507388
AGUSAN DEL NORTE,2022,4,Q4,8092,26.3054347826087,29.4342391304348,23.8375,2075.5,2075.5,1957.0,1449.96991111111,2883.81,588.89,10.7483695652174,28.8103260869565,1439.98,26.8302173913043,44.1339463048098,-0.524782608695652,-0.9,La Niña,-0.641621725195096,59.5555728893843,60.1971946145793
AGUSAN DEL NORTE,2023,1,Q1,8093,25.4205555555556,28.2627777777778,23.1194444444444,2490.7,2490.7,2340.0,1289.25301944444,2793.1,550.78,9.83833333333334,28.3811111111111,1642.76,25.9953785103785,51.6167912537437,-0.574822954822949,-0.4,Neutral,-0.713427280750649,67.1616748154112,67.8751020961618
AGUSAN DEL NORTE,2023,2,Q2,8094,27.1285714285714,30.5,24.3565934065934,1267.0,1267.0,1423.0,1756.23685555556,3639.83,747.64,11.6313186813187,30.4241758241758,1137.05,27.4983516483517,11.4286970669716,-0.369780219780228,0.5,El Niño,-0.550240467563838,44.7879885219324,45.3382289894963
AGUSAN DEL NORTE,2023,3,Q3,8095,27.5315217391304,31.0190217391304,24.7809782608696,1278.2,1278.2,1445.0,1673.38963888889,3548.33,758.87,13.2255434782609,33.8951086956522,1049.47,27.4147282608696,21.7948107139794,0.116793478260874,1.33333333333333,El Niño,-0.338148076259489,32.2435613348761,32.5817094111356
AGUSAN DEL NORTE,2023,4,Q4,8096,26.7103260869565,30.2690217391304,23.9978260869565,1413.2,1413.2,1591.0,1686.60918611111,3209.12,658.13,10.0,28.3413043478261,1439.98,26.8302173913043,-1.85974805205628,-0.119891304347828,1.9,El Niño,-0.236925250172533,20.7451377456596,20.9820629958321
AGUSAN DEL NORTE,2024,1,Q1,8097,26.0494505494506,29.6335164835165,23.021978021978,965.6,965.6,1616.0,1704.01813888889,3453.56,696.8,9.14065934065934,27.4686813186813,1642.76,25.9953785103785,-41.2208721907034,0.054072039072043,1.46666666666667,El Niño,-0.0797015016987848,-2.46427811545218,2.54397961715097
AGUSAN DEL NORTE,2024,2,Q2,8098,27.9950549450549,32.2593406593407,24.5489010989011,1219.4,1219.4,1322.0,1829.62141944444,3781.61,820.13,11.5230769230769,30.432967032967,1137.05,27.4983516483517,7.24242557495274,0.496703296703291,0.433333333333333,Neutral,0.136919377422095,-3.51084598845688,3.64776536587898
AGUSAN DEL NORTE,2024,3,Q3,8099,27.329347826087,31.0271739130435,24.6603260869565,1480.3,1480.3,1464.0,1598.54935,3424.75,722.32,11.566847826087,30.2592391304348,1049.47,27.4147282608696,41.0521501329242,-0.085380434782607,-0.1,Neutral,0.0863758991612249,1.30348886627931,1.38986476544054
AGUSAN DEL NORTE,2024,4,Q4,8100,26.8838888888889,30.4494505494505,24.3434065934066,1688.1,1688.1,1698.0,1523.00955555556,2975.78,626.37,10.9653846153846,29.8016483516483,1439.98,26.8302173913043,17.230794872151,0.053671497584542,-0.4,Neutral,0.129766599644317,6.07612459733113,6.20589119697545
AGUSAN DEL NORTE,2025,1,Q1,8101,25.8662921348315,29.3138888888889,23.4488888888889,1751.2,1751.2,1846.0,1404.38878333333,2910.74,586.49,8.98222222222222,26.4677777777778,1642.76,25.9953785103785,6.6010859772578,-0.129086375547047,-0.4,Neutral,0.0839769959895449,18.0316141393214,18.115591135311
AGUSAN DEL NORTE,2025,2,Q2,8102,27.9917582417582,31.85,25.0697802197802,525.1,6.5,788.0,1776.39347777778,3640.65,771.11,12.6835164835165,26.3357142857143,1137.05,27.4983516483517,-53.8190932676663,0.49340659340659,-0.1,Neutral,0.0831528201653695,2.76623442866667,2.84938724883204
AGUSAN DEL NORTE,2025,3,Q3,8103,28.4907608695652,30.3847826086957,26.9847826086956,871.2,43.5,1116.0,1594.16748055556,3540.76,753.44,14.0320652173913,24.4576086956522,1049.47,27.4147282608696,-16.9866694617283,1.07603260869565,-0.3,Neutral,0.373506081034933,-11.7434704699965,12.1169765510314
AGUSAN DEL NORTE,2025,4,Q4,8104,28.1975409836066,29.8901639344262,26.8590163934426,1042.3,130.9,991.0,1046.47066666667,2137.01,442.57,12.6647540983607,23.1172131147541,1439.98,26.8302173913043,-27.6170502368089,1.36732359230221,-0.6,La Niña,0.701919104714351,-22.9554317472364,23.6573508519508
AGUSAN DEL SUR,2010,1,Q1,8041,25.1288888888889,28.9255555555556,22.34,504.9,504.9,645.0,827.627802777778,1480.06,304.51,9.52777777777778,29.0677777777778,685.79,25.0477704517705,-26.3768792195862,0.0811184371184374,1.16666666666667,El Niño,0.0811184371184374,-26.3768792195862,26.4579976567046
AGUSAN DEL SUR,2010,2,Q2,8042,26.2835164835165,30.1087912087912,23.4681318681319,360.4,360.4,626.0,915.809191666667,1728.66,354.87,8.90659340659341,25.4065934065934,478.18,26.317032967033,-24.6308921326697,-0.0335164835164789,-0.166666666666667,Neutral,0.0238009768009792,-25.5038856761279,25.5276866529289
AGUSAN DEL SUR,2010,3,Q3,8043,25.8684782608696,29.6565217391304,23.0923913043478,522.1,522.1,696.0,864.461038888889,1701.39,346.29,7.59347826086957,22.5347826086957,490.77,26.2651086956522,6.38384579334516,-0.396630434782605,-1.3,La Niña,-0.116342827060215,-14.8746418529702,14.9909846800305
AGUSAN DEL SUR,2010,4,Q4,8044,25.479347826087,29.320652173913,22.804347826087,550.7,550.7,705.0,857.770502777778,1487.31,302.36,7.34130434782609,24.0271739130435,585.47,25.6848913043478,-5.93881838522896,-0.205543478260868,-1.6,La Niña,-0.138642989860378,-12.6406859860349,12.7793289758953
AGUSAN DEL SUR,2011,1,Q1,8045,24.6733333333333,28.2255555555556,22.3844444444444,980.7,980.7,1039.0,674.133233333333,1277.55,259.2,8.35,27.7733333333333,685.79,25.0477704517705,43.0029600898234,-0.374437118437122,-1.16666666666667,La Niña,-0.252531878749268,4.70427384131748,4.95680572006675
AGUSAN DEL SUR,2011,2,Q2,8046,25.4846153846154,29.0824175824176,22.9692307692308,695.0,695.0,794.0,780.161644444444,1540.45,312.21,7.92637362637363,24.8197802197802,478.18,26.317032967033,45.3427579572546,-0.832417582417584,-0.566666666666667,La Niña,-0.452257153474545,22.1976863637986,22.6499435172731
AGUSAN DEL SUR,2011,3,Q3,8047,25.7684782608696,29.4608695652174,22.9347826086956,580.1,580.1,582.0,827.263783333333,1676.4,341.58,6.79673913043478,23.1695652173913,490.77,26.2651086956522,18.2020090877601,-0.49663043478261,-0.633333333333333,La Niña,-0.477257153474546,25.1522271874023,25.6294843408768
AGUSAN DEL SUR,2011,4,Q4,8048,25.2989130434783,28.820652173913,22.75,748.0,748.0,797.0,806.710363888889,1425.17,289.28,7.73478260869565,25.8880434782609,585.47,25.6848913043478,27.7606025927887,-0.385978260869564,-1.03333333333333,La Niña,-0.52236584912672,33.5770824319067,34.0994482810334
AGUSAN DEL SUR,2012,1,Q1,8049,24.8813186813187,28.4945054945055,22.5582417582418,621.0,621.0,1009.0,780.733888888889,1421.65,286.48,9.44065934065934,29.7483516483516,685.79,25.0477704517705,-9.44749850537336,-0.166451770451769,-0.733333333333333,La Niña,-0.470369512130381,20.4644677831075,20.9348372952379
AGUSAN DEL SUR,2012,2,Q2,8050,25.9505494505494,29.8252747252747,23.1450549450549,447.3,447.3,666.0,885.646847222222,1729.81,351.15,7.61538461538461,24.1010989010989,478.18,26.317032967033,-6.45781923125183,-0.36648351648352,-0.266666666666667,Neutral,-0.353885995646865,7.51432348598089,7.86820948162776
AGUSAN DEL SUR,2012,3,Q3,8051,25.9032608695652,29.6739130434783,23.0184782608696,551.9,551.9,608.0,836.042863888889,1694.45,346.06,7.075,23.9260869565217,490.77,26.2651086956522,12.4559365894411,-0.361847826086958,0.333333333333333,Neutral,-0.320190343472952,6.07780536140115,6.3979957048741
AGUSAN DEL SUR,2012,4,Q4,8052,25.395652173913,29.0619565217391,22.8782608695652,534.5,534.5,753.0,838.815180555556,1441.54,294.15,8.66630434782609,29.7445652173913,585.47,25.6848913043478,-8.70582608844177,-0.289239130434776,0.0666666666666666,Neutral,-0.296005560864256,-3.03880180890647,3.33480736977072
AGUSAN DEL SUR,2013,1,Q1,8053,25.0077777777778,28.4555555555556,22.4688888888889,883.2,883.2,938.0,712.233908333333,1343.42,273.79,9.05666666666667,29.1288888888889,685.79,25.0477704517705,28.785779903469,-0.0399926739926783,-0.366666666666667,Neutral,-0.264390786749483,6.51951779330412,6.78390858005361
AGUSAN DEL SUR,2013,2,Q2,8054,25.9989010989011,29.8120879120879,23.2285714285714,498.4,498.4,637.0,855.921927777778,1670.64,341.62,8.15164835164835,24.0494505494506,478.18,26.317032967033,4.22853318833911,-0.318131868131868,-0.366666666666667,Neutral,-0.25230287466157,9.19110589820186,9.44340877286343
AGUSAN DEL SUR,2013,3,Q3,8055,25.6978260869565,29.354347826087,23.0032608695652,684.6,684.6,737.0,826.922558333333,1649.86,335.35,6.55108695652174,23.2858695652174,490.77,26.2651086956522,39.4950791613179,-0.567282608695653,-0.333333333333333,Neutral,-0.303661570313744,15.9508915411711,16.2545531114848
AGUSAN DEL SUR,2013,4,Q4,8056,25.3847826086957,29.0413043478261,22.7391304347826,445.5,445.5,699.0,843.597494444444,1457.99,297.52,8.75760869565218,27.8739130434783,585.47,25.6848913043478,-23.9072881616479,-0.300108695652174,-0.233333333333333,Neutral,-0.306378961618093,12.1505260228695,12.4569049844876
AGUSAN DEL SUR,2014,1,Q1,8057,24.2788888888889,27.6477777777778,21.7622222222222,1286.8,1286.8,854.0,661.689788888889,1262.79,257.11,10.14,29.9222222222222,685.79,25.0477704517705,87.6376150133423,-0.768881562881564,-0.4,Neutral,-0.488601183840315,26.8634848003379,27.3520859841782
AGUSAN DEL SUR,2014,2,Q2,8058,26.1505494505494,29.9989010989011,23.3351648351648,406.4,406.4,572.0,866.058111111111,1690.02,346.07,7.81868131868132,23.0043956043956,478.18,26.317032967033,-15.0110836923334,-0.16648351648352,0.133333333333333,Neutral,-0.450689095928228,22.0535805801697,22.5042696760979
AGUSAN DEL SUR,2014,3,Q3,8059,25.829347826087,29.4815217391304,23.0673913043478,507.5,507.5,589.0,797.972597222222,1634.39,333.99,7.34130434782609,23.5130434782609,490.77,26.2651086956522,3.40892882613037,-0.435760869565215,0.1,Neutral,-0.417808661145618,13.0320429963728,13.4498516575184
AGUSAN DEL SUR,2014,4,Q4,8060,25.3608695652174,28.8391304347826,22.8532608695652,675.7,675.7,758.0,790.04335,1401.05,285.75,8.25434782608696,25.9141304347826,585.47,25.6848913043478,15.4115496951167,-0.324021739130437,0.6,El Niño,-0.423786922015184,22.861752460564,23.2855393825792
AGUSAN DEL SUR,2015,1,Q1,8061,24.9266666666667,28.6777777777778,22.08,422.3,422.3,577.0,875.140730555555,1544.06,313.76,9.28888888888889,27.8155555555556,685.79,25.0477704517705,-38.4213826390003,-0.121103785103781,0.5,El Niño,-0.261842477570738,-8.65299695252165,8.91483943009239
AGUSAN DEL SUR,2015,2,Q2,8062,26.5692307692308,30.710989010989,23.4681318681319,330.8,330.8,524.0,883.569841666667,1742.96,365.96,8.22417582417582,23.5912087912088,478.18,26.317032967033,-30.8210297377557,0.252197802197802,0.933333333333333,El Niño,-0.157172147900408,-12.6054834638772,12.7626556117776
AGUSAN DEL SUR,2015,3,Q3,8063,26.1032608695652,29.8119565217391,23.2304347826087,485.0,485.0,552.0,834.908144444444,1650.03,340.31,8.23913043478261,25.4826086956522,490.77,26.2651086956522,-1.17570348635817,-0.161847826086955,1.86666666666667,El Niño,-0.0886938870308427,-13.7516415419993,13.8403354290302
AGUSAN DEL SUR,2015,4,Q4,8064,25.7663043478261,29.6260869565217,22.9978260869565,637.0,637.0,628.0,902.7595,1541.92,317.26,9.01195652173913,28.8532608695652,585.47,25.6848913043478,8.80147573744171,0.081413043478264,2.53333333333333,El Niño,0.0126648086213326,-15.4041600314181,15.4168248400394
AGUSAN DEL SUR,2016,1,Q1,8065,25.8252747252747,30.243956043956,22.5373626373626,148.8,148.8,445.0,945.426375,1678.26,356.89,11.0989010989011,29.3824175824176,685.79,25.0477704517705,-78.3023957771329,0.777504273504274,2.06666666666667,El Niño,0.237316823273346,-25.3744133159513,25.6117301392246
AGUSAN DEL SUR,2016,2,Q2,8066,26.8703296703297,31.1010989010989,23.921978021978,412.8,412.8,632.0,918.562930555555,1716.67,365.77,9.95934065934066,27.3593406593407,478.18,26.317032967033,-13.672675561504,0.553296703296699,0.4,Neutral,0.31259154854807,-21.0873247718884,21.3999163204364
AGUSAN DEL SUR,2016,3,Q3,8067,26.8130434782609,30.9108695652174,23.8521739130435,402.2,402.2,508.0,871.235713888889,1741.5,363.8,7.63913043478261,24.1489130434783,490.77,26.2651086956522,-18.047150396316,0.547934782608703,-0.5,La Niña,0.490037200721985,-25.3051864993778,25.7952237000998
AGUSAN DEL SUR,2016,4,Q4,8068,25.5815217391304,29.2195652173913,23.0510869565217,702.6,702.6,857.0,782.045891666667,1376.53,282.81,7.76413043478261,26.0358695652174,585.47,25.6848913043478,20.0061489060071,-0.103369565217388,-0.666666666666667,La Niña,0.443841548548072,-22.5040182072365,22.9478597557845
AGUSAN DEL SUR,2017,1,Q1,8069,25.2322222222222,28.9011111111111,22.6766666666667,958.0,958.0,884.0,711.469663888889,1310.6,271.11,11.3555555555556,32.9311111111111,685.79,25.0477704517705,39.6929089079747,0.184451770451773,-0.133333333333333,Neutral,0.295578422784947,6.99480796404046,7.29038638682541
AGUSAN DEL SUR,2017,2,Q2,8070,26.3516483516484,30.356043956044,23.6175824175824,699.7,699.7,761.0,884.090944444444,1659.37,338.02,9.61758241758242,27.5923076923077,478.18,26.317032967033,46.3256514283324,0.0346153846153818,0.266666666666667,Neutral,0.165908093114617,21.9943897114996,22.1602978046142
AGUSAN DEL SUR,2017,3,Q3,8071,26.2826086956522,30.2423913043478,23.7347826086956,570.0,570.0,650.0,800.706961111111,1613.41,332.02,9.99239130434782,26.479347826087,490.77,26.2651086956522,16.144018583043,0.0175000000000018,-0.133333333333333,Neutral,0.033299397462442,30.5421819563393,30.5754813538018
AGUSAN DEL SUR,2017,4,Q4,8072,25.9923913043478,29.6565217391304,23.4369565217391,571.6,571.6,754.0,749.296355555556,1393.73,290.85,11.7532608695652,31.920652173913,585.47,25.6848913043478,-2.36903684219516,0.307500000000001,-0.833333333333333,La Niña,0.136016788766789,24.9483855192888,25.0844023080555
AGUSAN DEL SUR,2018,1,Q1,8073,25.4988888888889,29.3488888888889,22.69,665.7,665.7,690.0,777.613372222222,1437.73,295.86,11.2188888888889,31.8077777777778,685.79,25.0477704517705,-2.9294682045524,0.451118437118438,-0.833333333333333,La Niña,0.202683455433456,14.292791241157,14.4954746965904
AGUSAN DEL SUR,2018,2,Q2,8074,26.6186813186813,30.9197802197802,23.578021978022,451.3,451.3,616.0,892.234225,1740.1,361.13,10.2318681318681,27.9868131868132,478.18,26.317032967033,-5.62131414948346,0.30164835164835,-0.233333333333333,Neutral,0.269441697191698,1.30604984670299,1.57549154389469
AGUSAN DEL SUR,2018,3,Q3,8075,27.0782608695652,31.3684782608696,24.2173913043478,308.3,308.3,525.0,854.036594444445,1735.57,376.55,12.5195652173913,32.6054347826087,490.77,26.2651086956522,-37.1803492471015,0.813152173913043,0.266666666666667,Neutral,0.468354740669958,-12.0250421108331,12.4933968515031
AGUSAN DEL SUR,2018,4,Q4,8076,26.0880434782609,30.2847826086957,23.0554347826087,489.5,489.5,866.0,861.041055555556,1542.95,322.34,11.3467391304348,31.7847826086957,585.47,25.6848913043478,-16.3919585973662,0.403152173913043,0.833333333333333,El Niño,0.492267784148218,-15.5307725496259,16.0230403337741
AGUSAN DEL SUR,2019,1,Q1,8077,25.0244444444444,29.6077777777778,21.3055555555556,386.5,386.5,666.0,860.749947222222,1629.75,335.71,10.9866666666667,29.4166666666667,685.79,25.0477704517705,-43.6416395689643,-0.023326007326009,0.7,El Niño,0.373656673037106,-25.7088153907289,26.082472063766
AGUSAN DEL SUR,2019,2,Q2,8078,26.8923076923077,31.4,23.6120879120879,479.7,479.7,718.0,938.327397222222,1793.57,376.98,10.4175824175824,27.8,478.18,26.317032967033,0.317871931071977,0.575274725274721,0.566666666666667,El Niño,0.442063266443699,-24.22401887059,24.6660821370337
AGUSAN DEL SUR,2019,3,Q3,8079,27.3065217391304,31.8663043478261,24.1065217391304,296.0,296.0,532.0,840.067794444444,1743.67,385.85,12.1858695652174,30.8434782608696,490.77,26.2651086956522,-39.6866149112619,1.04141304347826,0.2,Neutral,0.499128483835003,-24.8505852866301,25.3497137704651
AGUSAN DEL SUR,2019,4,Q4,8080,26.5010869565217,31.2097826086957,23.2760869565217,499.6,499.6,818.0,869.839147222222,1579.69,338.14,11.6565217391304,31.8163043478261,585.47,25.6848913043478,-14.6668488564743,0.816195652173914,0.433333333333333,Neutral,0.602389353400221,-24.4193078514071,25.0216972048073
AGUSAN DEL SUR,2020,1,Q1,8081,26.1175824175824,30.9967032967033,22.2802197802198,221.8,221.8,620.0,952.812019444444,1724.59,368.8,12.2758241758242,31.6538461538462,685.79,25.0477704517705,-67.6577377914522,1.06981196581196,0.466666666666667,Neutral,0.875673846684713,-30.4233324070291,31.2990062537138
AGUSAN DEL SUR,2020,2,Q2,8082,27.0373626373626,31.7615384615385,23.6549450549451,510.4,510.4,825.0,878.891605555556,1734.87,369.43,10.2131868131868,28.4758241758242,478.18,26.317032967033,6.73804843364423,0.720329670329672,-0.0666666666666666,Neutral,0.911937582948451,-28.818288281386,29.7302258643345
AGUSAN DEL SUR,2020,3,Q3,8083,26.6163043478261,30.9532608695652,23.775,588.4,588.4,760.0,812.984672222222,1644.3,343.57,10.4521739130435,27.5402173913043,490.77,26.2651086956522,19.893229007478,0.35119565217391,-0.633333333333333,La Niña,0.739383235122364,-13.9233273017011,14.6627105368234
AGUSAN DEL SUR,2020,4,Q4,8084,26.2228260869565,30.2032608695652,23.504347826087,617.6,617.6,845.0,777.111113888889,1420.54,297.09,10.3663043478261,29.4902173913043,585.47,25.6848913043478,5.48789861137206,0.537934782608698,-1.23333333333333,La Niña,0.66981801773106,-8.88464043473946,9.55445845247053
AGUSAN DEL SUR,2021,1,Q1,8085,25.4577777777778,29.4366666666667,22.5477777777778,1086.6,1086.6,1097.0,789.004711111111,1480.89,302.15,10.0366666666667,29.7411111111111,685.79,25.0477704517705,58.4450050306945,0.410007326007321,-0.9,La Niña,0.5048668577799,22.6410452707972,23.1459121285771
AGUSAN DEL SUR,2021,2,Q2,8086,26.4087912087912,30.4340659340659,23.4593406593407,631.7,631.7,887.0,869.124058333333,1711.25,350.73,11.0857142857143,29.3956043956044,478.18,26.317032967033,32.1050650382701,0.0917582417582387,-0.533333333333333,La Niña,0.347724000637042,28.9827994219537,29.3305234225907
AGUSAN DEL SUR,2021,3,Q3,8087,26.679347826087,31.0913043478261,23.7021739130435,462.5,462.5,701.0,859.465394444444,1731.36,361.56,10.1141304347826,26.6510869565217,490.77,26.2651086956522,-5.76033579884671,0.414239130434787,-0.533333333333333,La Niña,0.363484870202261,22.5694082203725,22.9328930905748
AGUSAN DEL SUR,2021,4,Q4,8088,25.670652173913,29.8413043478261,22.9934782608696,1075.7,1075.7,859.0,727.542013888889,1438.81,295.57,10.8565217391304,27.9782608695652,585.47,25.6848913043478,83.732727552223,-0.0142391304347846,-0.933333333333333,La Niña,0.22544139194139,42.1306154555852,42.3560568475266
AGUSAN DEL SUR,2022,1,Q1,8089,25.3655555555556,29.9077777777778,22.2955555555556,868.9,868.9,903.0,763.993255555556,1541.6,313.63,10.2811111111111,27.0188888888889,685.79,25.0477704517705,26.700593476137,0.317785103785109,-0.966666666666667,La Niña,0.202385836385837,34.1945125669459,34.3968984033317
AGUSAN DEL SUR,2022,2,Q2,8090,25.8516483516484,30.1912087912088,23.0263736263736,943.7,943.7,902.0,762.955377777778,1641.89,333.41,10.6813186813187,27.7032967032967,478.18,26.317032967033,97.3524614162031,-0.465384615384618,-1.0,La Niña,0.0631001221001233,50.5063616614291,50.5694617835292
AGUSAN DEL SUR,2022,3,Q3,8091,26.0054347826087,30.8086956521739,23.1336956521739,953.8,953.8,758.0,832.71225,1777.78,361.09,10.5271739130435,26.1445652173913,490.77,26.2651086956522,94.3476577622919,-0.259673913043482,-0.9,La Niña,-0.105378138769444,75.5333600517138,75.6387381904832
AGUSAN DEL SUR,2022,4,Q4,8092,25.6739130434783,29.845652173913,22.9326086956522,905.9,905.9,932.0,742.950563888889,1482.88,301.88,10.8021739130435,27.0119565217391,585.47,25.6848913043478,54.7303875518814,-0.0109782608695638,-0.9,La Niña,-0.104562921378139,68.2827750516284,68.3873379730065
AGUSAN DEL SUR,2023,1,Q1,8093,25.0155555555556,29.1655555555556,22.2222222222222,1088.1,1088.1,1091.0,662.777319444445,1402.55,283.59,10.4266666666667,26.65,685.79,25.0477704517705,58.6637308797154,-0.0322148962148887,-0.4,Neutral,-0.192062921378138,76.2735594025229,76.4656223239011
AGUSAN DEL SUR,2023,2,Q2,8094,26.6076923076923,31.3362637362637,23.4395604395604,611.8,611.8,705.0,860.586880555556,1823.69,376.78,11.2549450549451,27.7021978021978,478.18,26.317032967033,27.9434522564724,0.290659340659342,0.5,El Niño,-0.00305193236714804,58.9213071125903,58.9243590449574
AGUSAN DEL SUR,2023,3,Q3,8095,26.8239130434783,31.4478260869565,23.9141304347826,534.7,534.7,668.0,841.379352777778,1786.17,376.41,12.1260869565217,29.2902173913043,490.77,26.2651086956522,8.95123988833875,0.55880434782609,1.33333333333333,El Niño,0.201567632850245,37.572202644102,37.7737702769522
AGUSAN DEL SUR,2023,4,Q4,8096,26.2358695652174,30.8021739130435,23.1467391304348,508.2,508.2,773.0,839.384772222222,1605.3,331.62,10.3152173913043,27.020652173913,585.47,25.6848913043478,-13.1979435325465,0.550978260869563,1.9,El Niño,0.342056763285027,20.590119872995,20.93217663628
AGUSAN DEL SUR,2024,1,Q1,8097,25.932967032967,30.5868131868132,22.3692307692308,501.1,501.1,685.0,862.791838888889,1698.08,354.91,10.5406593406593,26.2637362637363,685.79,25.0477704517705,-26.9309847037723,0.885196581196585,1.46666666666667,El Niño,0.571409632637895,-0.808559022876902,1.3799686555148
AGUSAN DEL SUR,2024,2,Q2,8098,27.5637362637363,32.9879120879121,23.8318681318681,579.9,579.9,650.0,919.092477777778,1911.55,414.04,11.4681318681319,28.2241758241758,478.18,26.317032967033,21.2723242293697,1.2467032967033,0.433333333333333,Neutral,0.810420621648884,-2.47634102965259,3.28676165130147
AGUSAN DEL SUR,2024,3,Q3,8099,26.5978260869565,31.2195652173913,23.8021739130435,608.4,608.4,689.0,797.394113888889,1755.22,364.75,10.8032608695652,26.6652173913043,490.77,26.2651086956522,23.9684577296901,0.33271739130435,-0.1,Neutral,0.753898882518449,1.27796343068524,2.03186231320369
AGUSAN DEL SUR,2024,4,Q4,8100,26.3533333333333,30.7043956043956,23.5615384615385,873.8,873.8,843.0,781.445891666667,1530.27,319.03,11.0604395604396,27.5604395604396,585.47,25.6848913043478,49.2476130288486,0.668442028985506,-0.4,Neutral,0.783264824547435,16.889352571034,17.6726173955815
AGUSAN DEL SUR,2025,1,Q1,8101,25.2887640449438,29.0855555555556,22.6622222222222,1020.4,1020.4,940.0,721.754477777778,1485.7,295.6,9.83555555555556,25.4288888888889,685.79,25.0477704517705,48.7919042272416,0.240993593173364,-0.4,Neutral,0.62221407754163,35.8200748037875,36.4422888813291
AGUSAN DEL SUR,2025,2,Q2,8102,27.4923076923077,32.9263736263736,23.5923076923077,255.5,3.9,428.0,878.203861111111,1759.06,382.62,11.3164835164835,24.0934065934066,478.18,26.317032967033,-46.5682379020452,1.17527472527472,-0.1,Neutral,0.604356934684485,18.8599342709338,19.4642912056182
AGUSAN DEL SUR,2025,3,Q3,8103,27.5630434782609,32.6673913043478,24.05,448.6,14.0,533.0,782.744438888889,1774.18,382.73,12.0489130434783,25.7619565217391,490.77,26.2651086956522,-8.59261976078407,1.2979347826087,-0.3,Neutral,0.845661282510574,10.7196648983152,11.5653261808258
AGUSAN DEL SUR,2025,4,Q4,8104,27.1950819672131,31.7868852459016,24.155737704918,344.7,36.0,428.0,502.607233333333,1065.53,225.65,11.5737704918033,26.0934426229508,585.47,25.6848913043478,-41.1242249816387,1.51019066286529,-0.6,La Niña,1.05609844098052,-11.8732946043066,12.9293930452871
ALBAY,2010,1,Q1,8041,26.0677777777778,29.4861111111111,23.52,159.1,159.1,393.0,1875.94582222222,3523.08,746.62,14.975,34.755,721.14,25.4441068376068,-77.9377097373603,0.623670940170943,1.16666666666667,El Niño,0.623670940170943,-77.9377097373603,78.5613806775312
ALBAY,2010,2,Q2,8042,28.5725274725275,32.232967032967,25.810989010989,607.2,607.2,842.0,2077.33047777778,4201.85,912.03,11.8401098901099,29.6483516483516,1021.67,27.7049450549451,-40.5678937425979,0.867582417582415,-0.166666666666667,Neutral,0.745626678876679,-59.2528017399791,59.9984284188558
ALBAY,2010,3,Q3,8043,27.0233695652174,29.9782608695652,25.0853260869565,2018.9,2018.9,2290.0,1726.84543611111,3405.3,692.15,10.754347826087,27.4179347826087,2146.15,26.8436956521739,-5.9292220953801,0.179673913043484,-1.3,La Niña,0.556975756932281,-41.4782751917794,42.0352509487117
ALBAY,2010,4,Q4,8044,26.2163043478261,28.9369565217391,24.5255434782609,1299.4,1299.4,1705.0,1597.96871666667,2736.5,551.91,12.8467391304348,31.0766304347826,1228.58,26.3023913043478,5.76437838805777,-0.0860869565217399,-1.6,La Niña,0.396210078568775,-29.6676117968201,30.0638218753889
ALBAY,2011,1,Q1,8045,25.0827777777778,27.6322222222222,23.4705555555556,1217.5,1217.5,1362.0,1506.57189444444,2816.58,577.55,17.2427777777778,38.6233333333333,721.14,25.4441068376068,68.8299082009041,-0.361329059829064,-1.16666666666667,La Niña,0.149960078568774,7.02429268774597,7.17425276631475
ALBAY,2011,2,Q2,8046,26.5851648351648,29.3912087912088,24.5401098901099,1807.8,1807.8,1668.0,1681.61936666667,3426.44,697.65,13.1428571428571,31.6686813186813,1021.67,27.7049450549451,76.945589084538,-1.11978021978022,-0.566666666666667,La Niña,-0.346880580771884,36.40266339453,36.7495439753018
ALBAY,2011,3,Q3,8047,26.6380434782609,29.0434782608696,24.9614130434783,2348.9,2348.9,2805.0,1663.99233888889,3228.66,647.3,16.8005434782609,38.9744565217391,2146.15,26.8436956521739,9.44714954686299,-0.205652173913044,-0.633333333333333,La Niña,-0.443212102511016,40.2467563050907,40.6899684076018
ALBAY,2011,4,Q4,8048,26.2679347826087,29.0396739130435,24.4940217391304,1226.8,1226.8,1702.0,1705.44808611111,2914.25,585.62,13.308152173913,33.5516304347826,1228.58,26.3023913043478,-0.144882710120625,-0.0344565217391341,-1.03333333333333,La Niña,-0.430304493815365,38.7694410305461,39.1997455243615
ALBAY,2012,1,Q1,8049,25.6230769230769,28.3181318681319,23.8379120879121,1032.0,1032.0,1299.0,1707.7111,3028.81,605.33,15.2505494505494,35.6494505494505,721.14,25.4441068376068,43.1067476495549,0.178970085470087,-0.733333333333333,La Niña,-0.295229707490577,32.3386508927088,32.6338806001994
ALBAY,2012,2,Q2,8050,27.2093406593407,30.0873626373626,25.0631868131868,1407.6,1407.6,1808.0,1879.58621111111,3732.01,757.19,12.856043956044,30.4510989010989,1021.67,27.7049450549451,37.7744281421594,-0.495604395604396,-0.266666666666667,Neutral,-0.139185751446622,22.5458606571142,22.6850464085608
ALBAY,2012,3,Q3,8051,26.6135869565217,29.0532608695652,24.9478260869565,2276.6,2276.6,2846.0,1572.39858333333,3194.51,643.59,16.3820652173913,39.0222826086956,2146.15,26.8436956521739,6.07832630524427,-0.230108695652177,0.333333333333333,Neutral,-0.145299881881405,21.7036548467095,21.8489547285909
ALBAY,2012,4,Q4,8052,26.3489130434783,29.0902173913043,24.4423913043478,824.7,824.7,1178.0,1771.02346666667,3078.8,624.19,15.395652173913,35.9951086956522,1228.58,26.3023913043478,-32.8737241368083,0.04652173913043,0.0666666666666666,Neutral,-0.125055316664014,13.5214444900375,13.6464998067016
ALBAY,2013,1,Q1,8053,25.6527777777778,28.4016666666667,23.705,802.4,802.4,933.0,1733.58215555556,3195.91,651.97,16.4716666666667,36.8177777777778,721.14,25.4441068376068,11.2682696841113,0.208670940170943,-0.366666666666667,Neutral,-0.1176301029888,5.56182499867665,5.67945510166544
ALBAY,2013,2,Q2,8054,27.756043956044,30.85,25.4708791208791,1276.7,1276.7,1473.0,1872.85515,3841.18,797.43,11.3978021978022,27.9868131868132,1021.67,27.7049450549451,24.9620719018861,0.0510989010989035,-0.366666666666667,Neutral,0.019045721187025,2.35873593860833,2.37778165979535
ALBAY,2013,3,Q3,8055,26.5994565217391,29.1923913043478,24.8625,2618.8,2618.8,2813.0,1496.52661388889,3063.6,622.41,14.3461956521739,34.3798913043478,2146.15,26.8436956521739,22.0231577475945,-0.244239130434785,-0.333333333333333,Neutral,0.015513112491373,6.3449437991959,6.36045691168727
ALBAY,2013,4,Q4,8056,26.1532608695652,28.8429347826087,24.3760869565217,808.8,808.8,1442.0,1771.57262222222,2976.97,594.98,14.8347826086957,34.6554347826087,1228.58,26.3023913043478,-34.167901154178,-0.149130434782613,-0.233333333333333,Neutral,-0.0333999309868878,6.02139954485348,6.05479947584037
ALBAY,2014,1,Q1,8057,25.0066666666667,27.9411111111111,22.8333333333333,299.6,299.6,590.0,1713.73096388889,3235.43,680.98,16.9911111111111,37.5644444444444,721.14,25.4441068376068,-58.4546689963114,-0.437440170940171,-0.4,Neutral,-0.194927708764666,-11.4093351252522,11.6042628340168
ALBAY,2014,2,Q2,8058,27.7967032967033,30.8087912087912,25.4521978021978,1167.6,1167.6,1520.0,1957.92321944444,3869.77,802.47,11.6412087912088,28.5714285714286,1021.67,27.7049450549451,14.2834770522771,0.0917582417582387,0.133333333333333,Neutral,-0.184762873599833,-14.0789838376544,14.2637467112543
ALBAY,2014,3,Q3,8059,26.833152173913,29.3673913043478,25.1271739130435,2652.9,2652.9,2539.0,1579.75088611111,3213.1,655.23,16.3396739130435,38.6163043478261,2146.15,26.8436956521739,23.6120494839596,-0.0105434782608639,0.1,Neutral,-0.126338960556352,-13.6817609035631,13.8080998641195
ALBAY,2014,4,Q4,8060,26.1565217391304,28.7891304347826,24.3885869565217,1559.1,1559.1,1539.0,1600.52714722222,2779.62,569.34,14.5608695652174,34.233152173913,1228.58,26.3023913043478,26.9026030050953,-0.145869565217389,0.6,El Niño,-0.125523743165046,1.58586513625518,1.71138887942022
ALBAY,2015,1,Q1,8061,25.0633333333333,27.9894444444444,22.87,656.6,656.6,617.0,1811.59090555556,3305.98,677.83,16.0522222222222,35.7433333333333,721.14,25.4441068376068,-8.94971850126189,-0.380773504273502,0.5,El Niño,-0.111357076498379,13.9621027600176,14.0734598365159
ALBAY,2015,2,Q2,8062,27.6791208791209,30.9192307692308,25.2016483516484,749.9,749.9,1069.0,2002.26335,4002.4,832.39,10.8538461538462,26.7197802197802,1021.67,27.7049450549451,-26.6005657404054,-0.0258241758241766,0.933333333333333,El Niño,-0.140752680893983,3.74109206184691,3.8818447427409
ALBAY,2015,3,Q3,8063,26.9940217391304,29.670652173913,25.1722826086956,1931.8,1931.8,2478.0,1792.13879166667,3494.17,704.51,14.4135869565217,34.483152173913,2146.15,26.8436956521739,-9.98765230762063,0.150326086956518,1.86666666666667,El Niño,-0.100535289589637,-4.65883338604816,4.75936867563779
ALBAY,2015,4,Q4,8064,26.6309782608696,29.3940217391304,24.7076086956522,851.2,851.2,1102.0,1803.18984166667,3135.22,640.53,15.5733695652174,36.7114130434783,1228.58,26.3023913043478,-30.7167624411923,0.32858695652174,2.53333333333333,El Niño,0.0180788408451447,-19.0636747476201,19.0817535884652
ALBAY,2016,1,Q1,8065,25.9307692307692,28.9269230769231,23.6857142857143,292.9,292.9,714.0,1830.63058888889,3382.62,686.31,14.1862637362637,32.6384615384615,721.14,25.4441068376068,-59.3837535014006,0.486662393162394,2.06666666666667,El Niño,0.234937815204119,-31.6721834976547,31.9071213128588
ALBAY,2016,2,Q2,8066,28.2159340659341,31.5038461538462,25.7626373626374,907.2,907.2,1259.0,1969.95197777778,3960.12,844.87,11.7835164835165,28.6186813186813,1021.67,27.7049450549451,-11.2042048802451,0.510989010989011,0.4,Neutral,0.369141111907416,-27.8230932826146,28.1922343945221
ALBAY,2016,3,Q3,8067,27.2429347826087,29.741847826087,25.5304347826087,2359.6,2359.6,2636.0,1687.79961388889,3322.61,674.46,15.1152173913043,35.5385869565217,2146.15,26.8436956521739,9.94571674859632,0.399239130434783,-0.5,La Niña,0.431369372776982,-22.8397510185604,23.2711203913374
ALBAY,2016,4,Q4,8068,26.3896739130435,28.9826086956522,24.6989130434783,1497.5,1497.5,1755.0,1598.22395277778,2743.46,555.88,15.0934782608696,36.0663043478261,1228.58,26.3023913043478,21.88868449755,0.0872826086956521,-0.666666666666667,La Niña,0.37104328582046,-9.68838928387483,10.0594325696953
ALBAY,2017,1,Q1,8069,25.3011111111111,28.005,23.2533333333333,1057.8,1057.8,1591.0,1656.12413888889,2963.33,624.82,19.5588888888889,44.4777777777778,721.14,25.4441068376068,46.6844163407937,-0.142995726495727,-0.133333333333333,Neutral,0.21362875590593,16.8286531766737,17.0422819325797
ALBAY,2017,2,Q2,8070,27.6423076923077,31.2692307692308,24.8230769230769,879.8,879.8,1359.0,2007.72343055556,3807.65,800.47,12.5115384615385,31.5362637362637,1021.67,27.7049450549451,-13.8860884630066,-0.0626373626373677,0.266666666666667,Neutral,0.0702221624993351,16.1581822809834,16.2284044434827
ALBAY,2017,3,Q3,8071,26.8315217391304,29.8853260869565,24.6222826086956,2012.0,2012.0,2179.0,1519.49084166667,3021.84,625.4,12.9565217391304,32.6744565217391,2146.15,26.8436956521739,-6.25072804789973,-0.0121739130434761,-0.133333333333333,Neutral,-0.0326310983702296,12.1090710818593,12.1417021802296
ALBAY,2017,4,Q4,8072,26.2369565217391,28.9179347826087,24.320652173913,1760.2,1760.2,2215.0,1483.16043888889,2558.89,530.71,16.3032608695652,39.8103260869565,1228.58,26.3023913043478,43.2710934574875,-0.0654347826086976,-0.833333333333333,La Niña,-0.070810446196317,17.4546733218437,17.52548376804
ALBAY,2018,1,Q1,8073,25.5366666666667,28.3155555555556,23.3877777777778,1393.8,1393.8,1699.0,1578.89965,2869.04,598.29,17.2005555555556,39.7816666666667,721.14,25.4441068376068,93.2773109243697,0.0925598290598337,-0.833333333333333,La Niña,-0.0119215573074269,29.1028969677377,29.1148185250451
ALBAY,2018,2,Q2,8074,27.5021978021978,30.8230769230769,24.8456043956044,696.0,696.0,1448.0,1965.36980833333,3695.05,778.04,13.7774725274725,35.1983516483517,1021.67,27.7049450549451,-31.8762418393415,-0.202747252747258,-0.233333333333333,Neutral,-0.0469490298348995,24.605358623654,24.6523076534889
ALBAY,2018,3,Q3,8075,26.6836956521739,29.3836956521739,24.6902173913043,1697.2,1697.2,2817.0,1557.21345833333,3071.55,633.09,17.0630434782609,41.3652173913043,2146.15,26.8436956521739,-20.918854693288,-0.159999999999997,0.266666666666667,Neutral,-0.0839055515740297,20.938326962307,21.022232513881
ALBAY,2018,4,Q4,8076,26.2951086956522,29.2847826086957,23.9739130434783,1062.1,1062.1,2140.0,1781.56947777778,3057.77,636.15,17.0391304347826,39.9173913043478,1228.58,26.3023913043478,-13.550603135327,-0.0072826086956574,0.833333333333333,El Niño,-0.0693675080957696,6.73290281410333,6.8022703221991
ALBAY,2019,1,Q1,8077,25.1761111111111,28.7383333333333,22.1383333333333,299.7,299.7,1030.0,1882.03281944444,3505.75,750.27,18.4527777777778,42.1994444444444,721.14,25.4441068376068,-58.4408020633996,-0.267995726495727,0.7,El Niño,-0.15950639698466,-31.196625432839,31.3561318298237
ALBAY,2019,2,Q2,8078,28.0901098901099,32.1274725274725,24.8318681318681,716.9,716.9,1389.0,1955.32984166667,3816.23,838.29,13.5901098901099,33.806043956044,1021.67,27.7049450549451,-29.8305715152642,0.385164835164833,0.566666666666667,El Niño,-0.0125283750066369,-30.6852078518197,30.6977362268263
ALBAY,2019,3,Q3,8079,26.9771739130435,29.5771739130435,24.9961956521739,1544.8,1544.8,2452.0,1459.17493055556,2997.54,633.52,16.683152173913,40.5309782608696,2146.15,26.8436956521739,-28.0199426880693,0.133478260869566,0.2,Neutral,0.0608411902107538,-32.460479850515,32.5213210407258
ALBAY,2019,4,Q4,8080,26.3282608695652,29.4396739130435,24.066847826087,1396.0,1396.0,2134.0,1713.267125,2926.53,607.13,16.7592391304348,40.0853260869565,1228.58,26.3023913043478,13.6271142294356,0.0258695652173877,0.433333333333333,Neutral,0.069129233689015,-25.6660505093244,25.7351797430134
ALBAY,2020,1,Q1,8081,25.5791208791209,28.7131868131868,23.1104395604396,771.4,771.4,1742.0,1882.01945277778,3385.66,698.82,17.5527472527473,40.5214285714286,721.14,25.4441068376068,6.96952048145991,0.135014041514044,0.466666666666667,Neutral,0.169881675691458,-9.31346987310951,9.48335154880097
ALBAY,2020,2,Q2,8082,27.9467032967033,31.6532967032967,24.8961538461538,1120.6,1120.6,1590.0,2000.575575,3857.05,827.23,13.4906593406593,33.4774725274725,1021.67,27.7049450549451,9.6831657971752,0.241758241758237,-0.0666666666666666,Neutral,0.134030027339809,0.564964455000346,0.698994482340154
ALBAY,2020,3,Q3,8083,27.1483695652174,30.4092391304348,24.6940217391304,1643.8,1643.8,2208.0,1599.54488333333,3181.31,661.23,11.4619565217391,29.1347826086957,2146.15,26.8436956521739,-23.4070311953964,0.304673913043484,-0.633333333333333,La Niña,0.176828940383288,1.71819232816858,1.89502126855187
ALBAY,2020,4,Q4,8084,26.2891304347826,29.233152173913,24.304347826087,2859.5,2859.5,2702.0,1447.665525,2541.01,524.94,16.129347826087,39.6603260869565,1228.58,26.3023913043478,132.74837617412,-0.0132608695652223,-1.23333333333333,La Niña,0.167046331687636,31.4985078143396,31.6655541460272
ALBAY,2021,1,Q1,8085,25.5116666666667,28.2505555555556,23.4127777777778,1866.5,1866.5,2317.0,1534.66837222222,2850.8,591.43,17.4905555555556,40.8488888888889,721.14,25.4441068376068,158.826302798347,0.0675598290598351,-0.9,La Niña,0.150182778574083,69.4627033935614,69.6128861721355
ALBAY,2021,2,Q2,8086,27.2038461538462,30.4945054945055,24.4906593406593,953.7,953.7,1742.0,1920.714775,3698.82,767.66,13.806043956044,34.1071428571429,1021.67,27.7049450549451,-6.65283310658041,-0.501098901098896,-0.533333333333333,La Niña,-0.0355315071401998,65.3787036676225,65.4142351747627
ALBAY,2021,3,Q3,8087,27.1233695652174,30.2201086956522,24.9255434782609,1675.1,1675.1,2282.0,1687.94111111111,3260.48,684.31,14.7038043478261,36.6391304347826,2146.15,26.8436956521739,-21.9486056426625,0.279673913043478,-0.533333333333333,La Niña,-0.0417815071402012,65.743310055806,65.7850915629462
ALBAY,2021,4,Q4,8088,26.258152173913,29.1684782608696,24.1336956521739,1404.6,1404.6,2251.0,1559.11609166667,2842.05,597.03,17.1347826086957,39.0902173913043,1228.58,26.3023913043478,14.3271093457488,-0.0442391304347857,-0.933333333333333,La Niña,-0.0495260723575921,36.1379933487132,36.1875194210708
ALBAY,2022,1,Q1,8089,25.7727777777778,28.9027777777778,23.2877777777778,713.8,713.8,1533.0,1675.29577222222,3235.14,672.79,17.0577777777778,37.8888888888889,721.14,25.4441068376068,-1.01783287572455,0.328670940170944,-0.966666666666667,La Niña,0.0157517054201852,-3.82304056980466,3.83879227522485
ALBAY,2022,2,Q2,8090,27.0664835164835,30.6763736263736,24.1835164835165,1164.1,1164.1,1656.0,1762.61953888889,3663.53,764.99,13.1516483516484,30.8093406593407,1021.67,27.7049450549451,13.9409006822164,-0.638461538461538,-1.0,La Niña,-0.0185889539204753,1.32539287739453,1.343981831315
ALBAY,2022,3,Q3,8091,26.7,30.2559782608696,24.1217391304348,1827.1,1827.1,2327.0,1580.61544722222,3349.55,686.38,13.1652173913043,30.8951086956522,2146.15,26.8436956521739,-14.8661556741141,-0.143695652173914,-0.9,La Niña,-0.124431345224823,3.09600536953161,3.22043671475643
ALBAY,2022,4,Q4,8092,26.3222826086957,29.2972826086956,24.0907608695652,1534.2,1534.2,2051.0,1554.81323611111,2863.51,596.69,16.3875,36.8815217391304,1228.58,26.3023913043478,24.8758729590259,0.0198913043478228,-0.9,La Niña,-0.108398736529171,5.73319627285089,5.84159500938006
ALBAY,2023,1,Q1,8093,25.2305555555556,28.0055555555556,23.09,1627.5,1627.5,2205.0,1477.61705277778,2987.43,613.0,18.9355555555556,41.4627777777778,721.14,25.4441068376068,125.684333139196,-0.213551282051281,-0.4,Neutral,-0.243954292084728,37.4087377765811,37.6526920686658
ALBAY,2023,2,Q2,8094,27.5082417582418,31.2478021978022,24.5164835164835,937.6,937.6,1552.0,1927.72081666667,3845.58,813.73,13.5362637362637,31.6571428571429,1021.67,27.7049450549451,-8.22868440886001,-0.196703296703298,0.5,El Niño,-0.133514731645167,31.866341503812,31.9998562354572
ALBAY,2023,3,Q3,8095,27.5201086956522,30.7413043478261,25.129347826087,1380.9,1380.9,1928.0,1777.971725,3643.66,768.09,16.691847826087,37.7711956521739,2146.15,26.8436956521739,-35.6568739370501,0.676413043478259,1.33333333333333,El Niño,0.0715124422678759,26.668661938078,26.7401743803459
ALBAY,2023,4,Q4,8096,26.825,29.9092391304348,24.4820652173913,1230.4,1230.4,2041.0,1708.54374166667,3068.9,640.55,16.2385869565217,36.358152173913,1228.58,26.3023913043478,0.148138501359306,0.52260869565217,1.9,El Niño,0.197191790093963,20.4867283236614,20.6839201137553
ALBAY,2024,1,Q1,8097,26.1296703296703,29.5703296703297,23.3791208791209,566.2,566.2,1582.0,1878.14814166667,3547.77,766.07,19.4357142857143,42.3736263736264,721.14,25.4441068376068,-21.4854258535097,0.685563492063498,1.46666666666667,El Niño,0.421970483622657,-16.3057114245151,16.7276819081378
ALBAY,2024,2,Q2,8098,28.8516483516484,32.9868131868132,25.5796703296703,748.8,748.8,1179.0,1987.29736666667,4116.22,925.39,14.739010989011,34.2076923076923,1021.67,27.7049450549451,-26.7082325995674,1.14670329670329,0.433333333333333,Neutral,0.757822131974305,-20.925598472192,21.6834206041663
ALBAY,2024,3,Q3,8099,27.4364130434783,30.6527173913043,25.1038043478261,1931.7,1931.7,2210.0,1599.72189166667,3382.42,707.05,15.2815217391304,34.7478260869565,2146.15,26.8436956521739,-9.99231181417888,0.592717391304348,-0.1,Neutral,0.736898218930827,-14.5094579414742,15.246356160405
ALBAY,2024,4,Q4,8100,26.6655555555556,29.621978021978,24.532967032967,1855.7,1855.7,2066.0,1530.37994166667,2827.86,583.48,16.7346153846154,36.9494505494506,1228.58,26.3023913043478,51.0442950398021,0.363164251207731,-0.4,Neutral,0.697037107819718,-1.78541880686348,2.4824559146832
ALBAY,2025,1,Q1,8101,25.797191011236,28.5294444444444,23.7488888888889,1471.9,1471.9,1980.0,1500.878125,2932.01,597.81,17.7938888888889,38.2766666666667,721.14,25.4441068376068,104.107385528469,0.353084173629117,-0.4,Neutral,0.613917278211122,29.6127840386312,30.2267013168423
ALBAY,2025,2,Q2,8102,28.15,32.1445054945055,25.2016483516484,429.7,12.1,785.0,1827.66039444444,3622.5,788.04,12.0340659340659,29.2763736263736,1021.67,27.7049450549451,-57.9414096528233,0.445054945054942,-0.1,Neutral,0.438505190299034,21.8044897753172,22.2429949656162
ALBAY,2025,3,Q3,8103,27.1880434782609,30.2679347826087,24.9597826086957,1149.2,116.3,1621.0,1372.27075277778,3016.92,632.89,11.5255434782609,31.7989130434783,2146.15,26.8436956521739,-46.452950632528,0.344347826086963,-0.3,Neutral,0.376412798994688,12.6893300707299,13.0657428697246
ALBAY,2025,4,Q4,8104,27.1991803278688,30.6803278688525,24.7983606557377,957.3,372.4,924.0,1011.97326666667,1905.57,398.99,10.8868852459016,32.0065573770492,1228.58,26.3023913043478,-22.0807761806313,0.89678902352102,-0.6,La Niña,0.509818992073011,-5.59193773437845,6.10175672645146
BASILAN,2010,1,Q1,8041,26.2466666666667,28.9394444444444,24.0027777777778,463.4,463.4,615.0,1881.86367777778,3723.09,789.07,19.4088888888889,39.3016666666667,877.77,26.027177045177,-47.2071271517596,0.219489621489622,1.16666666666667,El Niño,0.219489621489622,-47.2071271517596,47.4266167732492
BASILAN,2010,2,Q2,8042,27.7021978021978,30.4923076923077,25.45,1019.4,1019.4,1331.0,1932.98873333333,3773.53,814.59,14.1126373626374,31.2120879120879,1322.28,27.2569230769231,-22.905889826663,0.445274725274722,-0.166666666666667,Neutral,0.332382173382172,-35.0565084892113,35.3888906625935
BASILAN,2010,3,Q3,8043,26.6815217391304,29.0777173913044,24.8146739130435,1814.8,1814.8,2190.0,1754.43244166667,3430.45,691.78,11.6326086956522,27.0603260869565,1759.49,26.6086413043478,3.143524544044,0.0728804347826042,-1.3,La Niña,0.245881593848983,-22.3231641447929,22.5690457386419
BASILAN,2010,4,Q4,8044,26.3173913043478,28.6233695652174,24.5635869565217,1638.4,1638.4,1955.0,1719.73021944444,3066.3,619.15,13.7809782608696,29.8391304347826,1343.03,26.4473369565217,21.9928073088464,-0.12994565217392,-1.6,La Niña,0.151924782343257,-11.2441712813831,11.3960960637263
BASILAN,2011,1,Q1,8045,25.6077777777778,27.7961111111111,24.0155555555556,1397.0,1397.0,1693.0,1552.93725555556,2970.33,599.35,17.7622222222222,36.4838888888889,877.77,26.027177045177,59.1533089533705,-0.419399267399264,-1.16666666666667,La Niña,-0.00779743987896443,15.3459377448995,15.3537351847784
BASILAN,2011,2,Q2,8046,26.493956043956,28.7906593406593,24.6950549450549,1643.9,1643.9,1976.0,1636.2555,3285.63,667.75,14.1978021978022,31.1296703296703,1322.28,27.2569230769231,24.3231388208246,-0.762967032967037,-0.566666666666667,La Niña,-0.309857879439404,27.1531949067714,27.4630527862108
BASILAN,2011,3,Q3,8047,26.3684782608696,28.5711956521739,24.7396739130435,1790.8,1790.8,2387.0,1673.95804166667,3223.64,653.72,16.6173913043478,35.370652173913,1759.49,26.6086413043478,1.77949292124421,-0.240163043478258,-0.633333333333333,La Niña,-0.38811874900462,26.8121870010714,27.200305750076
BASILAN,2011,4,Q4,8048,26.3141304347826,28.6059782608696,24.5548913043478,1657.7,1657.7,1660.0,1669.87056944444,3100.3,627.74,14.3532608695652,31.504347826087,1343.03,26.4473369565217,23.4298563695524,-0.133206521739133,-1.03333333333333,La Niña,-0.388933966395923,27.1714492662479,27.5603832326439
BASILAN,2012,1,Q1,8049,25.8203296703297,28.1340659340659,24.0489010989011,1175.1,1175.1,1475.0,1711.24048611111,3238.62,650.78,17.1049450549451,36.1549450549451,877.77,26.027177045177,33.8733381181858,-0.206847374847371,-0.733333333333333,La Niña,-0.33579599325795,20.8514565574518,21.1872525507097
BASILAN,2012,2,Q2,8050,26.6708791208791,29.0565934065934,24.7895604395604,1383.2,1383.2,1833.0,1783.977575,3484.8,704.62,13.767032967033,30.6917582417582,1322.28,27.2569230769231,4.60719363523611,-0.586043956043959,-0.266666666666667,Neutral,-0.29156522402718,15.9224702610546,16.2140354850818
BASILAN,2012,3,Q3,8051,26.4032608695652,28.6152173913043,24.7673913043478,1801.8,1801.8,2594.0,1666.35370277778,3226.07,658.62,17.1619565217391,36.5342391304348,1759.49,26.6086413043478,2.40467408169411,-0.205380434782612,0.333333333333333,Neutral,-0.282869571853269,16.0787655511671,16.3616351230204
BASILAN,2012,4,Q4,8052,26.2451086956522,28.5576086956522,24.4461956521739,1086.2,1086.2,1424.0,1754.61339166667,3213.14,652.39,17.1059782608696,36.0989130434783,1343.03,26.4473369565217,-19.1231766974677,-0.202228260869571,0.0666666666666666,Neutral,-0.300125006635878,5.44050728441209,5.74063229104797
BASILAN,2013,1,Q1,8053,25.97,28.2522222222222,24.1672222222222,1114.2,1114.2,1197.0,1690.83756944444,3294.56,670.13,18.3594444444444,37.3033333333333,877.77,26.027177045177,26.9353019583718,-0.0571770451770419,-0.366666666666667,Neutral,-0.262707424218296,3.70599824445858,3.96870566867688
BASILAN,2013,2,Q2,8054,27.0120879120879,29.4527472527473,25.0884615384615,1622.5,1622.5,1803.0,1720.75926111111,3410.3,700.15,12.3049450549451,27.8357142857143,1322.28,27.2569230769231,22.7047221465953,-0.24483516483517,-0.366666666666667,Neutral,-0.177405226416099,8.23038037229837,8.40778559871447
BASILAN,2013,3,Q3,8055,26.3597826086956,28.6032608695652,24.6945652173913,1991.6,1991.6,2406.0,1572.18460555556,3115.47,638.57,14.9505434782609,32.7271739130435,1759.49,26.6086413043478,13.1918908320024,-0.248858695652178,-0.333333333333333,Neutral,-0.18827479163349,10.9271845598755,11.1154593515089
BASILAN,2013,4,Q4,8056,26.2157608695652,28.4983695652174,24.4820652173913,1226.3,1226.3,1552.0,1748.42672777778,3134.47,634.03,16.2217391304348,34.5902173913043,1343.03,26.4473369565217,-8.691540769752,-0.231576086956526,-0.233333333333333,Neutral,-0.195611748155229,13.5350935418044,13.7307052899596
BASILAN,2014,1,Q1,8057,25.4772222222222,27.7844444444444,23.6705555555556,1070.2,1070.2,1031.0,1707.17332777778,3342.59,678.95,18.46,37.0544444444444,877.77,26.027177045177,21.9225993141711,-0.54995482295482,-0.4,Neutral,-0.318806192599673,12.2819178807542,12.6007240733539
BASILAN,2014,2,Q2,8058,27.0659340659341,29.4269230769231,25.0796703296703,1585.8,1585.8,1648.0,1811.78374722222,3559.91,724.82,12.717032967033,28.2615384615385,1322.28,27.2569230769231,19.9292131772393,-0.190989010989014,0.133333333333333,Neutral,-0.305344654138135,11.5880406384152,11.8933852925534
BASILAN,2014,3,Q3,8059,26.4641304347826,28.6179347826087,24.8483695652174,1798.1,1798.1,2330.0,1620.78466944444,3186.19,653.53,16.6347826086957,35.2173913043478,1759.49,26.6086413043478,2.19438587317914,-0.14451086956522,0.1,Neutral,-0.279257697616395,8.8386643987094,9.11792209632579
BASILAN,2014,4,Q4,8060,26.3527173913043,28.583152173913,24.6369565217391,1231.4,1231.4,1506.0,1730.31870277778,3134.61,640.09,16.2739130434783,33.7054347826087,1343.03,26.4473369565217,-8.31180241692294,-0.0946195652173962,0.6,El Niño,-0.245018567181613,8.93359898691666,9.17861755409827
BASILAN,2015,1,Q1,8061,25.8977777777778,28.4677777777778,23.7583333333333,277.7,277.7,513.0,1920.44254722222,3714.39,774.34,18.3861111111111,36.7566666666667,877.77,26.027177045177,-68.3630108114882,-0.129399267399261,0.5,El Niño,-0.139879678292723,-13.6378035444982,13.7776832227909
BASILAN,2015,2,Q2,8062,27.4214285714286,30.0736263736264,25.2774725274725,1046.8,1046.8,1465.0,1900.49969722222,3747.36,795.54,12.9785714285714,29.6274725274725,1322.28,27.2569230769231,-20.8337114680703,0.164505494505491,0.933333333333333,El Niño,-0.0510060519190967,-23.8285347058256,23.8795407577447
BASILAN,2015,3,Q3,8063,26.5929347826087,28.7201086956522,25.0407608695652,1560.4,1560.4,2255.0,1790.06528333333,3382.56,693.36,16.8646739130435,35.3054347826087,1759.49,26.6086413043478,-11.3152106576338,-0.0157065217391298,1.86666666666667,El Niño,-0.0188049649625741,-27.2059338385288,27.2247388034914
BASILAN,2015,4,Q4,8064,26.516847826087,28.8782608695652,24.6385869565217,697.0,697.0,1179.0,1885.44171388889,3401.12,690.89,16.6478260869565,35.1532608695652,1343.03,26.4473369565217,-48.1024251133631,0.0695108695652173,2.53333333333333,El Niño,0.0222276437330793,-37.1535895126388,37.1758171563719
BASILAN,2016,1,Q1,8065,26.5203296703297,29.2521978021978,24.2324175824176,193.5,193.5,347.0,1962.45046944444,3861.93,815.21,19.2593406593407,38.2620879120879,877.77,26.027177045177,-77.9555008715267,0.493152625152629,2.06666666666667,El Niño,0.177865616871052,-39.5517120276485,39.7295776445195
BASILAN,2016,2,Q2,8066,27.6873626373626,30.3637362637363,25.5461538461538,1326.3,1326.3,1424.0,1878.87555277778,3681.76,783.5,13.5846153846154,30.5043956043956,1322.28,27.2569230769231,0.304020328523458,0.430439560439559,0.4,Neutral,0.244349133354569,-34.2672790785,34.5116282118546
BASILAN,2016,3,Q3,8067,26.966847826087,29.1836956521739,25.3157608695652,1679.3,1679.3,2223.0,1703.53744444444,3300.04,679.94,15.4853260869565,33.516847826087,1759.49,26.6086413043478,-4.55757065967981,0.358206521739127,-0.5,La Niña,0.337827394224133,-32.5778690790115,32.9156964732357
BASILAN,2016,4,Q4,8068,26.4717391304348,28.675,24.8336956521739,1911.4,1911.4,1904.0,1606.19130833333,2925.42,597.42,14.2630434782609,31.3858695652174,1343.03,26.4473369565217,42.3199779602838,0.0244021739130424,-0.666666666666667,La Niña,0.326550220311089,-9.97226831059981,10.2988185309109
BASILAN,2017,1,Q1,8069,26.11,29.0194444444444,23.75,1505.1,1505.1,1464.0,1575.18992222222,3062.1,653.79,16.095,39.43,877.77,26.027177045177,71.4686079496907,0.0828229548229586,-0.133333333333333,Neutral,0.223967802728672,27.3837588947045,27.6077266974332
BASILAN,2017,2,Q2,8070,27.1983516483517,30.0142857142857,24.9351648351648,1225.2,1225.2,1518.0,1844.8521,3582.87,741.67,11.4373626373626,30.7543956043956,1322.28,27.2569230769231,-7.34186405299936,-0.0585714285714296,0.266666666666667,Neutral,0.101715055475925,25.4722877993238,25.5740028547998
BASILAN,2017,3,Q3,8071,26.6478260869565,29.2146739130435,24.5679347826087,1796.2,1796.2,1956.0,1552.77727222222,3151.01,640.02,11.1896739130435,30.6527173913043,1759.49,26.6086413043478,2.08640003637417,0.039184782608693,-0.133333333333333,Neutral,0.0219596206933161,27.1332804733373,27.1552400940306
BASILAN,2017,4,Q4,8072,26.695652173913,29.4173913043478,24.5690217391304,1540.2,1540.2,1647.0,1591.28042777778,2987.26,620.2,12.145652173913,33.4630434782609,1343.03,26.4473369565217,14.6809825543733,0.248315217391301,-0.833333333333333,La Niña,0.0779378815628808,20.2235316218597,20.3014695034226
BASILAN,2018,1,Q1,8073,26.4483333333333,29.5066666666667,23.9205555555556,1023.9,1023.9,1156.0,1687.60213055556,3358.42,706.7,14.3855555555556,36.2522222222222,877.77,26.027177045177,16.6478690317509,0.42115628815629,-0.833333333333333,La Niña,0.162521214896214,6.51834689237475,6.68086810727097
BASILAN,2018,2,Q2,8074,27.4928571428571,30.4489010989011,25.0,1065.6,1065.6,1506.0,1833.74275,3592.1,763.36,12.0472527472527,32.0807692307692,1322.28,27.2569230769231,-19.4119248570651,0.23593406593406,-0.233333333333333,Neutral,0.236147588522586,3.50083169135832,3.73697927988091
BASILAN,2018,3,Q3,8075,26.8010869565217,29.45,24.5826086956522,1693.9,1693.9,2160.0,1711.70997222222,3420.25,695.96,13.6092391304348,37.2266304347826,1759.49,26.6086413043478,-3.72778475580993,0.192445652173909,0.266666666666667,Neutral,0.27446280591389,2.0472854933123,2.32174829922619
BASILAN,2018,4,Q4,8076,26.6413043478261,29.6255434782609,24.1461956521739,1286.5,1286.5,1695.0,1823.409775,3432.87,705.71,12.9510869565217,33.9961956521739,1343.03,26.4473369565217,-4.2091390363581,0.193967391304348,0.833333333333333,El Niño,0.260875849392152,-2.67524490437055,2.93612075376271
BASILAN,2019,1,Q1,8077,26.1733333333333,29.7227777777778,23.1105555555556,557.6,557.6,947.0,1831.55357777778,3717.81,813.45,18.5777777777778,42.6094444444444,877.77,26.027177045177,-36.4753864907664,0.146156288156288,0.7,El Niño,0.192125849392151,-15.9560587849999,16.148184634392
BASILAN,2019,2,Q2,8078,27.8241758241758,30.9401098901099,25.1956043956044,1304.1,1304.1,1755.0,1895.71041388889,3761.23,819.94,13.2263736263736,33.7214285714286,1322.28,27.2569230769231,-1.37489790362102,0.567252747252745,0.566666666666667,El Niño,0.274955519721822,-11.4468020466389,11.7217575663607
BASILAN,2019,3,Q3,8079,26.8005434782609,29.425,24.533152173913,1668.0,1668.0,1888.0,1686.03590555556,3452.24,708.15,14.0554347826087,35.9989130434783,1759.49,26.6086413043478,-5.19980221541471,0.191902173913043,0.2,Neutral,0.274819650156606,-11.8148064115401,12.0896260616967
BASILAN,2019,4,Q4,8080,26.7027173913044,29.658152173913,24.1820652173913,1155.2,1155.2,1670.0,1822.24681388889,3362.79,689.5,11.8967391304348,32.825,1343.03,26.4473369565217,-13.9855401591923,0.255380434782609,0.433333333333333,Neutral,0.290172911026171,-14.2589066922486,14.5490796032748
BASILAN,2020,1,Q1,8081,26.7450549450549,30.1747252747253,23.8241758241758,996.5,996.5,1330.0,1887.81541944444,3702.52,805.56,17.4335164835165,41.2137362637363,877.77,26.027177045177,13.526322385135,0.717877899877902,0.466666666666667,Neutral,0.433103313956574,-1.75847947327324,2.19158278722982
BASILAN,2020,2,Q2,8082,27.8483516483516,31.1137362637363,25.1989010989011,1209.3,1209.3,1653.0,1796.93504722222,3649.64,802.84,12.6510989010989,32.6005494505495,1322.28,27.2569230769231,-8.5443325165623,0.591428571428565,-0.0666666666666666,Neutral,0.43914727000053,-3.55083812650856,3.98998539650909
BASILAN,2020,3,Q3,8083,26.7788043478261,29.441847826087,24.5233695652174,1783.0,1783.0,2011.0,1630.45266666667,3309.94,670.82,10.9891304347826,29.6994565217391,1759.49,26.6086413043478,1.33618264383428,0.170163043478261,-0.633333333333333,La Niña,0.433712487391834,-1.91684191169632,2.35055439908815
BASILAN,2020,4,Q4,8084,26.6777173913043,29.4103260869565,24.425,1817.8,1817.8,2010.0,1578.32266944444,2967.41,611.39,11.5076086956522,31.2777173913043,1343.03,26.4473369565217,35.3506623083624,0.230380434782607,-1.23333333333333,La Niña,0.427462487391834,10.4172087051924,10.8446711925842
BASILAN,2021,1,Q1,8085,26.1755555555556,29.0994444444444,23.7466666666667,1366.1,1366.1,1797.0,1586.61910833333,3184.66,657.26,13.9805555555556,35.615,877.77,26.027177045177,55.6330245964204,0.148378510378521,-0.9,La Niña,0.285087640016989,20.9438842580137,21.2289718980307
BASILAN,2021,2,Q2,8086,27.0736263736264,29.9027472527473,24.6763736263736,1672.1,1672.1,1986.0,1777.501425,3522.8,727.51,11.7027472527473,31.1741758241758,1322.28,27.2569230769231,26.4558187373325,-0.183296703296708,-0.533333333333333,La Niña,0.0914063213356702,29.6939220714874,29.7853283928231
BASILAN,2021,3,Q3,8087,27.0021739130435,29.7217391304348,24.6788043478261,1474.4,1474.4,1892.0,1736.146725,3479.75,714.31,11.841847826087,32.1309782608696,1759.49,26.6086413043478,-16.202990639333,0.393532608695647,-0.533333333333333,La Niña,0.147248712640017,25.3091287506956,25.4563774633356
BASILAN,2021,4,Q4,8088,26.5983695652174,29.5923913043478,24.2690217391304,1486.7,1486.7,1655.0,1560.54010555556,3150.22,650.68,12.9869565217391,32.5440217391304,1343.03,26.4473369565217,10.697452774696,0.151032608695655,-0.933333333333333,La Niña,0.127411756118279,19.145826367279,19.2732381233973
BASILAN,2022,1,Q1,8089,26.4783333333333,29.7922222222222,23.8261111111111,935.7,935.7,1290.0,1653.26692777778,3416.23,724.25,15.5283333333333,35.78,877.77,26.027177045177,6.59967873133052,0.451156288156291,-0.966666666666667,La Niña,0.203106200562721,6.8874899010065,7.09059610156923
BASILAN,2022,2,Q2,8090,26.7945054945055,29.7324175824176,24.4406593406593,1728.1,1728.1,1804.0,1640.56537777778,3481.37,717.13,11.6274725274725,28.8774725274725,1322.28,27.2569230769231,30.6909277913906,-0.462417582417583,-1.0,La Niña,0.133325980782502,7.94626716452104,8.07959314530354
BASILAN,2022,3,Q3,8091,26.6489130434783,29.4652173913043,24.25,1840.0,1840.0,1802.0,1665.89961666667,3501.47,705.01,11.3929347826087,28.2940217391304,1759.49,26.6086413043478,4.57575774798378,0.0402717391304321,-0.9,La Niña,0.0450107633911987,13.1409542613502,13.1859650247414
BASILAN,2022,4,Q4,8092,26.6103260869565,29.5771739130435,24.2972826086956,1612.9,1612.9,1740.0,1618.31054166667,3200.82,658.43,12.4782608695652,30.6173913043478,1343.03,26.4473369565217,20.0941155447012,0.162989130434781,-0.9,La Niña,0.0479998938259802,15.4901199538515,15.5381198476775
BASILAN,2023,1,Q1,8093,26.1927777777778,29.3711111111111,23.7088888888889,1265.4,1265.4,1543.0,1546.41675277778,3308.35,690.16,14.96,34.3427777777778,877.77,26.027177045177,44.1607710448067,0.165600732600737,-0.4,Neutral,-0.0233889950629083,24.8803930322206,24.9037820272835
BASILAN,2023,2,Q2,8094,27.3252747252747,30.4620879120879,24.7236263736264,1842.9,1842.9,1741.0,1789.41321111111,3701.6,764.5,11.7961538461538,29.1269230769231,1322.28,27.2569230769231,39.3729013522098,0.0683516483516442,0.5,El Niño,0.109303312629399,27.0508864224254,27.1601897350548
BASILAN,2023,3,Q3,8095,27.1048913043478,30.0472826086956,24.6391304347826,2020.3,2020.3,2005.0,1728.392,3554.7,731.47,13.4021739130435,32.1076086956522,1759.49,26.6086413043478,14.8230453142672,0.49625,1.33333333333333,El Niño,0.22329787784679,29.6127083139962,29.836006191843
BASILAN,2023,4,Q4,8096,27.0407608695652,30.4135869565217,24.2733695652174,1103.5,1103.5,1399.0,1833.13255,3587.99,739.85,12.6108695652174,29.95,1343.03,26.4473369565217,-17.8350446378711,0.593423913043477,1.9,El Niño,0.330906573498964,20.1304182683532,20.4613248418521
BASILAN,2024,1,Q1,8097,27.4824175824176,31.3428571428571,24.2362637362637,501.9,501.9,891.0,1849.41827777778,3823.25,870.74,17.9527472527473,39.1346153846154,877.77,26.027177045177,-42.821012338084,1.45524053724054,1.46666666666667,El Niño,0.653316524658916,-1.61502757736953,2.26834410202844
BASILAN,2024,2,Q2,8098,28.6258241758242,32.2741758241758,25.621978021978,1065.5,1065.5,1408.0,1839.58938333333,3923.7,902.46,14.3945054945055,32.5461538461538,1322.28,27.2569230769231,-19.4194875518045,1.36890109890109,0.433333333333333,Neutral,0.978453887296277,-16.3131248033731,17.2915786906694
BASILAN,2024,3,Q3,8099,27.1184782608696,29.9744565217391,24.770652173913,1931.8,1931.8,1906.0,1637.10041388889,3459.99,709.98,12.8739130434783,30.691847826087,1759.49,26.6086413043478,9.79317870519296,0.509836956521742,-0.1,Neutral,0.981850626426713,-17.5705914556417,18.5524420820684
BASILAN,2024,4,Q4,8100,26.8933333333333,30.1593406593407,24.3813186813187,1571.8,1571.8,1620.0,1671.70910555556,3273.46,672.25,12.0340659340659,29.2241758241758,1343.03,26.4473369565217,17.0338711719023,0.445996376811589,-0.4,Neutral,0.944993742368741,-8.8533625031983,9.79835624556704
BASILAN,2025,1,Q1,8101,26.8202247191011,30.6038888888889,23.9666666666667,1016.5,1016.5,1468.0,1651.35233333333,3398.8,723.66,14.8455555555556,34.9233333333333,877.77,26.027177045177,15.8048235870444,0.793047673924082,-0.4,Neutral,0.779445526539626,5.80309647808381,6.58254200462344
BASILAN,2025,2,Q2,8102,28.0230769230769,31.9725274725275,24.8802197802198,658.6,16.2,1070.0,1676.89679166667,3380.92,727.96,10.9291208791209,29.382967032967,1322.28,27.2569230769231,-50.1920924463805,0.766153846153841,-0.1,Neutral,0.628758713352814,-1.89005474556019,2.51881345891301
BASILAN,2025,3,Q3,8103,27.2103260869565,30.4869565217391,24.6701086956522,1217.1,141.3,1358.0,1513.24110277778,3181.0,665.4,12.8358695652174,29.2891304347826,1759.49,26.6086413043478,-30.8265463287657,0.601684782608693,-0.3,Neutral,0.651720669874551,-12.0449860040499,12.6967066739244
BASILAN,2025,4,Q4,8104,27.4655737704918,30.9909836065574,24.8303278688525,818.3,119.1,795.0,1003.02375555556,2009.99,423.79,11.1622950819672,27.3139344262295,1343.03,26.4473369565217,-39.070608996076,1.01823681397006,-0.6,La Niña,0.79478077916417,-26.0711060460445,26.8658868252086
BATAAN,2010,1,Q1,8041,26.5666666666667,29.8211111111111,24.2622222222222,21.4,21.4,59.0,954.791161111111,1714.78,379.84,14.9733333333333,31.9066666666667,106.5,25.9968974358974,-79.906103286385,0.569769230769225,1.16666666666667,El Niño,0.569769230769225,-79.906103286385,80.4758725171542
BATAAN,2010,2,Q2,8042,28.6934065934066,31.5527472527473,26.4879120879121,277.8,277.8,373.0,985.971513888889,1956.87,427.33,11.8769230769231,28.2538461538462,391.82,28.4765934065934,-29.1000969833087,0.216813186813191,-0.166666666666667,Neutral,0.393291208791208,-54.5031001348468,54.896391343638
BATAAN,2010,3,Q3,8043,27.2717391304348,29.1913043478261,25.8065217391304,771.0,771.0,860.0,790.516875,1562.11,323.09,10.8565217391304,27.8967391304348,969.89,26.9139130434783,-20.5064491849591,0.357826086956521,-1.3,La Niña,0.381469501512979,-43.1708831515509,43.5523526530639
BATAAN,2010,4,Q4,8044,26.6358695652174,28.6228260869565,25.3619565217391,373.8,373.8,475.0,794.127366666667,1345.36,282.74,12.9032608695652,31.370652173913,426.48,26.7365217391304,-12.3522791221159,-0.100652173913048,-1.6,La Niña,0.260939082656472,-35.4662321441922,35.7271712268486
BATAAN,2011,1,Q1,8045,25.4966666666667,28.0911111111111,23.83,234.7,234.7,162.0,902.153780555555,1595.52,347.11,17.84,38.0166666666667,106.5,25.9968974358974,120.37558685446,-0.500230769230775,-1.16666666666667,La Niña,-0.00656091734352771,14.6041903910191,14.6107513083626
BATAAN,2011,2,Q2,8046,27.4714285714286,29.9956043956044,25.6318681318681,621.7,621.7,605.0,871.749461111111,1718.26,371.71,12.978021978022,30.8659340659341,391.82,28.4765934065934,58.6697973559288,-1.00516483516483,-0.566666666666667,La Niña,-0.312055422838034,36.5466639758285,36.8587193986665
BATAAN,2011,3,Q3,8047,26.5847826086957,27.954347826087,25.5021739130435,956.5,956.5,1126.0,668.382883333333,1327.39,271.3,13.4445652173913,33.154347826087,969.89,26.9139130434783,-1.38056893049727,-0.329130434782609,-0.633333333333333,La Niña,-0.483794553272817,41.3281340394439,41.8119285927167
BATAAN,2011,4,Q4,8048,26.5065217391304,28.3880434782609,25.1945652173913,500.5,500.5,577.0,799.803391666667,1348.04,282.55,13.8652173913043,32.4891304347826,426.48,26.7365217391304,17.356030763459,-0.230000000000004,-1.03333333333333,La Niña,-0.516131509794556,48.7552115108376,49.2713430206322
BATAAN,2012,1,Q1,8049,26.2307692307692,28.7934065934066,24.5703296703297,188.7,188.7,281.0,870.261288888889,1559.92,333.82,14.9395604395604,33.9450549450549,106.5,25.9968974358974,77.1830985915493,0.233871794871792,-0.733333333333333,La Niña,-0.332605868768914,37.9570894451099,38.2896953138789
BATAAN,2012,2,Q2,8050,27.732967032967,29.8725274725275,26.0087912087912,383.6,383.6,661.0,893.087391666667,1722.44,363.42,12.3714285714286,30.5351648351648,391.82,28.4765934065934,-2.09790209790209,-0.743626373626373,-0.266666666666667,Neutral,-0.267221253384299,22.7651645816522,23.0323858350365
BATAAN,2012,3,Q3,8051,26.4858695652174,27.9271739130435,25.3021739130435,1037.1,1037.1,1238.0,664.545816666667,1308.15,267.53,12.8445652173913,31.579347826087,969.89,26.9139130434783,6.92965181618533,-0.428043478260872,0.333333333333333,Neutral,-0.291949514253864,24.8427197683229,25.1346692825767
BATAAN,2012,4,Q4,8052,26.8652173913043,29.1565217391304,25.2173913043478,226.7,226.7,281.0,891.475838888889,1508.66,323.02,13.7804347826087,32.1054347826087,426.48,26.7365217391304,-46.8439317201276,0.12869565217391,0.0666666666666666,Neutral,-0.202275601210386,8.79272914742624,8.99500474863662
BATAAN,2013,1,Q1,8053,26.5277777777778,29.4977777777778,24.52,45.0,45.0,113.0,913.318019444445,1632.02,364.7,16.5377777777778,35.6777777777778,106.5,25.9968974358974,-57.7464788732394,0.530880341880341,-0.366666666666667,Neutral,-0.128023464458249,-24.9396652187709,25.0676886832292
BATAAN,2013,2,Q2,8054,28.6241758241758,31.1692307692308,26.656043956044,450.0,450.0,506.0,910.65475,1794.11,394.7,11.4615384615385,28.4032967032967,391.82,28.4765934065934,14.8486549946404,0.14758241758242,-0.366666666666667,Neutral,0.0947787333439498,-20.7030259456353,20.7978046789793
BATAAN,2013,3,Q3,8055,26.7576086956522,28.3326086956522,25.5347826086957,1036.6,1036.6,1164.0,650.546738888889,1340.81,279.13,11.7565217391304,30.1076086956522,969.89,26.9139130434783,6.87809957830269,-0.156304347826087,-0.333333333333333,Neutral,0.162713515952646,-20.715914005106,20.8786275210586
BATAAN,2013,4,Q4,8056,26.5141304347826,28.4869565217391,25.1,285.0,285.0,393.0,883.50135,1427.18,298.93,13.4130434782609,31.3347826086957,426.48,26.7365217391304,-33.1738885762521,-0.222391304347827,-0.233333333333333,Neutral,0.0749417768222118,-17.2984032191371,17.3733449959593
BATAAN,2014,1,Q1,8057,25.62,28.7044444444444,23.4788888888889,30.7,30.7,59.0,942.075105555556,1705.67,375.67,15.6377777777778,34.1511111111111,106.5,25.9968974358974,-71.1737089201878,-0.376897435897437,-0.4,Neutral,-0.152002667622233,-20.6552107308742,20.8072133984964
BATAAN,2014,2,Q2,8058,28.5857142857143,31.1824175824176,26.6120879120879,338.0,338.0,472.0,965.916352777778,1833.91,400.62,11.889010989011,29.467032967033,391.82,28.4765934065934,-13.735899137359,0.109120879120884,0.133333333333333,Neutral,-0.161618052237617,-27.8013492638741,27.9629673161117
BATAAN,2014,3,Q3,8059,26.8934782608696,28.370652173913,25.6858695652174,882.4,882.4,1022.0,716.313941666667,1415.4,291.16,13.4815217391304,32.0282608695652,969.89,26.9139130434783,-9.02061058470548,-0.0204347826086959,0.1,Neutral,-0.127650660933269,-31.7760268046261,31.9036774655594
BATAAN,2014,4,Q4,8060,26.5282608695652,28.5391304347826,25.1673913043478,340.0,340.0,379.0,850.408158333333,1418.4,301.2,13.9673913043478,31.9402173913043,426.48,26.7365217391304,-20.2776214593885,-0.208260869565223,0.6,El Niño,-0.124118052237618,-28.5519600254102,28.6760780776478
BATAAN,2015,1,Q1,8061,25.4333333333333,28.2455555555556,23.4611111111111,70.3,70.3,86.0,939.711505555556,1676.39,358.62,15.58,33.5288888888889,106.5,25.9968974358974,-33.9906103286385,-0.563564102564104,0.5,El Niño,-0.170784718904285,-19.2561853775229,19.4269700964271
BATAAN,2015,2,Q2,8062,28.6494505494505,31.410989010989,26.4978021978022,184.5,184.5,324.0,1021.40351388889,1962.43,430.14,12.5791208791209,30.5461538461538,391.82,28.4765934065934,-52.9120514521974,0.172857142857143,0.933333333333333,El Niño,-0.15485065297022,-29.0502234562325,29.2050741092027
BATAAN,2015,3,Q3,8063,27.2054347826087,28.9021739130435,25.8086956521739,715.8,715.8,1016.0,790.382752777778,1532.75,315.74,12.2086956521739,29.779347826087,969.89,26.9139130434783,-26.1978162472033,0.291521739130434,1.86666666666667,El Niño,-0.0768615225354372,-33.3445248718569,33.4213863943924
BATAAN,2015,4,Q4,8064,27.1989130434783,29.4804347826087,25.5826086956522,646.7,646.7,310.0,871.6791,1485.62,322.78,15.1184782608696,34.3228260869565,426.48,26.7365217391304,51.6366535359219,0.462391304347825,2.53333333333333,El Niño,0.0908015209428248,-15.3659561230293,15.4567576439721
BATAAN,2016,1,Q1,8065,26.3615384615385,28.932967032967,24.4923076923077,41.2,41.2,143.0,921.617802777778,1583.38,342.72,14.3021978021978,30.843956043956,106.5,25.9968974358974,-61.3145539906103,0.364641025641028,2.06666666666667,El Niño,0.322852802994108,-22.1969420385223,22.5197948415164
BATAAN,2016,2,Q2,8066,28.8758241758242,31.5538461538462,26.7923076923077,254.0,254.0,426.0,975.489858333333,1885.5,417.52,11.7835164835165,29.4175824175824,391.82,28.4765934065934,-35.1743147363585,0.399230769230766,0.4,Neutral,0.379446209587513,-17.7625078595626,18.1419540691501
BATAAN,2016,3,Q3,8067,27.2391304347826,28.675,26.0684782608696,749.1,749.1,1028.0,717.213938888889,1414.62,291.71,12.5554347826087,31.8358695652174,969.89,26.9139130434783,-22.764437204219,0.325217391304349,-0.5,La Niña,0.387870122630992,-16.9041630988165,17.2920332214475
BATAAN,2016,4,Q4,8068,26.9521739130435,28.8239130434783,25.6217391304348,484.4,484.4,575.0,794.896297222222,1333.89,285.45,14.5380434782609,33.5173913043478,426.48,26.7365217391304,13.5809416619771,0.215652173913043,-0.666666666666667,La Niña,0.326185340022296,-26.4180910673027,26.744276407325
BATAAN,2017,1,Q1,8069,25.6544444444444,28.7611111111111,23.3644444444444,209.1,209.1,417.0,908.036141666667,1702.54,360.81,18.4988888888889,42.7066666666667,106.5,25.9968974358974,96.3380281690141,-0.342452991452994,-0.133333333333333,Neutral,0.149411835748791,12.9950544726034,13.1444663083522
BATAAN,2017,2,Q2,8070,28.6010989010989,32.1681318681319,25.8703296703297,380.7,380.7,682.0,1013.43517777778,2038.61,442.61,12.2736263736264,31.4989010989011,391.82,28.4765934065934,-2.83803787453423,0.124505494505495,0.266666666666667,Neutral,0.0807305170674732,21.0791236880595,21.159854205127
BATAAN,2017,3,Q3,8071,27.2304347826087,29.9652173913043,25.3184782608696,1009.9,1009.9,1274.0,783.955905555556,1642.75,334.77,12.3652173913043,32.7804347826087,969.89,26.9139130434783,4.12521007536937,0.316521739130433,-0.133333333333333,Neutral,0.0785566040239942,27.8015355079566,27.8800921119806
BATAAN,2017,4,Q4,8072,26.5554347826087,28.9478260869565,24.825,621.8,621.8,1000.0,811.320525,1424.58,298.82,16.9586956521739,42.0054347826087,426.48,26.7365217391304,45.7981616957419,-0.181086956521742,-0.833333333333333,La Niña,-0.020628178584702,35.8558405163978,35.8764686949825
BATAAN,2018,1,Q1,8073,26.1355555555556,29.4622222222222,23.76,147.2,147.2,332.0,908.319872222222,1735.71,375.18,17.1166666666667,40.1033333333333,106.5,25.9968974358974,38.2159624413146,0.138658119658114,-0.833333333333333,La Niña,0.099649599193075,21.3253240844729,21.424973683666
BATAAN,2018,2,Q2,8074,28.5824175824176,32.2076923076923,25.8901098901099,613.7,613.7,828.0,974.542988888889,1987.63,438.8,14.2901098901099,36.0813186813187,391.82,28.4765934065934,56.6280434893574,0.105824175824178,-0.233333333333333,Neutral,0.0949792695227458,36.1918444254458,36.2868236949685
BATAAN,2018,3,Q3,8075,26.604347826087,28.9260869565217,24.9923913043478,1205.3,1205.3,1523.0,694.778202777778,1451.97,292.48,14.3173913043478,35.5076086956522,969.89,26.9139130434783,24.2718246399076,-0.309565217391302,0.266666666666667,Neutral,-0.0615424696076881,41.2284980665804,41.290040536188
BATAAN,2018,4,Q4,8076,26.8358695652174,29.6880434782609,24.6815217391304,359.2,359.2,649.0,883.492,1630.79,350.24,16.4054347826087,39.9228260869565,426.48,26.7365217391304,-15.7756518476834,0.0993478260869586,0.833333333333333,El Niño,0.00856622604448715,25.835044680724,25.8436109067685
BATAAN,2019,1,Q1,8077,25.9422222222222,29.6522222222222,23.0422222222222,76.7,76.7,321.0,959.387311111111,1890.74,401.99,17.7188888888889,40.9033333333333,106.5,25.9968974358974,-27.981220657277,-0.0546752136752139,0.7,El Niño,-0.0397671072888448,9.28574890607616,9.325516013365
BATAAN,2019,2,Q2,8078,28.9494505494505,32.8120879120879,26.0483516483516,414.2,414.2,871.0,977.406811111111,1999.74,444.06,13.1813186813187,33.2274725274725,391.82,28.4765934065934,5.71180644173345,0.472857142857144,0.566666666666667,El Niño,0.0519911344693966,-3.44331035582983,3.49530149029922
BATAAN,2019,3,Q3,8079,26.8663043478261,29.2358695652174,25.2413043478261,1335.2,1335.2,1581.0,682.384236111111,1458.01,296.14,14.4434782608696,35.5336956521739,969.89,26.9139130434783,37.6650960418192,-0.0476086956521761,0.2,Neutral,0.117480264904178,-0.0949925053519343,0.212472770256112
BATAAN,2019,4,Q4,8080,26.7728260869565,29.6989130434783,24.6173913043478,426.7,426.7,787.0,877.825255555555,1606.13,337.33,15.4695652173913,38.379347826087,426.48,26.7365217391304,0.0515850684674475,0.036304347826082,0.433333333333333,Neutral,0.101719395338959,3.86181672368577,3.96353611902473
BATAAN,2020,1,Q1,8081,26.4472527472527,30.289010989011,23.5516483516483,80.5,80.5,352.0,972.058858333333,1879.63,417.5,17.9516483516484,41.3461538461538,106.5,25.9968974358974,-24.4131455399061,0.450355311355306,0.466666666666667,Neutral,0.227977026596589,4.75383550302849,4.98181252962508
BATAAN,2020,2,Q2,8082,29.0747252747253,33.1274725274725,26.0131868131868,498.6,498.6,858.0,1007.021575,2065.51,461.08,13.0010989010989,33.4395604395604,391.82,28.4765934065934,27.2523097340616,0.598131868131876,-0.0666666666666666,Neutral,0.259295707915272,10.1389613261105,10.3982570340258
BATAAN,2020,3,Q3,8083,27.629347826087,30.5413043478261,25.3923913043478,774.6,774.6,1078.0,837.062741666667,1767.35,364.95,10.6369565217391,28.9347826086956,969.89,26.9139130434783,-20.1352730722041,0.7154347826087,-0.633333333333333,La Niña,0.450056577480491,-4.31113095239529,4.76118752987578
BATAAN,2020,4,Q4,8084,26.6423913043478,29.1195652173913,24.8304347826087,1067.8,1067.8,1099.0,746.638272222222,1392.75,288.02,15.5282608695652,40.05,426.48,26.7365217391304,150.375164134309,-0.0941304347826132,-1.23333333333333,La Niña,0.417447881828317,33.269763814065,33.6872116958934
BATAAN,2021,1,Q1,8085,25.9977777777778,29.0288888888889,23.7455555555556,267.5,267.5,639.0,868.019844444444,1656.48,354.15,16.98,39.6433333333333,106.5,25.9968974358974,151.173708920188,0.0008803418803431,-0.9,La Niña,0.305079139459576,77.1664774290885,77.4715565685481
BATAAN,2021,2,Q2,8086,28.8318681318681,33.0197802197802,25.6450549450549,318.8,318.8,783.0,1023.97598055556,2079.09,469.59,14.7351648351648,36.2340659340659,391.82,28.4765934065934,-18.6361084171303,0.355274725274725,-0.533333333333333,La Niña,0.244364853745289,65.6943728912905,65.9387377450358
BATAAN,2021,3,Q3,8087,27.270652173913,29.8760869565217,25.3923913043478,1280.2,1280.2,1461.0,804.635380555556,1639.78,332.19,13.8152173913043,35.6967391304348,969.89,26.9139130434783,31.9943498747281,0.356739130434789,-0.533333333333333,La Niña,0.154690940701811,78.7267786280236,78.8814695687254
BATAAN,2021,4,Q4,8088,26.7391304347826,29.5336956521739,24.7423913043478,370.9,370.9,726.0,799.340680555556,1525.63,332.94,17.2271739130435,39.0565217391304,426.48,26.7365217391304,-13.0322641155506,0.0026086956521709,-0.933333333333333,La Niña,0.178875723310507,37.8749215655588,38.0537972888693
BATAAN,2022,1,Q1,8089,26.9288888888889,31.0822222222222,24.0222222222222,160.8,160.8,425.0,930.307041666667,1828.32,410.03,17.4222222222222,39.4888888888889,106.5,25.9968974358974,50.9859154929578,0.931991452991451,-0.966666666666667,La Niña,0.411653501088284,12.8279732087512,13.2396267098395
BATAAN,2022,2,Q2,8090,28.4296703296703,32.5835164835165,25.3846153846154,518.0,518.0,853.0,934.766144444444,1990.74,442.51,13.621978021978,33.1098901098901,391.82,28.4765934065934,32.2035628604972,-0.0469230769230755,-1.0,La Niña,0.311104050538834,25.5378910281581,25.8489950786969
BATAAN,2022,3,Q3,8091,27.0282608695652,30.0739130434783,24.8880434782609,1071.6,1071.6,1284.0,706.693108333333,1642.94,337.54,12.5760869565217,29.929347826087,969.89,26.9139130434783,10.4867562300879,0.114347826086956,-0.9,La Niña,0.250506224451875,20.1609926169981,20.41149884145
BATAAN,2022,4,Q4,8092,26.6945652173913,29.4065217391304,24.6652173913043,563.6,563.6,808.0,838.151897222222,1568.74,326.07,16.345652173913,36.7934782608696,426.48,26.7365217391304,32.1515663102607,-0.0419565217391344,-0.9,La Niña,0.239364920104049,31.4569502234509,31.696315143555
BATAAN,2023,1,Q1,8093,26.3577777777778,30.22,23.6122222222222,142.1,142.1,296.0,902.550430555556,1788.82,404.8,18.8166666666667,42.2144444444444,106.5,25.9968974358974,33.4272300469484,0.360880341880339,-0.4,Neutral,0.0965871423262712,27.0672788619486,27.1638660042748
BATAAN,2023,2,Q2,8094,28.5615384615385,32.7142857142857,25.510989010989,505.8,505.8,824.0,981.508302777778,2056.92,455.02,14.010989010989,33.2318681318681,391.82,28.4765934065934,29.0898882139758,0.0849450549450558,0.5,El Niño,0.129554175293304,26.2888602003182,26.4184143756115
BATAAN,2023,3,Q3,8095,27.4445652173913,30.5271739130435,25.1445652173913,1046.7,1046.7,1201.0,780.262058333333,1741.21,360.7,13.9445652173913,31.3760869565217,969.89,26.9139130434783,7.91945478353216,0.530652173913044,1.33333333333333,El Niño,0.233630262249826,25.6470348386793,25.8806651009291
BATAAN,2023,4,Q4,8096,27.2673913043478,30.3967391304348,24.9467391304348,272.2,272.2,672.0,880.7977,1644.07,357.21,17.3684782608696,37.4836956521739,426.48,26.7365217391304,-36.1752016507222,0.530869565217387,1.9,El Niño,0.376836783988956,8.56534284843353,8.94217963242249
BATAAN,2024,1,Q1,8097,27.1659340659341,31.6406593406593,23.9582417582418,68.4,68.4,256.0,974.425583333333,1881.41,446.1,20.3164835164835,42.6461538461539,106.5,25.9968974358974,-35.7746478873239,1.16903663003663,1.46666666666667,El Niño,0.578875856028028,-8.73512663513454,9.31400249116257
BATAAN,2024,2,Q2,8098,29.6065934065934,34.0956043956044,26.2142857142857,462.2,462.2,623.0,990.254425,2164.08,500.43,14.6846153846154,33.2428571428571,391.82,28.4765934065934,17.9623296411618,1.13,0.433333333333333,Neutral,0.840139592291764,-11.5170162783381,12.3571558706298
BATAAN,2024,3,Q3,8099,27.3391304347826,30.3445652173913,25.2434782608696,1128.5,1128.5,1306.0,740.546911111111,1671.66,344.9,12.5847826086957,29.0326086956522,969.89,26.9139130434783,16.3534009011331,0.425217391304347,-0.1,Neutral,0.81378089663959,-9.40852974893781,10.2223106455774
BATAAN,2024,4,Q4,8100,27.08,30.1197802197802,24.8648351648352,486.9,486.9,716.0,794.462986111111,1509.24,326.19,16.1384615384615,37.0032967032967,426.48,26.7365217391304,14.1671356218345,0.34347826086956,-0.4,Neutral,0.766933070552633,3.17705456920137,3.943987639754
BATAAN,2025,1,Q1,8101,26.8033707865169,30.6977777777778,24.1355555555556,231.1,231.1,428.0,886.712419444444,1705.12,388.23,18.9788888888889,43.1111111111111,106.5,25.9968974358974,116.995305164319,0.806473350619413,-0.4,Neutral,0.67629225069833,41.3695428321122,42.0458350828105
BATAAN,2025,2,Q2,8102,29.0230769230769,33.1098901098901,26.1901098901099,609.2,23.1,687.0,906.520319444444,1933.31,429.3,13.3428571428571,33.7098901098901,391.82,28.4765934065934,55.479556939411,0.546483516483516,-0.1,Neutral,0.530413129819209,50.7488496566745,51.2792627864937
BATAAN,2025,3,Q3,8103,26.8445652173913,28.854347826087,25.445652173913,2187.2,213.1,1479.0,557.285508333333,1278.56,263.66,14.1684782608696,55.1076086956522,969.89,26.9139130434783,125.510109393849,-0.0693478260869575,-0.3,Neutral,0.406771825471383,78.0380267798534,78.4447986053248
BATAAN,2025,4,Q4,8104,27.5,30.2459016393443,25.7295081967213,382.0,80.1,398.0,504.853016666667,951.28,208.74,15.8377049180328,57.3114754098361,426.48,26.7365217391304,-10.4295629337835,0.763478260869562,-0.6,La Niña,0.511771825471383,71.8888521409489,72.4006239664203
BATANGAS,2010,1,Q1,8041,25.56,29.5977777777778,22.6694444444444,170.3,170.3,494.0,1907.61044166667,3561.74,822.6,19.6911111111111,42.3366666666667,322.88,24.8092881562882,-47.255946481665,0.750711843711844,1.16666666666667,El Niño,0.750711843711844,-47.255946481665,48.0066583253769
BATANGAS,2010,2,Q2,8042,28.0159340659341,32.1362637362637,24.9978021978022,821.6,821.6,965.0,2077.15285833333,4229.31,951.37,14.0456043956044,31.9247252747253,905.23,27.3667582417582,-9.2385360626581,0.649175824175824,-0.166666666666667,Neutral,0.699943833943834,-28.2472412721616,28.9471851061054
BATANGAS,2010,3,Q3,8043,26.0103260869565,28.9635869565217,24.058152173913,2169.7,2169.7,2086.0,1753.46322777778,3472.57,696.25,13.0489130434783,30.5684782608696,2249.14,25.8110326086957,-3.53201668193176,0.199293478260866,-1.3,La Niña,0.533060382049512,-20.0088330754183,20.5418934574678
BATANGAS,2010,4,Q4,8044,25.2521739130435,27.9902173913043,23.6021739130435,1126.4,1126.4,1619.0,1610.77967777778,2720.22,562.93,17.3021739130435,39.3945652173913,1159.59,25.4083152173913,-2.86221854276079,-0.15614130434783,-1.6,La Niña,0.360759960450176,-15.7221794422539,16.0829394027041
BATANGAS,2011,1,Q1,8045,24.3133333333333,27.2277777777778,22.4322222222222,414.9,414.9,848.0,1744.96763055556,3000.86,679.19,22.71,49.2816666666667,322.88,24.8092881562882,28.4997522299306,-0.495954822954822,-1.16666666666667,La Niña,0.0490932937835096,3.21674523564499,3.2658385294285
BATANGAS,2011,2,Q2,8046,26.2247252747253,29.5747252747253,23.7230769230769,1322.4,1322.4,1445.0,1802.93995277778,3667.23,787.64,15.6241758241758,35.932967032967,905.23,27.3667582417582,46.084420534008,-1.14203296703296,-0.566666666666667,La Niña,-0.398708904018688,17.0474843848115,17.4461932888302
BATANGAS,2011,3,Q3,8047,25.4983695652174,28.0570652173913,23.7978260869565,2055.5,2055.5,2448.0,1661.27714722222,3287.7,643.97,17.5559782608696,40.45,2249.14,25.8110326086957,-8.60951296940163,-0.312663043478263,-0.633333333333333,La Niña,-0.52669803445347,15.778110312944,16.3048083473975
BATANGAS,2011,4,Q4,8048,25.2782608695652,28.0244565217391,23.4646739130435,1157.0,1157.0,1707.0,1646.17762222222,2816.38,582.31,17.6978260869565,41.2,1159.59,25.4083152173913,-0.2233548064402,-0.130054347826089,-1.03333333333333,La Niña,-0.520176295323035,16.4378262470242,16.9580025423472
BATANGAS,2012,1,Q1,8049,24.9203296703297,27.8835164835165,22.9741758241758,710.3,710.3,1043.0,1707.95213611111,3094.92,665.13,19.8153846153846,43.5247252747253,322.88,24.8092881562882,119.988850346878,0.111041514041517,-0.733333333333333,La Niña,-0.36842721107395,39.3101007762611,39.678527987335
BATANGAS,2012,2,Q2,8050,26.4005494505494,29.5038461538462,24.0978021978022,1140.5,1140.5,1531.0,1934.75274166667,3839.48,783.66,14.4142857142857,32.7527472527473,905.23,27.3667582417582,25.9900798692045,-0.966208791208793,-0.266666666666667,Neutral,-0.324471167117907,34.2865156100602,34.6109867771781
BATANGAS,2012,3,Q3,8051,25.2798913043478,27.7565217391304,23.6510869565217,3051.6,3051.6,2713.0,1493.7537,3040.88,597.73,16.7228260869565,38.8934782608696,2249.14,25.8110326086957,35.6785260143877,-0.53114130434783,0.333333333333333,Neutral,-0.379090732335299,45.3585253560075,45.7376160883428
BATANGAS,2012,4,Q4,8052,25.5076086956522,28.4489130434783,23.4021739130435,663.1,663.1,1093.0,1794.07141666667,3118.9,664.44,18.3684782608696,40.8701086956522,1159.59,25.4083152173913,-42.8159953086867,0.0992934782608685,0.0666666666666666,Neutral,-0.321753775813559,34.7103652304459,35.0321190062595
BATANGAS,2013,1,Q1,8053,25.26,28.7755555555556,22.885,338.9,338.9,725.0,1810.71620555556,3330.66,751.83,20.5572222222222,44.6177777777778,322.88,24.8092881562882,4.96159563924677,0.450711843711847,-0.366666666666667,Neutral,-0.236836193395977,5.95355155353808,6.19038774693406
BATANGAS,2013,2,Q2,8054,27.4384615384615,31.0527472527473,24.8241758241758,1246.6,1246.6,1362.0,1902.16188055556,3874.28,842.72,13.2813186813187,30.5247252747253,905.23,27.3667582417582,37.7108580139854,0.0717032967032977,-0.366666666666667,Neutral,0.0226418285820457,8.8837460897333,8.90638791831535
BATANGAS,2013,3,Q3,8055,25.4717391304348,28.1527173913043,23.7597826086957,2752.7,2752.7,2543.0,1468.36542222222,3050.75,606.66,15.1021739130435,36.070652173913,2249.14,25.8110326086957,22.3890020185493,-0.33929347826087,-0.333333333333333,Neutral,0.0706037851037857,5.5613650907737,5.63196887587749
BATANGAS,2013,4,Q4,8056,25.1684782608696,27.7804347826087,23.3815217391304,901.3,901.3,1370.0,1762.92458333333,2919.43,600.41,17.908152173913,40.9358695652174,1159.59,25.4083152173913,-22.2742521063479,-0.239836956521739,-0.233333333333333,Neutral,-0.0141788235918661,10.6968008913584,10.7109797149503
BATANGAS,2014,1,Q1,8057,24.4505555555556,28.2305555555556,21.7361111111111,132.3,132.3,432.0,1858.528375,3370.92,775.56,20.5311111111111,44.9183333333333,322.88,24.8092881562882,-59.0250247770069,-0.358732600732594,-0.4,Neutral,-0.216539934702976,-5.29985421270503,5.51639414740801
BATANGAS,2014,2,Q2,8058,27.7769230769231,31.7164835164835,24.9159340659341,829.5,829.5,1094.0,2005.72255277778,4025.4,894.39,14.0313186813187,32.2445054945055,905.23,27.3667582417582,-8.3658296786452,0.410164835164839,0.133333333333333,Neutral,-0.131924550087591,-16.8190261358627,16.9509506859503
BATANGAS,2014,3,Q3,8059,25.6586956521739,28.1826086956522,23.9097826086957,2464.1,2464.1,2230.0,1557.71834166667,3210.52,639.54,16.7429347826087,38.4722826086957,2249.14,25.8110326086957,9.55743084023227,-0.152336956521744,0.1,Neutral,-0.0851854196528094,-20.0269189304419,20.1121043500948
BATANGAS,2014,4,Q4,8060,25.1217391304348,27.8027173913043,23.3994565217391,1107.0,1107.0,1445.0,1642.86240555556,2799.28,588.9,18.8119565217391,42.1929347826087,1159.59,25.4083152173913,-4.53522365663725,-0.286576086956526,0.6,El Niño,-0.0968702022615062,-15.5921618180143,15.6890320202758
BATANGAS,2015,1,Q1,8061,24.1527777777778,27.5183333333333,21.66,310.9,310.9,608.0,1837.95638333333,3375.13,736.13,20.2694444444444,44.01,322.88,24.8092881562882,-3.71035678889991,-0.656510378510376,0.5,El Niño,-0.171314646705952,-1.76349482098752,1.93480946769347
BATANGAS,2015,2,Q2,8062,27.6489010989011,31.6824175824176,24.6945054945055,639.2,639.2,959.0,2087.10758888889,4231.5,934.44,13.7406593406593,30.8681318681319,905.23,27.3667582417582,-29.3881113087282,0.282142857142858,0.933333333333333,El Niño,-0.203320141211447,-7.01906522850826,7.22238536971971
BATANGAS,2015,3,Q3,8063,26.0614130434783,28.9163043478261,24.1364130434783,1666.3,1666.3,2074.0,1824.52310833333,3559.62,710.16,14.9847826086957,34.2472826086956,2249.14,25.8110326086957,-25.913904870306,0.250380434782606,1.86666666666667,El Niño,-0.102640793385359,-15.8868991561428,15.9895399495282
BATANGAS,2015,4,Q4,8064,25.6896739130435,28.5097826086957,23.7434782608696,1403.8,1403.8,1224.0,1750.46887777778,3071.86,646.63,19.508152173913,43.7907608695652,1159.59,25.4083152173913,21.0600298381325,0.28135869565217,2.53333333333333,El Niño,0.0393429022668146,-9.4880857824504,9.52742868471721
BATANGAS,2016,1,Q1,8065,25.1203296703297,28.4368131868132,22.7027472527473,282.9,282.9,792.0,1861.89491944444,3401.89,727.57,18.7131868131868,39.8,322.88,24.8092881562882,-12.3823092170466,0.311041514041513,2.06666666666667,El Niño,0.281230875404787,-11.6560738894871,11.9373047648919
BATANGAS,2016,2,Q2,8066,27.6263736263736,31.2489010989011,24.9736263736264,953.8,953.8,1260.0,1995.27576944444,4053.96,887.26,13.6335164835165,30.8912087912088,905.23,27.3667582417582,5.36548722424136,0.259615384615387,0.4,Neutral,0.275599007272919,-2.96767425624469,3.24327326351761
BATANGAS,2016,3,Q3,8067,26.0505434782609,28.6864130434783,24.3347826086957,2140.6,2140.6,2293.0,1687.01973055556,3373.44,669.68,15.9554347826087,37.3070652173913,2249.14,25.8110326086957,-4.8258445450261,0.239510869565216,-0.5,La Niña,0.272881615968571,2.30434082507528,2.57722244104385
BATANGAS,2016,4,Q4,8068,25.529347826087,28.0760869565217,23.8586956521739,1868.2,1868.2,1886.0,1567.65258055556,2698.59,568.26,18.8586956521739,43.0103260869565,1159.59,25.4083152173913,61.1086677187627,0.12103260869565,-0.666666666666667,La Niña,0.232800094229441,12.3165002952328,12.5493003894623
BATANGAS,2017,1,Q1,8069,24.5783333333333,28.1133333333333,21.9483333333333,382.4,382.4,710.0,1779.55424166667,3106.18,662.85,18.3172222222222,41.2072222222222,322.88,24.8092881562882,18.4340931615461,-0.230954822954818,-0.133333333333333,Neutral,0.0973010099803586,20.020600889881,20.1179018998614
BATANGAS,2017,2,Q2,8070,27.1961538461538,30.8214285714286,24.4423076923077,884.0,884.0,1154.0,2017.12651666667,3843.26,821.65,14.0725274725275,33.5148351648352,905.23,27.3667582417582,-2.3452603205815,-0.170604395604396,0.266666666666667,Neutral,-0.0102539350745872,18.0929140036753,18.1031679387499
BATANGAS,2017,3,Q3,8071,26.120652173913,28.7413043478261,24.3097826086956,1853.0,1853.0,2131.0,1542.59416388889,3132.9,622.65,15.0396739130435,35.3233695652174,2249.14,25.8110326086957,-17.6129542847488,0.309619565217389,-0.133333333333333,Neutral,0.00727323883845622,14.8961365687446,14.9034098075831
BATANGAS,2017,4,Q4,8072,25.4135869565217,28.1826086956522,23.5336956521739,1525.5,1525.5,1628.0,1584.06942777778,2662.78,541.65,17.0565217391304,41.1711956521739,1159.59,25.4083152173913,31.5551186195121,0.0052717391304355,-0.833333333333333,La Niña,-0.0216669785528474,7.50774929393196,7.5294162724848
BATANGAS,2018,1,Q1,8073,24.9488888888889,28.5111111111111,22.325,380.2,380.2,871.0,1721.92645833333,3014.86,654.32,17.2477777777778,39.2261111111111,322.88,24.8092881562882,17.7527254707631,0.139600732600737,-0.833333333333333,La Niña,0.0709719103360413,7.33740737123622,7.40837928157226
BATANGAS,2018,2,Q2,8074,27.3934065934066,31.1521978021978,24.3846153846154,606.5,606.5,1110.0,1967.78136388889,3743.53,832.01,15.8428571428571,38.1010989010989,905.23,27.3667582417582,-33.0004529235664,0.0266483516483582,-0.233333333333333,Neutral,0.12028509714923,-0.326390779510001,0.44667587665923
BATANGAS,2018,3,Q3,8075,25.816847826087,28.0978260869565,24.2652173913044,2306.1,2306.1,2492.0,1461.72633333333,3097.74,609.95,18.2880434782609,42.3875,2249.14,25.8110326086957,2.53252354233174,0.005815217391305,0.266666666666667,Neutral,0.044334010192709,4.70997867726014,4.75431268745285
BATANGAS,2018,4,Q4,8076,25.6211956521739,29.0,23.0826086956522,856.9,856.9,1335.0,1777.21981666667,3110.06,648.57,16.2940217391304,38.4146739130435,1159.59,25.4083152173913,-26.1031916453229,0.212880434782612,0.833333333333333,El Niño,0.096236184105753,-9.70459888894861,9.80083507305436
BATANGAS,2019,1,Q1,8077,24.7883333333333,28.995,21.4172222222222,105.7,105.7,438.0,1908.69927777778,3599.24,786.03,18.5361111111111,41.2933333333333,322.88,24.8092881562882,-67.2633795837463,-0.0209548229548239,0.7,El Niño,0.0560972952168628,-30.958625152576,31.0147224477928
BATANGAS,2019,2,Q2,8078,27.9461538461538,32.0192307692308,24.8296703296703,608.2,608.2,1221.0,1997.64786666667,3938.26,888.91,15.982967032967,37.828021978022,905.23,27.3667582417582,-32.8126553472598,0.579395604395604,0.566666666666667,El Niño,0.194284108403674,-30.9116757584993,31.105959866903
BATANGAS,2019,3,Q3,8079,26.141847826087,28.3451086956522,24.5429347826087,2031.8,2031.8,2451.0,1435.08318611111,3085.52,621.26,18.1619565217391,42.1125,2249.14,25.8110326086957,-9.66324906408671,0.330815217391304,0.2,Neutral,0.275534108403674,-33.9606189101039,34.2361530185076
BATANGAS,2019,4,Q4,8080,25.5010869565217,28.7190217391304,23.1630434782609,986.7,986.7,1457.0,1761.27155277778,3060.89,617.59,15.0048913043478,37.141847826087,1159.59,25.4083152173913,-14.9095801102114,0.0927717391304341,0.433333333333333,Neutral,0.24550693449063,-31.162216026326,31.4077229608167
BATANGAS,2020,1,Q1,8081,25.1203296703297,29.093956043956,22.0406593406593,251.8,251.8,725.0,1915.7505,3507.04,760.14,18.2467032967033,41.2478021978022,322.88,24.8092881562882,-22.0143706640238,0.311041514041513,0.466666666666667,Neutral,0.328506018739714,-19.8499637963954,20.1784698151351
BATANGAS,2020,2,Q2,8082,27.8236263736264,31.889010989011,24.6225274725275,1033.3,1033.3,1420.0,2002.61183055556,3881.61,867.39,14.6494505494505,35.028021978022,905.23,27.3667582417582,14.147785645637,0.456868131868131,-0.0666666666666666,Neutral,0.297874150607846,-8.10985354817121,8.40772769877905
BATANGAS,2020,3,Q3,8083,26.4760869565217,29.3173913043478,24.3896739130435,1826.9,1826.9,2093.0,1596.63547222222,3281.2,663.61,12.5630434782609,30.7108695652174,2249.14,25.8110326086957,-18.7733978320602,0.665054347826086,-0.633333333333333,La Niña,0.381433933216541,-10.3873907401646,10.7688246733811
BATANGAS,2020,4,Q4,8084,25.5146739130435,28.3858695652174,23.5320652173913,2546.3,2546.3,2223.0,1434.97848888889,2596.5,527.8,16.9760869565217,40.7032608695652,1159.59,25.4083152173913,119.586233065135,0.106358695652176,-1.23333333333333,La Niña,0.384830672346976,23.236562553672,23.621393226019
BATANGAS,2021,1,Q1,8085,24.6516666666667,27.9988888888889,22.1522222222222,662.5,662.5,1378.0,1677.388925,3092.04,627.33,16.0966666666667,36.9011111111111,322.88,24.8092881562882,105.184588701685,-0.157621489621487,-0.9,La Niña,0.267664921431226,55.0363023950992,55.3039673165304
BATANGAS,2021,2,Q2,8086,27.2456043956044,31.1340659340659,24.1675824175824,788.0,788.0,1354.0,2007.64048888889,3926.59,853.6,15.3054945054945,36.5956043956044,905.23,27.3667582417582,-12.9502999237763,-0.121153846153842,-0.533333333333333,La Niña,0.123159426925733,48.2617810027459,48.3849404296716
BATANGAS,2021,3,Q3,8087,26.3461956521739,29.0663043478261,24.4114130434783,2043.3,2043.3,2314.0,1567.79012222222,3204.49,647.62,16.0619565217391,38.5907608695652,2249.14,25.8110326086957,-9.15194252025218,0.535163043478256,-0.533333333333333,La Niña,0.0906866008387759,50.6671448306979,50.7578314315367
BATANGAS,2021,4,Q4,8088,25.4880434782609,28.8505434782609,23.1652173913043,870.6,870.6,1453.0,1609.33176388889,2937.58,602.91,16.0858695652174,36.0538043478261,1159.59,25.4083152173913,-24.9217395803689,0.0797282608695653,-0.933333333333333,La Niña,0.0840289921431232,14.5401516693219,14.624180661465
BATANGAS,2022,1,Q1,8089,25.7255555555556,30.1933333333333,22.45,310.3,310.3,835.0,1832.05784166667,3436.82,768.03,17.7488888888889,38.7033333333333,322.88,24.8092881562882,-3.89618434093161,0.916267399267404,-0.966666666666667,La Niña,0.352501214365346,-12.7300415913322,13.0825428056976
BATANGAS,2022,2,Q2,8090,26.817032967033,30.793956043956,23.893956043956,1254.6,1254.6,1493.0,1830.88219722222,3815.06,816.34,14.3510989010989,32.8093406593407,905.23,27.3667582417582,38.5946113142516,-0.549725274725276,-1.0,La Niña,0.245358357222488,0.15618621817473,0.401544575397218
BATANGAS,2022,3,Q3,8091,25.9940217391304,28.975,23.8978260869565,1976.9,1976.9,2220.0,1475.05221111111,3255.82,648.95,14.5603260869565,32.6711956521739,2249.14,25.8110326086957,-12.1041820429142,0.182989130434777,-0.9,La Niña,0.157314878961618,-0.581873662490766,0.739188541452384
BATANGAS,2022,4,Q4,8092,25.5739130434783,28.8184782608696,23.304347826087,1451.7,1451.7,1667.0,1625.73321944444,2970.6,601.87,15.641847826087,35.2516304347826,1159.59,25.4083152173913,25.1908001966212,0.165597826086959,-0.9,La Niña,0.178782270265966,11.9462612817568,12.1250435520227
BATANGAS,2023,1,Q1,8093,24.7222222222222,28.5766666666667,21.7938888888889,581.8,581.8,1036.0,1730.95522777778,3312.73,693.69,17.4244444444444,37.9461111111111,322.88,24.8092881562882,80.1907829534192,-0.0870659340659329,-0.4,Neutral,-0.0720510630673683,32.9680031053445,33.0400541684118
BATANGAS,2023,2,Q2,8094,26.9192307692308,30.5450549450549,24.1208791208791,1129.9,1129.9,1513.0,1912.85114166667,3843.44,805.21,14.8725274725275,33.5587912087912,905.23,27.3667582417582,24.8191067463518,-0.447527472527472,0.5,El Niño,-0.0465016125179174,29.5241269633695,29.5706285758874
BATANGAS,2023,3,Q3,8095,26.6798913043478,29.6157608695652,24.5260869565217,1379.5,1379.5,1788.0,1769.48148333333,3627.3,736.46,18.5086956521739,39.408152173913,2249.14,25.8110326086957,-38.6654454591533,0.868858695652172,1.33333333333333,El Niño,0.124965778786431,22.8838111093097,23.0087768880962
BATANGAS,2023,4,Q4,8096,26.0913043478261,29.7608695652174,23.5673913043478,707.8,707.8,1341.0,1743.0431,3084.93,649.96,16.2929347826087,35.7402173913043,1159.59,25.4083152173913,-38.9611845566105,0.682989130434784,1.9,El Niño,0.254313604873388,6.8458149210018,7.10012852587518
BATANGAS,2024,1,Q1,8097,25.9082417582418,30.7950549450549,22.2082417582418,189.7,189.7,559.0,1927.48523611111,3555.84,848.2,19.3428571428571,40.893956043956,322.88,24.8092881562882,-41.2475222993062,1.09895360195361,1.46666666666667,El Niño,0.550818488878273,-23.5137613921796,24.0645798810578
BATANGAS,2024,2,Q2,8098,28.4505494505494,32.9203296703297,24.917032967033,968.6,968.6,1090.0,2005.16940277778,4134.08,967.13,16.3681318681319,36.2186813186813,905.23,27.3667582417582,7.00043082973389,1.08379120879121,0.433333333333333,Neutral,0.933648159207943,-27.968430371334,28.902078530542
BATANGAS,2024,3,Q3,8099,26.3804347826087,29.2375,24.3505434782609,1872.5,1872.5,2149.0,1531.10823611111,3351.63,672.08,16.2326086956522,35.1771739130435,2249.14,25.8110326086957,-16.7459562321598,0.569402173913037,-0.1,Neutral,0.858784028773159,-22.4885580645857,23.3473420933588
BATANGAS,2024,4,Q4,8100,25.8711111111111,29.1071428571429,23.5901098901099,1110.4,1110.4,1512.0,1597.40064444444,2918.28,604.54,16.878021978022,37.1923076923077,1159.59,25.4083152173913,-4.24201657482384,0.462795893719807,-0.4,Neutral,0.803735719594415,-13.808766069139,14.6125017887334
BATANGAS,2025,1,Q1,8101,25.3837078651685,29.4366666666667,22.4811111111111,616.1,616.1,1180.0,1735.85805,3234.87,701.23,18.3977777777778,41.1022222222222,322.88,24.8092881562882,90.8139246778989,0.574419708880384,-0.4,Neutral,0.672602246326109,19.2065956751623,19.8791979214884
BATANGAS,2025,2,Q2,8102,28.2461538461538,32.1538461538462,25.2071428571429,649.6,6.8,812.0,1806.64013055556,3822.85,870.24,15.5186813186813,30.7065934065934,905.23,27.3667582417582,-28.2392320183821,0.879395604395608,-0.1,Neutral,0.621503345227209,10.3966799631333,11.0181833083605
BATANGAS,2025,3,Q3,8103,27.7179347826087,29.15,26.6701086956522,1794.7,217.7,1655.0,1295.55578888889,3137.1,683.31,18.0586956521739,31.6288043478261,2249.14,25.8110326086957,-20.2050561547969,1.90690217391304,-0.3,Neutral,0.955878345227211,9.53190498247402,10.4877833277012
BATANGAS,2025,4,Q4,8104,27.7229508196721,29.4737704918033,26.4885245901639,766.5,166.0,842.0,985.020558333333,1961.4,425.37,18.0114754098361,32.4,1159.59,25.4083152173913,-33.8990505264792,2.31463560228082,-0.6,La Niña,1.41883827236746,2.11764649456019,3.53648476692765
BENGUET,2010,1,Q1,8041,18.18,22.9144444444444,14.2088888888889,110.4,110.4,308.0,922.065508333333,1733.31,319.04,5.76444444444444,26.3533333333333,185.94,17.295673992674,-40.6260083898032,0.884326007326006,1.16666666666667,El Niño,0.884326007326006,-40.6260083898032,41.5103343971292
BENGUET,2010,2,Q2,8042,20.2648351648352,24.3483516483516,17.0758241758242,842.6,842.6,850.0,968.533641666667,1937.0,367.2,5.56923076923077,28.2296703296703,914.73,19.416043956044,-7.88538694478151,0.848791208791202,-0.166666666666667,Neutral,0.866558608058604,-24.2556976672923,25.1222562753509
BENGUET,2010,3,Q3,8043,18.9445652173913,22.5239130434783,16.5010869565217,1590.0,1590.0,1076.0,773.9076,1652.34,305.32,6.04565217391304,31.5326086956522,1703.83,18.6233695652174,-6.68083083406208,0.321195652173912,-1.3,La Niña,0.68477095609704,-18.3974087228823,19.0821796789793
BENGUET,2010,4,Q4,8044,18.2826086956522,21.8478260869565,15.9054347826087,696.6,696.6,641.0,785.642211111111,1323.67,243.34,6.3695652173913,29.5695652173913,551.26,18.1580434782609,26.3650546021841,0.124565217391304,-1.6,La Niña,0.544719521420606,-7.20679289161566,7.75151241303627
BENGUET,2011,1,Q1,8045,17.2266666666667,21.1111111111111,14.4522222222222,231.6,231.6,456.0,805.409036111111,1398.85,257.58,6.44333333333333,27.0866666666667,185.94,17.295673992674,24.5563084866086,-0.0690073260073269,-1.16666666666667,La Niña,0.306386188087273,9.08878632748727,9.39517251557454
BENGUET,2011,2,Q2,8046,19.0252747252747,22.6351648351648,16.110989010989,1057.4,1057.4,880.0,880.529586111111,1776.5,330.52,5.92857142857143,30.6879120879121,914.73,19.416043956044,15.596952106086,-0.390769230769234,-0.566666666666667,La Niña,-0.0035039218028361,14.9593710902041,14.962875012007
BENGUET,2011,3,Q3,8047,18.4184782608696,21.4521739130435,16.3369565217391,1625.4,1625.4,1248.0,682.146363888889,1468.47,266.15,7.30652173913044,37.3326086956522,1703.83,18.6233695652174,-4.60315876583931,-0.204891304347825,-0.633333333333333,La Niña,-0.135025660933271,15.4787891072598,15.6138147681931
BENGUET,2011,4,Q4,8048,18.3228260869565,21.8641304347826,15.8945652173913,699.6,699.6,755.0,769.434669444444,1282.9,238.38,6.65,33.6652173913043,551.26,18.1580434782609,26.9092624170083,0.164782608695649,-1.03333333333333,La Niña,-0.124971313107184,15.6148410609659,15.7398123740731
BENGUET,2012,1,Q1,8049,17.6945054945055,21.6461538461538,14.6307692307692,373.7,373.7,529.0,851.270597222222,1525.55,278.74,5.63516483516483,26.6340659340659,185.94,17.295673992674,100.978810368936,0.398831501831502,-0.733333333333333,La Niña,-0.00801160614747687,34.7204665315478,34.7284781376953
BENGUET,2012,2,Q2,8050,19.0835164835165,22.6274725274725,16.4978021978022,1268.9,1268.9,958.0,899.37525,1790.25,328.47,6.11208791208791,30.9659340659341,914.73,19.416043956044,38.7185289648312,-0.332527472527474,-0.266666666666667,Neutral,0.00654883341296308,40.5008607462341,40.5074095796471
BENGUET,2012,3,Q3,8051,18.4271739130435,21.4108695652174,16.5032608695652,1976.7,1976.7,1253.0,686.317338888889,1480.43,267.77,6.95760869565218,36.4989130434783,1703.83,18.6233695652174,16.0150954027104,-0.196195652173912,0.333333333333333,Neutral,0.00872274645644124,45.6554242883715,45.664147034828
BENGUET,2012,4,Q4,8052,18.2130434782609,22.0945652173913,15.2,342.4,342.4,531.0,842.8912,1463.76,268.48,5.83369565217391,26.8086956521739,551.26,18.1580434782609,-37.8877480680623,0.0549999999999961,0.0666666666666666,Neutral,-0.018722905717472,29.4561716671039,29.4748945728213
BENGUET,2013,1,Q1,8053,17.94,22.1111111111111,14.7588888888889,214.2,214.2,417.0,889.428472222222,1558.26,286.62,5.89111111111111,25.9922222222222,185.94,17.295673992674,15.1984511132623,0.644326007326004,-0.366666666666667,Neutral,0.0426507206561535,8.01108185318541,8.05373257384156
BENGUET,2013,2,Q2,8054,19.5274725274725,23.1,16.7692307692308,980.0,980.0,966.0,896.924975,1819.02,339.67,5.5,28.0758241758242,914.73,19.416043956044,7.13543887267282,0.111428571428572,-0.366666666666667,Neutral,0.153639731645165,0.11530933014582,0.268949061790985
BENGUET,2013,3,Q3,8055,18.5673913043478,21.7673913043478,16.4489130434783,1749.5,1749.5,1174.0,676.676202777778,1464.2,270.56,6.63586956521739,35.4173913043478,1703.83,18.6233695652174,2.68043173321283,-0.0559782608695691,-0.333333333333333,Neutral,0.188694079471251,-3.21835658722857,3.40705066669982
BENGUET,2013,4,Q4,8056,18.0467391304348,21.3630434782609,15.6728260869565,531.8,531.8,710.0,797.01945,1286.35,235.25,6.21413043478261,29.920652173913,551.26,18.1580434782609,-3.53009469215979,-0.111304347826088,-0.233333333333333,Neutral,0.14711799251473,5.37105675674705,5.51817474926178
BENGUET,2014,1,Q1,8057,16.8322222222222,20.8711111111111,13.7522222222222,132.6,132.6,351.0,895.600663888889,1587.95,285.1,5.77444444444444,26.3677777777778,185.94,17.295673992674,-28.6866731203614,-0.463451770451769,-0.4,Neutral,-0.129826451929714,-5.60022430165889,5.7300507535886
BENGUET,2014,2,Q2,8058,19.4626373626374,22.9879120879121,16.7549450549451,1293.7,1293.7,1009.0,939.508791666667,1848.25,342.71,5.48021978021978,28.3208791208791,914.73,19.416043956044,41.4297114995682,0.0465934065934057,0.133333333333333,Neutral,-0.146035243138505,2.97334385506496,3.11937909820346
BENGUET,2014,3,Q3,8059,18.8423913043478,21.8728260869565,16.6967391304348,1897.4,1897.4,1139.0,754.31595,1604.25,292.56,7.03913043478261,37.1195652173913,1703.83,18.6233695652174,11.3608752046859,0.219021739130433,0.1,Neutral,-0.0772852431385047,5.14345472293323,5.22073996607174
BENGUET,2014,4,Q4,8060,18.2086956521739,21.8695652173913,15.604347826087,499.8,499.8,540.0,824.409602777778,1366.93,252.71,6.12282608695652,27.7,551.26,18.1580434782609,-9.3349780502848,0.0506521739130398,0.6,El Niño,-0.0367961127037227,3.69223388340198,3.7290299961057
BENGUET,2015,1,Q1,8061,17.1155555555556,21.4177777777778,13.74,181.8,181.8,432.0,892.943094444444,1594.04,289.38,5.75111111111111,26.4688888888889,185.94,17.295673992674,-2.22652468538237,-0.180118437118438,0.5,El Niño,0.0340372206296102,10.3072709921467,10.3413082127763
BENGUET,2015,2,Q2,8062,19.521978021978,23.6054945054945,16.1505494505495,856.0,856.0,763.0,1002.87366388889,2011.93,375.52,5.31318681318681,26.0736263736264,914.73,19.416043956044,-6.42047380101231,0.105934065934068,0.933333333333333,El Niño,0.0488723854647759,-1.65527533299839,1.70414771846317
BENGUET,2015,3,Q3,8063,18.825,21.9771739130435,16.5119565217391,2202.1,2202.1,1196.0,773.012022222222,1602.79,293.18,7.075,36.1815217391304,1703.83,18.6233695652174,29.2441147297559,0.201630434782608,1.86666666666667,El Niño,0.0445245593778196,2.81553454826911,2.86005910764692
BENGUET,2015,4,Q4,8064,18.4271739130435,22.4347826086956,15.1913043478261,846.1,846.1,502.0,829.946513888889,1461.59,269.42,6.9554347826087,32.9228260869565,551.26,18.1580434782609,53.4847440409244,0.269130434782607,2.53333333333333,El Niño,0.0991441245952114,18.5204650710714,18.6196091956666
BENGUET,2016,1,Q1,8065,18.0989010989011,21.8516483516484,15.3868131868132,158.7,158.7,628.0,852.448541666667,1480.53,273.68,5.75494505494506,25.9076923076923,185.94,17.295673992674,-14.6498870603421,0.803227106227105,2.06666666666667,El Niño,0.344980510431597,15.4146244773315,15.7596049877631
BENGUET,2016,2,Q2,8066,20.1,24.0813186813187,17.0417582417582,919.8,919.8,825.0,966.053347222222,1908.82,360.93,5.39010989010989,27.4208791208791,914.73,19.416043956044,0.554261913351486,0.683956043956044,0.4,Neutral,0.489486004937091,17.1583084059224,17.6477944108595
BENGUET,2016,3,Q3,8067,18.9739130434783,22.1141304347826,16.895652173913,1658.7,1658.7,1201.0,724.498405555555,1572.42,288.25,6.75108695652174,35.3902173913043,1703.83,18.6233695652174,-2.64873843047721,0.350543478260867,-0.5,La Niña,0.526714265806656,9.18509511586416,9.71180938167082
BENGUET,2016,4,Q4,8068,18.7391304347826,22.4391304347826,16.1076086956522,737.9,737.9,698.0,757.7632,1308.7,245.01,7.16413043478261,34.95,551.26,18.1580434782609,33.8569821862642,0.581086956521737,-0.666666666666667,La Niña,0.604703396241439,4.2781546521991,4.88285804844054
BENGUET,2017,1,Q1,8069,16.4411111111111,20.9455555555556,12.6244444444444,190.2,190.2,396.0,889.917419444444,1632.33,284.84,11.1466666666667,32.3744444444444,185.94,17.295673992674,2.29106163278476,-0.854562881562881,-0.133333333333333,Neutral,0.190255899293942,8.51339182548081,8.70364772477475
BENGUET,2017,2,Q2,8070,19.1846153846154,23.278021978022,15.8483516483516,474.3,474.3,671.0,987.515463888889,1932.18,354.67,8.81208791208791,28.1857142857143,914.73,19.416043956044,-48.1486340231544,-0.231428571428573,0.266666666666667,Neutral,-0.0385902545522123,-3.66233215864566,3.70092241319787
BENGUET,2017,3,Q3,8071,18.7663043478261,22.1478260869565,16.1967391304348,822.1,822.1,1010.0,754.532694444444,1539.8,280.06,10.0369565217391,33.1402173913043,1703.83,18.6233695652174,-51.7498811501147,0.142934782608698,-0.133333333333333,Neutral,-0.0904924284652547,-15.937617838555,16.0281102670203
BENGUET,2017,4,Q4,8072,17.8945652173913,21.6608695652174,14.8826086956522,458.8,458.8,522.0,812.025191666667,1408.55,250.9,11.5695652173913,35.9184782608696,551.26,18.1580434782609,-16.7724848528825,-0.263478260869569,-0.833333333333333,La Niña,-0.301633732813081,-28.5949845983417,28.8966183311548
BENGUET,2018,1,Q1,8073,16.7588888888889,21.26,13.0688888888889,146.5,146.5,341.0,926.687719444444,1690.54,295.76,10.3833333333333,30.1466666666667,185.94,17.295673992674,-21.2111433795848,-0.536785103785107,-0.833333333333333,La Niña,-0.222189288368638,-34.4705358514341,34.6927251398027
BENGUET,2018,2,Q2,8074,18.8901098901099,22.5263736263736,15.8549450549451,787.3,787.3,842.0,898.359527777778,1749.21,321.0,8.3054945054945,27.5769230769231,914.73,19.416043956044,-13.9308867097395,-0.525934065934067,-0.233333333333333,Neutral,-0.295815661995011,-25.9160990230804,26.2119146850754
BENGUET,2018,3,Q3,8075,18.1260869565217,20.9880434782609,16.0239130434783,2128.3,2128.3,1491.0,598.644205555556,1322.92,235.54,10.5065217391304,34.8434782608696,1703.83,18.6233695652174,24.9126966892237,-0.497282608695652,0.266666666666667,Neutral,-0.455870009821099,-6.75045456324577,7.20632457306687
BENGUET,2018,4,Q4,8076,17.729347826087,21.8891304347826,14.3032608695652,420.5,420.5,454.0,880.119852777778,1590.16,283.32,9.88478260869565,30.4760869565217,551.26,18.1580434782609,-23.7202046221384,-0.428695652173918,0.833333333333333,El Niño,-0.497174357647186,-8.48738450555974,8.98455886320692
BENGUET,2019,1,Q1,8077,16.6688888888889,21.6544444444444,12.2711111111111,119.7,119.7,232.0,943.015308333333,1847.48,325.7,10.2011111111111,30.0444444444444,185.94,17.295673992674,-35.6243949661181,-0.626785103785103,0.7,El Niño,-0.519674357647185,-12.0906974021931,12.6103717598402
BENGUET,2019,2,Q2,8078,19.1,22.8527472527473,16.0714285714286,667.3,667.3,930.0,918.615005555556,1835.24,333.85,8.50769230769231,26.9725274725275,914.73,19.416043956044,-27.0495118778219,-0.316043956043956,0.566666666666667,El Niño,-0.467201830174657,-15.3703536942137,15.8375555243883
BENGUET,2019,3,Q3,8079,18.3423913043478,21.1054347826087,16.3804347826087,1388.1,1388.1,1491.0,656.432558333333,1398.66,245.89,10.6271739130435,34.2760869565217,1703.83,18.6233695652174,-18.5306045790953,-0.280978260869567,0.2,Neutral,-0.413125743218136,-26.2311790112934,26.6443047545116
BENGUET,2019,4,Q4,8080,17.7163043478261,21.7054347826087,14.4880434782609,279.1,279.1,589.0,875.607922222222,1553.05,273.33,9.88369565217391,30.8065217391304,551.26,18.1580434782609,-49.3705329608533,-0.441739130434783,0.433333333333333,Neutral,-0.416386612783352,-32.6437610959722,33.0601477087555
BENGUET,2020,1,Q1,8081,16.9252747252747,22.0098901098901,12.4978021978022,70.6,70.6,241.0,973.364188888889,1875.75,331.46,10.8450549450549,31.321978021978,185.94,17.295673992674,-62.0307626115951,-0.370399267399268,0.466666666666667,Neutral,-0.352290153686893,-39.2453530073414,39.5976431610283
BENGUET,2020,2,Q2,8082,19.4087912087912,23.432967032967,16.1197802197802,771.1,771.1,805.0,1000.12663611111,1943.26,357.36,8.24395604395604,27.0835164835165,914.73,19.416043956044,-15.7019011074306,-0.0072527472527461,-0.0666666666666666,Neutral,-0.275092351489091,-36.4084503147436,36.6835426662327
BENGUET,2020,3,Q3,8083,18.9608695652174,22.5336956521739,16.175,906.0,906.0,980.0,838.768947222222,1736.09,313.55,8.93913043478261,29.3804347826087,1703.83,18.6233695652174,-46.825680965824,0.337500000000006,-0.633333333333333,La Niña,-0.120472786271698,-43.4822194114258,43.6026921976975
BENGUET,2020,4,Q4,8084,18.2434782608696,21.8684782608696,15.4076086956522,1027.5,1027.5,821.0,765.341113888889,1358.91,244.69,10.6086956521739,35.9608695652174,551.26,18.1580434782609,86.3911765772957,0.0854347826086971,-1.23333333333333,La Niña,0.0113206919891722,-9.54179202688853,9.5531127188777
BENGUET,2021,1,Q1,8085,16.8155555555556,20.95,13.3777777777778,261.5,261.5,483.0,888.337022222222,1623.18,281.37,9.37777777777778,27.8511111111111,185.94,17.295673992674,40.6367645477036,-0.480118437118438,-0.9,La Niña,-0.0161091004406204,16.1250897629361,16.1411988633768
BENGUET,2021,2,Q2,8086,19.1230769230769,23.1417582417582,15.6736263736264,435.2,435.2,806.0,1006.59437777778,2010.34,365.37,9.05274725274725,28.6472527472527,914.73,19.416043956044,-52.4231193904212,-0.292967032967034,-0.533333333333333,La Niña,-0.0875376718691925,6.94478519218849,7.03232286405768
BENGUET,2021,3,Q3,8087,18.829347826087,22.025,16.4445652173913,1317.4,1317.4,1277.0,740.859022222222,1561.69,279.59,10.4565217391304,34.404347826087,1703.83,18.6233695652174,-22.6800795854046,0.205978260869568,-0.533333333333333,La Niña,-0.120418106651802,12.9811855372933,13.1016036439451
BENGUET,2021,4,Q4,8088,17.7619565217391,21.9119565217391,14.4119565217391,686.1,686.1,519.0,820.382297222222,1523.43,269.96,10.6380434782609,30.4315217391304,551.26,18.1580434782609,24.4603272502993,-0.396086956521742,-0.933333333333333,La Niña,-0.240798541434412,-2.50152679445574,2.74232533589015
BENGUET,2022,1,Q1,8089,17.1255555555556,21.7855555555556,13.2166666666667,249.1,249.1,430.0,931.21265,1752.42,307.02,9.43888888888889,26.8022222222222,185.94,17.295673992674,33.9679466494568,-0.17011843711844,-0.966666666666667,La Niña,-0.163298541434412,-4.16873126901743,4.33202981045184
BENGUET,2022,2,Q2,8090,18.9054945054945,23.0340659340659,15.6307692307692,566.0,566.0,771.0,922.192666666667,1922.55,349.81,8.74505494505494,27.0813186813187,914.73,19.416043956044,-38.1238179572114,-0.510549450549455,-1.0,La Niña,-0.217694145830017,-0.593905910714979,0.811600056544997
BENGUET,2022,3,Q3,8091,18.4858695652174,21.9847826086956,15.8021739130435,913.4,913.4,1077.0,720.765188888889,1613.5,287.99,9.67717391304348,29.6673913043478,1703.83,18.6233695652174,-46.3913653357436,-0.137499999999999,-0.9,La Niña,-0.303563711047409,-6.52172734829972,6.82529105934713
BENGUET,2022,4,Q4,8092,18.0097826086957,22.0695652173913,14.7532608695652,490.9,490.9,523.0,842.578594444444,1534.35,272.44,10.9728260869565,31.7869565217391,551.26,18.1580434782609,-10.9494612342633,-0.14826086956522,-0.9,La Niña,-0.241607189308278,-15.3741744694404,15.6157816587487
BENGUET,2023,1,Q1,8093,16.8255555555556,21.7488888888889,12.5844444444444,142.1,142.1,273.0,906.61135,1747.13,308.64,9.96,28.34,185.94,17.295673992674,-23.5774981176724,-0.470118437118437,-0.4,Neutral,-0.316607189308278,-29.7605356612227,30.077142850531
BENGUET,2023,2,Q2,8094,19.0384615384615,23.0461538461538,16.0263736263736,610.3,610.3,909.0,928.535427777778,1882.39,340.36,9.3978021978022,28.8725274725275,914.73,19.416043956044,-33.280858832661,-0.377582417582417,0.5,El Niño,-0.283365431066518,-28.5497958800851,28.8331613111516
BENGUET,2023,3,Q3,8095,18.704347826087,22.045652173913,16.2565217391304,1443.1,1443.1,1268.0,681.779644444445,1575.15,281.0,10.2891304347826,31.395652173913,1703.83,18.6233695652174,-15.302583004173,0.0809782608695677,1.33333333333333,El Niño,-0.228745865849127,-20.7776002971924,21.0063461630415
BENGUET,2023,4,Q4,8096,18.4423913043478,22.8902173913044,14.7782608695652,240.1,240.1,504.0,874.456627777778,1584.68,286.65,8.44130434782609,24.5673913043478,551.26,18.1580434782609,-56.4452345535682,0.28434782608695,1.9,El Niño,-0.120593691936084,-32.1515436270186,32.2721373189547
BENGUET,2024,1,Q1,8097,17.3406593406593,23.0769230769231,12.2505494505494,87.6,87.6,215.0,965.376258333333,1876.59,339.62,9.07252747252747,25.7747252747253,185.94,17.295673992674,-52.8880283962569,0.0449853479853459,1.46666666666667,El Niño,0.00818225433986175,-39.4791761966647,39.4873584510046
BENGUET,2024,2,Q2,8098,20.1769230769231,25.0769230769231,16.032967032967,479.9,479.9,602.0,975.179597222222,2074.26,393.14,8.8021978021978,26.8538461538462,914.73,19.416043956044,-47.5364315153105,0.760879120879117,0.433333333333333,Neutral,0.292797638955245,-43.0430693673271,43.3358670062824
BENGUET,2024,3,Q3,8099,18.9597826086957,22.4445652173913,16.3467391304348,1380.9,1380.9,1142.0,708.069480555556,1574.11,286.66,9.67391304347826,29.504347826087,1703.83,18.6233695652174,-18.9531819489033,0.33641304347826,-0.1,Neutral,0.356656334607418,-43.9557191035097,44.3123754381171
BENGUET,2024,4,Q4,8100,18.1733333333333,22.7208791208791,14.7241758241758,695.8,695.8,611.0,763.287252777778,1428.47,259.0,8.95604395604396,27.8923076923077,551.26,18.1580434782609,26.219932518231,0.0152898550724565,-0.4,Neutral,0.289391841853795,-23.2894273355599,23.5788191774137
BENGUET,2025,1,Q1,8101,17.3370786516854,22.9888888888889,13.1077777777778,266.5,266.5,396.0,895.310088888889,1674.83,304.04,9.25,28.5077777777778,185.94,17.295673992674,43.3258040228031,0.0414046590113983,-0.4,Neutral,0.288496669610308,0.764030769205036,1.05252743881534
BENGUET,2025,2,Q2,8102,21.5428571428571,25.6626373626374,18.1802197802198,433.8,11.4,555.0,832.952097222222,1663.22,334.33,10.5813186813187,26.9373626373626,914.73,19.416043956044,-52.5761700173822,2.12681318681319,-0.1,Neutral,0.629980186093825,-0.495903856312877,1.1258840424067
BENGUET,2025,3,Q3,8103,22.8695652173913,25.6336956521739,20.7108695652174,1503.9,300.7,932.0,533.239477777778,1244.92,255.71,10.6086956521739,29.9739130434783,1703.83,18.6233695652174,-11.7341518813497,4.24619565217391,-0.3,Neutral,1.60742583826774,1.30885366057554,2.91627949884328
BENGUET,2025,4,Q4,8104,22.6049180327869,25.8065573770492,19.8819672131148,473.5,200.3,313.0,484.527402777778,857.56,171.58,10.9868852459016,30.8098360655738,551.26,18.1580434782609,-14.1058665602438,4.44687455452602,-0.6,La Niña,2.71532201313113,-8.77259610904314,11.4879181221743
BUKIDNON,2010,1,Q1,8041,21.8977777777778,25.9011111111111,18.5022222222222,476.3,476.3,751.0,837.437477777778,1577.09,306.95,9.27,34.2888888888889,634.56,21.665,-24.94011598588,0.232777777777777,1.16666666666667,El Niño,0.232777777777777,-24.94011598588,25.1728937636578
BUKIDNON,2010,2,Q2,8042,23.0098901098901,27.121978021978,19.7494505494506,532.3,532.3,728.0,930.931208333333,1812.18,352.98,8.33626373626374,31.0230769230769,718.29,22.5912087912088,-25.8934413676927,0.418681318681319,-0.166666666666667,Neutral,0.325729548229548,-25.4167786767864,25.7425082250159
BUKIDNON,2010,3,Q3,8043,22.2391304347826,26.254347826087,19.2717391304348,971.2,971.2,937.0,866.974252777778,1726.75,331.87,7.12173913043478,28.1815217391304,1021.1,21.9270652173913,-4.88688669082362,0.312065217391304,-1.3,La Niña,0.321174771283466,-18.5734813481321,18.8946561194156
BUKIDNON,2010,4,Q4,8044,21.9891304347826,25.9489130434783,19.1967391304348,708.0,708.0,847.0,857.603830555556,1533.8,294.91,7.27391304347826,29.7760869565217,704.17,21.9308695652174,0.543902750756215,0.0582608695652204,-1.6,La Niña,0.255446295853905,-13.79413532341,14.0495816192639
BUKIDNON,2011,1,Q1,8045,21.5311111111111,25.0933333333333,19.06,960.3,960.3,1145.0,698.311058333333,1356.14,259.29,8.23888888888889,35.6411111111111,634.56,21.665,51.3332072617246,-0.13388888888889,-1.16666666666667,La Niña,0.163779629187238,5.27419548849113,5.43797511767836
BUKIDNON,2011,2,Q2,8046,22.1307692307692,25.8384615384615,19.5659340659341,1070.2,1070.2,987.0,789.979966666667,1584.35,303.31,7.37692307692308,29.9769230769231,718.29,22.5912087912088,48.9927466622117,-0.460439560439561,-0.566666666666667,La Niña,-0.0560005905929817,23.9957424959672,24.0517430865602
BUKIDNON,2011,3,Q3,8047,21.9032608695652,25.6402173913044,19.170652173913,1088.5,1088.5,930.0,783.846566666667,1606.35,308.67,6.86630434782609,30.070652173913,1021.1,21.9270652173913,6.60072470864753,-0.0238043478260898,-0.633333333333333,La Niña,-0.13996798189733,26.867645345835,27.0076133277323
BUKIDNON,2011,4,Q4,8048,21.9054347826087,25.7097826086957,19.0619565217391,820.3,820.3,920.0,801.512675,1494.98,287.61,7.64239130434783,31.9478260869565,704.17,21.9308695652174,16.4917562520414,-0.0254347826086984,-1.03333333333333,La Niña,-0.16089189494081,30.8546087211563,31.0155006160971
BUKIDNON,2012,1,Q1,8049,21.7120879120879,25.4428571428571,18.9802197802198,718.6,718.6,1113.0,808.647419444444,1489.04,284.77,9.1021978021978,36.521978021978,634.56,21.665,13.243822491175,0.0470879120879175,-0.733333333333333,La Niña,-0.115647694696608,21.3322625285189,21.4479102232155
BUKIDNON,2012,2,Q2,8050,22.267032967033,26.221978021978,19.3472527472527,821.0,821.0,880.0,869.704977777778,1722.12,330.78,6.9989010989011,29.0615384615385,718.29,22.5912087912088,14.299238469142,-0.324175824175825,-0.266666666666667,Neutral,-0.0815817606306739,12.6588854802515,12.7404672408822
BUKIDNON,2012,3,Q3,8051,21.9271739130435,25.7336956521739,19.1271739130435,1003.8,1003.8,919.0,815.519980555556,1637.44,313.16,7.41413043478261,32.1,1021.1,21.9270652173913,-1.69425129762022,0.0001086956521731,0.333333333333333,Neutral,-0.0756034997611082,10.5851414786845,10.6607449784456
BUKIDNON,2012,4,Q4,8052,21.9358695652174,25.6967391304348,19.2260869565217,637.7,637.7,928.0,853.595525,1489.05,285.39,8.93152173913044,37.6021739130435,704.17,21.9308695652174,-9.43948194328073,0.0050000000000025,0.0666666666666666,Neutral,-0.0679948041089329,4.10233192985401,4.17032673396294
BUKIDNON,2013,1,Q1,8053,21.8133333333333,25.4022222222222,19.0988888888889,916.5,916.5,1024.0,739.778791666667,1421.79,273.65,8.81666666666667,35.6166666666667,634.56,21.665,44.4307866868381,0.148333333333333,-0.366666666666667,Neutral,-0.042683448797579,11.8990729787698,11.9417564275674
BUKIDNON,2013,2,Q2,8054,22.5912087912088,26.5615384615385,19.6252747252747,705.8,705.8,805.0,849.756811111111,1719.93,332.72,7.28901098901099,28.8802197802198,718.29,22.5912087912088,-1.73885199571204,3.5527136788005e-15,-0.366666666666667,Neutral,0.0383605072463781,7.88955036255628,7.92791086980266
BUKIDNON,2013,3,Q3,8055,21.9065217391304,25.695652173913,19.1445652173913,960.2,960.2,966.0,808.406147222222,1627.59,311.87,7.13804347826087,30.2239130434783,1021.1,21.9270652173913,-5.96415630202722,-0.0205434782608655,-0.333333333333333,Neutral,0.0331974637681185,6.82207411145453,6.85527157522265
BUKIDNON,2013,4,Q4,8056,21.8054347826087,25.5695652173913,19.0782608695652,647.5,647.5,897.0,841.407688888889,1507.41,287.1,8.45978260869565,34.6923913043478,704.17,21.9308695652174,-8.04777255492281,-0.125434782608693,-0.233333333333333,Neutral,0.000588768115944688,7.17000145854401,7.17059022665995
BUKIDNON,2014,1,Q1,8057,21.1211111111111,24.6166666666667,18.4777777777778,946.8,946.8,942.0,704.831438888889,1380.11,260.93,9.21666666666667,36.4666666666667,634.56,21.665,49.2057488653555,-0.543888888888887,-0.4,Neutral,-0.17246678743961,8.36374200317336,8.53620879061297
BUKIDNON,2014,2,Q2,8058,22.5978021978022,26.4967032967033,19.6527472527473,616.9,616.9,791.0,866.005455555556,1743.38,336.86,7.27472527472527,27.5571428571429,718.29,22.5912087912088,-14.1154686825655,0.0065934065934065,0.133333333333333,Neutral,-0.17081843579126,5.26958783145998,5.44040626725124
BUKIDNON,2014,3,Q3,8059,21.9163043478261,25.6184782608696,19.1358695652174,1010.0,1010.0,929.0,777.391397222222,1610.9,308.89,7.11086956521739,30.8315217391304,1021.1,21.9270652173913,-1.08706297130546,-0.0107608695652174,0.1,Neutral,-0.168372783617348,6.48886116414042,6.65723394775777
BUKIDNON,2014,4,Q4,8060,21.9586956521739,25.6260869565217,19.4086956521739,770.9,770.9,892.0,801.040933333333,1471.87,282.28,7.75869565217391,32.2565217391304,704.17,21.9308695652174,9.47640484542085,0.027826086956523,0.6,El Niño,-0.130057566226044,10.8699055142263,10.9999630804524
BUKIDNON,2015,1,Q1,8061,21.6555555555556,25.6144444444444,18.3933333333333,365.3,365.3,719.0,886.954633333333,1619.15,310.63,8.84111111111111,31.9477777777778,634.56,21.665,-42.4325516893596,-0.0094444444444441,0.5,El Niño,0.003553544885067,-12.0396696244524,12.0432231693375
BUKIDNON,2015,2,Q2,8062,22.7120879120879,26.6362637362637,19.6406593406593,533.1,533.1,769.0,880.162594444444,1786.66,347.64,7.13846153846154,27.8857142857143,718.29,22.5912087912088,-25.7820657394646,0.120879120879124,0.933333333333333,El Niño,0.0321249734564964,-14.9563188886772,14.9884438621337
BUKIDNON,2015,3,Q3,8063,22.0923913043478,25.720652173913,19.3608695652174,995.5,995.5,908.0,806.952330555556,1596.37,305.69,7.1445652173913,31.6010869565217,1021.1,21.9270652173913,-2.50710018607384,0.165326086956519,1.86666666666667,El Niño,0.0761467125869304,-15.3113281923693,15.3874749049562
BUKIDNON,2015,4,Q4,8064,22.1739130434783,26.0304347826087,19.2021739130435,594.0,594.0,802.0,916.233316666667,1587.24,305.47,8.34239130434783,33.0782608695652,704.17,21.9308695652174,-15.6453697260605,0.243043478260873,2.53333333333333,El Niño,0.129951060413018,-21.5917718352396,21.7217228956526
BUKIDNON,2016,1,Q1,8065,22.8879120879121,27.5615384615385,18.9373626373626,216.4,216.4,551.0,951.929627777778,1785.49,359.89,9.69010989010989,33.5164835164835,634.56,21.665,-65.8976298537569,1.22291208791209,2.06666666666667,El Niño,0.438040193502151,-27.458041376339,27.8960815698411
BUKIDNON,2016,2,Q2,8066,23.3131868131868,27.5131868131868,20.2373626373626,771.5,771.5,841.0,917.217477777778,1770.7,351.96,8.09340659340659,29.7230769230769,718.29,22.5912087912088,7.40787147252503,0.721978021978018,0.4,Neutral,0.588314918776875,-19.1605570733416,19.7488719921184
BUKIDNON,2016,3,Q3,8067,22.5358695652174,26.370652173913,19.7326086956522,884.5,884.5,840.0,858.487797222222,1707.78,330.13,7.02934782608696,30.1195652173913,1021.1,21.9270652173913,-13.3777298991284,0.608804347826091,-0.5,La Niña,0.699184483994268,-21.8782145016052,22.5773989855995
BUKIDNON,2016,4,Q4,8068,22.1239130434783,25.7217391304348,19.6130434782609,887.0,887.0,1035.0,786.016775,1408.68,271.86,7.52282608695652,31.7173913043478,704.17,21.9308695652174,25.9639007625999,0.193043478260872,-0.666666666666667,La Niña,0.686684483994267,-11.4758968794401,12.1625813634344
BUKIDNON,2017,1,Q1,8069,21.3877777777778,24.7211111111111,18.6766666666667,900.5,900.5,869.0,734.299125,1360.26,262.63,11.6355555555556,31.2877777777778,634.56,21.665,41.9093545133636,-0.277222222222225,-0.133333333333333,Neutral,0.311650906460689,15.47584921234,15.7875001188007
BUKIDNON,2017,2,Q2,8070,22.2934065934066,25.7461538461538,19.5494505494506,890.0,890.0,874.0,873.803866666667,1718.48,325.3,9.36703296703297,26.1703296703297,718.29,22.5912087912088,23.9053864038202,-0.297802197802195,0.266666666666667,Neutral,0.0567058515156358,19.6002279451638,19.6569337966795
BUKIDNON,2017,3,Q3,8071,21.7076086956522,24.9326086956522,19.2967391304348,1001.2,1001.2,1009.0,744.400219444444,1554.72,292.96,8.76521739130435,26.120652173913,1021.1,21.9270652173913,-1.94887866026834,-0.219456521739133,-0.133333333333333,Neutral,-0.15035936587567,22.4574407548788,22.6078001207545
BUKIDNON,2017,4,Q4,8072,21.7836956521739,25.0619565217391,19.1619565217391,751.0,751.0,873.0,748.66875,1410.3,271.26,9.49782608695652,27.304347826087,704.17,21.9308695652174,6.6503827200818,-0.147173913043478,-0.833333333333333,La Niña,-0.235413713701758,17.6290612442493,17.8644749579511
BUKIDNON,2018,1,Q1,8073,21.6477777777778,25.4222222222222,18.35,459.2,459.2,652.0,823.243213888889,1579.62,304.97,11.2177777777778,28.9655555555556,634.56,21.665,-27.6348966212809,-0.0172222222222231,-0.833333333333333,La Niña,-0.170413713701757,0.242998460588191,0.413412174289948
BUKIDNON,2018,2,Q2,8074,22.5406593406593,26.5395604395604,19.3989010989011,521.2,521.2,789.0,883.835375,1791.65,347.3,10.1043956043956,26.354945054945,718.29,22.5912087912088,-27.4387782093583,-0.0505494505494539,-0.233333333333333,Neutral,-0.108600526888572,-12.5930426927064,12.701643219595
BUKIDNON,2018,3,Q3,8075,21.3978260869565,24.5184782608696,18.9326086956522,1358.9,1358.9,1327.0,779.204269444444,1583.98,295.0,8.57282608695652,28.1717391304348,1021.1,21.9270652173913,33.0819704240525,-0.529239130434785,0.266666666666667,Neutral,-0.186046179062485,-3.83533042162623,4.02137660068871
BUKIDNON,2018,4,Q4,8076,21.7554347826087,25.4173913043478,18.6652173913043,618.7,618.7,880.0,848.829302777778,1615.15,308.13,10.2163043478261,27.529347826087,704.17,21.9308695652174,-12.1376940227502,-0.175434782608697,0.833333333333333,El Niño,-0.19311139645379,-8.53234960733422,8.72546100378801
BUKIDNON,2019,1,Q1,8077,20.9955555555556,25.2444444444444,17.0844444444444,385.7,385.7,575.0,880.407813888889,1705.03,322.69,11.7711111111111,29.2322222222222,634.56,21.665,-39.2177256681795,-0.669444444444444,0.7,El Niño,-0.356166952009345,-11.4280568690589,11.7842238210682
BUKIDNON,2019,2,Q2,8078,22.456043956044,26.3571428571429,19.1582417582418,720.9,720.9,948.0,896.643852777778,1796.32,345.0,10.1197802197802,26.5494505494506,718.29,22.5912087912088,0.363362987094351,-0.135164835164833,0.566666666666667,El Niño,-0.37732079816319,-4.47752156994571,4.8548423681089
BUKIDNON,2019,3,Q3,8079,21.6445652173913,24.8532608695652,19.0021739130435,937.2,937.2,1015.0,800.684808333333,1671.79,309.19,10.3282608695652,28.6967391304348,1021.1,21.9270652173913,-8.21662912545294,-0.282500000000002,0.2,Neutral,-0.315636015554494,-14.8021714573221,15.1178074728766
BUKIDNON,2019,4,Q4,8080,21.8771739130435,25.5032608695652,18.8326086956522,606.6,606.6,880.0,889.661888888889,1686.87,319.61,9.59021739130435,26.5630434782609,704.17,21.9308695652174,-13.856029083886,-0.0536956521739071,0.433333333333333,Neutral,-0.285201232945797,-15.231755222606,15.5169564555518
BUKIDNON,2020,1,Q1,8081,21.6142857142857,25.9736263736264,17.8098901098901,349.3,349.3,578.0,935.267902777778,1774.14,337.78,12.1835164835165,29.5450549450549,634.56,21.665,-44.9539838628341,-0.0507142857142817,0.466666666666667,Neutral,-0.130518693263256,-16.6658197712697,16.7963384645329
BUKIDNON,2020,2,Q2,8082,22.7384615384615,26.8164835164835,19.3681318681319,704.0,704.0,942.0,878.66605,1807.56,352.17,10.4791208791209,27.2076923076923,718.29,22.5912087912088,-1.98944715922538,0.147252747252743,-0.0666666666666666,Neutral,-0.059914297658862,-17.2540223078496,17.3139366055085
BUKIDNON,2020,3,Q3,8083,22.0760869565217,25.3630434782609,19.3771739130435,941.8,941.8,1041.0,811.855252777778,1692.49,318.8,9.34565217391304,25.875,1021.1,21.9270652173913,-7.76613456076781,0.149021739130433,-0.633333333333333,La Niña,0.0479661371237467,-17.1413986666783,17.1893648038021
BUKIDNON,2020,4,Q4,8084,21.8326086956522,25.145652173913,19.0945652173913,847.9,847.9,1009.0,773.684027777778,1483.38,281.25,9.19239130434783,26.045652173913,704.17,21.9308695652174,20.411264325376,-0.098260869565216,-1.23333333333333,La Niña,0.0368248327759195,-8.57457531436283,8.61140014713875
BUKIDNON,2021,1,Q1,8085,21.53,25.1933333333333,18.46,830.8,830.8,976.0,798.462497222222,1564.34,296.03,10.7922222222222,28.6555555555556,634.56,21.665,30.9253656076651,-0.134999999999998,-0.9,La Niña,0.0157534042044904,10.395262053262,10.4110154574665
BUKIDNON,2021,2,Q2,8086,22.0736263736264,25.5516483516483,19.1846153846154,931.9,931.9,1117.0,828.698883333333,1697.53,321.7,9.24835164835165,26.210989010989,718.29,22.5912087912088,29.7386849322697,-0.517582417582421,-0.533333333333333,La Niña,-0.150455387004301,18.3272950761357,18.47775046314
BUKIDNON,2021,3,Q3,8087,21.9282608695652,25.1967391304348,19.1967391304348,1351.8,1351.8,1172.0,797.970769444444,1679.05,314.97,8.95760869565217,26.3565217391304,1021.1,21.9270652173913,32.3866418568211,0.0011956521739087,-0.533333333333333,La Niña,-0.187411908743432,28.365489180533,28.5529010892764
BUKIDNON,2021,4,Q4,8088,21.804347826087,25.525,18.9391304347826,1052.3,1052.3,887.0,753.431105555556,1535.23,292.89,10.0858695652174,25.8032608695652,704.17,21.9308695652174,49.4383458539841,-0.126521739130428,-0.933333333333333,La Niña,-0.194477126134735,35.622259562685,35.8167366888197
BUKIDNON,2022,1,Q1,8089,21.5822222222222,25.5855555555556,18.3644444444444,824.1,824.1,812.0,804.061188888889,1674.33,315.36,10.87,27.3933333333333,634.56,21.665,29.8695158850227,-0.0827777777777747,-0.966666666666667,La Niña,-0.181421570579179,35.3582971320244,35.5397187026036
BUKIDNON,2022,2,Q2,8090,21.8296703296703,25.4494505494505,18.9989010989011,1369.1,1369.1,1028.0,778.822947222222,1676.45,314.5,9.82307692307692,25.6483516483516,718.29,22.5912087912088,90.6054657589553,-0.761538461538464,-1.0,La Niña,-0.24241058156819,50.5749923386958,50.817402920264
BUKIDNON,2022,3,Q3,8091,21.7097826086957,25.3163043478261,18.945652173913,1067.4,1067.4,1017.0,781.148636111111,1710.98,319.57,9.0195652173913,23.7021739130435,1021.1,21.9270652173913,4.53432572715699,-0.217282608695655,-0.9,La Niña,-0.29703014678558,43.6119133062798,43.9089434530654
BUKIDNON,2022,4,Q4,8092,21.7086956521739,25.2,18.8695652173913,941.4,941.4,1006.0,749.870433333333,1538.03,290.19,9.42065217391304,24.654347826087,704.17,21.9308695652174,33.6893079796072,-0.222173913043477,-0.9,La Niña,-0.320943190263843,39.6746538376855,39.9955970279494
BUKIDNON,2023,1,Q1,8093,21.4822222222222,25.2277777777778,18.5422222222222,976.5,976.5,1015.0,707.098319444445,1543.09,292.83,10.7566666666667,26.6677777777778,634.56,21.665,53.8861573373676,-0.182777777777776,-0.4,Neutral,-0.345943190263843,45.6788142007718,46.0247573910356
BUKIDNON,2023,2,Q2,8094,22.2164835164835,26.0967032967033,19.2131868131868,1050.1,1050.1,974.0,810.033075,1754.36,334.77,9.05604395604396,23.8,718.29,22.5912087912088,46.1944340029793,-0.374725274725272,0.5,El Niño,-0.249239893560545,34.5760562617778,34.8252961553383
BUKIDNON,2023,3,Q3,8095,21.5771739130435,24.9282608695652,19.0402173913043,1223.3,1223.3,1150.0,731.120577777778,1582.31,297.67,7.65434782608696,22.6684782608696,1021.1,21.9270652173913,19.8021741259426,-0.349891304347825,1.33333333333333,El Niño,-0.282392067473587,38.3930183614742,38.6754104289478
BUKIDNON,2023,4,Q4,8096,22.0336956521739,25.9239130434783,18.9521739130435,615.5,615.5,776.0,838.407388888889,1688.94,320.44,9.50326086956522,24.725,704.17,21.9308695652174,-12.5921297413977,0.102826086956522,1.9,El Niño,-0.201142067473588,26.822658931223,27.0238009986965
BUKIDNON,2024,1,Q1,8097,21.8648351648352,26.3010989010989,18.143956043956,382.3,382.3,639.0,864.343430555556,1764.93,339.16,12.0483516483516,28.5604395604396,634.56,21.665,-39.7535300050429,0.199835164835168,1.46666666666667,El Niño,-0.105488831820352,3.41273709562034,3.51822592744069
BUKIDNON,2024,2,Q2,8098,23.3824175824176,28.4043956043956,19.556043956044,539.6,539.6,741.0,915.207288888889,1938.83,390.52,12.1054945054945,29.1615384615385,718.29,22.5912087912088,-24.8771387601108,0.791208791208792,0.433333333333333,Neutral,0.185994684663164,-14.3551560951522,14.5411507798154
BUKIDNON,2024,3,Q3,8099,21.8336956521739,25.3434782608696,19.2532608695652,1084.7,1084.7,1098.0,748.210880555555,1656.66,312.11,8.21847826086957,22.8934782608696,1021.1,21.9270652173913,6.2285770247772,-0.0933695652173938,-0.1,Neutral,0.250125119445772,-17.7485553704435,17.9986804898893
BUKIDNON,2024,4,Q4,8100,21.9366666666667,25.7538461538462,19.1208791208791,813.8,813.8,857.0,782.274686111111,1588.23,301.46,8.62747252747253,23.4791208791209,704.17,21.9308695652174,15.5686836985387,0.0057971014492785,-0.4,Neutral,0.225867873068961,-10.7083520104594,10.9342198835284
BUKIDNON,2025,1,Q1,8101,21.6595505617978,25.9388888888889,18.7544444444444,658.2,658.2,830.0,775.979113888889,1629.94,308.16,10.4822222222222,27.3811111111111,634.56,21.665,3.72541603630862,-0.0054494382022447,-0.4,Neutral,0.174546722309608,0.16138449987843,0.335931222188038
BUKIDNON,2025,2,Q2,8102,22.6241758241758,27.4010989010989,18.9637362637363,546.1,24.6,473.0,861.112883333333,1788.06,360.47,11.7934065934066,27.6659340659341,718.29,22.5912087912088,-23.9722117807571,0.0329670329670328,-0.1,Neutral,-0.0150137172508318,0.387616244716865,0.402629961967697
BUKIDNON,2025,3,Q3,8103,19.8586956521739,23.2728260869565,17.3869565217391,1563.6,236.5,786.0,707.949705555556,1487.9,276.68,8.7695652173913,28.7152173913043,1021.1,21.9270652173913,53.1289785525414,-2.06836956521739,-0.3,Neutral,-0.50876371725083,12.1127166266579,12.6214803439087
BUKIDNON,2025,4,Q4,8104,19.8344262295082,23.3967213114754,17.4344262295082,622.6,38.5,461.0,486.356930555556,961.34,177.6,9.76229508196721,31.1672131147541,704.17,21.9308695652174,-11.5838504906486,-2.09644333570919,-0.6,La Niña,-1.03432382654045,5.32458307936109,6.35890690590154
BULACAN,2010,1,Q1,8041,26.6162962962963,31.0203703703704,23.0922222222222,80.2,80.2,188.0,2842.77066666667,4992.72,1207.25,17.0403703703704,31.957037037037,301.14,25.9636109076109,-73.3678687653583,0.652685388685384,1.16666666666667,El Niño,0.652685388685384,-73.3678687653583,74.0205541540437
BULACAN,2010,2,Q2,8042,29.0333333333333,33.1344322344322,25.7124542124542,984.7,984.7,1212.0,3030.15783611111,5914.8,1372.91,13.0846153846154,27.014652014652,1422.19,28.5547985347985,-30.7617125700504,0.478534798534799,-0.166666666666667,Neutral,0.565610093610092,-52.0647906677044,52.6304007613144
BULACAN,2010,3,Q3,8043,27.0307971014493,29.8166666666667,24.9521739130435,2771.4,2771.4,2913.0,2501.34564444444,4787.2,993.2,12.0532608695652,27.5804347826087,3663.34,26.6575,-24.3477263917627,0.373297101449278,-1.3,La Niña,0.501505762889821,-42.8257692423905,43.3272750052803
BULACAN,2010,4,Q4,8044,26.3923913043478,29.320652173913,24.3423913043478,1271.1,1271.1,1649.0,2419.72565555556,3929.76,856.46,14.2909420289855,31.4101449275362,1336.05,26.5689130434783,-4.86134500954306,-0.176521739130436,-1.6,La Niña,0.331998887384756,-33.3346631841786,33.6666620715634
BULACAN,2011,1,Q1,8045,25.2840740740741,28.6051851851852,22.9288888888889,455.8,455.8,490.0,2650.79053333333,4443.09,1052.38,20.37,38.7562962962963,301.14,25.9636109076109,51.3581722786744,-0.679536833536829,-1.16666666666667,La Niña,-0.00105666817079709,-2.15315292317045,2.15420959134125
BULACAN,2011,2,Q2,8046,27.4135531135531,30.7941391941392,24.689010989011,2232.5,2232.5,1934.0,2671.53765277778,5183.13,1157.94,14.3249084249084,30.5747252747253,1422.19,28.5547985347985,56.9762127423199,-1.14124542124542,-0.566666666666667,La Niña,-0.406001723115851,19.7813284049221,20.187330128038
BULACAN,2011,3,Q3,8047,26.2695652173913,28.5076086956522,24.6199275362319,3648.2,3648.2,4100.0,2264.40654166667,4332.88,870.96,16.4597826086957,35.1105072463768,3663.34,26.6575,-0.41328405225833,-0.387934782608696,-0.633333333333333,La Niña,-0.596309694130344,25.7649389897982,26.3612486839286
BULACAN,2011,4,Q4,8048,26.2485507246377,29.1355072463768,24.1452898550725,1484.4,1484.4,1725.0,2423.37433055556,3971.63,861.11,14.6967391304348,32.5003623188406,1336.05,26.5689130434783,11.1036263612889,-0.32036231884058,-1.03333333333333,La Niña,-0.63226983905788,29.7561818325062,30.3884516715641
BULACAN,2012,1,Q1,8049,26.06336996337,29.5923076923077,23.4406593406593,481.1,481.1,701.0,2564.77226944444,4425.92,1018.68,16.6641025641026,33.6879120879121,301.14,25.9636109076109,59.7595802616723,0.0997590557590584,-0.733333333333333,La Niña,-0.437445866733908,31.8565338282557,32.2939796949896
BULACAN,2012,2,Q2,8050,27.6604395604396,30.8362637362637,25.0728937728938,1712.8,1712.8,2270.0,2819.20344444444,5334.19,1150.38,13.8190476190476,29.9835164835165,1422.19,28.5547985347985,20.4339785823272,-0.894358974358973,-0.266666666666667,Neutral,-0.375724255012297,22.7209752882575,23.0966995432698
BULACAN,2012,3,Q3,8051,26.1177536231884,28.4333333333333,24.4413043478261,4069.9,4069.9,4396.0,2163.77294444444,4172.08,840.55,15.6478260869565,34.0434782608696,3663.34,26.6575,11.0980689753067,-0.539746376811589,0.333333333333333,Neutral,-0.413677153563021,25.5988135451488,26.0124906987118
BULACAN,2012,4,Q4,8052,26.6967391304348,30.0289855072464,24.0927536231884,637.6,637.6,878.0,2648.12826111111,4434.66,1002.11,15.5105072463768,31.9586956521739,1336.05,26.5689130434783,-52.2772351334157,0.127826086956524,0.0666666666666666,Neutral,-0.301630052113745,9.75359817147265,10.0552282235864
BULACAN,2013,1,Q1,8053,26.5437037037037,30.5022222222222,23.5866666666667,180.3,180.3,342.0,2720.75875833333,4742.92,1153.87,18.1762962962963,34.9359259259259,301.14,25.9636109076109,-40.127515441323,0.580092796092796,-0.366666666666667,Neutral,-0.18154661703031,-15.2181757542762,15.3997223713065
BULACAN,2013,2,Q2,8054,28.7798534798535,32.4465201465201,25.8717948717949,1523.2,1523.2,1711.0,2784.46437222222,5462.48,1248.21,12.06336996337,26.7087912087912,1422.19,28.5547985347985,7.10242653935128,0.225054945054946,-0.366666666666667,Neutral,0.0983068628231694,-18.5510637650202,18.6493706278433
BULACAN,2013,3,Q3,8055,26.4985507246377,29.0554347826087,24.6586956521739,3815.4,3815.4,3815.0,2109.71135555556,4202.62,868.35,13.7405797101449,30.9699275362319,3663.34,26.6575,4.15085686832235,-0.158949275362318,-0.333333333333333,Neutral,0.193506138185487,-20.2878667917663,20.4813729299517
BULACAN,2013,4,Q4,8056,26.2702898550725,29.1329710144928,24.1195652173913,936.2,936.2,1240.0,2603.49515277778,4119.93,897.6,15.2257246376812,31.7224637681159,1336.05,26.5689130434783,-29.9277721642154,-0.298623188405799,-0.233333333333333,Neutral,0.0868938193449065,-14.7005010494662,14.7873948688111
BULACAN,2014,1,Q1,8057,25.5359259259259,29.6362962962963,22.2511111111111,80.4,80.4,166.0,2827.30901944444,4892.34,1166.06,17.9033333333333,34.5251851851852,301.14,25.9636109076109,-73.3014544730026,-0.42768498168498,-0.4,Neutral,-0.165050625099537,-22.9939858073861,23.1590364324856
BULACAN,2014,2,Q2,8058,28.7717948717949,32.5937728937729,25.7879120879121,1320.2,1320.2,1669.0,2971.56398611111,5629.55,1272.33,12.770695970696,27.5652014652015,1422.19,28.5547985347985,-7.17133435054388,0.216996336996338,0.133333333333333,Neutral,-0.167065277114189,-26.5624260298599,26.7294913069741
BULACAN,2014,3,Q3,8059,26.5815217391304,28.9782608695652,24.8264492753623,3669.5,3669.5,3807.0,2294.56376388889,4472.44,912.01,15.9807971014493,34.1652173913044,3663.34,26.6575,0.168152560231915,-0.0759782608695616,0.1,Neutral,-0.146322523491,-27.5581021068825,27.7044246303735
BULACAN,2014,4,Q4,8060,26.3097826086956,29.1942028985507,24.163768115942,1339.7,1339.7,1376.0,2507.84336111111,4028.41,904.21,15.4920289855072,32.2898550724638,1336.05,26.5689130434783,0.273193368511664,-0.259130434782612,0.6,El Niño,-0.136449335085204,-20.0078607237007,20.1443100587859
BULACAN,2015,1,Q1,8061,25.2640740740741,29.2292592592593,22.0962962962963,224.3,224.3,283.0,2783.63010555556,4819.66,1111.62,17.1103703703704,32.6640740740741,301.14,25.9636109076109,-25.5163711230657,-0.699536833536829,0.5,El Niño,-0.204412298048166,-8.0615898862165,8.26600218426466
BULACAN,2015,2,Q2,8062,28.732967032967,32.6069597069597,25.5787545787546,872.1,872.1,1266.0,3107.32008055556,5979.83,1356.74,12.796336996337,27.3871794871795,1422.19,28.5547985347985,-38.6790794478937,0.178168498168507,0.933333333333333,El Niño,-0.214119257755124,-15.938526160554,16.1526454183091
BULACAN,2015,3,Q3,8063,26.9376811594203,29.55,24.9481884057971,3178.2,3178.2,3647.0,2598.317875,4866.62,996.03,14.5152173913043,31.6514492753623,3663.34,26.6575,-13.2431060180054,0.280181159420291,1.86666666666667,El Niño,-0.125079402682661,-19.2913408051133,19.416420207796
BULACAN,2015,4,Q4,8064,26.9778985507246,30.295652173913,24.4394927536232,1584.9,1584.9,1024.0,2628.88171388889,4370.68,1002.72,17.0851449275362,34.9717391304348,1336.05,26.5689130434783,18.6257999326373,0.408985507246374,2.53333333333333,El Niño,0.0419495828245857,-14.7031891640819,14.7451387469065
BULACAN,2016,1,Q1,8065,26.3868131868132,30.0688644688645,23.4589743589744,154.1,154.1,476.0,2748.2063,4679.84,1091.25,15.943956043956,30.8150183150183,301.14,25.9636109076109,-48.8277877399216,0.423202279202282,2.06666666666667,El Niño,0.322634361009364,-20.5310433182959,20.8536776793052
BULACAN,2016,2,Q2,8066,29.1377289377289,33.0117216117216,26.1135531135531,1159.1,1159.1,1557.0,2994.22099444444,5729.44,1336.02,12.7600732600733,26.9505494505494,1422.19,28.5547985347985,-18.4989347414902,0.582930402930408,0.4,Neutral,0.423824837199839,-15.486007141695,15.9098319788949
BULACAN,2016,3,Q3,8067,26.913768115942,29.3126811594203,25.1485507246377,3445.5,3445.5,3950.0,2350.65812222222,4537.34,925.11,15.1253623188406,33.3260869565217,3663.34,26.6575,-5.94648599365607,0.256268115942028,-0.5,La Niña,0.417846576330273,-13.6618521356077,14.0796987119379
BULACAN,2016,4,Q4,8068,26.7195652173913,29.5115942028986,24.6347826086957,1783.4,1783.4,1785.0,2360.85597777778,3887.97,869.14,16.043115942029,34.1050724637681,1336.05,26.5689130434783,33.4830283297781,0.150652173913041,-0.666666666666667,La Niña,0.35326324299694,-9.94754503632246,10.3008082793194
BULACAN,2017,1,Q1,8069,25.7681481481481,29.6211111111111,22.6688888888889,519.2,519.2,844.0,2651.90475555556,4722.52,1088.23,17.7488888888889,39.4233333333333,301.14,25.9636109076109,72.411502955436,-0.195462759462764,-0.133333333333333,Neutral,0.198596983330678,20.362277637517,20.5608746208476
BULACAN,2017,2,Q2,8070,28.6556776556777,32.4413919413919,25.681684981685,1353.5,1353.5,1756.0,3044.84191666667,5863.83,1308.43,13.3578754578755,33.8157509157509,1422.19,28.5547985347985,-4.82987505185665,0.100879120879124,0.266666666666667,Neutral,0.0780841628178575,23.7795425599254,23.8576267227432
BULACAN,2017,3,Q3,8071,27.0083333333333,29.8565217391304,24.9786231884058,3656.4,3656.4,3569.0,2310.56203888889,4672.48,965.59,13.4094202898551,34.8242753623188,3663.34,26.6575,-0.189444605196352,0.350833333333334,-0.133333333333333,Neutral,0.101725467165684,25.2188029070403,25.320528374206
BULACAN,2017,4,Q4,8072,26.5576086956522,29.5014492753623,24.3768115942029,2131.3,2131.3,1914.0,2402.45688055556,4113.27,926.27,16.4126811594203,39.6032608695652,1336.05,26.5689130434783,59.5224729613413,-0.0113043478260905,-0.833333333333333,La Niña,0.061236336730901,31.7286640649311,31.789900401662
BULACAN,2018,1,Q1,8073,26.2137037037037,29.9781481481482,23.2085185185185,722.4,722.4,797.0,2678.81229444444,4799.21,1111.86,16.1696296296296,36.5492592592593,301.14,25.9636109076109,139.888423988842,0.250092796092797,-0.833333333333333,La Niña,0.172625225619791,48.5978943232827,48.7705195489025
BULACAN,2018,2,Q2,8074,28.4626373626374,32.0395604395604,25.4703296703297,1690.3,1690.3,1949.0,2857.6583,5409.3,1217.3,13.8468864468864,36.2043956043956,1422.19,28.5547985347985,18.8519114886197,-0.0921611721611697,-0.233333333333333,Neutral,0.124365152359718,54.5183409584017,54.6427061107615
BULACAN,2018,3,Q3,8075,26.4485507246377,28.7670289855072,24.6731884057971,4028.8,4028.8,4809.0,2025.590175,4324.75,885.22,16.456884057971,39.0735507246377,3663.34,26.6575,9.97614199064242,-0.208949275362318,0.266666666666667,Neutral,-0.0155804998141953,57.0597376073614,57.0753181071756
BULACAN,2018,4,Q4,8076,26.6728260869565,30.2333333333333,23.7840579710145,1281.0,1281.0,1523.0,2659.37823888889,4740.93,1065.68,16.0880434782609,38.1242753623188,1336.05,26.5689130434783,-4.12035477714157,0.103913043478261,0.833333333333333,El Niño,0.0132238480118927,41.1490306727407,41.1622545207526
BULACAN,2019,1,Q1,8077,25.96,30.3855555555556,21.9433333333333,113.6,113.6,530.0,2869.04277777778,5271.09,1196.29,17.2996296296296,38.567037037037,301.14,25.9636109076109,-62.2766819419539,-0.0036109076109056,0.7,El Niño,-0.0502020779140331,-9.39224580995835,9.44244788787238
BULACAN,2019,2,Q2,8078,28.9,32.7769230769231,25.6461538461538,1373.5,1373.5,2296.0,2909.94396944444,5749.19,1297.34,14.356043956044,35.5494505494505,1422.19,28.5547985347985,-3.42359319078323,0.345201465201466,0.566666666666667,El Niño,0.0591385814266259,-14.9611219798091,15.0202605612357
BULACAN,2019,3,Q3,8079,26.7684782608696,29.029347826087,24.9692028985507,4350.1,4350.1,4718.0,2118.98393055556,4411.13,914.9,17.0717391304348,39.9427536231884,3663.34,26.6575,18.7468266663755,0.110978260869569,0.2,Neutral,0.139120465484598,-12.7684508108758,12.9075712763604
BULACAN,2019,4,Q4,8080,26.8434782608696,30.443115942029,23.9144927536232,910.9,910.9,1557.0,2639.53625,4699.6,1053.08,15.4503623188406,37.3297101449275,1336.05,26.5689130434783,-31.8214138692414,0.274565217391306,0.433333333333333,Neutral,0.181783508962859,-19.6937155839008,19.8754990928636
BULACAN,2020,1,Q1,8081,26.8304029304029,31.414652014652,22.9318681318681,237.2,237.2,764.0,2866.58108888889,5221.26,1258.82,17.8296703296703,40.6084249084249,301.14,25.9636109076109,-21.2326492661221,0.866792022792023,0.466666666666667,Neutral,0.399384241563591,-9.43270741494281,9.8320916565064
BULACAN,2020,2,Q2,8082,28.9641025641026,33.0300366300366,25.5336996336996,1546.4,1546.4,2076.0,3032.80641388889,5809.61,1310.67,13.3117216117216,34.4443223443223,1422.19,28.5547985347985,8.73371349819645,0.409304029304032,-0.0666666666666666,Neutral,0.415409882589232,-6.39338074269789,6.80879062528712
BULACAN,2020,3,Q3,8083,27.4539855072464,30.6369565217391,24.954347826087,2459.4,2459.4,2943.0,2469.60010833333,5109.93,1070.81,11.993115942029,30.7380434782609,3663.34,26.6575,-32.8645443775353,0.796485507246377,-0.633333333333333,La Niña,0.586786694183434,-19.2962235036756,19.883010197859
BULACAN,2020,4,Q4,8084,26.543115942029,29.6442028985507,24.1851449275362,3109.2,3109.2,2862.0,2191.34965555556,4008.63,877.75,16.1307971014493,39.188768115942,1336.05,26.5689130434783,132.715841472999,-0.0257971014492781,-1.23333333333333,La Niña,0.511696114473288,21.8380903318845,22.3497864463578
BULACAN,2021,1,Q1,8085,26.0166666666667,29.5803703703704,23.1022222222222,949.7,949.7,1396.0,2590.68287222222,4794.64,1081.22,16.3277777777778,38.2992592592593,301.14,25.9636109076109,215.368267251112,0.0530557590557592,-0.9,La Niña,0.308262048539222,80.9883194611931,81.2965815097323
BULACAN,2021,2,Q2,8086,28.8904761904762,33.0358974358974,25.4289377289377,1161.6,1161.6,2059.0,3031.96405,5987.03,1376.34,14.9465201465201,36.8677655677656,1422.19,28.5547985347985,-18.3231495088561,0.335677655677664,-0.533333333333333,La Niña,0.28985545513263,74.22410370943,74.5139591645626
BULACAN,2021,3,Q3,8087,27.0782608695652,29.9036231884058,24.8909420289855,3270.2,3270.2,3889.0,2353.33851388889,4770.19,989.58,14.979347826087,37.8003623188406,3663.34,26.6575,-10.7317366119443,0.420760869565221,-0.533333333333333,La Niña,0.195924295712341,79.7573056508277,79.9532299465401
BULACAN,2021,4,Q4,8088,26.6985507246377,30.1710144927536,24.131884057971,1357.2,1357.2,1688.0,2366.58870833333,4351.8,1000.89,16.6246376811594,35.5695652173913,1336.05,26.5689130434783,1.58302458740317,0.129637681159419,-0.933333333333333,La Niña,0.234782991364516,46.9741014294288,47.2088844207933
BULACAN,2022,1,Q1,8089,26.8214814814815,31.3437037037037,23.3574074074074,523.5,523.5,942.0,2759.53380555556,5100.67,1180.71,16.3137037037037,35.3462962962963,301.14,25.9636109076109,73.8394102410839,0.857870573870574,-0.966666666666667,La Niña,0.43598669506822,11.5918871769217,12.0278738719899
BULACAN,2022,2,Q2,8090,28.2161172161172,32.5948717948718,24.8578754578755,1981.7,1981.7,2093.0,2760.40263888889,5640.03,1270.87,14.5432234432234,33.1824175824176,1422.19,28.5547985347985,39.3414382044593,-0.338681318681321,-1.0,La Niña,0.267396951478474,26.0080341052505,26.275431056729
BULACAN,2022,3,Q3,8091,26.7282608695652,30.0239130434783,24.3579710144928,3825.6,3825.6,3527.0,2152.38556944444,4871.22,1005.87,14.6923913043478,32.6094202898551,3663.34,26.6575,4.4292913024726,0.0707608695652197,-0.9,La Niña,0.179896951478473,29.7982910838547,29.9781880353332
BULACAN,2022,4,Q4,8092,26.7061594202899,30.1583333333333,24.1333333333333,1754.4,1754.4,1844.0,2482.79510277778,4492.71,994.97,16.038768115942,34.7496376811594,1336.05,26.5689130434783,31.3124508813293,0.137246376811589,-0.9,La Niña,0.181799125391516,37.2306476573363,37.4124467827278
BULACAN,2023,1,Q1,8093,26.3644444444444,30.5777777777778,23.0292592592593,468.5,468.5,850.0,2656.42675833333,4999.79,1186.05,18.097037037037,38.0092592592593,301.14,25.9636109076109,55.5754798432623,0.400833536833538,-0.4,Neutral,0.0675398661322566,32.6646650578809,32.7322049240131
BULACAN,2023,2,Q2,8094,28.2304029304029,32.2787545787546,25.0710622710623,1942.0,1942.0,2252.0,2911.10968611111,5922.74,1308.92,15.0468864468864,33.4432234432234,1422.19,28.5547985347985,36.5499687102286,-0.324395604395605,0.5,El Niño,0.0711112947036856,31.9667976843232,32.0379089790269
BULACAN,2023,3,Q3,8095,27.3311594202899,30.6105072463768,24.895652173913,2860.3,2860.3,3225.0,2513.39555,5360.85,1116.9,16.2079710144928,35.0579710144928,3663.34,26.6575,-21.9209792156884,0.673659420289852,1.33333333333333,El Niño,0.221835932384844,25.3792300547829,25.6010659871678
BULACAN,2023,4,Q4,8096,27.2981884057971,30.943115942029,24.656884057971,1107.3,1107.3,1470.0,2591.48217222222,4621.81,1076.07,16.9652173913043,36.0144927536232,1336.05,26.5689130434783,-17.1213652183676,0.729275362318841,1.9,El Niño,0.369843178761657,13.2707760298587,13.6406192086204
BULACAN,2024,1,Q1,8097,27.3765567765568,32.2637362637363,23.621978021978,187.8,187.8,563.0,2870.04764444444,5210.85,1299.08,18.2948717948718,38.1783882783883,301.14,25.9636109076109,-37.6369794779837,1.41294586894587,1.46666666666667,El Niño,0.62287126178974,-10.0323388004528,10.6552100622425
BULACAN,2024,2,Q2,8098,29.5542124542125,34.3758241758242,25.7010989010989,1615.7,1615.7,1644.0,2988.20099166667,6119.71,1427.04,14.5315018315018,32.6406593406593,1422.19,28.5547985347985,13.6064801468158,0.999413919413918,0.433333333333333,Neutral,0.953823642742121,-15.768210941306,16.7220345840481
BULACAN,2024,3,Q3,8099,27.1369565217391,30.413768115942,24.7608695652174,3490.9,3490.9,3481.0,2310.75465,5001.86,1034.96,14.0992753623188,31.6478260869565,3663.34,26.6575,-4.70717978675198,0.479456521739131,-0.1,Neutral,0.905272918104441,-11.4647610840718,12.3700340021763
BULACAN,2024,4,Q4,8100,27.0525925925926,30.4446886446886,24.5578754578755,1448.6,1448.6,1694.0,2322.722475,4301.12,978.26,16.1673992673993,36.1106227106227,1336.05,26.5689130434783,8.42408592492796,0.483679549114335,-0.4,Neutral,0.843873964803314,-5.07839829824796,5.92227226305128
BULACAN,2025,1,Q1,8101,26.9546816479401,31.0433333333333,23.9222222222222,780.5,780.5,1023.0,2571.60734722222,4719.05,1133.0,16.9644444444444,39.4296296296296,301.14,25.9636109076109,159.181775918178,0.991070740329171,-0.4,Neutral,0.738405182649139,44.1262905507924,44.8646957334415
BULACAN,2025,2,Q2,8102,29.2875457875458,33.5498168498168,25.8637362637363,1725.1,14.7,1817.0,2745.40771944444,5835.62,1309.8,12.081684981685,25.010989010989,1422.19,28.5547985347985,21.2988419268874,0.732747252747256,-0.1,Neutral,0.671738515982473,46.0493809958102,46.7211195117927
BULACAN,2025,3,Q3,8103,27.8655797101449,29.4695652173913,26.6311594202899,4375.7,161.6,3893.0,1908.27798611111,4505.24,979.93,16.1985507246377,29.1083333333333,3663.34,26.6575,19.4456425011055,1.20807971014493,-0.3,Neutral,0.853894313083922,52.0875865677746,52.9414808808585
BULACAN,2025,4,Q4,8104,27.8551912568306,30.1912568306011,26.1770491803279,1112.5,177.0,1164.0,1482.32523333333,2953.4,641.04,15.1371584699454,28.7945355191257,1336.05,26.5689130434783,-16.7321582276112,1.28627821335234,-0.6,La Niña,1.05454397914342,45.7985255296398,46.8530695087832
CAMARINES NORTE,2010,1,Q1,8041,26.3005555555556,29.5472222222222,23.6733333333333,360.4,360.4,876.0,1875.41406944444,3535.06,748.38,14.5905555555556,29.0166666666667,784.18,25.9514444444444,-54.0411640184652,0.349111111111117,1.16666666666667,El Niño,0.349111111111117,-54.0411640184652,54.3902751295763
CAMARINES NORTE,2010,2,Q2,8042,27.8967032967033,31.121978021978,25.1945054945055,872.2,872.2,1230.0,1956.887075,3812.14,809.73,10.9445054945055,25.1214285714286,1099.64,27.3448351648352,-20.6831326615983,0.55186813186813,-0.166666666666667,Neutral,0.450489621489623,-37.3621483400317,37.8126379615214
CAMARINES NORTE,2010,3,Q3,8043,26.6445652173913,29.3798913043478,24.666847826087,1618.9,1618.9,2163.0,1685.77004722222,3280.07,661.73,11.933152173913,26.4407608695652,1710.27,26.4936413043478,-5.34243131201506,0.150923913043481,-1.3,La Niña,0.350634385340909,-26.6889093306928,27.0395437160338
CAMARINES NORTE,2010,4,Q4,8044,26.1119565217391,28.8016304347826,24.3016304347826,1450.2,1450.2,2335.0,1627.98196388889,2807.03,569.2,13.1369565217391,28.3597826086956,1274.62,26.3767934782609,13.7750859079569,-0.264836956521737,-1.6,La Niña,0.196766549875248,-16.5729105210304,16.7696770709057
CAMARINES NORTE,2011,1,Q1,8045,25.3566666666667,27.8811111111111,23.6305555555556,1533.1,1533.1,1982.0,1515.78056111111,2826.73,588.12,17.6361111111111,34.1188888888889,784.18,25.9514444444444,95.503583360963,-0.594777777777779,-1.16666666666667,La Niña,-0.0392056723469763,20.8132763238266,20.8524819961736
CAMARINES NORTE,2011,2,Q2,8046,26.3681318681319,29.0373626373626,24.356043956044,1594.6,1594.6,1873.0,1643.61939166667,3253.1,660.41,13.2104395604396,28.567032967033,1099.64,27.3448351648352,45.0110945400313,-0.976703296703299,-0.566666666666667,La Niña,-0.421348529489833,37.236833124234,37.6581816537239
CAMARINES NORTE,2011,3,Q3,8047,26.1597826086957,28.5005434782609,24.4494565217391,1557.3,1557.3,2302.0,1674.29041111111,3193.81,627.63,14.8402173913043,32.3641304347826,1710.27,26.4936413043478,-8.9442017926994,-0.333858695652175,-0.633333333333333,La Niña,-0.542544181663748,36.3363905040629,36.8789346857267
CAMARINES NORTE,2011,4,Q4,8048,26.1804347826087,28.875,24.279347826087,1342.5,1342.5,2089.0,1677.34670277778,2934.98,592.71,13.558152173913,29.3092391304348,1274.62,26.3767934782609,5.32550877908709,-0.196358695652172,-1.03333333333333,La Niña,-0.525424616446356,34.2239962218455,34.7494208382919
CAMARINES NORTE,2012,1,Q1,8049,25.810989010989,28.604945054945,23.7818681318681,1203.0,1203.0,1731.0,1719.12318888889,3097.84,627.72,14.1335164835165,29.4489010989011,784.18,25.9514444444444,53.408656175878,-0.140455433455433,-0.733333333333333,La Niña,-0.41184403036577,23.7002644255742,24.11210845594
CAMARINES NORTE,2012,2,Q2,8050,26.706043956044,29.4428571428571,24.5840659340659,1102.3,1102.3,1780.0,1840.97490555556,3517.17,706.22,11.8467032967033,27.3082417582418,1099.64,27.3448351648352,0.241897348223062,-0.638791208791208,-0.266666666666667,Neutral,-0.327366008387747,12.5079651276222,12.8353311360099
CAMARINES NORTE,2012,3,Q3,8051,26.1576086956522,28.5086956521739,24.4494565217391,1567.2,1567.2,2340.0,1570.86572222222,3151.77,623.76,14.9385869565217,32.704347826087,1710.27,26.4936413043478,-8.36534582258941,-0.33603260869565,0.333333333333333,Neutral,-0.327909486648616,12.6526791201497,12.9805886067983
CAMARINES NORTE,2012,4,Q4,8052,26.2885869565217,29.025,24.2336956521739,1212.1,1212.1,1645.0,1783.63091944444,3121.08,637.91,13.6625,29.3565217391304,1274.62,26.3767934782609,-4.90499129152219,-0.0882065217391279,0.0666666666666666,Neutral,-0.300871443170354,10.0950541024974,10.3959255456677
CAMARINES NORTE,2013,1,Q1,8053,25.9138888888889,28.5777777777778,23.8933333333333,833.4,833.4,1303.0,1743.61174444444,3193.9,662.83,16.3972222222222,31.2466666666667,784.18,25.9514444444444,6.27662016373791,-0.0375555555555564,-0.366666666666667,Neutral,-0.275146473695385,-1.68795490053766,1.96310137423305
CAMARINES NORTE,2013,2,Q2,8054,27.1868131868132,30.0302197802198,24.9703296703297,1353.6,1353.6,1734.0,1771.95343333333,3489.07,716.64,10.5873626373626,25.1901098901099,1099.64,27.3448351648352,23.0948310356117,-0.158021978021985,-0.366666666666667,Neutral,-0.15495416600308,4.02527852130949,4.18023268731257
CAMARINES NORTE,2013,3,Q3,8055,26.2423913043478,28.6853260869565,24.4635869565217,1736.0,1736.0,2354.0,1515.10873055556,3045.49,611.97,13.6097826086957,29.7233695652174,1710.27,26.4936413043478,1.50444081928584,-0.251249999999999,-0.333333333333333,Neutral,-0.133758513829167,6.4927251817783,6.62648369560747
CAMARINES NORTE,2013,4,Q4,8056,26.0663043478261,28.6798913043478,24.1619565217391,1301.9,1301.9,1951.0,1671.18754444444,2909.1,589.99,13.8907608695652,29.4983695652174,1274.62,26.3767934782609,2.1402457202931,-0.310489130434782,-0.233333333333333,Neutral,-0.18932916600308,8.25403443473213,8.44336360073521
CAMARINES NORTE,2014,1,Q1,8057,25.2866666666667,28.05,23.1605555555556,515.8,515.8,981.0,1718.68801666667,3229.33,686.51,17.9038888888889,33.7866666666667,784.18,25.9514444444444,-34.2242852406335,-0.664777777777775,-0.4,Neutral,-0.346134721558635,-1.87119191636073,2.21732663791937
CAMARINES NORTE,2014,2,Q2,8058,27.2538461538462,30.0318681318681,24.9620879120879,934.3,934.3,1499.0,1844.37951666667,3565.98,735.21,11.6076923076923,26.271978021978,1099.64,27.3448351648352,-15.0358299079699,-0.0909890109890163,0.133333333333333,Neutral,-0.329376479800393,-11.4038571522561,11.7332336320565
CAMARINES NORTE,2014,3,Q3,8059,26.3135869565217,28.6728260869565,24.5945652173913,1703.6,1703.6,2210.0,1600.36252777778,3169.7,631.27,15.1576086956522,32.4336956521739,1710.27,26.4936413043478,-0.389996901074104,-0.180054347826086,0.1,Neutral,-0.311577566756915,-11.8774665823461,12.189044149103
CAMARINES NORTE,2014,4,Q4,8060,26.1336956521739,28.6951086956522,24.2608695652174,1419.5,1419.5,2059.0,1667.30015277778,2884.68,592.15,15.175,31.1152173913043,1274.62,26.3767934782609,11.3665249250757,-0.243097826086949,0.6,El Niño,-0.294729740669957,-9.57089678115046,9.86562652182041
CAMARINES NORTE,2015,1,Q1,8061,25.6672222222222,28.7066666666667,23.2783333333333,638.6,638.6,871.0,1848.54130833333,3431.58,723.68,16.605,31.7927777777778,784.18,25.9514444444444,-18.564615266903,-0.284222222222219,0.5,El Niño,-0.199590851781068,-5.65597928771782,5.85557013949889
CAMARINES NORTE,2015,2,Q2,8062,27.2989010989011,30.2159340659341,24.8840659340659,750.5,750.5,1386.0,1931.14665555556,3701.92,766.84,11.1307692307692,25.5087912087912,1099.64,27.3448351648352,-31.7503910370667,-0.0459340659340732,0.933333333333333,El Niño,-0.188327115517332,-9.83461956999202,10.0229466855094
CAMARINES NORTE,2015,3,Q3,8063,26.4032608695652,28.7233695652174,24.6978260869565,1376.8,1376.8,2187.0,1715.48186388889,3289.24,654.3,15.0489130434783,31.8896739130435,1710.27,26.4936413043478,-19.4980909447046,-0.0903804347826096,1.86666666666667,El Niño,-0.165908637256463,-14.6116430808997,14.7775517181561
CAMARINES NORTE,2015,4,Q4,8064,26.5315217391304,29.2423913043478,24.4869565217391,864.8,864.8,1680.0,1828.67750833333,3195.79,653.58,14.5565217391304,30.5625,1274.62,26.3767934782609,-32.1523277525851,0.154728260869572,2.53333333333333,El Niño,-0.0664521155173325,-25.4913562503149,25.5578083658322
CAMARINES NORTE,2016,1,Q1,8065,26.639010989011,29.8318681318681,24.0137362637363,452.7,452.7,957.0,1895.7368,3554.88,747.65,14.0126373626374,28.7027472527473,784.18,25.9514444444444,-42.2709071896758,0.687566544566547,2.06666666666667,El Niño,0.176495076179859,-31.4179292310081,31.5944243071879
CAMARINES NORTE,2016,2,Q2,8066,27.7181318681319,30.6862637362637,25.2824175824176,1169.8,1169.8,1614.0,1889.543425,3604.63,759.07,10.8593406593407,25.3868131868132,1099.64,27.3448351648352,6.38026990651487,0.373296703296695,0.4,Neutral,0.281302768487551,-21.8852639951127,22.1665667636002
CAMARINES NORTE,2016,3,Q3,8067,26.7510869565217,29.1375,25.0369565217391,1451.9,1451.9,2183.0,1711.66731944444,3271.44,653.59,13.7434782608696,30.9380434782609,1710.27,26.4936413043478,-15.1069714138703,0.257445652173914,-0.5,La Niña,0.368259290226682,-20.7874841124041,21.1557434026308
CAMARINES NORTE,2016,4,Q4,8068,26.3646739130435,28.9326086956522,24.5369565217391,1614.3,1614.3,2180.0,1603.48705277778,2814.23,575.38,14.2885869565217,30.4983695652174,1274.62,26.3767934782609,26.6495112268754,-0.0121195652173895,-0.666666666666667,La Niña,0.326547333704942,-6.08702436753896,6.41357170124391
CAMARINES NORTE,2017,1,Q1,8069,26.1511111111111,29.0961111111111,23.8983333333333,1008.9,1008.9,1064.0,1620.19795277778,3066.62,648.59,13.8238888888889,33.6038888888889,784.18,25.9514444444444,28.656685964957,0.199666666666665,-0.133333333333333,Neutral,0.204572364229971,11.6448739211193,11.8494462853492
CAMARINES NORTE,2017,2,Q2,8070,27.5730769230769,30.6659340659341,25.2324175824176,1245.0,1245.0,1447.0,1802.68134444444,3443.29,720.11,10.4582417582418,27.5989010989011,1099.64,27.3448351648352,13.2188716307155,0.228241758241758,0.266666666666667,Neutral,0.168308627966237,13.3545243521694,13.5228329801357
CAMARINES NORTE,2017,3,Q3,8071,26.7994565217391,29.4440217391304,24.9125,2139.2,2139.2,2118.0,1470.21651111111,2891.82,594.25,11.3059782608696,29.2739130434783,1710.27,26.4936413043478,25.0796657837651,0.305815217391306,-0.133333333333333,Neutral,0.180401019270585,23.4011836515783,23.5815846708489
CAMARINES NORTE,2017,4,Q4,8072,26.6467391304348,29.279347826087,24.7815217391304,1499.7,1499.7,1710.0,1478.46978055556,2661.41,558.17,12.7163043478261,32.8516304347826,1274.62,26.3767934782609,17.658596287521,0.269945652173913,-0.833333333333333,La Niña,0.250917323618411,21.1534549167397,21.4043722403581
CAMARINES NORTE,2018,1,Q1,8073,26.2822222222222,29.2344444444444,23.9644444444444,995.1,995.1,1066.0,1628.26858611111,3052.76,641.26,13.0988888888889,31.6294444444444,784.18,25.9514444444444,26.8968859190492,0.330777777777779,-0.833333333333333,La Niña,0.283695101396189,20.7135049052627,20.9972000066589
CAMARINES NORTE,2018,2,Q2,8074,27.578021978022,30.6763736263736,25.1708791208791,916.6,916.6,1394.0,1845.30897222222,3468.08,732.27,11.5637362637363,30.0631868131868,1099.64,27.3448351648352,-16.6454476010331,0.233186813186808,-0.233333333333333,Neutral,0.284931365132452,13.2474250973256,13.532356462458
CAMARINES NORTE,2018,3,Q3,8075,26.6347826086957,29.0375,24.9070652173913,1958.6,1958.6,2771.0,1511.22023055556,2994.95,607.6,13.633152173913,34.6184782608696,1710.27,26.4936413043478,14.5199296017588,0.141141304347826,0.266666666666667,Neutral,0.243762886871582,10.607491051824,10.8512539386956
CAMARINES NORTE,2018,4,Q4,8076,26.7510869565217,29.6875,24.5097826086957,945.8,945.8,1626.0,1737.14399166667,3131.27,653.0,12.908152173913,32.1972826086957,1274.62,26.3767934782609,-25.7974925860257,0.374293478260871,0.833333333333333,El Niño,0.269849843393321,-0.256531166562682,0.526381009956003
CAMARINES NORTE,2019,1,Q1,8077,26.1061111111111,29.7088888888889,22.9388888888889,300.8,300.8,731.0,1869.25823611111,3609.76,757.63,14.2683333333333,33.0011111111111,784.18,25.9514444444444,-61.6414598689077,0.154666666666667,0.7,El Niño,0.225822065615543,-22.3911176135519,22.6169396791674
CAMARINES NORTE,2019,2,Q2,8078,27.8686813186813,31.1879120879121,25.189010989011,1057.5,1057.5,1607.0,1855.33065833333,3594.25,760.52,10.9747252747253,28.4994505494505,1099.64,27.3448351648352,-3.83216325342838,0.523846153846151,0.566666666666667,El Niño,0.298486900780379,-19.1877965266507,19.4862834274311
CAMARINES NORTE,2019,3,Q3,8079,26.8298913043478,29.0989130434783,25.0472826086956,1993.2,1993.2,2558.0,1458.95257222222,2974.67,612.69,13.9179347826087,34.4885869565217,1710.27,26.4936413043478,16.5430019821432,0.33625,0.2,Neutral,0.347264074693422,-18.6820284315546,19.029292506248
CAMARINES NORTE,2019,4,Q4,8080,26.6929347826087,29.604347826087,24.4701086956522,1095.4,1095.4,1626.0,1713.68980277778,3081.4,635.27,12.7222826086957,31.6548913043478,1274.62,26.3767934782609,-14.0606612166763,0.316141304347823,0.433333333333333,Neutral,0.33272603121516,-15.7478205892173,16.0805466204325
CAMARINES NORTE,2020,1,Q1,8081,26.4928571428571,29.7818681318681,23.7401098901099,720.6,720.6,1248.0,1867.59064444444,3521.92,736.11,13.4423076923077,32.0412087912088,784.18,25.9514444444444,-8.10783238542172,0.541412698412696,0.466666666666667,Neutral,0.429412539151667,-2.36441371834582,2.79382625749749
CAMARINES NORTE,2020,2,Q2,8082,27.8725274725275,31.1379120879121,25.2587912087912,1108.5,1108.5,1506.0,1837.95148333333,3586.39,760.2,11.1065934065934,28.5774725274725,1099.64,27.3448351648352,0.805718235058758,0.527692307692309,-0.0666666666666666,Neutral,0.430374077613207,-1.20494334622403,1.63531742383724
CAMARINES NORTE,2020,3,Q3,8083,27.0940217391304,29.8684782608696,25.0266304347826,1793.3,1793.3,2141.0,1517.02708888889,3112.7,639.44,10.3858695652174,27.208152173913,1710.27,26.4936413043478,4.85478900992241,0.600380434782615,-0.633333333333333,La Niña,0.496406686308861,-4.12699658927922,4.62340327558808
CAMARINES NORTE,2020,4,Q4,8084,26.6304347826087,29.404347826087,24.7130434782609,2301.0,2301.0,2226.0,1481.29835833333,2711.93,562.14,12.6521739130435,32.3510869565217,1274.62,26.3767934782609,80.5243915833739,0.253641304347823,-1.23333333333333,La Niña,0.480781686308861,19.5192666107333,20.0000482970422
CAMARINES NORTE,2021,1,Q1,8085,26.1322222222222,29.0094444444444,23.875,1401.3,1401.3,1855.0,1565.33185555556,3004.2,620.86,13.3622222222222,32.4461111111111,784.18,25.9514444444444,78.6962177051187,0.180777777777777,-0.9,La Niña,0.390622956150131,41.2202791333684,41.6109020895186
CAMARINES NORTE,2021,2,Q2,8086,27.2879120879121,30.2565934065934,24.928021978022,1292.4,1292.4,1716.0,1738.07051111111,3469.4,721.01,11.8005494505495,29.6263736263736,1099.64,27.3448351648352,17.5293732494271,-0.0569230769230806,-0.533333333333333,La Niña,0.244469109996284,45.4011928869605,45.6456619969568
CAMARINES NORTE,2021,3,Q3,8087,27.1244565217391,29.8130434782609,25.1907608695652,1628.9,1628.9,2237.0,1583.87516111111,3197.42,659.99,12.2027173913043,31.0038043478261,1710.27,26.4936413043478,-4.75772831190396,0.630815217391302,-0.533333333333333,La Niña,0.252077805648455,42.9980635565039,43.2501413621524
CAMARINES NORTE,2021,4,Q4,8088,26.6717391304348,29.6989130434783,24.5266304347826,1519.8,1519.8,1717.0,1533.50388333333,2998.08,627.76,13.5679347826087,31.4048913043478,1274.62,26.3767934782609,19.2355368658894,0.294945652173915,-0.933333333333333,La Niña,0.262403892604978,27.6758498771328,27.9382537697378
CAMARINES NORTE,2022,1,Q1,8089,26.4405555555556,29.8077777777778,23.9177777777778,838.0,838.0,1245.0,1645.42039166667,3318.99,691.13,13.0772222222222,29.9438888888889,784.18,25.9514444444444,6.86322017904052,0.489111111111111,-0.966666666666667,La Niña,0.339487225938312,9.71760049561327,10.0570877215516
CAMARINES NORTE,2022,2,Q2,8090,27.1774725274725,30.5456043956044,24.6851648351648,1541.5,1541.5,1667.0,1619.22514166667,3474.86,723.69,11.5659340659341,27.4686813186813,1099.64,27.3448351648352,40.1822414608418,-0.16736263736264,-1.0,La Niña,0.311877335828422,15.3808175484669,15.6926948842954
CAMARINES NORTE,2022,3,Q3,8091,26.7923913043478,29.8260869565217,24.5690217391304,1856.4,1856.4,2173.0,1510.87158888889,3311.29,674.71,11.3646739130435,27.1608695652174,1710.27,26.4936413043478,8.54426494062342,0.298750000000002,-0.9,La Niña,0.228861031480597,18.7063158615988,18.9351768930794
CAMARINES NORTE,2022,4,Q4,8092,26.5760869565217,29.5951086956522,24.4630434782609,1530.2,1530.2,1645.0,1492.96921111111,2969.93,614.59,12.9891304347826,29.7521739130435,1274.62,26.3767934782609,20.0514663193736,0.19929347826087,-0.9,La Niña,0.204947988002336,18.9102982249698,19.1152462129722
CAMARINES NORTE,2023,1,Q1,8093,25.935,28.985,23.6688888888889,1334.9,1334.9,1672.0,1475.92108055556,3100.45,641.43,14.2688888888889,31.4722222222222,784.18,25.9514444444444,70.228774005968,-0.0164444444444455,-0.4,Neutral,0.0785590991134466,34.7516866817017,34.8302457808151
CAMARINES NORTE,2023,2,Q2,8094,27.4967032967033,30.8752747252747,24.932967032967,1246.0,1246.0,1542.0,1771.29765833333,3658.51,765.2,12.2989010989011,28.4840659340659,1099.64,27.3448351648352,13.309810483431,0.151868131868124,0.5,El Niño,0.158366791421137,28.033578937349,28.1919457287701
CAMARINES NORTE,2023,3,Q3,8095,27.1516304347826,30.1630434782609,24.9103260869565,1813.1,1813.1,2158.0,1662.553425,3497.68,717.98,13.3945652173913,31.5782608695652,1710.27,26.4936413043478,6.01250095014237,0.657989130434782,1.33333333333333,El Niño,0.248176574029833,27.4006379397287,27.6488145137586
CAMARINES NORTE,2023,4,Q4,8096,27.1114130434783,30.4565217391304,24.6152173913043,1032.8,1032.8,1467.0,1718.68239444444,3259.49,678.75,12.4467391304348,28.8570652173913,1274.62,26.3767934782609,-18.9719288886099,0.734619565217393,1.9,El Niño,0.382008095768963,17.6447891377329,18.0267972335018
CAMARINES NORTE,2024,1,Q1,8097,26.3510989010989,30.3675824175824,23.1510989010989,315.2,315.2,927.0,1888.92574722222,3572.22,792.27,18.5142857142857,38.1467032967033,784.18,25.9514444444444,-59.8051467775256,0.399654456654456,1.46666666666667,El Niño,0.486032821043689,-14.8636910581406,15.3497238791842
CAMARINES NORTE,2024,2,Q2,8098,29.210989010989,34.0483516483516,25.4379120879121,886.6,886.6,1035.0,1926.47805277778,3990.87,910.66,13.2747252747253,29.7478021978022,1099.64,27.3448351648352,-19.3736131824961,1.86615384615384,0.433333333333333,Neutral,0.914604249615119,-23.0345469746223,23.9491512242374
CAMARINES NORTE,2024,3,Q3,8099,27.433152173913,30.6842391304348,25.1054347826087,2673.4,2673.4,2312.0,1509.16914722222,3278.47,685.06,14.0940217391304,31.0016304347826,1710.27,26.4936413043478,56.3145000496998,0.939510869565218,-0.1,Neutral,0.984984684397728,-10.459047199733,11.4440318841307
CAMARINES NORTE,2024,4,Q4,8100,26.8327777777778,30.0428571428571,24.5554945054945,2121.5,2121.5,1705.0,1521.22552777778,2814.12,596.6,16.4593406593407,34.3153846153846,1274.62,26.3767934782609,66.4417630352576,0.455984299516903,-0.4,Neutral,0.915325867972605,10.8943757812339,11.8097016492065
CAMARINES NORTE,2025,1,Q1,8101,25.9410112359551,29.1527777777778,23.6477777777778,1177.7,1177.7,1530.0,1554.62992777778,3014.35,632.48,16.2166666666667,33.5538888888889,784.18,25.9514444444444,50.1823560917136,-0.0104332084893883,-0.4,Neutral,0.812803951686644,38.3912514985437,39.2040554502304
CAMARINES NORTE,2025,2,Q2,8102,28.3208791208791,32.1269230769231,25.4785714285714,832.6,22.2,1189.0,1666.59183333333,3374.44,732.11,11.0082417582418,24.7489010989011,1099.64,27.3448351648352,-24.2843112291295,0.976043956043952,-0.1,Neutral,0.590276479159171,37.1635769868854,37.7538534660445
CAMARINES NORTE,2025,3,Q3,8103,26.9635869565217,29.7010869565217,24.9842391304348,1568.6,100.9,1924.0,1407.78456111111,3040.9,625.75,13.1630434782609,30.0673913043478,1710.27,26.4936413043478,-8.28348740257387,0.469945652173916,-0.3,Neutral,0.472885174811346,21.0140801238169,21.4869652986283
CAMARINES NORTE,2025,4,Q4,8104,27.0803278688525,30.3106557377049,24.8286885245902,947.3,205.0,1075.0,957.448686111111,1911.29,398.06,12.3598360655738,29.0303278688525,1274.62,26.3767934782609,-25.6798104533116,0.703534390591592,-0.6,La Niña,0.534772697580018,-2.01631324832534,2.55108594590535
CAMARINES SUR,2010,1,Q1,8041,26.3005555555556,29.5472222222222,23.6733333333333,360.4,360.4,876.0,1875.41406944444,3535.06,748.38,14.5905555555556,29.0166666666667,784.18,25.9514444444444,-54.0411640184652,0.349111111111117,1.16666666666667,El Niño,0.349111111111117,-54.0411640184652,54.3902751295763
CAMARINES SUR,2010,2,Q2,8042,27.8967032967033,31.121978021978,25.1945054945055,872.2,872.2,1230.0,1956.887075,3812.14,809.73,10.9445054945055,25.1214285714286,1099.64,27.3448351648352,-20.6831326615983,0.55186813186813,-0.166666666666667,Neutral,0.450489621489623,-37.3621483400317,37.8126379615214
CAMARINES SUR,2010,3,Q3,8043,26.6445652173913,29.3798913043478,24.666847826087,1618.9,1618.9,2163.0,1685.77004722222,3280.07,661.73,11.933152173913,26.4407608695652,1710.27,26.4936413043478,-5.34243131201506,0.150923913043481,-1.3,La Niña,0.350634385340909,-26.6889093306928,27.0395437160338
CAMARINES SUR,2010,4,Q4,8044,26.1119565217391,28.8016304347826,24.3016304347826,1450.2,1450.2,2335.0,1627.98196388889,2807.03,569.2,13.1369565217391,28.3597826086956,1274.62,26.3767934782609,13.7750859079569,-0.264836956521737,-1.6,La Niña,0.196766549875248,-16.5729105210304,16.7696770709057
CAMARINES SUR,2011,1,Q1,8045,25.3566666666667,27.8811111111111,23.6305555555556,1533.1,1533.1,1982.0,1515.78056111111,2826.73,588.12,17.6361111111111,34.1188888888889,784.18,25.9514444444444,95.503583360963,-0.594777777777779,-1.16666666666667,La Niña,-0.0392056723469763,20.8132763238266,20.8524819961736
CAMARINES SUR,2011,2,Q2,8046,26.3681318681319,29.0373626373626,24.356043956044,1594.6,1594.6,1873.0,1643.61939166667,3253.1,660.41,13.2104395604396,28.567032967033,1099.64,27.3448351648352,45.0110945400313,-0.976703296703299,-0.566666666666667,La Niña,-0.421348529489833,37.236833124234,37.6581816537239
CAMARINES SUR,2011,3,Q3,8047,26.1597826086957,28.5005434782609,24.4494565217391,1557.3,1557.3,2302.0,1674.29041111111,3193.81,627.63,14.8402173913043,32.3641304347826,1710.27,26.4936413043478,-8.9442017926994,-0.333858695652175,-0.633333333333333,La Niña,-0.542544181663748,36.3363905040629,36.8789346857267
CAMARINES SUR,2011,4,Q4,8048,26.1804347826087,28.875,24.279347826087,1342.5,1342.5,2089.0,1677.34670277778,2934.98,592.71,13.558152173913,29.3092391304348,1274.62,26.3767934782609,5.32550877908709,-0.196358695652172,-1.03333333333333,La Niña,-0.525424616446356,34.2239962218455,34.7494208382919
CAMARINES SUR,2012,1,Q1,8049,25.810989010989,28.604945054945,23.7818681318681,1203.0,1203.0,1731.0,1719.12318888889,3097.84,627.72,14.1335164835165,29.4489010989011,784.18,25.9514444444444,53.408656175878,-0.140455433455433,-0.733333333333333,La Niña,-0.41184403036577,23.7002644255742,24.11210845594
CAMARINES SUR,2012,2,Q2,8050,26.706043956044,29.4428571428571,24.5840659340659,1102.3,1102.3,1780.0,1840.97490555556,3517.17,706.22,11.8467032967033,27.3082417582418,1099.64,27.3448351648352,0.241897348223062,-0.638791208791208,-0.266666666666667,Neutral,-0.327366008387747,12.5079651276222,12.8353311360099
CAMARINES SUR,2012,3,Q3,8051,26.1576086956522,28.5086956521739,24.4494565217391,1567.2,1567.2,2340.0,1570.86572222222,3151.77,623.76,14.9385869565217,32.704347826087,1710.27,26.4936413043478,-8.36534582258941,-0.33603260869565,0.333333333333333,Neutral,-0.327909486648616,12.6526791201497,12.9805886067983
CAMARINES SUR,2012,4,Q4,8052,26.2885869565217,29.025,24.2336956521739,1212.1,1212.1,1645.0,1783.63091944444,3121.08,637.91,13.6625,29.3565217391304,1274.62,26.3767934782609,-4.90499129152219,-0.0882065217391279,0.0666666666666666,Neutral,-0.300871443170354,10.0950541024974,10.3959255456677
CAMARINES SUR,2013,1,Q1,8053,25.9138888888889,28.5777777777778,23.8933333333333,833.4,833.4,1303.0,1743.61174444444,3193.9,662.83,16.3972222222222,31.2466666666667,784.18,25.9514444444444,6.27662016373791,-0.0375555555555564,-0.366666666666667,Neutral,-0.275146473695385,-1.68795490053766,1.96310137423305
CAMARINES SUR,2013,2,Q2,8054,27.1868131868132,30.0302197802198,24.9703296703297,1353.6,1353.6,1734.0,1771.95343333333,3489.07,716.64,10.5873626373626,25.1901098901099,1099.64,27.3448351648352,23.0948310356117,-0.158021978021985,-0.366666666666667,Neutral,-0.15495416600308,4.02527852130949,4.18023268731257
CAMARINES SUR,2013,3,Q3,8055,26.2423913043478,28.6853260869565,24.4635869565217,1736.0,1736.0,2354.0,1515.10873055556,3045.49,611.97,13.6097826086957,29.7233695652174,1710.27,26.4936413043478,1.50444081928584,-0.251249999999999,-0.333333333333333,Neutral,-0.133758513829167,6.4927251817783,6.62648369560747
CAMARINES SUR,2013,4,Q4,8056,26.0663043478261,28.6798913043478,24.1619565217391,1301.9,1301.9,1951.0,1671.18754444444,2909.1,589.99,13.8907608695652,29.4983695652174,1274.62,26.3767934782609,2.1402457202931,-0.310489130434782,-0.233333333333333,Neutral,-0.18932916600308,8.25403443473213,8.44336360073521
CAMARINES SUR,2014,1,Q1,8057,25.2866666666667,28.05,23.1605555555556,515.8,515.8,981.0,1718.68801666667,3229.33,686.51,17.9038888888889,33.7866666666667,784.18,25.9514444444444,-34.2242852406335,-0.664777777777775,-0.4,Neutral,-0.346134721558635,-1.87119191636073,2.21732663791937
CAMARINES SUR,2014,2,Q2,8058,27.2538461538462,30.0318681318681,24.9620879120879,934.3,934.3,1499.0,1844.37951666667,3565.98,735.21,11.6076923076923,26.271978021978,1099.64,27.3448351648352,-15.0358299079699,-0.0909890109890163,0.133333333333333,Neutral,-0.329376479800393,-11.4038571522561,11.7332336320565
CAMARINES SUR,2014,3,Q3,8059,26.3135869565217,28.6728260869565,24.5945652173913,1703.6,1703.6,2210.0,1600.36252777778,3169.7,631.27,15.1576086956522,32.4336956521739,1710.27,26.4936413043478,-0.389996901074104,-0.180054347826086,0.1,Neutral,-0.311577566756915,-11.8774665823461,12.189044149103
CAMARINES SUR,2014,4,Q4,8060,26.1336956521739,28.6951086956522,24.2608695652174,1419.5,1419.5,2059.0,1667.30015277778,2884.68,592.15,15.175,31.1152173913043,1274.62,26.3767934782609,11.3665249250757,-0.243097826086949,0.6,El Niño,-0.294729740669957,-9.57089678115046,9.86562652182041
CAMARINES SUR,2015,1,Q1,8061,25.6672222222222,28.7066666666667,23.2783333333333,638.6,638.6,871.0,1848.54130833333,3431.58,723.68,16.605,31.7927777777778,784.18,25.9514444444444,-18.564615266903,-0.284222222222219,0.5,El Niño,-0.199590851781068,-5.65597928771782,5.85557013949889
CAMARINES SUR,2015,2,Q2,8062,27.2989010989011,30.2159340659341,24.8840659340659,750.5,750.5,1386.0,1931.14665555556,3701.92,766.84,11.1307692307692,25.5087912087912,1099.64,27.3448351648352,-31.7503910370667,-0.0459340659340732,0.933333333333333,El Niño,-0.188327115517332,-9.83461956999202,10.0229466855094
CAMARINES SUR,2015,3,Q3,8063,26.4032608695652,28.7233695652174,24.6978260869565,1376.8,1376.8,2187.0,1715.48186388889,3289.24,654.3,15.0489130434783,31.8896739130435,1710.27,26.4936413043478,-19.4980909447046,-0.0903804347826096,1.86666666666667,El Niño,-0.165908637256463,-14.6116430808997,14.7775517181561
CAMARINES SUR,2015,4,Q4,8064,26.5315217391304,29.2423913043478,24.4869565217391,864.8,864.8,1680.0,1828.67750833333,3195.79,653.58,14.5565217391304,30.5625,1274.62,26.3767934782609,-32.1523277525851,0.154728260869572,2.53333333333333,El Niño,-0.0664521155173325,-25.4913562503149,25.5578083658322
CAMARINES SUR,2016,1,Q1,8065,26.639010989011,29.8318681318681,24.0137362637363,452.7,452.7,957.0,1895.7368,3554.88,747.65,14.0126373626374,28.7027472527473,784.18,25.9514444444444,-42.2709071896758,0.687566544566547,2.06666666666667,El Niño,0.176495076179859,-31.4179292310081,31.5944243071879
CAMARINES SUR,2016,2,Q2,8066,27.7181318681319,30.6862637362637,25.2824175824176,1169.8,1169.8,1614.0,1889.543425,3604.63,759.07,10.8593406593407,25.3868131868132,1099.64,27.3448351648352,6.38026990651487,0.373296703296695,0.4,Neutral,0.281302768487551,-21.8852639951127,22.1665667636002
CAMARINES SUR,2016,3,Q3,8067,26.7510869565217,29.1375,25.0369565217391,1451.9,1451.9,2183.0,1711.66731944444,3271.44,653.59,13.7434782608696,30.9380434782609,1710.27,26.4936413043478,-15.1069714138703,0.257445652173914,-0.5,La Niña,0.368259290226682,-20.7874841124041,21.1557434026308
CAMARINES SUR,2016,4,Q4,8068,26.3646739130435,28.9326086956522,24.5369565217391,1614.3,1614.3,2180.0,1603.48705277778,2814.23,575.38,14.2885869565217,30.4983695652174,1274.62,26.3767934782609,26.6495112268754,-0.0121195652173895,-0.666666666666667,La Niña,0.326547333704942,-6.08702436753896,6.41357170124391
CAMARINES SUR,2017,1,Q1,8069,26.1511111111111,29.0961111111111,23.8983333333333,1008.9,1008.9,1064.0,1620.19795277778,3066.62,648.59,13.8238888888889,33.6038888888889,784.18,25.9514444444444,28.656685964957,0.199666666666665,-0.133333333333333,Neutral,0.204572364229971,11.6448739211193,11.8494462853492
CAMARINES SUR,2017,2,Q2,8070,27.5730769230769,30.6659340659341,25.2324175824176,1245.0,1245.0,1447.0,1802.68134444444,3443.29,720.11,10.4582417582418,27.5989010989011,1099.64,27.3448351648352,13.2188716307155,0.228241758241758,0.266666666666667,Neutral,0.168308627966237,13.3545243521694,13.5228329801357
CAMARINES SUR,2017,3,Q3,8071,26.7994565217391,29.4440217391304,24.9125,2139.2,2139.2,2118.0,1470.21651111111,2891.82,594.25,11.3059782608696,29.2739130434783,1710.27,26.4936413043478,25.0796657837651,0.305815217391306,-0.133333333333333,Neutral,0.180401019270585,23.4011836515783,23.5815846708489
CAMARINES SUR,2017,4,Q4,8072,26.6467391304348,29.279347826087,24.7815217391304,1499.7,1499.7,1710.0,1478.46978055556,2661.41,558.17,12.7163043478261,32.8516304347826,1274.62,26.3767934782609,17.658596287521,0.269945652173913,-0.833333333333333,La Niña,0.250917323618411,21.1534549167397,21.4043722403581
CAMARINES SUR,2018,1,Q1,8073,26.2822222222222,29.2344444444444,23.9644444444444,995.1,995.1,1066.0,1628.26858611111,3052.76,641.26,13.0988888888889,31.6294444444444,784.18,25.9514444444444,26.8968859190492,0.330777777777779,-0.833333333333333,La Niña,0.283695101396189,20.7135049052627,20.9972000066589
CAMARINES SUR,2018,2,Q2,8074,27.578021978022,30.6763736263736,25.1708791208791,916.6,916.6,1394.0,1845.30897222222,3468.08,732.27,11.5637362637363,30.0631868131868,1099.64,27.3448351648352,-16.6454476010331,0.233186813186808,-0.233333333333333,Neutral,0.284931365132452,13.2474250973256,13.532356462458
CAMARINES SUR,2018,3,Q3,8075,26.6347826086957,29.0375,24.9070652173913,1958.6,1958.6,2771.0,1511.22023055556,2994.95,607.6,13.633152173913,34.6184782608696,1710.27,26.4936413043478,14.5199296017588,0.141141304347826,0.266666666666667,Neutral,0.243762886871582,10.607491051824,10.8512539386956
CAMARINES SUR,2018,4,Q4,8076,26.7510869565217,29.6875,24.5097826086957,945.8,945.8,1626.0,1737.14399166667,3131.27,653.0,12.908152173913,32.1972826086957,1274.62,26.3767934782609,-25.7974925860257,0.374293478260871,0.833333333333333,El Niño,0.269849843393321,-0.256531166562682,0.526381009956003
CAMARINES SUR,2019,1,Q1,8077,26.1061111111111,29.7088888888889,22.9388888888889,300.8,300.8,731.0,1869.25823611111,3609.76,757.63,14.2683333333333,33.0011111111111,784.18,25.9514444444444,-61.6414598689077,0.154666666666667,0.7,El Niño,0.225822065615543,-22.3911176135519,22.6169396791674
CAMARINES SUR,2019,2,Q2,8078,27.8686813186813,31.1879120879121,25.189010989011,1057.5,1057.5,1607.0,1855.33065833333,3594.25,760.52,10.9747252747253,28.4994505494505,1099.64,27.3448351648352,-3.83216325342838,0.523846153846151,0.566666666666667,El Niño,0.298486900780379,-19.1877965266507,19.4862834274311
CAMARINES SUR,2019,3,Q3,8079,26.8298913043478,29.0989130434783,25.0472826086956,1993.2,1993.2,2558.0,1458.95257222222,2974.67,612.69,13.9179347826087,34.4885869565217,1710.27,26.4936413043478,16.5430019821432,0.33625,0.2,Neutral,0.347264074693422,-18.6820284315546,19.029292506248
CAMARINES SUR,2019,4,Q4,8080,26.6929347826087,29.604347826087,24.4701086956522,1095.4,1095.4,1626.0,1713.68980277778,3081.4,635.27,12.7222826086957,31.6548913043478,1274.62,26.3767934782609,-14.0606612166763,0.316141304347823,0.433333333333333,Neutral,0.33272603121516,-15.7478205892173,16.0805466204325
CAMARINES SUR,2020,1,Q1,8081,26.4928571428571,29.7818681318681,23.7401098901099,720.6,720.6,1248.0,1867.59064444444,3521.92,736.11,13.4423076923077,32.0412087912088,784.18,25.9514444444444,-8.10783238542172,0.541412698412696,0.466666666666667,Neutral,0.429412539151667,-2.36441371834582,2.79382625749749
CAMARINES SUR,2020,2,Q2,8082,27.8725274725275,31.1379120879121,25.2587912087912,1108.5,1108.5,1506.0,1837.95148333333,3586.39,760.2,11.1065934065934,28.5774725274725,1099.64,27.3448351648352,0.805718235058758,0.527692307692309,-0.0666666666666666,Neutral,0.430374077613207,-1.20494334622403,1.63531742383724
CAMARINES SUR,2020,3,Q3,8083,27.0940217391304,29.8684782608696,25.0266304347826,1793.3,1793.3,2141.0,1517.02708888889,3112.7,639.44,10.3858695652174,27.208152173913,1710.27,26.4936413043478,4.85478900992241,0.600380434782615,-0.633333333333333,La Niña,0.496406686308861,-4.12699658927922,4.62340327558808
CAMARINES SUR,2020,4,Q4,8084,26.6304347826087,29.404347826087,24.7130434782609,2301.0,2301.0,2226.0,1481.29835833333,2711.93,562.14,12.6521739130435,32.3510869565217,1274.62,26.3767934782609,80.5243915833739,0.253641304347823,-1.23333333333333,La Niña,0.480781686308861,19.5192666107333,20.0000482970422
CAMARINES SUR,2021,1,Q1,8085,26.1322222222222,29.0094444444444,23.875,1401.3,1401.3,1855.0,1565.33185555556,3004.2,620.86,13.3622222222222,32.4461111111111,784.18,25.9514444444444,78.6962177051187,0.180777777777777,-0.9,La Niña,0.390622956150131,41.2202791333684,41.6109020895186
CAMARINES SUR,2021,2,Q2,8086,27.2879120879121,30.2565934065934,24.928021978022,1292.4,1292.4,1716.0,1738.07051111111,3469.4,721.01,11.8005494505495,29.6263736263736,1099.64,27.3448351648352,17.5293732494271,-0.0569230769230806,-0.533333333333333,La Niña,0.244469109996284,45.4011928869605,45.6456619969568
CAMARINES SUR,2021,3,Q3,8087,27.1244565217391,29.8130434782609,25.1907608695652,1628.9,1628.9,2237.0,1583.87516111111,3197.42,659.99,12.2027173913043,31.0038043478261,1710.27,26.4936413043478,-4.75772831190396,0.630815217391302,-0.533333333333333,La Niña,0.252077805648455,42.9980635565039,43.2501413621524
CAMARINES SUR,2021,4,Q4,8088,26.6717391304348,29.6989130434783,24.5266304347826,1519.8,1519.8,1717.0,1533.50388333333,2998.08,627.76,13.5679347826087,31.4048913043478,1274.62,26.3767934782609,19.2355368658894,0.294945652173915,-0.933333333333333,La Niña,0.262403892604978,27.6758498771328,27.9382537697378
CAMARINES SUR,2022,1,Q1,8089,26.4405555555556,29.8077777777778,23.9177777777778,838.0,838.0,1245.0,1645.42039166667,3318.99,691.13,13.0772222222222,29.9438888888889,784.18,25.9514444444444,6.86322017904052,0.489111111111111,-0.966666666666667,La Niña,0.339487225938312,9.71760049561327,10.0570877215516
CAMARINES SUR,2022,2,Q2,8090,27.1774725274725,30.5456043956044,24.6851648351648,1541.5,1541.5,1667.0,1619.22514166667,3474.86,723.69,11.5659340659341,27.4686813186813,1099.64,27.3448351648352,40.1822414608418,-0.16736263736264,-1.0,La Niña,0.311877335828422,15.3808175484669,15.6926948842954
CAMARINES SUR,2022,3,Q3,8091,26.7923913043478,29.8260869565217,24.5690217391304,1856.4,1856.4,2173.0,1510.87158888889,3311.29,674.71,11.3646739130435,27.1608695652174,1710.27,26.4936413043478,8.54426494062342,0.298750000000002,-0.9,La Niña,0.228861031480597,18.7063158615988,18.9351768930794
CAMARINES SUR,2022,4,Q4,8092,26.5760869565217,29.5951086956522,24.4630434782609,1530.2,1530.2,1645.0,1492.96921111111,2969.93,614.59,12.9891304347826,29.7521739130435,1274.62,26.3767934782609,20.0514663193736,0.19929347826087,-0.9,La Niña,0.204947988002336,18.9102982249698,19.1152462129722
CAMARINES SUR,2023,1,Q1,8093,25.935,28.985,23.6688888888889,1334.9,1334.9,1672.0,1475.92108055556,3100.45,641.43,14.2688888888889,31.4722222222222,784.18,25.9514444444444,70.228774005968,-0.0164444444444455,-0.4,Neutral,0.0785590991134466,34.7516866817017,34.8302457808151
CAMARINES SUR,2023,2,Q2,8094,27.4967032967033,30.8752747252747,24.932967032967,1246.0,1246.0,1542.0,1771.29765833333,3658.51,765.2,12.2989010989011,28.4840659340659,1099.64,27.3448351648352,13.309810483431,0.151868131868124,0.5,El Niño,0.158366791421137,28.033578937349,28.1919457287701
CAMARINES SUR,2023,3,Q3,8095,27.1516304347826,30.1630434782609,24.9103260869565,1813.1,1813.1,2158.0,1662.553425,3497.68,717.98,13.3945652173913,31.5782608695652,1710.27,26.4936413043478,6.01250095014237,0.657989130434782,1.33333333333333,El Niño,0.248176574029833,27.4006379397287,27.6488145137586
CAMARINES SUR,2023,4,Q4,8096,27.1114130434783,30.4565217391304,24.6152173913043,1032.8,1032.8,1467.0,1718.68239444444,3259.49,678.75,12.4467391304348,28.8570652173913,1274.62,26.3767934782609,-18.9719288886099,0.734619565217393,1.9,El Niño,0.382008095768963,17.6447891377329,18.0267972335018
CAMARINES SUR,2024,1,Q1,8097,26.3510989010989,30.3675824175824,23.1510989010989,315.2,315.2,927.0,1888.92574722222,3572.22,792.27,18.5142857142857,38.1467032967033,784.18,25.9514444444444,-59.8051467775256,0.399654456654456,1.46666666666667,El Niño,0.486032821043689,-14.8636910581406,15.3497238791842
CAMARINES SUR,2024,2,Q2,8098,29.210989010989,34.0483516483516,25.4379120879121,886.6,886.6,1035.0,1926.47805277778,3990.87,910.66,13.2747252747253,29.7478021978022,1099.64,27.3448351648352,-19.3736131824961,1.86615384615384,0.433333333333333,Neutral,0.914604249615119,-23.0345469746223,23.9491512242374
CAMARINES SUR,2024,3,Q3,8099,27.433152173913,30.6842391304348,25.1054347826087,2673.4,2673.4,2312.0,1509.16914722222,3278.47,685.06,14.0940217391304,31.0016304347826,1710.27,26.4936413043478,56.3145000496998,0.939510869565218,-0.1,Neutral,0.984984684397728,-10.459047199733,11.4440318841307
CAMARINES SUR,2024,4,Q4,8100,26.8327777777778,30.0428571428571,24.5554945054945,2121.5,2121.5,1705.0,1521.22552777778,2814.12,596.6,16.4593406593407,34.3153846153846,1274.62,26.3767934782609,66.4417630352576,0.455984299516903,-0.4,Neutral,0.915325867972605,10.8943757812339,11.8097016492065
CAMARINES SUR,2025,1,Q1,8101,25.9410112359551,29.1527777777778,23.6477777777778,1177.7,1177.7,1530.0,1554.62992777778,3014.35,632.48,16.2166666666667,33.5538888888889,784.18,25.9514444444444,50.1823560917136,-0.0104332084893883,-0.4,Neutral,0.812803951686644,38.3912514985437,39.2040554502304
CAMARINES SUR,2025,2,Q2,8102,28.3208791208791,32.1269230769231,25.4785714285714,832.6,22.2,1189.0,1666.59183333333,3374.44,732.11,11.0082417582418,24.7489010989011,1099.64,27.3448351648352,-24.2843112291295,0.976043956043952,-0.1,Neutral,0.590276479159171,37.1635769868854,37.7538534660445
CAMARINES SUR,2025,3,Q3,8103,26.9635869565217,29.7010869565217,24.9842391304348,1568.6,100.9,1924.0,1407.78456111111,3040.9,625.75,13.1630434782609,30.0673913043478,1710.27,26.4936413043478,-8.28348740257387,0.469945652173916,-0.3,Neutral,0.472885174811346,21.0140801238169,21.4869652986283
CAMARINES SUR,2025,4,Q4,8104,27.0803278688525,30.3106557377049,24.8286885245902,947.3,205.0,1075.0,957.448686111111,1911.29,398.06,12.3598360655738,29.0303278688525,1274.62,26.3767934782609,-25.6798104533116,0.703534390591592,-0.6,La Niña,0.534772697580018,-2.01631324832534,2.55108594590535
CAPIZ,2010,1,Q1,8041,26.95,29.7711111111111,24.9933333333333,76.4,76.4,239.0,957.767044444444,1939.39,420.98,18.5155555555556,38.9444444444444,286.51,26.2599499389499,-73.3342640745524,0.690050061050062,1.16666666666667,El Niño,0.690050061050062,-73.3342640745524,74.0243141356024
CAPIZ,2010,2,Q2,8042,28.5901098901099,31.2395604395604,26.521978021978,280.7,280.7,489.0,996.119352777778,2004.44,432.87,12.578021978022,28.8296703296703,438.97,27.5864835164835,-36.0548556848987,1.00362637362637,-0.166666666666667,Neutral,0.846838217338219,-54.6945598797256,55.5413980970638
CAPIZ,2010,3,Q3,8043,27.1380434782609,29.1391304347826,25.6554347826087,718.0,718.0,940.0,822.4764,1669.65,337.64,10.7978260869565,25.8913043478261,748.38,26.8480434782609,-4.05943504636682,0.289999999999999,-1.3,La Niña,0.661225478225479,-37.8161849352726,38.4774104134981
CAPIZ,2010,4,Q4,8044,26.3304347826087,28.0771739130435,25.104347826087,781.5,781.5,1200.0,698.61,1316.88,262.63,13.125,29.5521739130435,661.38,26.5705434782609,18.1620248571169,-0.240108695652172,-1.6,La Niña,0.435891934756066,-23.8216324871752,24.2575244219313
CAPIZ,2011,1,Q1,8045,25.8233333333333,27.5633333333333,24.6666666666667,591.4,591.4,823.0,795.678380555556,1488.45,312.09,20.3411111111111,43.0055555555556,286.51,26.2599499389499,106.415133852222,-0.436616605616606,-1.16666666666667,La Niña,0.154225268089399,21.1157169945182,21.2699422626076
CAPIZ,2011,2,Q2,8046,26.9604395604396,28.9934065934066,25.4494505494505,508.0,508.0,830.0,856.681233333333,1721.61,349.73,12.2395604395604,28.9472527472527,438.97,27.5864835164835,15.7254482083058,-0.626043956043954,-0.566666666666667,La Niña,-0.253192314328183,34.0607929678194,34.3139852821476
CAPIZ,2011,3,Q3,8047,26.8434782608696,28.8597826086956,25.4945652173913,734.4,734.4,999.0,759.3841,1609.72,328.51,13.3565217391304,33.170652173913,748.38,26.8480434782609,-1.86803495550389,-0.0045652173913062,-0.633333333333333,La Niña,-0.32683361867601,34.6086429905351,34.9354766092111
CAPIZ,2011,4,Q4,8048,26.4673913043478,28.429347826087,25.15,789.8,789.8,1074.0,826.030902777778,1501.61,298.44,14.8891304347826,34.4413043478261,661.38,26.5705434782609,19.4169766246333,-0.103152173913042,-1.03333333333333,La Niña,-0.292594488241227,34.9223809324142,35.2149754206554
CAPIZ,2012,1,Q1,8049,26.2175824175824,28.1604395604396,24.9406593406593,540.8,540.8,784.0,859.720838888889,1652.51,331.1,17.1186813186813,37.3472527472527,286.51,26.2599499389499,88.7543192209696,-0.0423675213675167,-0.733333333333333,La Niña,-0.194032217178955,30.5071772746012,30.7012094917802
CAPIZ,2012,2,Q2,8050,27.1978021978022,29.1758241758242,25.6296703296703,488.4,488.4,818.0,880.659861111111,1740.02,353.33,11.7,28.8813186813187,438.97,27.5864835164835,11.2604506002688,-0.388681318681314,-0.266666666666667,Neutral,-0.134691557838295,29.390927872592,29.5256194304303
CAPIZ,2012,3,Q3,8051,26.75,28.7217391304348,25.3673913043478,768.5,768.5,1028.0,792.712047222222,1615.48,329.72,14.3826086956522,34.9108695652174,748.38,26.8480434782609,2.68847377000989,-0.0980434782608696,0.333333333333333,Neutral,-0.158061123055686,30.5300550539704,30.6881161770261
CAPIZ,2012,4,Q4,8052,26.825,28.8065217391304,25.420652173913,487.5,487.5,733.0,907.444513888889,1665.47,337.46,16.279347826087,35.8923913043478,661.38,26.5705434782609,-26.290483534428,0.254456521739133,0.0666666666666666,Neutral,-0.0686589491426419,19.1031900142051,19.1718489633477
CAPIZ,2013,1,Q1,8053,26.3833333333333,28.4988888888889,24.8911111111111,237.7,237.7,492.0,926.411513888889,1774.47,364.85,18.6677777777778,39.44,286.51,26.2599499389499,-17.0360545879725,0.123383394383396,-0.366666666666667,Neutral,-0.0272212202049138,-7.34440343803045,7.37162465823537
CAPIZ,2013,2,Q2,8054,27.5846153846154,29.4956043956044,26.1186813186813,553.1,553.1,813.0,874.049277777778,1750.48,357.03,10.8483516483516,26.8032967032967,438.97,27.5864835164835,25.9994988267991,-0.0018681318681323,-0.366666666666667,Neutral,0.0694820764983817,-3.65964138139788,3.72912345789626
CAPIZ,2013,3,Q3,8055,26.7576086956522,28.6358695652174,25.4413043478261,908.9,908.9,1034.0,732.735008333333,1513.56,311.94,12.8673913043478,32.5326086956522,748.38,26.8480434782609,21.4489964991047,-0.0904347826086962,-0.333333333333333,Neutral,0.0713842504114251,1.03048930087583,1.10187355128726
CAPIZ,2013,4,Q4,8056,26.5130434782609,28.4010869565217,25.2076086956522,588.5,588.5,868.0,871.847725,1559.93,309.05,14.9913043478261,33.8445652173913,661.38,26.5705434782609,-11.0193837128428,-0.0574999999999974,-0.233333333333333,Neutral,-0.00660488002335755,4.84826425627213,4.85486913629548
CAPIZ,2014,1,Q1,8057,25.7911111111111,27.9044444444444,24.3622222222222,232.3,232.3,430.0,908.022755555556,1765.85,363.49,18.2633333333333,39.0244444444444,286.51,26.2599499389499,-18.9208055565251,-0.468838827838827,-0.4,Neutral,-0.154660435578913,4.37707651413398,4.5317369497129
CAPIZ,2014,2,Q2,8058,27.7043956043956,29.8571428571429,26.0010989010989,411.2,411.2,750.0,934.769452777778,1852.42,378.67,11.0736263736264,26.6791208791209,438.97,27.5864835164835,-6.32617263138711,0.117912087912089,0.133333333333333,Neutral,-0.124715380633858,-3.70434135041257,3.82905673104643
CAPIZ,2014,3,Q3,8059,26.9739130434783,28.8978260869565,25.5434782608696,669.8,669.8,1018.0,798.265022222222,1634.22,332.39,13.0597826086957,32.4510869565217,748.38,26.8480434782609,-10.5000133621957,0.125869565217389,0.1,Neutral,-0.0706392936773366,-11.6915938157377,11.762233109415
CAPIZ,2014,4,Q4,8060,26.5510869565217,28.45,25.2336956521739,626.1,626.1,899.0,829.690633333333,1509.83,304.74,14.8141304347826,32.1391304347826,661.38,26.5705434782609,-5.33430100698539,-0.01945652173913,0.6,El Niño,-0.0611284241121197,-10.2703231392733,10.3314515633854
CAPIZ,2015,1,Q1,8061,26.1111111111111,28.4466666666667,24.5377777777778,93.7,93.7,296.0,973.441205555555,1907.64,397.44,18.4577777777778,38.9455555555556,286.51,26.2599499389499,-67.2960804160413,-0.148838827838826,0.5,El Niño,0.0188715758878803,-22.3641418541524,22.3830134300403
CAPIZ,2015,2,Q2,8062,27.9846153846154,30.3010989010989,26.1274725274725,274.1,274.1,611.0,983.968855555555,1933.5,405.83,11.1263736263736,26.2802197802198,438.97,27.5864835164835,-37.5583752876051,0.39813186813187,0.933333333333333,El Niño,0.0889265209428256,-30.1721925182069,30.2611190391497
CAPIZ,2015,3,Q3,8063,26.9880434782609,28.8445652173913,25.6478260869565,768.6,768.6,930.0,823.876661111111,1660.81,337.69,13.3369565217391,31.854347826087,748.38,26.8480434782609,2.70183596568589,0.140000000000001,1.86666666666667,El Niño,0.0924591296384785,-26.8717301862365,26.964189315875
CAPIZ,2015,4,Q4,8064,27.0913043478261,29.0380434782609,25.6934782608696,370.3,370.3,728.0,925.64115,1688.8,343.29,15.7010869565217,34.0173913043478,661.38,26.5705434782609,-44.0110072877922,0.520760869565223,2.53333333333333,El Niño,0.227513477464567,-36.5409067564382,36.7684202339027
CAPIZ,2016,1,Q1,8065,27.0274725274725,29.6967032967033,25.1956043956044,63.2,63.2,279.0,995.440830555556,1983.96,416.68,17.3373626373626,36.6912087912088,286.51,26.2599499389499,-77.941433108792,0.767522588522592,2.06666666666667,El Niño,0.456603831554921,-39.2022449296258,39.6588487611808
CAPIZ,2016,2,Q2,8066,28.3648351648352,30.7010989010989,26.456043956044,478.5,478.5,662.0,954.753111111111,1893.41,400.65,11.2131868131868,26.1813186813187,438.97,27.5864835164835,9.00517119620932,0.778351648351649,0.4,Neutral,0.551658776609866,-27.5613583086723,28.1130170852821
CAPIZ,2016,3,Q3,8067,27.2923913043478,29.2597826086957,25.9336956521739,769.4,769.4,932.0,806.833308333333,1639.4,334.77,13.1434782608696,33.4152173913043,748.38,26.8480434782609,2.80873353109383,0.444347826086957,-0.5,La Niña,0.627745733131605,-27.5346339173203,28.1623796504519
CAPIZ,2016,4,Q4,8068,26.7358695652174,28.595652173913,25.429347826087,792.8,792.8,1084.0,761.321047222222,1441.25,290.25,14.2336956521739,32.5369565217391,661.38,26.5705434782609,19.8705736490369,0.165326086956522,-0.666666666666667,La Niña,0.53888703747943,-11.564238683113,12.1031257205924
CAPIZ,2017,1,Q1,8069,26.2211111111111,28.9866666666667,24.1733333333333,365.9,365.9,582.0,887.217777777778,1690.39,350.49,16.81,38.7444444444444,286.51,26.2599499389499,27.7093295172943,-0.0388388278388198,-0.133333333333333,Neutral,0.337296683389077,14.8484519734086,15.1857486567977
CAPIZ,2017,2,Q2,8070,27.0879120879121,29.9373626373626,24.6802197802198,541.7,541.7,738.0,951.741488888889,1806.3,366.04,11.7604395604396,30.5516483516483,438.97,27.5864835164835,23.4025104221245,-0.498571428571427,0.266666666666667,Neutral,0.0180659141583082,18.4477867798874,18.4658526940457
CAPIZ,2017,3,Q3,8071,26.5076086956522,29.4467391304348,24.2065217391304,760.7,760.7,889.0,775.828141666667,1564.63,317.51,11.0510869565217,30.654347826087,748.38,26.8480434782609,1.6462225072824,-0.340434782608696,-0.133333333333333,Neutral,-0.178129738015605,18.1571590239345,18.3352887619501
CAPIZ,2017,4,Q4,8072,26.2554347826087,28.920652173913,24.3728260869565,1025.9,1025.9,1108.0,722.615111111111,1341.2,272.43,13.8163043478261,35.4934782608696,661.38,26.5705434782609,55.1150624451904,-0.315108695652174,-0.833333333333333,La Niña,-0.298238433667779,26.9682812229729,27.2665196566407
CAPIZ,2018,1,Q1,8073,26.08,28.9277777777778,23.9377777777778,590.6,590.6,781.0,880.093225,1650.88,335.25,15.8922222222222,38.2133333333333,286.51,26.2599499389499,106.13591148651,-0.179949938949939,-0.833333333333333,La Niña,-0.333516211445559,46.5749267152769,46.9084429267224
CAPIZ,2018,2,Q2,8074,27.0296703296703,29.9637362637363,24.5054945054945,475.2,475.2,779.0,961.326772222222,1832.45,370.13,12.1659340659341,32.7516483516484,438.97,27.5864835164835,8.25341139485615,-0.556813186813187,-0.233333333333333,Neutral,-0.348076651005999,42.7876519584598,43.1357286094658
CAPIZ,2018,3,Q3,8075,26.5152173913044,29.55,24.1141304347826,795.4,795.4,962.0,795.664636111111,1647.66,334.45,11.7739130434783,38.020652173913,748.38,26.8480434782609,6.28290440685213,-0.332826086956519,0.266666666666667,Neutral,-0.346174477092955,43.9468224333522,44.2929969104451
CAPIZ,2018,4,Q4,8076,26.5217391304348,29.3032608695652,24.3717391304348,625.6,625.6,935.0,843.838025,1565.65,316.88,14.1391304347826,34.9228260869565,661.38,26.5705434782609,-5.40990051105264,-0.0488043478260848,0.833333333333333,El Niño,-0.279598390136432,28.8155816942914,29.0951800844279
CAPIZ,2019,1,Q1,8077,25.9944444444444,29.6511111111111,22.9777777777778,73.1,73.1,283.0,968.0697,1965.18,410.47,17.6666666666667,41.0911111111111,286.51,26.2599499389499,-74.4860563331123,-0.265505494505493,0.7,El Niño,-0.300987279025321,-16.3399102606142,16.6408975396395
CAPIZ,2019,2,Q2,8078,27.3604395604396,30.5516483516483,24.5054945054945,378.8,378.8,728.0,972.124688888889,1882.54,388.31,12.6978021978022,33.5241758241758,438.97,27.5864835164835,-13.7070870446727,-0.226043956043952,0.566666666666667,El Niño,-0.218294971333012,-21.8300348704964,22.0483298418294
CAPIZ,2019,3,Q3,8079,26.7141304347826,29.6945652173913,24.2771739130435,590.1,590.1,929.0,803.695311111111,1658.72,336.96,12.3945652173913,36.2826086956522,748.38,26.8480434782609,-21.1496833159625,-0.133913043478262,0.2,Neutral,-0.168566710463448,-28.6881818012,28.8567485116635
CAPIZ,2019,4,Q4,8080,26.4141304347826,29.4380434782609,24.0945652173913,525.8,525.8,904.0,878.058633333333,1597.39,323.13,13.4989130434783,34.0608695652174,661.38,26.5705434782609,-20.4995615228764,-0.15641304347826,0.433333333333333,Neutral,-0.195468884376492,-32.460597054156,32.6560659385325
CAPIZ,2020,1,Q1,8081,26.5285714285714,29.8428571428571,23.9912087912088,140.8,140.8,495.0,975.839052777778,1900.53,397.91,17.0197802197802,39.8417582417582,286.51,26.2599499389499,-50.8568636347771,0.268621489621491,0.466666666666667,Neutral,-0.0619371383447458,-26.5532988795722,26.6152360179169
CAPIZ,2020,2,Q2,8082,27.6065934065934,30.6549450549451,24.8285714285714,289.9,289.9,775.0,957.640788888889,1867.97,386.26,13.0098901098901,33.0,438.97,27.5864835164835,-33.9590404811263,0.0201098901098895,-0.0666666666666666,Neutral,-0.000398676806285374,-31.6162872386856,31.6166859154919
CAPIZ,2020,3,Q3,8083,26.7336956521739,29.695652173913,24.3108695652174,633.1,633.1,910.0,804.397063888889,1633.96,332.63,11.7489130434783,30.3326086956522,748.38,26.8480434782609,-15.4039391752853,-0.114347826086952,-0.633333333333333,La Niña,0.00449262754154223,-30.1798512035163,30.1843438310578
CAPIZ,2020,4,Q4,8084,26.3978260869565,29.0728260869565,24.4717391304348,852.8,852.8,1214.0,762.733808333333,1392.73,280.27,13.804347826087,34.5934782608696,661.38,26.5705434782609,28.9425141371073,-0.172717391304346,-1.23333333333333,La Niña,0.000416540585020725,-17.8193322885204,17.8197488291054
CAPIZ,2021,1,Q1,8085,26.0922222222222,28.9788888888889,23.8677777777778,463.1,463.1,845.0,864.588675,1625.95,330.35,15.4933333333333,36.8122222222222,286.51,26.2599499389499,61.6348469512408,-0.167727716727715,-0.9,La Niña,-0.108670761002281,10.3035953579841,10.4122661189864
CAPIZ,2021,2,Q2,8086,27.0263736263736,29.9131868131868,24.5714285714286,458.3,458.3,894.0,921.1484,1751.41,357.25,12.6428571428571,32.3065934065934,438.97,27.5864835164835,4.40348998792629,-0.560109890109892,-0.533333333333333,La Niña,-0.253725706057226,19.8942279752473,20.1479536813045
CAPIZ,2021,3,Q3,8087,26.7663043478261,29.8489130434783,24.3771739130435,671.0,671.0,944.0,827.750630555556,1659.93,338.07,11.9554347826087,32.5184782608696,748.38,26.8480434782609,-10.3396670140838,-0.0817391304347801,-0.533333333333333,La Niña,-0.245573532144183,21.1602960155477,21.4058695476918
CAPIZ,2021,4,Q4,8088,26.304347826087,29.4173913043478,24.004347826087,1170.0,1170.0,1047.0,756.209530555556,1481.36,303.55,14.8967391304348,35.2641304347826,661.38,26.5705434782609,76.9028395173728,-0.266195652173906,-0.933333333333333,La Niña,-0.268943097361573,33.150377360614,33.4193204579756
CAPIZ,2022,1,Q1,8089,26.3488888888889,29.4422222222222,23.9288888888889,397.8,397.8,627.0,877.008458333333,1758.8,360.85,16.15,36.4766666666667,286.51,26.2599499389499,38.8433213500401,0.088938949938953,-0.966666666666667,La Niña,-0.204776430694906,27.4524959603139,27.6572723910088
CAPIZ,2022,2,Q2,8090,26.7428571428571,29.8571428571429,24.0593406593407,549.0,549.0,771.0,900.702644444444,1828.16,367.92,12.7197802197802,30.3252747252747,438.97,27.5864835164835,25.0654942251179,-0.843626373626375,-1.0,La Niña,-0.275655551574027,32.6179970196118,32.8936525711858
CAPIZ,2022,3,Q3,8091,26.3652173913043,29.4913043478261,23.904347826087,887.0,887.0,946.0,778.066763888889,1638.19,330.9,11.2152173913043,27.4,748.38,26.8480434782609,18.5226756460622,-0.482826086956521,-0.9,La Niña,-0.375927290704462,39.8335826846482,40.2095099753527
CAPIZ,2022,4,Q4,8092,26.2902173913043,29.2391304347826,24.0923913043478,815.2,815.2,1018.0,768.210036111111,1463.88,296.81,13.795652173913,32.2597826086957,661.38,26.5705434782609,23.2574314312498,-0.280326086956521,-0.9,La Niña,-0.379459899400116,26.4222306631175,26.8016905625176
CAPIZ,2023,1,Q1,8093,26.1677777777778,29.35,23.7488888888889,400.6,400.6,647.0,842.961913888889,1741.59,360.45,16.5333333333333,36.7411111111111,286.51,26.2599499389499,39.8205996300304,-0.0921721611721615,-0.4,Neutral,-0.424737677177895,26.6665502331151,27.091287910293
CAPIZ,2023,2,Q2,8094,26.9494505494505,30.3043956043956,24.2252747252747,731.8,731.8,777.0,892.201541666667,1807.07,369.7,11.5296703296703,28.8648351648352,438.97,27.5864835164835,66.7084311000752,-0.637032967032965,0.5,El Niño,-0.373089325529542,37.0772844518544,37.4503737773839
CAPIZ,2023,3,Q3,8095,26.6217391304348,30.0271739130435,23.9021739130435,732.9,732.9,830.0,847.900236111111,1722.94,350.61,12.1184782608696,30.1967391304348,748.38,26.8480434782609,-2.06846789064379,-0.22630434782609,1.33333333333333,El Niño,-0.308958890746935,31.9294985676779,32.2384574584248
CAPIZ,2023,4,Q4,8096,26.7923913043478,30.2652173913044,24.1086956521739,554.3,554.3,770.0,919.894486111111,1735.36,352.98,13.9695652173913,33.0663043478261,661.38,26.5705434782609,-16.190389791043,0.221847826086961,1.9,El Niño,-0.183415412486064,22.0675432621047,22.2509586745908
CAPIZ,2024,1,Q1,8097,24.4989010989011,28.9736263736264,20.8835164835165,340.3,340.3,650.0,891.051836111111,1629.26,338.23,14.1582417582418,27.0340659340659,286.51,26.2599499389499,18.7742138145266,-1.76104884004884,1.46666666666667,El Niño,-0.600634582205233,16.8059468082287,17.406581390434
CAPIZ,2024,2,Q2,8098,28.6362637362637,34.410989010989,24.4758241758242,685.1,685.1,558.0,990.288561111111,2131.95,479.17,14.1076923076923,29.7714285714286,438.97,27.5864835164835,56.0698908809258,1.04978021978022,0.433333333333333,Neutral,-0.178931285501936,14.1463117534414,14.3252430389433
CAPIZ,2024,3,Q3,8099,27.120652173913,31.7815217391304,24.2141304347826,1315.6,1315.6,918.0,793.233688888889,1773.33,373.28,11.8945652173913,26.5021739130435,748.38,26.8480434782609,75.7930463133702,0.272608695652174,-0.1,Neutral,-0.0542030246323702,33.6116903044449,33.6658933290773
CAPIZ,2024,4,Q4,8100,25.5488888888889,29.2,23.1241758241758,1105.7,1105.7,980.0,656.380875,1207.17,260.61,16.1076923076923,32.0802197802198,661.38,26.5705434782609,67.180743294324,-1.02165458937198,-0.4,Neutral,-0.365078628497105,54.4544735757867,54.8195522042838
CAPIZ,2025,1,Q1,8101,23.8910112359551,27.44,21.3411111111111,631.4,631.4,812.0,654.344783333333,1321.59,270.59,14.9533333333333,29.1177777777778,286.51,26.2599499389499,120.376252137796,-2.36893870299488,-0.4,Neutral,-0.517051094233615,79.8549831566041,80.3720342508377
CAPIZ,2025,2,Q2,8102,27.9406593406593,31.7296703296703,24.9054945054945,293.5,20.6,580.0,827.463975,1773.36,382.43,12.7208791208791,29.2703296703297,438.97,27.5864835164835,-33.1389388796501,0.354175824175826,-0.1,Neutral,-0.690952193134714,57.5527757164601,58.2437279095948
CAPIZ,2025,3,Q3,8103,26.6076086956522,30.2880434782609,23.85,494.4,73.4,666.0,681.139611111111,1529.42,319.29,10.6489130434783,29.2326086956522,748.38,26.8480434782609,-33.9373045778882,-0.240434782608698,-0.3,Neutral,-0.819213062699932,30.1201879936455,30.9394010563454
CAPIZ,2025,4,Q4,8104,26.483606557377,29.6803278688525,24.2622950819672,408.0,96.6,503.0,439.776383333333,907.55,186.68,11.5213114754098,30.2081967213115,661.38,26.5705434782609,-38.3108046811213,-0.0869369208838186,-0.6,La Niña,-0.585533645577892,3.74730099978416,4.33283464536205
CAVITE,2010,1,Q1,8041,26.6953703703704,30.72,23.7481481481481,152.3,152.3,375.0,5689.28970833333,10214.92,2455.62,20.0209259259259,36.8761111111111,603.9,26.0833669108669,-74.7805928133797,0.612003459503462,1.16666666666667,El Niño,0.612003459503462,-74.7805928133797,75.3925962728832
CAVITE,2010,2,Q2,8042,29.0979853479853,33.1031135531136,26.1652014652015,1645.8,1645.8,2279.0,6097.65441944444,12023.11,2794.12,14.9,29.6501831501831,2208.85,28.7065934065934,-25.4906399257532,0.391391941391941,-0.166666666666667,Neutral,0.501697700447702,-50.1356163695665,50.6373140700142
CAVITE,2010,3,Q3,8043,27.4184782608696,30.4503623188406,25.3811594202899,4350.6,4350.6,5310.0,5070.10523611111,9765.51,2049.77,13.5278985507246,28.2853260869565,5999.15,27.0315579710145,-27.4797262945584,0.386920289855077,-1.3,La Niña,0.463438563583493,-42.5836530112304,43.0470915748139
CAVITE,2010,4,Q4,8044,26.6027173913043,29.3255434782609,24.7800724637681,1869.3,1869.3,3125.0,4869.74413888889,7968.06,1723.05,16.2784420289855,33.2938405797101,2395.6,26.7351630434783,-21.9694439806312,-0.13244565217391,-1.6,La Niña,0.314467509644142,-37.4301007535806,37.7445682632247
CAVITE,2011,1,Q1,8045,25.5707407407407,28.6822222222222,23.465,657.8,657.8,1032.0,5295.85830277778,8852.26,2118.66,22.6864814814815,41.7277777777778,603.9,26.0833669108669,8.92531876138435,-0.512626170126165,-1.16666666666667,La Niña,0.0333101022367357,-16.5036228598896,16.5369329621263
CAVITE,2011,2,Q2,8046,27.7287545787546,31.1776556776557,25.1694139194139,3243.7,3243.7,3485.0,5365.07721944444,10528.08,2394.92,16.1472527472527,32.5908424908425,2208.85,28.7065934065934,46.8501709034113,-0.977838827838827,-0.566666666666667,La Niña,-0.308997590070956,1.58157984740152,1.89057743747248
CAVITE,2011,3,Q3,8047,26.7577898550725,29.1902173913043,25.0840579710145,5624.1,5624.1,8045.0,4622.9695,8951.58,1833.44,18.3815217391304,35.9300724637681,5999.15,27.0315579710145,-6.25171899352407,-0.273768115942026,-0.633333333333333,La Niña,-0.474169691520232,6.8885816726601,7.36275136418033
CAVITE,2011,4,Q4,8048,26.5186594202899,29.2846014492754,24.5824275362319,2411.4,2411.4,3345.0,4903.335225,8123.88,1748.1,16.356884057971,33.4393115942029,2395.6,26.7351630434783,0.659542494573392,-0.216503623188409,-1.03333333333333,La Niña,-0.495184184273857,12.5458282914612,13.0410124757351
CAVITE,2012,1,Q1,8049,26.3228937728938,29.5212454212454,24.1139194139194,955.4,955.4,1353.0,5126.037875,8941.03,2068.34,19.4082417582418,37.0935897435897,603.9,26.0833669108669,58.2050008279517,0.239526862026864,-0.733333333333333,La Niña,-0.3071459262356,24.8657488081031,25.1728947343387
CAVITE,2012,2,Q2,8050,28.1227106227106,31.4184981684982,25.6512820512821,2481.4,2481.4,4123.0,5633.46288611111,10791.15,2393.19,15.6556776556777,31.8981684981685,2208.85,28.7065934065934,12.3389999320914,-0.583882783882782,-0.266666666666667,Neutral,-0.208656915246588,16.2379560652731,16.4466129805197
CAVITE,2012,3,Q3,8051,26.6173913043478,29.0440217391304,24.9902173913043,7185.1,7185.1,8781.0,4305.28686666667,8464.34,1750.99,17.5159420289855,35.1201086956522,5999.15,27.0315579710145,19.7686338898011,-0.414166666666663,0.333333333333333,Neutral,-0.243756552927747,22.7430442861044,22.9868008390321
CAVITE,2012,4,Q4,8052,26.9161231884058,30.005615942029,24.6617753623188,1099.5,1099.5,1634.0,5335.08135555556,9035.67,2039.26,18.0860507246377,35.176268115942,2395.6,26.7351630434783,-54.1033561529471,0.180960144927539,0.0666666666666666,Neutral,-0.14439061089876,9.05231962422425,9.19671023512301
CAVITE,2013,1,Q1,8053,26.5648148148148,30.125,24.0587037037037,323.7,323.7,755.0,5454.66865277778,9655.34,2304.31,20.6785185185185,38.5825925925926,603.9,26.0833669108669,-46.3984103328366,0.481447903947906,-0.366666666666667,Neutral,-0.0839103504184999,-17.0985331659728,17.1824435163913
CAVITE,2013,2,Q2,8054,28.985347985348,32.6498168498169,26.2754578754579,2624.1,2624.1,3145.0,5561.83375277778,11058.91,2549.75,13.5714285714286,28.7263736263736,2208.85,28.7065934065934,18.7993752405098,0.278754578754579,-0.366666666666667,Neutral,0.13174899024084,-15.4834393388682,15.615188329109
CAVITE,2013,3,Q3,8055,26.9407608695652,29.5898550724638,25.175,6397.3,6397.3,7358.0,4229.63059444444,8546.61,1795.58,15.6427536231884,31.9797101449275,5999.15,27.0315579710145,6.63677354291859,-0.0907971014492723,-0.333333333333333,Neutral,0.212591381545188,-18.7664044255888,18.978995807134
CAVITE,2013,4,Q4,8056,26.5298913043478,29.2099637681159,24.6182971014493,1565.7,1565.7,2343.0,5231.42414444445,8387.52,1814.86,17.3483695652174,34.0788043478261,2395.6,26.7351630434783,-34.6426782434463,-0.205271739130435,-0.233333333333333,Neutral,0.116033410530695,-13.9012349482136,14.0172683587443
CAVITE,2014,1,Q1,8057,25.6959259259259,29.4355555555556,22.9133333333333,112.0,112.0,364.0,5622.625675,9834.58,2356.22,20.5455555555556,38.5644444444444,603.9,26.0833669108669,-81.4538830932273,-0.387440984940984,-0.4,Neutral,-0.101188811691528,-22.6651031383113,22.7662919500029
CAVITE,2014,2,Q2,8058,29.1315018315018,33.0589743589744,26.2981684981685,1744.6,1744.6,2859.0,5954.11756944444,11419.77,2653.85,14.6076923076923,30.2082417582418,2208.85,28.7065934065934,-21.0177241551033,0.424908424908423,0.133333333333333,Neutral,-0.0646503501530668,-32.6193779872146,32.6840283373677
CAVITE,2014,3,Q3,8059,27.0715579710145,29.5509057971014,25.3,6298.1,6298.1,7236.0,4578.00327222222,9054.88,1893.11,17.5545289855072,34.983152173913,5999.15,27.0315579710145,4.98320595417685,0.0399999999999991,0.1,Neutral,-0.031951074790749,-33.0327698844,33.0647209591908
CAVITE,2014,4,Q4,8060,26.473731884058,29.1673913043478,24.591847826087,2284.3,2284.3,2687.0,4984.442875,8129.92,1800.62,17.3349637681159,33.7516304347826,2395.6,26.7351630434783,-4.64601769911503,-0.261431159420287,0.6,El Niño,-0.045990929863212,-25.5336047483172,25.5795956781804
CAVITE,2015,1,Q1,8061,25.4559259259259,28.9957407407407,22.7938888888889,462.0,462.0,547.0,5541.50351111111,9756.18,2267.44,19.9075925925926,36.9425925925926,603.9,26.0833669108669,-23.4972677595628,-0.627440984940979,0.5,El Niño,-0.105990929863211,-11.0444509149011,11.1504418447643
CAVITE,2015,2,Q2,8062,29.1879120879121,33.2260073260073,26.1910256410256,878.3,878.3,1936.0,6237.49083333333,12131.43,2841.97,14.5935897435897,30.0142857142857,2208.85,28.7065934065934,-60.237227516581,0.481318681318683,0.933333333333333,El Niño,-0.0918883657606458,-20.8493267552705,20.9412151210312
CAVITE,2015,3,Q3,8063,27.5552536231884,30.4023550724638,25.5686594202899,3880.5,3880.5,6724.0,5244.10136666667,9903.33,2102.96,16.0503623188406,32.3735507246377,5999.15,27.0315579710145,-35.3158364101581,0.52369565217392,1.86666666666667,El Niño,0.0290355472828345,-30.9240873463543,30.9531228936371
CAVITE,2015,4,Q4,8064,27.1909420289855,30.226268115942,24.9730072463768,2995.2,2995.2,2096.0,5263.34510555556,8894.29,2042.2,19.5248188405797,37.9182971014493,2395.6,26.7351630434783,25.0292202371014,0.455778985507248,2.53333333333333,El Niño,0.208338083514718,-23.5052778623002,23.7136159458149
CAVITE,2016,1,Q1,8065,26.6635531135531,30.1287545787546,24.1098901098901,329.0,329.0,908.0,5532.47819166667,9615.63,2250.48,18.6529304029304,34.6369963369963,603.9,26.0833669108669,-45.5207815863554,0.58018620268621,2.06666666666667,El Niño,0.510244880421515,-29.0111563189983,29.5214011994198
CAVITE,2016,2,Q2,8066,29.3197802197802,33.1384615384615,26.5721611721612,1673.0,1673.0,2846.0,5988.84393611111,11620.73,2744.28,14.7260073260073,29.8045787545788,2208.85,28.7065934065934,-24.2592299160196,0.613186813186815,0.4,Neutral,0.543211913388548,-20.0166569188579,20.5598688322465
CAVITE,2016,3,Q3,8067,27.45,30.0853260869565,25.6952898550725,5354.2,5354.2,7551.0,4740.24841111111,9293.92,1944.44,16.8521739130435,33.9061594202899,5999.15,27.0315579710145,-10.7506896810381,0.41844202898551,-0.5,La Niña,0.516898507591446,-13.875370236578,14.3922687441694
CAVITE,2016,4,Q4,8068,26.9135869565217,29.5324275362319,25.0961956521739,3557.5,3557.5,3510.0,4668.84135555556,7853.4,1745.51,18.1673913043478,35.5454710144927,2395.6,26.7351630434783,48.5014192686592,0.178423913043478,-0.666666666666667,La Niña,0.447559739475503,-8.00732047868848,8.45488021816399
CAVITE,2017,1,Q1,8069,25.7648148148148,28.71,23.622037037037,1225.5,1225.5,1720.0,5354.41720555556,9970.34,2287.25,23.2348148148148,43.822037037037,603.9,26.0833669108669,102.930948832588,-0.318552096052091,-0.133333333333333,Neutral,0.222875164790928,29.1056121260474,29.3284872908383
CAVITE,2017,2,Q2,8070,28.3648351648352,31.7611721611722,25.8111721611722,2591.2,2591.2,3324.0,6062.29145,11974.97,2709.9,17.5736263736264,35.1516483516483,2208.85,28.7065934065934,17.3099123978541,-0.341758241758239,0.266666666666667,Neutral,-0.0158610989453356,39.4978977045158,39.5137588034612
CAVITE,2017,3,Q3,8071,27.0771739130435,29.7253623188406,25.2083333333333,6337.3,6337.3,6734.0,4768.64493055556,9675.41,2005.36,17.0981884057971,34.9697463768116,5999.15,27.0315579710145,5.63663185617964,0.0456159420289914,-0.133333333333333,Neutral,-0.109067620684465,43.5947280888203,43.7037957095047
CAVITE,2017,4,Q4,8072,26.5230072463768,28.9150362318841,24.8021739130435,3501.8,3501.8,4659.0,4871.882,8403.05,1806.32,19.1699275362319,40.0916666666667,2395.6,26.7351630434783,46.1763232593087,-0.212155797101449,-0.833333333333333,La Niña,-0.206712548220697,43.0134540864827,43.2201666347033
CAVITE,2018,1,Q1,8073,26.0648148148148,29.0207407407407,23.8024074074074,1642.2,1642.2,1801.0,5373.61981944445,9924.47,2258.78,21.2068518518519,40.2998148148148,603.9,26.0833669108669,171.932439145554,-0.0185520960520939,-0.833333333333333,La Niña,-0.131712548220698,60.2638266647241,60.3955392129448
CAVITE,2018,2,Q2,8074,28.3692307692308,31.6232600732601,25.8673992673993,2519.7,2519.7,3328.0,5870.20118611111,11613.2,2716.77,20.4730769230769,39.6214285714286,2208.85,28.7065934065934,14.0729338796206,-0.337362637362634,-0.233333333333333,Neutral,-0.130613647121796,59.4545820351657,59.5851956822875
CAVITE,2018,3,Q3,8075,26.5449275362319,28.8215579710145,24.8711956521739,7104.0,7104.0,8718.0,4277.29606388889,8885.5,1828.73,20.5353260869565,40.205615942029,5999.15,27.0315579710145,18.4167757098922,-0.486630434782608,0.266666666666667,Neutral,-0.263675241324696,62.6496179985939,62.9132932399186
CAVITE,2018,4,Q4,8076,26.8494565217391,29.6827898550725,24.6952898550725,2641.6,2641.6,3645.0,5318.18317777778,9592.88,2147.12,19.5902173913043,39.5307971014493,2395.6,26.7351630434783,10.2688261813324,0.114293478260869,0.833333333333333,El Niño,-0.182062922484117,53.6727437290998,53.8548066515839
CAVITE,2019,1,Q1,8077,26.0348148148148,29.5238888888889,23.3059259259259,179.1,179.1,1092.0,5777.86555555556,11082.97,2596.57,24.4735185185185,45.7477777777778,603.9,26.0833669108669,-70.3427719821162,-0.0485520960520986,0.7,El Niño,-0.189562922484118,-6.89605905281773,7.08562197530185
CAVITE,2019,2,Q2,8078,28.7578754578755,32.3750915750916,26.0465201465201,2686.7,2686.7,4197.0,5918.21631388889,11921.33,2781.28,19.1531135531136,37.696336996337,2208.85,28.7065934065934,21.6334291599701,0.0512820512820511,0.566666666666667,El Niño,-0.0924017503229466,-5.00593523273036,5.0983369830533
CAVITE,2019,3,Q3,8079,26.8822463768116,29.1855072463768,25.1858695652174,7460.3,7460.3,8318.0,4295.86907777778,9032.96,1899.37,21.1021739130435,40.6942028985507,5999.15,27.0315579710145,24.3559504263104,-0.149311594202892,0.2,Neutral,-0.00807204017801765,-3.52114155362582,3.52921359380383
CAVITE,2019,4,Q4,8080,26.8335144927536,29.7021739130435,24.6179347826087,2029.7,2029.7,3527.0,5358.95042222222,9577.66,2085.83,18.3686594202898,37.6278985507246,2395.6,26.7351630434783,-15.2738353648355,0.0983514492753663,0.433333333333333,Neutral,-0.0120575474243933,-9.90680694016781,9.9188644875922
CAVITE,2020,1,Q1,8081,26.4972527472527,30.0996336996337,23.8428571428571,397.7,397.7,1521.0,5801.00970833333,10995.3,2617.27,23.8681318681319,45.2732600732601,603.9,26.0833669108669,-34.1447259480046,0.413885836385841,0.466666666666667,Neutral,0.103551935685092,-0.857295431639909,0.960847367325001
CAVITE,2020,2,Q2,8082,28.9018315018315,32.6937728937729,26.0578754578755,3096.0,3096.0,3806.0,6045.29231111111,12077.41,2856.22,18.9289377289377,37.8,2208.85,28.7065934065934,40.1634334608507,0.1952380952381,-0.0666666666666666,Neutral,0.139540946674104,3.77520564358023,3.91474659025433
CAVITE,2020,3,Q3,8083,27.5268115942029,30.3447463768116,25.3045289855072,5374.7,5374.7,5836.0,5037.47859444444,10364.36,2183.13,14.8764492753623,30.8103260869565,5999.15,27.0315579710145,-10.4089746047357,0.495253623188407,-0.633333333333333,La Niña,0.300682251021929,-4.91602561418129,5.21670786520322
CAVITE,2020,4,Q4,8084,26.6108695652174,29.1197463768116,24.745652173913,6598.4,6598.4,5838.0,4510.05254722222,8218.52,1751.64,19.1945652173913,39.8554347826087,2395.6,26.7351630434783,175.43830355652,-0.124293478260867,-1.23333333333333,La Niña,0.24502101913787,42.7620091161577,43.0070301352955
CAVITE,2021,1,Q1,8085,25.9711111111111,28.8609259259259,23.7864814814815,1483.1,1483.1,3159.0,5127.84053333333,9680.91,2131.65,19.8383333333333,38.7309259259259,603.9,26.0833669108669,145.587017718165,-0.112255799755797,-0.9,La Niña,0.113485610102461,87.6949450327001,87.8084306428026
CAVITE,2021,2,Q2,8086,28.5452380952381,32.3474358974359,25.6575091575092,2222.2,2222.2,3343.0,6078.89383333333,12155.96,2862.15,20.8124542124542,40.6798534798535,2208.85,28.7065934065934,0.604386898159672,-0.161355311355308,-0.533333333333333,La Niña,0.0243372584541088,77.8051833920274,77.8295206504815
CAVITE,2021,3,Q3,8087,27.275,29.9550724637681,25.3367753623188,6247.7,6247.7,7658.0,4815.62556111111,9796.89,2062.49,19.061231884058,38.3454710144928,5999.15,27.0315579710145,4.14308693731612,0.243442028985509,-0.533333333333333,La Niña,-0.0386156400966158,81.4431987775403,81.4818144176369
CAVITE,2021,4,Q4,8088,26.8878623188406,29.8248188405797,24.7405797101449,2276.7,2276.7,3757.0,4800.63061388889,9015.34,2050.0,20.0860507246377,38.1340579710145,2395.6,26.7351630434783,-4.96326598764402,0.15269927536232,-0.933333333333333,La Niña,0.0306325483091809,36.3428063914993,36.3734389398084
CAVITE,2022,1,Q1,8089,27.0246296296296,30.9111111111111,24.2801851851852,586.7,586.7,1517.0,5527.50878055555,10649.65,2605.81,23.8051851851852,43.8166666666667,603.9,26.0833669108669,-2.84815366782579,0.941262718762722,-0.966666666666667,La Niña,0.294012177938811,-0.765986454998503,1.05999863293731
CAVITE,2022,2,Q2,8090,28.1386446886447,32.0351648351648,25.2838827838828,3649.9,3649.9,4061.0,5570.52948333333,11604.18,2691.76,18.4201465201465,35.7315018315018,2208.85,28.7065934065934,65.2398306811237,-0.567948717948717,-1.0,La Niña,0.192363826290459,15.3928744907425,15.585238317033
CAVITE,2022,3,Q3,8091,26.8760869565217,29.8547101449275,24.7273550724638,7152.1,7152.1,6617.0,4508.36795555556,9995.51,2071.89,17.2960144927536,32.7393115942029,5999.15,27.0315579710145,19.2185559620946,-0.15547101449275,-0.9,La Niña,0.0926355654208937,19.1617417469371,19.254377312358
CAVITE,2022,4,Q4,8092,26.7284420289855,29.473731884058,24.6311594202899,3954.2,3954.2,3975.0,5046.89974166667,9280.22,2003.37,19.0259057971014,35.7847826086957,2395.6,26.7351630434783,65.0609450659542,-0.0067210144927507,-0.9,La Niña,0.0527804929571261,36.6677945103367,36.7205750032938
CAVITE,2023,1,Q1,8093,26.2544444444444,29.8062962962963,23.6518518518518,1157.1,1157.1,1785.0,5375.61837777778,10506.36,2486.63,22.8535185185185,42.1685185185185,603.9,26.0833669108669,91.6045702930949,0.171077533577538,-0.4,Neutral,-0.13976580333917,60.2809755005669,60.420741303906
CAVITE,2023,2,Q2,8094,28.2769230769231,32.0811355311355,25.3750915750916,3503.3,3503.3,4021.0,5845.33252777778,11965.48,2723.02,19.5833333333333,37.002380952381,2208.85,28.7065934065934,58.6028929080744,-0.429670329670326,0.5,El Niño,-0.105196206269572,58.6217410573045,58.7269372635741
CAVITE,2023,3,Q3,8095,27.6266304347826,30.6050724637681,25.3577898550725,4884.3,4884.3,6312.0,5196.49265,10963.39,2345.56,21.6833333333333,41.0302536231884,5999.15,27.0315579710145,-18.5834659910154,0.595072463768119,1.33333333333333,El Niño,0.082439663295645,49.171235569027,49.2536752323227
CAVITE,2023,4,Q4,8096,27.4601449275362,30.5652173913043,25.1141304347826,1730.8,1730.8,3402.0,5283.19120555556,9625.1,2202.39,20.3722826086956,39.3135869565217,2395.6,26.7351630434783,-27.750876607113,0.724981884057971,1.9,El Niño,0.265365387933326,25.9682801507602,26.2336455386935
CAVITE,2024,1,Q1,8097,27.0586080586081,30.9820512820513,24.279304029304,366.2,366.2,1145.0,5792.38951388889,11150.56,2825.49,25.5798534798535,48.1562271062271,603.9,26.0833669108669,-39.3608213280344,0.975241147741151,1.46666666666667,El Niño,0.466406291474229,-6.77306775452213,7.23947404599636
CAVITE,2024,2,Q2,8098,29.3985347985348,33.4727106227106,26.4025641025641,3122.0,3122.0,3008.0,6032.57603888889,12702.66,3102.4,20.5272893772894,39.5311355311355,2208.85,28.7065934065934,41.3405165583901,0.691941391941395,0.433333333333333,Neutral,0.746809221877159,-11.0886618419432,11.8354710638203
CAVITE,2024,3,Q3,8099,27.3505434782609,30.2063405797101,25.2219202898551,6234.0,6234.0,6708.0,4735.78584722222,10311.55,2163.0,18.7434782608696,36.1494565217391,5999.15,27.0315579710145,3.9147212521774,0.318985507246381,-0.1,Neutral,0.677787482746725,-5.46411503114499,6.14190251389172
CAVITE,2024,4,Q4,8100,27.1809259259259,29.9562271062271,25.0089743589744,2857.9,2857.9,4086.0,4749.98508333333,8876.98,1965.92,18.1771062271062,37.4159340659341,2395.6,26.7351630434783,19.2978794456504,0.445762882447667,-0.4,Neutral,0.607982732344149,6.29807398204586,6.90605671439001
CAVITE,2025,1,Q1,8101,26.8402621722846,30.1275925925926,24.5587037037037,1043.2,1043.2,2515.0,5191.14108888889,9968.22,2355.82,21.142962962963,43.8990740740741,603.9,26.0833669108669,72.7438317602252,0.756895261417743,-0.4,Neutral,0.553396260763297,34.3242372541108,34.8776335148741
CAVITE,2025,2,Q2,8102,29.3637362637363,33.4346153846154,26.4234432234432,2999.4,17.9,3083.0,5409.78556666667,12013.02,2825.37,16.8686813186813,30.5549450549451,2208.85,28.7065934065934,35.7901170292234,0.657142857142858,-0.1,Neutral,0.544696627063662,32.9366373718191,33.4813339988828
CAVITE,2025,3,Q3,8103,27.6519927536232,28.8313405797101,26.7032608695652,8971.4,540.6,7537.0,3871.08413055556,9168.56,1946.29,19.8159420289855,31.8471014492754,5999.15,27.0315579710145,49.544518806831,0.620434782608697,-0.3,Neutral,0.620058945904241,44.3440867604825,44.9641457063867
CAVITE,2025,4,Q4,8104,27.8002732240437,29.5412568306011,26.5193989071038,2312.4,294.9,2881.0,2961.04769444444,5921.48,1263.08,16.5368852459016,30.3153005464481,2395.6,26.7351630434783,-3.47303389547503,1.06511018056546,-0.6,La Niña,0.774895770433689,38.6513584252011,39.4262541956348
CEBU,2010,1,Q1,8041,27.2103174603175,30.0487301587302,24.8960317460317,1306.8,1306.8,2778.0,6490.41573888889,12488.48,2699.75,18.12,36.8650793650794,3479.79,26.7079715681144,-62.4460096729975,0.502345892203035,1.16666666666667,El Niño,0.502345892203035,-62.4460096729975,62.9483555652005
CEBU,2010,2,Q2,8042,28.9554160125589,32.2078492935636,26.2470957613815,2730.8,2730.8,3689.0,7033.47466944444,14312.27,3151.49,12.6708006279435,29.0241758241758,3948.15,28.2023076923077,-30.8334283145271,0.753108320251176,-0.166666666666667,Neutral,0.627727106227105,-46.6397189937623,47.2674460999894
CEBU,2010,3,Q3,8043,27.7610248447205,30.7175465838509,25.4032608695652,5875.8,5875.8,6511.0,6201.28891944444,12657.64,2651.29,10.7611801242236,24.9024844720497,4661.11,27.5918944099379,26.0601015637906,0.169130434782605,-1.3,La Niña,0.474861549078939,-22.406445474578,22.8813070236569
CEBU,2010,4,Q4,8044,27.195652173913,29.9664596273292,25.110248447205,5864.0,5864.0,6947.0,6061.20436666667,10800.79,2248.56,12.7566770186335,28.6100931677019,4904.33,27.2195031055901,19.567810485836,-0.0238509316770212,-1.6,La Niña,0.350183428889949,-11.9128814844745,12.2630649133644
CEBU,2011,1,Q1,8045,26.3901587301587,28.7750793650794,24.6611111111111,7170.0,7170.0,6933.0,5063.214125,10044.0,2119.58,18.4353968253968,37.7271428571429,3479.79,26.7079715681144,106.046916624279,-0.317812837955696,-1.16666666666667,La Niña,0.145143746350266,30.2103500898446,30.3554938361949
CEBU,2011,2,Q2,8046,27.5266875981162,30.1832025117739,25.4420722135008,4806.2,4806.2,5791.0,5998.59630555556,12175.05,2550.08,13.8847723704867,30.192464678179,3948.15,28.2023076923077,21.7329635398858,-0.675620094191522,-0.566666666666667,La Niña,-0.212038357260409,43.3519480534478,43.5639864107083
CEBU,2011,3,Q3,8047,27.5594720496894,30.3052795031056,25.5086956521739,4324.9,4324.9,5397.0,6029.866325,12218.72,2596.64,14.8201863354037,34.110248447205,4661.11,27.5918944099379,-7.21308872779231,-0.0324223602484465,-0.633333333333333,La Niña,-0.262426556018171,35.0336504805521,35.2960770365703
CEBU,2011,4,Q4,8048,27.2796583850932,29.9063664596273,25.2642857142857,5792.7,5792.7,6314.0,6016.58435833333,10987.44,2286.4,14.1998447204969,31.8388198757764,4904.33,27.2195031055901,18.1139931448332,0.0601552795030997,-1.03333333333333,La Niña,-0.241425003223141,34.6701961453014,34.9116211485246
CEBU,2012,1,Q1,8049,26.8860282574568,29.456671899529,24.9536891679749,4552.8,4552.8,5404.0,6159.43103611111,11716.48,2422.12,16.5761381475667,35.5356357927786,3479.79,26.7079715681144,30.8354814514669,0.178056689342409,-0.733333333333333,La Niña,-0.117457621398615,15.8673373520984,15.984794973497
CEBU,2012,2,Q2,8050,27.9434850863422,30.7579277864992,25.6791208791209,3377.5,3377.5,4605.0,6639.83224166667,13463.08,2820.66,12.8317111459969,29.2281004709576,3948.15,28.2023076923077,-14.4536048529058,-0.258822605965463,-0.266666666666667,Neutral,-0.0132582493421003,6.82069525390051,6.83395350324261
CEBU,2012,3,Q3,8051,27.5512422360248,30.223602484472,25.5472049689441,3978.6,3978.6,5423.0,5860.96303888889,12128.39,2587.81,15.7298136645963,35.2024844720497,4661.11,27.5918944099379,-14.6426494976518,-0.0406521739130418,0.333333333333333,Neutral,-0.0153157027582491,4.96330506143563,4.97862076419388
CEBU,2012,4,Q4,8052,27.364751552795,29.9546583850932,25.3316770186335,3268.3,3268.3,4814.0,6183.01884444444,11446.85,2417.36,16.4425465838509,35.8630434782609,4904.33,27.2195031055901,-33.3588889817773,0.14524844720497,0.0666666666666666,Neutral,0.00595758916721857,-7.90491547021701,7.91087305938423
CEBU,2013,1,Q1,8053,26.9922222222222,29.4606349206349,25.0492063492064,4249.6,4249.6,4585.0,5857.047225,11417.36,2421.79,18.5631746031746,36.9439682539683,3479.79,26.7079715681144,22.1223119785964,0.284250654107797,-0.366666666666667,Neutral,0.0325060803585657,-10.0832078384346,10.1157139187932
CEBU,2013,2,Q2,8054,28.4221350078493,31.3783359497645,26.0084772370487,4709.4,4709.4,5266.0,6346.09125277778,13092.95,2817.48,11.641601255887,26.6847723704867,3948.15,28.2023076923077,19.2811823258995,0.2198273155416,-0.366666666666667,Neutral,0.152168560735332,-1.64951104373332,1.80167960446866
CEBU,2013,3,Q3,8055,27.5607142857143,30.313198757764,25.4906832298137,5050.1,5050.1,6314.0,5762.05276388889,11661.43,2495.82,14.0788819875776,31.604347826087,4661.11,27.5918944099379,8.34543703109347,-0.0311801242236029,-0.333333333333333,Neutral,0.154536573157691,4.097510588453,4.25204716161069
CEBU,2013,4,Q4,8056,27.2860248447205,29.8732919254658,25.2998447204969,4196.1,4196.1,5434.0,6154.56122222222,11060.67,2316.54,15.6524844720497,34.048602484472,4904.33,27.2195031055901,-14.44091241821,0.0665217391304331,-0.233333333333333,Neutral,0.134854896139057,8.82700472934483,8.96185962548389
CEBU,2014,1,Q1,8057,26.2650793650794,28.6584126984127,24.3493650793651,4168.0,4168.0,4631.0,5641.23056666667,11145.59,2390.83,20.6663492063492,40.3915873015873,3479.79,26.7079715681144,19.7773428856339,-0.442892203035054,-0.4,Neutral,-0.0469308181466559,8.2407624561042,8.28769327425086
CEBU,2014,2,Q2,8058,28.1739403453689,31.0419152276295,25.7616954474097,5048.2,5048.2,5136.0,6351.75570555556,13078.16,2759.15,12.5135007849294,27.9301412872841,3948.15,28.2023076923077,27.8624165748515,-0.0283673469387721,0.133333333333333,Neutral,-0.108979483766749,10.3860710183422,10.495050502109
CEBU,2014,3,Q3,8059,27.464751552795,30.107298136646,25.3815217391304,4804.5,4804.5,6193.0,5477.21906388889,11413.14,2435.66,14.4836956521739,32.4173913043478,4661.11,27.5918944099379,3.07630585847578,-0.127142857142857,0.1,Neutral,-0.132970166996563,9.06878822518779,9.20175839218435
CEBU,2014,4,Q4,8060,27.2018633540373,29.7024844720497,25.2015527950311,5525.0,5525.0,6126.0,5843.66265833333,10631.69,2249.64,16.2082298136646,34.0018633540373,4904.33,27.2195031055901,12.6555513189365,-0.0176397515527959,0.6,El Niño,-0.15401053966737,15.8429041594744,15.9969146991418
CEBU,2015,1,Q1,8061,26.8528571428571,29.6709523809524,24.5414285714286,970.3,970.3,2511.0,6504.99796944444,12575.17,2738.6,18.4052380952381,36.4790476190476,3479.79,26.7079715681144,-72.1161334448343,0.144885574742719,0.5,El Niño,-0.00706609522292643,-7.13046492314262,7.13753101836555
CEBU,2015,2,Q2,8062,28.6885400313972,31.7390894819466,26.0062794348509,2770.9,2770.9,4313.0,6674.62293888889,13625.54,2986.0,12.1188383045526,27.3623233908948,3948.15,28.2023076923077,-29.8177627496422,0.486232339089479,0.933333333333333,El Niño,0.121583826284136,-21.5505097542661,21.6720935805502
CEBU,2015,3,Q3,8063,27.7902173913043,30.4656832298137,25.6493788819876,4174.7,4174.7,5498.0,6343.39966111111,12374.76,2649.0,14.814751552795,32.8608695652174,4661.11,27.5918944099379,-10.4354971240756,0.198322981366463,1.86666666666667,El Niño,0.202950285911466,-24.9284604999039,25.1314107858154
CEBU,2015,4,Q4,8064,27.6467391304348,30.1959627329193,25.5287267080745,2888.9,2888.9,4166.0,6439.58002222222,11705.47,2495.91,16.041149068323,34.4489130434783,4904.33,27.2195031055901,-41.0949100080949,0.427236024844717,2.53333333333333,El Niño,0.314169230010845,-38.3660758316618,38.6802450616726
CEBU,2016,1,Q1,8065,27.7681318681319,30.8436420722135,25.1065934065934,829.5,829.5,2214.0,6885.575575,13507.49,2972.27,17.1781789638932,35.9552590266876,3479.79,26.7079715681144,-76.162354624848,1.06016030001744,2.06666666666667,El Niño,0.542987911329526,-39.3776311266652,39.9206190379947
CEBU,2016,2,Q2,8066,29.017896389325,32.2621664050235,26.2930926216641,4621.6,4621.6,4737.0,6819.69553888889,13769.3,3082.97,12.5467817896389,28.5489795918367,3948.15,28.2023076923077,17.0573559768499,0.815588697017272,0.4,Neutral,0.625327000811474,-27.6588514450422,28.2841784458536
CEBU,2016,3,Q3,8067,28.0291925465839,30.7622670807453,25.8481366459627,4446.4,4446.4,5646.0,6132.3909,12269.19,2628.85,14.1329192546584,32.2813664596273,4661.11,27.5918944099379,-4.60641349378153,0.437298136645964,-0.5,La Niña,0.685070789631349,-26.2015805374686,26.8866513271
CEBU,2016,4,Q4,8068,27.3562111801242,29.9181677018634,25.3687888198758,5828.8,5828.8,6554.0,5802.58336666667,10451.13,2209.07,14.3937888198758,32.3774844720497,4904.33,27.2195031055901,18.8500773806004,0.136708074534162,-0.666666666666667,La Niña,0.612438802053711,-11.2153336902948,11.8277724923485
CEBU,2017,1,Q1,8069,26.114126984127,28.3604761904762,24.3371428571429,5234.7,5234.7,5929.0,5323.83185277778,10554.03,2203.03,18.3611111111111,41.2826984126984,3479.79,26.7079715681144,50.4314915555249,-0.593844583987437,-0.133333333333333,Neutral,0.19893758105249,20.4331278547984,20.6320654358509
CEBU,2017,2,Q2,8070,27.4830455259027,29.7799058084772,25.5943485086342,5005.6,5005.6,6613.0,6586.77693611111,12869.6,2598.5,12.2186813186813,30.2827315541601,3948.15,28.2023076923077,26.7834302141509,-0.71926216640502,0.266666666666667,Neutral,-0.184775134803083,22.8646464141237,23.0494215489268
CEBU,2017,3,Q3,8071,27.1518633540373,29.4406832298137,25.3723602484472,6559.8,6559.8,7270.0,5682.58925277778,11270.22,2306.59,12.3388198757764,30.9062111801242,4661.11,27.5918944099379,40.7347176959995,-0.440031055900619,-0.133333333333333,Neutral,-0.404107432939728,34.1999292115689,34.6040366445087
CEBU,2017,4,Q4,8072,26.8555900621118,28.9673913043478,25.2076086956522,6589.0,6589.0,7459.0,5411.70463333333,9815.9,2038.52,15.0625776397516,36.7114906832298,4904.33,27.2195031055901,34.3506656362847,-0.363913043478263,-0.833333333333333,La Niña,-0.529262712442835,38.07507627549,38.6043389879328
CEBU,2018,1,Q1,8073,26.4563492063492,28.7985714285714,24.6046031746032,4764.1,4764.1,5571.0,5850.45069166667,11428.66,2330.86,16.4309523809524,37.9492063492063,3479.79,26.7079715681144,36.907686958121,-0.251622361765214,-0.833333333333333,La Niña,-0.443707156887279,34.694125126139,35.1378322830263
CEBU,2018,2,Q2,8074,27.6794348508634,30.1634222919937,25.6152276295133,3322.8,3322.8,5771.0,6619.18486666667,13033.79,2699.99,13.3076923076923,32.6147566718995,3948.15,28.2023076923077,-15.8390638653547,-0.522872841444268,-0.233333333333333,Neutral,-0.394609825647091,24.0385016062626,24.4331114319097
CEBU,2018,3,Q3,8075,27.4228260869565,29.7908385093168,25.5821428571429,3584.8,3584.8,6029.0,6140.73943888889,12049.34,2555.55,16.0816770186335,40.1422360248447,4661.11,27.5918944099379,-23.0912808322481,-0.169068322981367,0.266666666666667,Neutral,-0.326869142417278,8.08200197420074,8.40887111661802
CEBU,2018,4,Q4,8076,26.914751552795,29.2462732919255,25.0663043478261,4767.4,4767.4,7407.0,6123.11280277778,11235.15,2317.39,15.0194099378882,36.2833850931677,4904.33,27.2195031055901,-2.79202255965647,-0.304751552795036,0.833333333333333,El Niño,-0.312078769746472,-1.20367007478455,1.51574884453102
CEBU,2019,1,Q1,8077,26.1444444444444,28.7528571428571,23.8739682539683,1552.1,1552.1,3958.0,6483.87260277778,12884.64,2706.62,18.157619047619,39.8414285714286,3479.79,26.7079715681144,-55.3967337109423,-0.563527123669974,0.7,El Niño,-0.390054960222662,-24.2797752420504,24.6698302022731
CEBU,2019,2,Q2,8078,28.1324960753532,30.8642072213501,25.8499215070644,3088.5,3088.5,5822.0,6877.09101666667,13650.96,2903.02,13.7422291993721,33.4387755102041,3948.15,28.2023076923077,-21.7734888492079,-0.0698116169544711,0.566666666666667,El Niño,-0.276789654100212,-25.7633814880137,26.0401711421139
CEBU,2019,3,Q3,8079,27.6276397515528,29.9930124223602,25.7246894409938,3811.5,3811.5,6200.0,5727.02702222222,11879.62,2562.15,16.2700310559006,38.7097826086956,4661.11,27.5918944099379,-18.2276324738099,0.0357453416149091,0.2,Neutral,-0.225586237951143,-24.5474693984041,24.7730556363553
CEBU,2019,4,Q4,8080,27.0937888198758,29.5680124223602,25.1526397515528,4323.1,4323.1,7182.0,6202.39874444444,11224.7,2332.68,14.2888198757764,34.7850931677019,4904.33,27.2195031055901,-11.8513639987521,-0.125714285714285,0.433333333333333,Neutral,-0.180826921180955,-26.812304758178,26.993131679359
CEBU,2020,1,Q1,8081,26.8324960753532,29.5204081632653,24.5863422291994,2065.9,2065.9,5178.0,6708.34293055556,13042.82,2777.5,17.5163265306122,39.4224489795918,3479.79,26.7079715681144,-40.6314748878524,0.124524507238792,0.466666666666667,Neutral,-0.00881401345376355,-23.1209900524056,23.1298040658593
CEBU,2020,2,Q2,8082,28.1747252747253,30.9816326530612,25.8255886970173,3620.0,3620.0,6063.0,6553.90338055556,13333.78,2876.87,14.0130298273155,33.5224489795918,3948.15,28.2023076923077,-8.3114876587769,-0.027582417582419,-0.0666666666666666,Neutral,0.00174328638924947,-19.7554897547978,19.7572330411871
CEBU,2020,3,Q3,8083,27.4086956521739,29.8065217391304,25.4403726708074,5831.3,5831.3,7708.0,5996.47413611111,11990.58,2451.43,11.9934782608696,29.8571428571429,4661.11,27.5918944099379,25.1053933505109,-0.183198757763971,-0.633333333333333,La Niña,-0.0529927384554707,-8.92223329871762,8.97522603717309
CEBU,2020,4,Q4,8084,26.955900621118,29.182298136646,25.286801242236,6328.1,6328.1,8621.0,5504.791775,10138.65,2068.37,13.9973602484472,33.9681677018634,4904.33,27.2195031055901,29.0308767966267,-0.263602484472056,-1.23333333333333,La Niña,-0.0874647881449135,1.29832690012707,1.38579168827198
CEBU,2021,1,Q1,8085,26.4120634920635,28.618253968254,24.6603174603175,5266.8,5266.8,7881.0,5562.84741944444,10960.33,2232.29,15.7777777777778,37.0457142857143,3479.79,26.7079715681144,51.3539610148888,-0.295908076050935,-0.9,La Niña,-0.192572933967345,24.2946858758124,24.4872588097797
CEBU,2021,2,Q2,8086,27.4453689167975,29.8334379905809,25.4348508634223,5493.8,5493.8,7286.0,6279.09340277778,12465.42,2568.03,13.1200941915228,32.6135007849294,3948.15,28.2023076923077,39.1487152210529,-0.756938775510203,-0.533333333333333,La Niña,-0.374912023449292,36.1597365957698,36.5346486192191
CEBU,2021,3,Q3,8087,27.4818322981366,29.779347826087,25.6018633540373,4843.9,4843.9,7292.0,6102.63158055556,12098.62,2533.29,13.4450310559006,33.0150621118012,4661.11,27.5918944099379,3.92159807427844,-0.110062111801241,-0.533333333333333,La Niña,-0.356627861958609,30.8637877767117,31.2204156386703
CEBU,2021,4,Q4,8088,26.7866459627329,29.1689440993789,24.9493788819876,7195.6,7195.6,8100.0,5437.28392222222,10484.81,2163.75,16.3847826086957,36.3277950310559,4904.33,27.2195031055901,46.7193276145773,-0.432857142857145,-0.933333333333333,La Niña,-0.398941526554881,35.2859004811994,35.6848420077543
CEBU,2022,1,Q1,8089,26.4090476190476,28.8084126984127,24.4644444444444,3927.8,3927.8,6054.0,5695.79348611111,11792.77,2393.6,16.6787301587302,35.6550793650794,3479.79,26.7079715681144,12.8746274918889,-0.298923949066804,-0.966666666666667,La Niña,-0.399695494808848,25.6660671004494,26.0657625952582
CEBU,2022,2,Q2,8090,27.1376766091052,29.5549450549451,25.0792778649922,6929.1,6929.1,7067.0,6047.15919166667,12904.0,2609.96,13.8139717425432,30.4654631083203,3948.15,28.2023076923077,75.5024505147981,-1.06463108320251,-1.0,La Niña,-0.476618571731925,34.7545009238857,35.2311194956176
CEBU,2022,3,Q3,8091,27.2436335403727,29.7495341614907,25.1554347826087,5974.4,5974.4,6804.0,5991.23622777778,12579.39,2555.59,12.3164596273292,28.175,4661.11,27.5918944099379,28.1754775150125,-0.348260869565209,-0.9,La Niña,-0.536168261172917,40.8179707840692,41.3541390452421
CEBU,2022,4,Q4,8092,26.8447204968944,29.2413043478261,24.9538819875776,6479.8,6479.8,7846.0,5439.09541111111,10837.51,2217.2,15.1762422360248,33.4774844720497,4904.33,27.2195031055901,32.1240617984516,-0.374782608695654,-0.9,La Niña,-0.521649627632544,37.1691543300378,37.6908039576703
CEBU,2023,1,Q1,8093,26.1934920634921,28.6247619047619,24.2896825396825,5977.1,5977.1,6798.0,5236.163675,11058.75,2270.04,17.2649206349206,36.3452380952381,3479.79,26.7079715681144,71.7661123228701,-0.514479504622361,-0.4,Neutral,-0.575538516521434,51.8920255377831,52.4675640543045
CEBU,2023,2,Q2,8094,27.794191522763,30.4960753532182,25.4841444270016,4444.6,4444.6,5727.0,6487.08089166667,13471.75,2817.24,13.2207221350079,29.7414442700157,3948.15,28.2023076923077,12.574243633094,-0.408116169544737,0.5,El Niño,-0.41140978810699,36.159973817357,36.571383605464
CEBU,2023,3,Q3,8095,27.7048136645963,30.4091614906832,25.5756211180124,4989.6,4989.6,6076.0,6146.06720833333,12805.57,2744.49,15.380900621118,34.144099378882,4661.11,27.5918944099379,7.04746294337616,0.112919254658394,1.33333333333333,El Niño,-0.29611475705109,30.8779701744479,31.174084931499
CEBU,2023,4,Q4,8096,27.3465838509317,30.0507763975155,25.1593167701863,4283.6,4283.6,6327.0,6222.02105,11914.52,2480.01,14.4892857142857,31.7936335403727,4904.33,27.2195031055901,-12.6567747276386,0.127080745341615,1.9,El Niño,-0.170648918541772,19.6827610429254,19.8534099614672
CEBU,2024,1,Q1,8097,27.0952904238619,30.1444270015699,24.5580847723705,1088.7,1088.7,3536.0,6606.998525,13285.9,2968.2,19.5014128728414,39.5392464678179,3479.79,26.7079715681144,-68.7136292707319,0.387318855747427,1.46666666666667,El Niño,0.0548006715506748,-15.4371743554751,15.4919750270258
CEBU,2024,2,Q2,8098,29.0427001569859,32.4979591836735,26.1021978021978,2976.6,2976.6,4282.0,6939.81775277778,14675.13,3334.54,15.9361067503925,34.3841444270016,3948.15,28.2023076923077,-24.6077276699214,0.840392464678185,0.433333333333333,Neutral,0.366927830106405,-24.7326671812289,25.0995950113353
CEBU,2024,3,Q3,8099,27.6742236024845,30.3083850931677,25.6363354037267,6592.1,6592.1,6786.0,5845.743625,12437.08,2622.05,14.3577639751553,31.1863354037267,4661.11,27.5918944099379,41.4276856800204,0.0823291925465881,-0.1,Neutral,0.359280314578454,-16.1376114970679,16.4968918116463
CEBU,2024,4,Q4,8100,27.3061904761905,30.1050235478807,25.1609105180534,5132.5,5132.5,6450.0,5783.89208611111,10994.66,2341.5,15.6632653061224,33.7503924646782,4904.33,27.2195031055901,4.65241939265914,0.0866873706004156,-0.4,Neutral,0.349181970893154,-11.8103129669934,12.1594949378866
CEBU,2025,1,Q1,8101,26.6354735152488,29.4130158730159,24.5384126984127,4774.6,4774.6,6362.0,5776.24645833333,11564.63,2403.97,16.9939682539683,36.6168253968254,3479.79,26.7079715681144,37.209429304642,-0.0724980528656225,-0.4,Neutral,0.234227743739892,14.67045167685,14.9046794205899
CEBU,2025,2,Q2,8102,28.2290423861852,31.8224489795918,25.4970172684458,2120.2,19.4,3790.0,6285.842025,12836.59,2721.98,10.374568288854,26.6257456828885,3948.15,28.2023076923077,-46.2988994845687,0.0267346938775538,-0.1,Neutral,0.0308133010397338,9.2476587231882,9.27847202422794
CEBU,2025,3,Q3,8103,27.5703416149068,30.9105590062112,25.1731366459627,3353.7,354.2,4589.0,5392.490575,11535.13,2481.79,11.5577639751553,29.813198757764,4661.11,27.5918944099379,-28.0493273061567,-0.0215527950310558,-0.3,Neutral,0.00484280414532278,-8.12159452335608,8.1264373275014
CEBU,2025,4,Q4,8104,27.2955503512881,30.3662763466042,25.1531615925059,3779.7,913.0,4284.0,3496.27898333333,6741.28,1414.1,9.96651053864168,28.3882903981265,4904.33,27.2195031055901,-22.9313688108264,0.0760472456979926,-0.6,La Niña,0.00218277291971702,-15.0175415742275,15.0197243471472
COTABATO,2010,1,Q1,8041,25.8422222222222,30.2377777777778,22.35,627.0,627.0,717.0,911.843391666667,1746.84,357.7,5.68,26.2566666666667,889.34,25.2703919413919,-29.4982796230913,0.57183028083028,1.16666666666667,El Niño,0.57183028083028,-29.4982796230913,30.0701099039216
COTABATO,2010,2,Q2,8042,26.5252747252747,30.5868131868132,23.510989010989,1026.9,1026.9,913.0,890.594222222222,1707.72,353.36,5.60989010989011,22.3516483516484,1025.29,25.9501098901099,0.157028743087334,0.575164835164838,-0.166666666666667,Neutral,0.573497557997559,-14.670625440002,15.2441229979995
COTABATO,2010,3,Q3,8043,25.6836956521739,29.5717391304348,22.9684782608696,1023.0,1023.0,994.0,842.101305555556,1631.28,334.02,5.87282608695652,22.2902173913043,715.19,25.3183695652174,43.0389127364756,0.365326086956525,-1.3,La Niña,0.504107067650548,4.56588728549056,5.06999435314111
COTABATO,2010,4,Q4,8044,25.4913043478261,29.3641304347826,22.7684782608696,947.8,947.8,1011.0,865.3157,1526.59,311.99,5.84891304347826,23.7652173913044,936.42,25.3221739130435,1.21526665385189,0.169130434782605,-1.6,La Niña,0.420362909433562,3.7282321275809,4.14859503701446
COTABATO,2011,1,Q1,8045,24.8977777777778,28.6466666666667,22.3044444444444,1633.1,1633.1,1132.0,751.136522222222,1438.13,291.98,5.28666666666667,25.73,889.34,25.2703919413919,83.6305574920728,-0.372614163614163,-1.16666666666667,La Niña,0.184251798322451,32.0104414063719,32.1946932046944
COTABATO,2011,2,Q2,8046,25.4142857142857,29.0296703296703,23.0131868131868,1246.8,1246.8,1105.0,754.19055,1482.84,302.94,6.27252747252747,24.4340659340659,1025.29,25.9501098901099,21.6046191809147,-0.535824175824178,-0.566666666666667,La Niña,-0.0934954544248026,37.3723390158287,37.4658344702535
COTABATO,2011,3,Q3,8047,25.1413043478261,28.7326086956522,22.7521739130435,575.8,575.8,814.0,807.606958333333,1563.71,316.08,7.13369565217391,26.3380434782609,715.19,25.3183695652174,-19.4899257539954,-0.177065217391302,-0.633333333333333,La Niña,-0.229093280511759,21.740129393211,21.9692226737227
COTABATO,2011,4,Q4,8048,25.3097826086956,28.9836956521739,22.6130434782609,889.7,889.7,967.0,805.512808333333,1502.56,306.01,5.6945652173913,24.9467391304348,936.42,25.3221739130435,-4.98921424147286,-0.0123913043478296,-1.03333333333333,La Niña,-0.274473715294368,20.1890091693798,20.4634828846742
COTABATO,2012,1,Q1,8049,25.0846153846154,28.8934065934066,22.1978021978022,1125.3,1125.3,1047.0,832.362163888889,1545.54,313.08,5.57802197802198,27.256043956044,889.34,25.2703919413919,26.5320349922414,-0.18577655677656,-0.733333333333333,La Niña,-0.227764313584967,5.91437854442195,6.14214285800692
COTABATO,2012,2,Q2,8050,25.5978021978022,29.3241758241758,22.989010989011,893.3,893.3,930.0,842.581372222222,1613.76,328.95,6.31758241758242,24.2824175824176,1025.29,25.9501098901099,-12.8734309317364,-0.35230769230769,-0.266666666666667,Neutral,-0.181885192705845,-2.70513398374081,2.88701917644666
COTABATO,2012,3,Q3,8051,25.1782608695652,28.6673913043478,22.7804347826087,678.2,678.2,899.0,800.713597222222,1571.99,317.69,7.42391304347826,26.7989130434783,715.19,25.3183695652174,-5.17205218193765,-0.140108695652177,0.333333333333333,Neutral,-0.172646062271064,0.874334409273635,1.0469804715447
COTABATO,2012,4,Q4,8052,25.3858695652174,29.0739130434783,22.6478260869565,1131.4,1131.4,1042.0,854.324794444444,1524.42,309.69,5.47391304347826,27.8923913043478,936.42,25.3221739130435,20.8218534418317,0.0636956521739122,0.0666666666666666,Neutral,-0.153624323140629,7.32710133009976,7.48072565324039
COTABATO,2013,1,Q1,8053,25.2533333333333,29.0011111111111,22.3677777777778,1263.0,1263.0,1103.0,769.769802777778,1508.41,307.28,5.38111111111111,26.65,889.34,25.2703919413919,42.0154271707109,-0.0170586080586119,-0.366666666666667,Neutral,-0.111444835961142,11.1979493747171,11.3093942106783
COTABATO,2013,2,Q2,8054,25.9857142857143,29.7428571428571,23.3230769230769,1079.9,1079.9,1059.0,801.087577777778,1579.0,324.98,6.09120879120879,23.0274725274725,1025.29,25.9501098901099,5.326297925465,0.0356043956043947,-0.366666666666667,Neutral,-0.0144668139831206,15.7478815890175,15.7623484030006
COTABATO,2013,3,Q3,8055,25.1989130434783,28.729347826087,22.829347826087,981.3,981.3,1022.0,775.390186111111,1538.63,312.05,6.84891304347826,25.5869565217391,715.19,25.3183695652174,37.2082942994169,-0.119456521739128,-0.333333333333333,Neutral,-0.00930377050485822,26.3429682093561,26.352271979861
COTABATO,2013,4,Q4,8056,25.2054347826087,28.7684782608696,22.6521739130435,1030.3,1030.3,1095.0,816.226811111111,1460.5,296.51,6.24239130434783,27.0858695652174,936.42,25.3221739130435,10.0254159458363,-0.116739130434784,-0.233333333333333,Neutral,-0.0544124661570322,23.6438588353573,23.6982713015143
COTABATO,2014,1,Q1,8057,25.1122222222222,28.8288888888889,22.1477777777778,1041.2,1041.2,961.0,798.589927777778,1535.76,311.54,5.66222222222222,26.1966666666667,889.34,25.2703919413919,17.0755841410484,-0.158169719169717,-0.4,Neutral,-0.0896902439348084,17.4088980779417,17.4985883218765
COTABATO,2014,2,Q2,8058,26.1175824175824,29.8648351648352,23.4989010989011,835.6,835.6,976.0,847.415930555556,1630.87,335.08,6.21758241758242,22.4131868131868,1025.29,25.9501098901099,-18.5011070038721,0.167472527472523,0.133333333333333,Neutral,-0.0567232109677764,11.4520468456074,11.5087700565752
COTABATO,2014,3,Q3,8059,25.3445652173913,28.720652173913,22.9923913043478,755.0,755.0,875.0,771.229491666667,1549.82,314.73,7.38804347826087,25.8282608695652,715.19,25.3183695652174,5.56635299710567,0.0261956521739108,0.1,Neutral,-0.0203101674895167,3.54156152002957,3.56187168751909
COTABATO,2014,4,Q4,8060,25.4967391304348,29.0913043478261,23.0163043478261,812.6,812.6,1001.0,835.175036111111,1518.35,309.2,6.6445652173913,25.3760869565217,936.42,25.3221739130435,-13.2226992161637,0.174565217391301,0.6,El Niño,0.0525159194670044,-2.27046727047041,2.32298318993742
COTABATO,2015,1,Q1,8061,25.6455555555556,29.8911111111111,22.2544444444444,549.7,549.7,754.0,917.612930555556,1720.17,353.06,6.19444444444444,26.2144444444444,889.34,25.2703919413919,-38.1901185148537,0.375163614163615,0.5,El Niño,0.185849252800337,-16.0868929344459,16.2727421872463
COTABATO,2015,2,Q2,8062,26.5087912087912,30.4318681318681,23.8186813186813,847.5,847.5,988.0,871.433088888889,1649.69,343.57,6.6,22.6714285714286,1025.29,25.9501098901099,-17.3404597723571,0.55868131868132,0.933333333333333,El Niño,0.283651450602536,-15.7967311265672,16.0803825771697
COTABATO,2015,3,Q3,8063,25.475,28.7978260869565,23.1380434782609,636.3,636.3,790.0,840.880208333333,1582.25,320.48,7.3554347826087,27.8652173913043,715.19,25.3183695652174,-11.0306352158168,0.15663043478261,1.86666666666667,El Niño,0.316260146254711,-19.9459781797978,20.2622383260525
COTABATO,2015,4,Q4,8064,25.7717391304348,29.6217391304348,22.9336956521739,683.7,683.7,831.0,926.660638888889,1614.14,328.84,6.12391304347826,25.8152173913043,936.42,25.3221739130435,-26.9878900493368,0.449565217391303,2.53333333333333,El Niño,0.385010146254712,-23.3872758880911,23.7722860343458
COTABATO,2016,1,Q1,8065,27.0626373626374,32.2351648351648,23.0351648351648,159.9,159.9,385.0,983.148630555556,1868.65,397.05,6.78901098901099,26.0098901098901,889.34,25.2703919413919,-82.0203746598601,1.79224542124542,2.06666666666667,El Niño,0.739280598025163,-34.3448399243427,35.0841205223679
COTABATO,2016,2,Q2,8066,27.1461538461538,31.4054945054945,24.2956043956044,1037.5,1037.5,942.0,860.853811111111,1672.1,353.73,6.20879120879121,23.132967032967,1025.29,25.9501098901099,1.19088257956286,1.19604395604396,0.4,Neutral,0.898621257365822,-29.7120043363627,30.6106255937285
COTABATO,2016,3,Q3,8067,25.9521739130435,29.520652173913,23.5271739130435,727.3,727.3,857.0,867.557147222222,1661.55,339.35,6.77282608695652,26.2967391304348,715.19,25.3183695652174,1.69325633747677,0.633804347826089,-0.5,La Niña,1.01791473562669,-26.5310314480393,27.548946183666
COTABATO,2016,4,Q4,8068,25.5510869565217,29.1032608695652,23.1423913043478,1306.8,1306.8,1144.0,760.352852777778,1403.4,287.84,5.97717391304348,25.3478260869565,936.42,25.3221739130435,39.5527647850323,0.228913043478258,-0.666666666666667,La Niña,0.962751692148431,-9.89586773944704,10.8586194315955
COTABATO,2017,1,Q1,8069,24.5333333333333,27.3133333333333,22.2477777777778,1147.3,1147.3,1065.0,785.802997222222,1437.7,284.43,9.27666666666667,25.7866666666667,889.34,25.2703919413919,29.0057795668698,-0.737058608058611,-0.133333333333333,Neutral,0.330425684822424,17.8606708172354,18.1910965020579
COTABATO,2017,2,Q2,8070,25.2362637362637,28.021978021978,22.9835164835165,1440.1,1440.1,1247.0,863.7735,1586.15,314.1,8.17692307692308,22.343956043956,1025.29,25.9501098901099,40.4578216894732,-0.713846153846152,0.266666666666667,Neutral,-0.147046842650104,27.677405594713,27.8244524373631
COTABATO,2017,3,Q3,8071,24.9826086956522,27.8380434782609,22.6782608695652,736.7,736.7,857.0,795.692397222222,1541.59,311.55,8.11413043478261,22.1086956521739,715.19,25.3183695652174,3.00759238803676,-0.33576086956522,-0.133333333333333,Neutral,-0.389438146997931,28.005989607353,28.395427754351
COTABATO,2017,4,Q4,8072,24.8913043478261,27.6086956521739,22.6913043478261,762.0,762.0,998.0,774.421108333333,1438.91,288.59,9.0945652173913,25.8902173913044,936.42,25.3221739130435,-18.6262574485808,-0.430869565217389,-0.833333333333333,La Niña,-0.554383799171843,13.4612340489498,14.0156178481216
COTABATO,2018,1,Q1,8073,24.7788888888889,27.7733333333333,22.1677777777778,769.4,769.4,966.0,837.127386111111,1582.45,312.32,9.16222222222222,24.0255555555556,889.34,25.2703919413919,-13.4864056491331,-0.491503052503056,-0.833333333333333,La Niña,-0.492994910282954,2.83818774494904,3.33118265523199
COTABATO,2018,2,Q2,8074,25.3835164835165,28.489010989011,22.8538461538462,842.3,842.3,1099.0,877.124533333333,1695.65,339.09,8.02527472527473,22.0714285714286,1025.29,25.9501098901099,-17.8476333525149,-0.566593406593405,-0.233333333333333,Neutral,-0.456181723469768,-11.738176015548,12.1943577390178
COTABATO,2018,3,Q3,8075,25.0532608695652,28.0054347826087,22.6304347826087,475.8,475.8,755.0,853.600522222222,1700.44,348.52,9.42826086956522,26.6369565217391,715.19,25.3183695652174,-33.4722241642081,-0.265108695652177,0.266666666666667,Neutral,-0.438518679991507,-20.8581301536092,21.2966488336007
COTABATO,2018,4,Q4,8076,24.9402173913043,27.8565217391304,22.4391304347826,843.7,843.7,1260.0,882.615577777778,1608.96,316.9,8.69347826086956,22.8989130434783,936.42,25.3221739130435,-9.90153990730655,-0.381956521739131,0.833333333333333,El Niño,-0.426290419121942,-18.6769507682907,19.1032411874126
COTABATO,2019,1,Q1,8077,24.4933333333333,27.9111111111111,21.4688888888889,577.5,577.5,843.0,876.544661111111,1679.55,332.29,10.3244444444444,26.7877777777778,889.34,25.2703919413919,-35.0642049160051,-0.777058608058606,0.7,El Niño,-0.49767930801083,-24.0714005850087,24.5690798930195
COTABATO,2019,2,Q2,8078,25.5857142857143,28.7549450549451,22.9208791208791,1003.0,1003.0,1171.0,909.256366666667,1731.22,347.3,8.38681318681319,22.6846153846154,1025.29,25.9501098901099,-2.1740190580226,-0.3643956043956,0.566666666666667,El Niño,-0.447129857461379,-20.1529970113856,20.600126868847
COTABATO,2019,3,Q3,8079,25.1739130434783,28.2695652173913,22.5228260869565,562.5,562.5,828.0,838.354094444445,1714.82,351.88,8.43913043478261,23.095652173913,715.19,25.3183695652174,-21.3495714425537,-0.14445652173913,0.2,Neutral,-0.416966813983117,-17.122333830972,17.5393006449551
COTABATO,2019,4,Q4,8080,25.1782608695652,28.2510869565217,22.5467391304348,956.2,956.2,1020.0,914.403769444444,1659.42,333.11,8.45434782608696,22.7108695652174,936.42,25.3221739130435,2.11230003630849,-0.143913043478264,0.433333333333333,Neutral,-0.3574559444179,-14.1188738450682,14.4763297894861
COTABATO,2020,1,Q1,8081,25.2010989010989,28.9054945054945,22.1296703296703,671.1,671.1,970.0,928.459661111111,1756.54,353.18,9.85934065934066,24.5032967032967,889.34,25.2703919413919,-24.5395461803135,-0.0692930402930365,0.466666666666667,Neutral,-0.180514552476508,-11.4877091611453,11.6682237136218
COTABATO,2020,2,Q2,8082,25.7747252747253,29.2142857142857,22.9692307692308,1298.8,1298.8,1266.0,860.2843,1721.9,349.98,8.61538461538461,22.0494505494506,1025.29,25.9501098901099,26.6763549824928,-0.175384615384612,-0.0666666666666666,Neutral,-0.133261805223761,-4.27511565101649,4.40837745624025
COTABATO,2020,3,Q3,8083,25.1836956521739,28.1771739130435,22.6413043478261,1095.7,1095.7,1221.0,832.770388888889,1643.77,327.19,7.41195652173913,21.5586956521739,715.19,25.3183695652174,53.2040436807003,-0.134673913043475,-0.633333333333333,La Niña,-0.130816153049847,14.363288129797,14.4941042828469
COTABATO,2020,4,Q4,8084,24.9413043478261,27.6945652173913,22.6108695652174,1082.4,1082.4,1138.0,781.440947222222,1450.9,290.25,7.78478260869565,22.2358695652174,936.42,25.3221739130435,15.5891587108349,-0.380869565217392,-1.23333333333333,La Niña,-0.190055283484629,17.7325027984286,17.9225580819132
COTABATO,2021,1,Q1,8085,24.5,27.4255555555556,22.0055555555556,999.7,999.7,1232.0,772.285247222222,1499.25,293.83,9.01333333333333,24.1133333333333,889.34,25.2703919413919,12.4092023298176,-0.770391941391942,-0.9,La Niña,-0.365330008759355,26.9696899259614,27.3350199347207
COTABATO,2021,2,Q2,8086,25.1032967032967,27.9846153846154,22.6604395604396,1423.8,1423.8,1278.0,822.925855555556,1613.7,321.82,8.07142857142857,22.6868131868132,1025.29,25.9501098901099,38.8680275824401,-0.846813186813186,-0.533333333333333,La Niña,-0.533187151616499,30.0176080759482,30.5507952275647
COTABATO,2021,3,Q3,8087,25.2173913043478,28.2217391304348,22.7413043478261,1078.7,1078.7,1048.0,853.526555555556,1673.18,338.48,7.975,22.2347826086956,715.19,25.3183695652174,50.8270529509641,-0.100978260869567,-0.533333333333333,La Niña,-0.524763238573022,29.4233603935142,29.9481236320872
COTABATO,2021,4,Q4,8088,24.7630434782609,28.0195652173913,22.2152173913043,1187.5,1187.5,971.0,764.728225,1520.98,303.66,9.24782608695652,24.070652173913,936.42,25.3221739130435,26.812754960381,-0.55913043478261,-0.933333333333333,La Niña,-0.569328455964326,32.2292594559007,32.798587911865
COTABATO,2022,1,Q1,8089,24.4366666666667,27.8522222222222,21.7966666666667,1349.3,1349.3,1089.0,779.38205,1564.32,306.71,9.66333333333333,25.2555555555556,889.34,25.2703919413919,51.7192524793667,-0.833725274725275,-0.966666666666667,La Niña,-0.585161789297659,42.056771993288,42.6419337825856
COTABATO,2022,2,Q2,8090,24.7186813186813,27.8934065934066,22.2296703296703,1762.6,1762.6,1221.0,753.763952777778,1588.47,313.28,8.43736263736264,23.3362637362637,1025.29,25.9501098901099,71.9123369973373,-1.23142857142857,-1.0,La Niña,-0.681315635451505,50.3178493470123,50.9991649824638
COTABATO,2022,3,Q3,8091,24.804347826087,28.2576086956522,22.0739130434783,1147.8,1147.8,935.0,823.691616666667,1724.99,342.33,8.59565217391304,22.8326086956522,715.19,25.3183695652174,60.488821152421,-0.514021739130431,-0.9,La Niña,-0.784576505016721,52.7332913973765,53.5178679023933
COTABATO,2022,4,Q4,8092,24.654347826087,27.9021739130435,22.175,1308.8,1308.8,1011.0,772.765813888889,1534.78,304.67,9.04347826086956,23.8152173913043,936.42,25.3221739130435,39.7663441618077,-0.667826086956524,-0.9,La Niña,-0.8117504180602,55.9716886977332,56.7834391157934
COTABATO,2023,1,Q1,8093,24.1955555555556,27.5055555555556,21.7233333333333,1286.3,1286.3,1139.0,709.638638888889,1484.1,289.51,9.33222222222222,24.87,889.34,25.2703919413919,44.6353475611127,-1.07483638583638,-0.4,Neutral,-0.872028195837977,54.2007124681697,55.0727406640077
COTABATO,2023,2,Q2,8094,25.2956043956044,28.7296703296703,22.7076923076923,1092.6,1092.6,960.0,821.936302777778,1730.25,346.69,9.04065934065934,23.8406593406593,1025.29,25.9501098901099,6.56497186161963,-0.654505494505489,0.5,El Niño,-0.727797426607207,37.8638711842403,38.5916686108475
COTABATO,2023,3,Q3,8095,25.2695652173913,28.570652173913,22.75,979.1,979.1,848.0,835.156902777778,1733.24,356.3,9.92826086956522,24.5173913043478,715.19,25.3183695652174,36.9006837343923,-0.0488043478260848,1.33333333333333,El Niño,-0.61149307878112,31.9668368297331,32.5783299085142
COTABATO,2023,4,Q4,8096,25.3673913043478,28.7565217391304,22.5445652173913,954.8,954.8,976.0,879.613730555556,1645.53,328.72,8.56630434782609,23.1652173913043,936.42,25.3221739130435,1.96279447256572,0.0452173913043481,1.9,El Niño,-0.433232209215903,22.5159494074226,22.9491816166385
COTABATO,2024,1,Q1,8097,25.3208791208791,29.0989010989011,22.2230769230769,751.2,751.2,867.0,878.076733333333,1723.37,347.96,9.98351648351648,25.8989010989011,889.34,25.2703919413919,-15.532867069962,0.0504871794871775,1.46666666666667,El Niño,-0.151901317885012,7.47389574965391,7.62579706753892
COTABATO,2024,2,Q2,8098,26.1032967032967,30.1406593406593,23.0032967032967,1419.6,1419.6,1018.0,878.802672222222,1801.26,369.06,9.07032967032967,22.8296703296703,1025.29,25.9501098901099,38.4583873830819,0.153186813186814,0.433333333333333,Neutral,0.0500217590380636,15.4472496300195,15.4972713890575
COTABATO,2024,3,Q3,8099,25.3065217391304,28.6,22.7478260869565,1002.8,1002.8,978.0,811.034447222222,1678.34,340.52,8.99565217391304,22.8989130434783,715.19,25.3183695652174,40.2144884576127,-0.0118478260869601,-0.1,Neutral,0.0592608894728448,16.2757008108246,16.3349617002974
COTABATO,2024,4,Q4,8100,25.1944444444444,28.6945054945055,22.6340659340659,1208.7,1208.7,1025.0,795.902880555556,1568.73,314.82,8.52087912087912,23.3868131868132,936.42,25.3221739130435,29.0766963542,-0.127729468599036,-0.4,Neutral,0.0160241744969989,23.0541762812331,23.0702004557301
COTABATO,2025,1,Q1,8101,24.6415730337079,28.1,22.1344444444444,1597.7,1597.7,1237.0,778.487352777778,1536.58,301.1,8.74111111111111,24.0477777777778,889.34,25.2703919413919,79.6500775856253,-0.628818907684078,-0.4,Neutral,-0.153802347295815,46.84991244513,47.0037147924258
COTABATO,2025,2,Q2,8102,26.3868131868132,30.6252747252747,23.221978021978,384.2,7.4,552.0,835.048661111111,1734.12,359.81,7.30989010989011,19.8835164835165,1025.29,25.9501098901099,-62.5276750968019,0.436703296703296,-0.1,Neutral,-0.0829232264166943,21.603396825159,21.6863200515757
COTABATO,2025,3,Q3,8103,26.0652173913043,30.3369565217391,22.7021739130435,460.0,13.0,494.0,801.444741666667,1761.96,364.15,8.31413043478261,21.9369565217391,715.19,25.3183695652174,-35.6814273130217,0.746847826086956,-0.3,Neutral,0.106750686626785,2.62941788250044,2.73616856912723
COTABATO,2025,4,Q4,8104,26.2377049180328,30.3081967213115,23.1622950819672,285.6,0.5,386.0,525.771366666667,1112.32,229.05,8.44754098360656,23.2885245901639,936.42,25.3221739130435,-69.5008649964759,0.915531004989308,-0.6,La Niña,0.367565805023871,-22.0149724551686,22.3825382601924
DAVAO,2010,1,Q1,8041,26.0027777777778,29.7833333333333,23.1777777777778,347.0,347.0,694.0,1847.66765555556,3415.63,767.27,16.4994444444444,31.6861111111111,570.67,25.643884004884,-39.1942804072406,0.358893772893776,1.16666666666667,El Niño,0.358893772893776,-39.1942804072406,39.5531741801344
DAVAO,2010,2,Q2,8042,27.7186813186813,31.0373626373626,24.9961538461538,821.7,821.7,1304.0,1869.69030277778,3608.59,791.32,12.8043956043956,25.5846153846154,964.67,27.5054395604396,-14.820612230089,0.213241758241757,-0.166666666666667,Neutral,0.286067765567767,-27.0074463186648,27.2935140842326
DAVAO,2010,3,Q3,8043,26.6521739130435,29.3059782608696,24.5630434782609,1569.1,1569.1,2160.0,1678.15784722222,3184.97,663.59,12.7347826086957,26.2907608695652,1587.22,26.5549456521739,-1.14161867920012,0.0972282608695707,-1.3,La Niña,0.223121264001701,-18.3855037721766,18.6086250361783
DAVAO,2010,4,Q4,8044,26.2201086956522,29.0445652173913,24.1657608695652,921.3,921.3,1467.0,1685.68143333333,2844.27,608.04,13.9320652173913,29.579347826087,875.45,26.2876630434783,5.23730652807127,-0.0675543478260856,-1.6,La Niña,0.150452361044755,-12.4798011971146,12.6302535581594
DAVAO,2011,1,Q1,8045,25.1033333333333,28.1005555555556,23.0361111111111,842.1,842.1,1194.0,1647.34896666667,2927.79,643.46,17.7105555555556,34.5644444444444,570.67,25.643884004884,47.563390400757,-0.540550671550669,-1.16666666666667,La Niña,-0.0744087500663566,9.20961650488478,9.28402525495114
DAVAO,2011,2,Q2,8046,26.5725274725275,29.4917582417582,24.2802197802198,1418.3,1418.3,1514.0,1673.21746388889,3249.24,694.78,13.5785714285714,27.9302197802198,964.67,27.5054395604396,47.0243710284346,-0.93291208791209,-0.566666666666667,La Niña,-0.360947211604818,24.6708623195157,25.0318095311205
DAVAO,2011,3,Q3,8047,26.2103260869565,28.566847826087,24.3603260869565,1545.8,1545.8,2050.0,1528.65712777778,2974.23,616.78,14.9440217391304,31.1364130434783,1587.22,26.5549456521739,-2.60959413313845,-0.344619565217389,-0.633333333333333,La Niña,-0.471409168126558,24.3038684560311,24.7752776241577
DAVAO,2011,4,Q4,8048,26.0472826086956,28.7864130434783,24.0157608695652,832.7,832.7,1365.0,1632.43003055556,2853.23,606.99,14.6157608695652,30.5255434782609,875.45,26.2876630434783,-4.88320292421041,-0.240380434782612,-1.03333333333333,La Niña,-0.51461568986569,21.7737410929607,22.2883567828264
DAVAO,2012,1,Q1,8049,25.5906593406593,28.7192307692308,23.3796703296703,625.0,625.0,1135.0,1693.97998611111,3045.32,661.1,16.0527472527473,31.8181318681319,570.67,25.643884004884,9.52038831548882,-0.0532246642246612,-0.733333333333333,La Niña,-0.392784188034188,12.2629905716436,12.6557747596778
DAVAO,2012,2,Q2,8050,27.0098901098901,30.0049450549451,24.6186813186813,922.6,922.6,1493.0,1759.22316944444,3352.29,715.35,13.5285714285714,27.8472527472527,964.67,27.5054395604396,-4.36107684493143,-0.495549450549451,-0.266666666666667,Neutral,-0.283443528693528,-0.583371396697867,0.866814925391395
DAVAO,2012,3,Q3,8051,26.2326086956522,28.675,24.3554347826087,1633.9,1633.9,2202.0,1506.24008888889,2939.26,615.17,14.6733695652174,30.9934782608696,1587.22,26.5549456521739,2.94099116694598,-0.322336956521738,0.333333333333333,Neutral,-0.277872876519615,0.804274928323242,1.08214780484286
DAVAO,2012,4,Q4,8052,26.1722826086956,29.1445652173913,23.9679347826087,680.6,680.6,1085.0,1748.53991666667,3011.1,655.64,15.6271739130435,31.4521739130435,875.45,26.2876630434783,-22.2571249071906,-0.115380434782612,0.0666666666666666,Neutral,-0.246622876519615,-3.5392055674218,3.78582844394142
DAVAO,2013,1,Q1,8053,25.8244444444444,29.0761111111111,23.4522222222222,823.9,823.9,1049.0,1683.25587222222,3086.31,691.38,17.0888888888889,32.97,570.67,25.643884004884,44.37415669301,0.180560439560438,-0.366666666666667,Neutral,-0.188176600573341,5.17423652695848,5.36241312753182
DAVAO,2013,2,Q2,8054,27.5269230769231,30.5401098901099,25.0593406593407,1063.5,1063.5,1446.0,1732.25662222222,3348.52,730.92,12.271978021978,25.0692307692308,964.67,27.5054395604396,10.2449542330538,0.0214835164835172,-0.366666666666667,Neutral,-0.0589183588150988,8.82574429645479,8.88466265526989
DAVAO,2013,3,Q3,8055,26.3521739130435,28.8619565217391,24.3690217391304,1711.7,1711.7,2069.0,1462.97002777778,2946.43,621.15,13.6782608695652,28.9951086956522,1587.22,26.5549456521739,7.84264311185595,-0.20277173913043,-0.333333333333333,Neutral,-0.0290270544672717,10.0511572826823,10.0801843371496
DAVAO,2013,4,Q4,8056,26.0472826086956,28.8641304347826,23.9673913043478,667.4,667.4,1118.0,1742.56089444444,2932.56,622.79,14.3559782608696,30.166847826087,875.45,26.2876630434783,-23.764920897824,-0.240380434782612,-0.233333333333333,Neutral,-0.0602770544672717,9.67420828502393,9.7344853394912
DAVAO,2014,1,Q1,8057,25.2111111111111,28.6516666666667,22.6255555555556,652.6,652.6,823.0,1733.91145555556,3223.4,719.84,17.1033333333333,33.1127777777778,570.67,25.643884004884,14.3568086635008,-0.432772893772889,-0.4,Neutral,-0.213610387800603,2.16987127764664,2.38348166544724
DAVAO,2014,2,Q2,8058,27.6494505494505,30.8384615384615,25.0631868131868,839.2,839.2,1439.0,1829.17468611111,3501.38,761.05,12.3521978021978,25.9269230769231,964.67,27.5054395604396,-13.006520364477,0.144010989010987,0.133333333333333,Neutral,-0.182978519668736,-3.64299737173605,3.82597589140479
DAVAO,2014,3,Q3,8059,26.4847826086956,28.9483695652174,24.5760869565217,1676.5,1676.5,1967.0,1531.07687777778,3046.07,639.02,14.7146739130435,30.866847826087,1587.22,26.5549456521739,5.62492912135684,-0.07016304347826,0.1,Neutral,-0.149826345755693,-4.19742586936083,4.34725221511652
DAVAO,2014,4,Q4,8060,26.1913043478261,29.1233695652174,24.0619565217391,714.6,714.6,1213.0,1722.93278055556,2993.83,643.72,14.5429347826087,30.4733695652174,875.45,26.2876630434783,-18.3734079616197,-0.0963586956521744,0.6,El Niño,-0.113820910973084,-2.84954763530977,2.96336854628285
DAVAO,2015,1,Q1,8061,25.3244444444444,28.93,22.5838888888889,272.7,272.7,593.0,1853.64153611111,3384.44,754.6,17.5477777777778,33.3261111111111,570.67,25.643884004884,-52.2140641701859,-0.319439560439562,0.5,El Niño,-0.0854875776397525,-19.4922658437315,19.5777534213712
DAVAO,2015,2,Q2,8062,27.7769230769231,31.2395604395604,24.9675824175824,702.0,702.0,1140.0,1937.41273333333,3726.89,826.59,13.5005494505494,27.1796703296703,964.67,27.5054395604396,-27.2290005908756,0.271483516483517,0.933333333333333,El Niño,-0.0536194457716199,-23.0478859003311,23.1015053461027
DAVAO,2015,3,Q3,8063,26.5320652173913,28.9032608695652,24.7059782608696,1373.8,1373.8,1888.0,1708.57661666667,3255.84,672.8,15.0701086956522,30.5434782608696,1587.22,26.5549456521739,-13.4461511321682,-0.022880434782607,1.86666666666667,El Niño,-0.0417987935977066,-27.8156559637124,27.8574547573101
DAVAO,2015,4,Q4,8064,26.4820652173913,29.466847826087,24.2505434782609,944.3,944.3,939.0,1829.85813055556,3137.35,683.91,16.516847826087,32.9021739130435,875.45,26.2876630434783,7.86452681478096,0.194402173913044,2.53333333333333,El Niño,0.030891423793598,-21.2561722696122,21.2870636934058
DAVAO,2016,1,Q1,8065,26.1637362637363,29.7434065934066,23.4417582417582,251.6,251.6,581.0,1910.66568055556,3462.77,764.08,15.85,30.4972527472527,570.67,25.643884004884,-55.9114724797168,0.519852258852264,2.06666666666667,El Niño,0.240714378616555,-22.1805243469949,22.4212387256115
DAVAO,2016,2,Q2,8066,28.0423076923077,31.3027472527473,25.4467032967033,719.3,719.3,1393.0,1885.09591388889,3578.09,796.82,12.9120879120879,25.8747252747253,964.67,27.5054395604396,-25.4356412037277,0.536868131868129,0.4,Neutral,0.307060532462708,-21.7321845002079,22.0392450326706
DAVAO,2016,3,Q3,8067,27.0342391304348,29.5804347826087,25.0271739130435,1389.2,1389.2,1956.0,1612.01195,3114.73,665.22,14.8826086956522,30.3,1587.22,26.5549456521739,-12.4759012613248,0.479293478260875,-0.5,La Niña,0.432604010723578,-21.4896220324971,21.9222260432207
DAVAO,2016,4,Q4,8068,26.3657608695652,29.0233695652174,24.4054347826087,915.7,915.7,1439.0,1550.054425,2735.63,596.46,15.3070652173913,31.5684782608696,875.45,26.2876630434783,4.59763550174196,0.0780978260869531,-0.666666666666667,La Niña,0.403527923767055,-22.3063448607568,22.7098727845239
DAVAO,2017,1,Q1,8069,25.5,28.5661111111111,23.2005555555556,982.2,982.2,1075.0,1685.92744722222,3132.62,676.59,19.1744444444444,39.18,570.67,25.643884004884,72.113480645557,-0.143884004884001,-0.133333333333333,Neutral,0.237593857832989,9.6998934205616,9.93748727839459
DAVAO,2017,2,Q2,8070,27.4351648351648,30.6269230769231,25.0351648351648,1170.4,1170.4,1405.0,1880.42682222222,3721.3,787.62,13.3741758241758,30.6483516483516,964.67,27.5054395604396,21.3264639721355,-0.0702747252747251,0.266666666666667,Neutral,0.0858081435472755,21.3904197145274,21.4762278580747
DAVAO,2017,3,Q3,8071,26.7217391304348,29.5326086956522,24.675,1712.3,1712.3,2021.0,1591.3814,3271.35,666.51,13.0195652173913,29.7141304347826,1587.22,26.5549456521739,7.88044505487582,0.166793478260875,-0.133333333333333,Neutral,0.0076831435472755,26.4795062935776,26.4871894371249
DAVAO,2017,4,Q4,8072,26.3277173913044,29.108152173913,24.2913043478261,1170.7,1170.7,1541.0,1591.73551944444,2909.14,611.33,15.8913043478261,35.5896739130435,875.45,26.2876630434783,33.7255125935233,0.0400543478260893,-0.833333333333333,La Niña,-0.00182772601794045,33.7614755665229,33.7633032925409
DAVAO,2018,1,Q1,8073,25.9283333333333,29.1388888888889,23.485,554.5,554.5,731.0,1747.58185833333,3340.01,720.11,17.3411111111111,36.195,570.67,25.643884004884,-2.83351148649832,0.28444932844933,-0.833333333333333,La Niña,0.105255607315392,15.0247275335091,15.1299831408245
DAVAO,2018,2,Q2,8074,27.5417582417582,30.8686813186813,25.0395604395604,1035.3,1035.3,1287.0,1859.90799722222,3750.48,804.35,14.3813186813187,32.3005494505494,964.67,27.5054395604396,7.32167476961032,0.0363186813186828,-0.233333333333333,Neutral,0.131903958963744,11.5235302328778,11.6554341918415
DAVAO,2018,3,Q3,8075,26.5923913043478,29.2521739130435,24.579347826087,1576.7,1576.7,2202.0,1597.53611111111,3256.04,663.94,14.779347826087,33.0858695652174,1587.22,26.5549456521739,-0.662794067615074,0.0374456521739148,0.266666666666667,Neutral,0.0995670024420043,9.38772045225506,9.48728745469707
DAVAO,2018,4,Q4,8076,26.525,29.7347826086956,24.0804347826087,807.0,807.0,1247.0,1754.34215555556,3282.06,705.35,16.0695652173913,35.1114130434783,875.45,26.2876630434783,-7.81883602718602,0.237336956521737,0.833333333333333,El Niño,0.148887654615916,-0.998366702922274,1.14725435753819
DAVAO,2019,1,Q1,8077,25.79,29.48,22.8461111111111,355.1,355.1,752.0,1835.00753055556,3583.99,798.44,19.7588888888889,40.3338888888889,570.67,25.643884004884,-37.7748961746719,0.146115995115998,0.7,El Niño,0.114304321282583,-9.73371287496566,9.84801719624824
DAVAO,2019,2,Q2,8078,27.7807692307692,31.2263736263736,25.0906593406593,954.4,954.4,1584.0,1882.52446666667,3767.52,816.45,14.3945054945055,32.2472527472527,964.67,27.5054395604396,-1.0646127691335,0.275329670329675,0.566666666666667,El Niño,0.174057068535332,-11.8302847596516,12.0043418281869
DAVAO,2019,3,Q3,8079,26.7369565217391,29.3407608695652,24.7320652173913,1683.2,1683.2,2333.0,1591.27793611111,3282.1,675.71,15.5385869565217,33.8869565217391,1587.22,26.5549456521739,6.04705081841207,0.182010869565222,0.2,Neutral,0.210198372883158,-10.1528235381448,10.363021911028
DAVAO,2019,4,Q4,8080,26.4978260869565,29.7798913043478,23.9576086956522,1100.2,1100.2,1356.0,1789.60958055556,3323.89,694.63,14.6201086956522,32.9679347826087,875.45,26.2876630434783,25.6725112799132,0.210163043478264,0.433333333333333,Neutral,0.20340489462229,-1.77998671137003,1.98339160599232
DAVAO,2020,1,Q1,8081,26.3659340659341,30.210989010989,23.3873626373626,315.5,315.5,739.0,1896.41315,3616.47,823.92,19.3010989010989,39.8357142857143,570.67,25.643884004884,-44.7141079783412,0.722050061050062,0.466666666666667,Neutral,0.347388411105806,-3.51478966228737,3.86217807339318
DAVAO,2020,2,Q2,8082,27.793956043956,31.3373626373626,25.0868131868132,1052.9,1052.9,1561.0,1861.08318611111,3780.81,819.86,14.0043956043956,31.4489010989011,964.67,27.5054395604396,9.14613287445448,0.288516483516482,-0.0666666666666666,Neutral,0.350685114402507,-0.962103251390379,1.31278836579289
DAVAO,2020,3,Q3,8083,26.9630434782609,29.9054347826087,24.6201086956522,1475.8,1475.8,1856.0,1671.49389166667,3457.72,708.52,12.4755434782609,28.8119565217391,1587.22,26.5549456521739,-7.01982081879009,0.408097826086958,-0.633333333333333,La Niña,0.407206853532942,-4.22882116069092,4.63602801422386
DAVAO,2020,4,Q4,8084,26.2940217391304,29.1195652173913,24.2320652173913,1726.6,1726.6,1934.0,1520.77675,2900.84,596.55,14.3369565217391,32.5603260869565,875.45,26.2876630434783,97.2242846536067,0.0063586956521781,-1.23333333333333,La Niña,0.35625576657642,13.6591221827325,14.0153779493089
DAVAO,2021,1,Q1,8085,25.6838888888889,28.7411111111111,23.3344444444444,951.1,951.1,1330.0,1655.55123055556,3204.54,670.83,16.355,34.5244444444444,570.67,25.643884004884,66.6637461229783,0.0400048840048903,-0.9,La Niña,0.185744472315127,41.5035857080623,41.6893301803775
DAVAO,2021,2,Q2,8086,27.4697802197802,30.9576923076923,24.7434065934066,1258.2,1258.2,1650.0,1860.30816388889,3776.37,813.71,14.5456043956044,31.9763736263736,964.67,27.5054395604396,30.4280220178921,-0.0356593406593432,-0.533333333333333,La Niña,0.104700516271171,46.8240579939217,46.9287585101929
DAVAO,2021,3,Q3,8087,26.8369565217391,29.6266304347826,24.6809782608696,1724.9,1724.9,2299.0,1653.81532222222,3388.86,688.58,13.9923913043478,31.8494565217391,1587.22,26.5549456521739,8.67428585829312,0.282010869565219,-0.533333333333333,La Niña,0.0731787771407362,50.7475846631926,50.8207634403333
DAVAO,2021,4,Q4,8088,26.2092391304348,29.4260869565217,23.9288043478261,1162.8,1162.8,1349.0,1548.57731388889,3080.71,652.5,16.4135869565217,34.1494565217391,875.45,26.2876630434783,32.823119538523,-0.0784239130434798,-0.933333333333333,La Niña,0.0519831249668217,34.6472933844216,34.6992765093885
DAVAO,2022,1,Q1,8089,26.0472222222222,29.7927777777778,23.395,801.1,801.1,933.0,1725.84435833333,3460.34,749.64,18.0433333333333,36.5344444444444,570.67,25.643884004884,40.378852927261,0.40333821733822,-0.966666666666667,La Niña,0.142816458300154,28.0760700854923,28.2188865437925
DAVAO,2022,2,Q2,8090,26.9412087912088,30.410989010989,24.3379120879121,1511.8,1511.8,1592.0,1690.59265,3635.32,764.46,14.2659340659341,30.5763736263736,964.67,27.5054395604396,56.7168047104191,-0.564230769230772,-1.0,La Niña,0.010673601157297,34.648265758624,34.6589393597813
DAVAO,2022,3,Q3,8091,26.5413043478261,29.7010869565217,24.2760869565217,1878.5,1878.5,1938.0,1546.99888333333,3454.62,702.86,13.3733695652174,28.8733695652174,1587.22,26.5549456521739,18.3515832713801,-0.0136413043478214,-0.9,La Niña,-0.0632394423209632,37.0675901118958,37.1308295542168
DAVAO,2022,4,Q4,8092,26.1353260869565,29.3434782608696,23.8940217391304,1495.7,1495.7,1471.0,1620.36453333333,3145.01,645.24,15.1586956521739,31.8097826086956,875.45,26.2876630434783,70.8492775144211,-0.15233695652174,-0.9,La Niña,-0.0817177031905283,46.5741296058703,46.6558473090609
DAVAO,2023,1,Q1,8093,25.6305555555556,29.1955555555556,23.0872222222222,1072.3,1072.3,1077.0,1623.59235555556,3345.1,716.7,18.7766666666667,37.4483333333333,570.67,25.643884004884,87.9019398251179,-0.0133284493284406,-0.4,Neutral,-0.185884369857193,58.4549013303346,58.6407857001917
DAVAO,2023,2,Q2,8094,27.3730769230769,31.132967032967,24.6225274725275,1535.1,1535.1,1525.0,1856.92471388889,3922.81,829.31,14.2197802197802,30.6384615384615,964.67,27.5054395604396,59.1321384514912,-0.13236263736264,0.5,El Niño,-0.0779173368901604,59.0587347656026,59.1366521024927
DAVAO,2023,3,Q3,8095,26.9527173913044,30.3505434782609,24.4195652173913,1736.2,1736.2,1933.0,1652.42309722222,3539.51,734.49,14.1923913043478,30.6396739130435,1587.22,26.5549456521739,9.38622245183403,0.397771739130441,1.33333333333333,El Niño,0.0249359239794052,56.817394560716,56.8423304846955
DAVAO,2023,4,Q4,8096,26.6880434782609,30.4755434782609,23.9875,952.2,952.2,1294.0,1732.31458888889,3332.64,715.07,15.8733695652174,33.4978260869565,875.45,26.2876630434783,8.76691986978125,0.400380434782615,1.9,El Niño,0.163115271805494,41.2968051495561,41.4599204213616
DAVAO,2024,1,Q1,8097,26.9664835164835,31.0917582417582,23.8758241758242,669.2,669.2,750.0,1836.94995555556,3596.95,845.56,19.5565934065934,40.2296703296703,570.67,25.643884004884,17.2656701771602,1.32259951159952,1.46666666666667,El Niño,0.497097262037483,23.6377377375667,24.1348349996041
DAVAO,2024,2,Q2,8098,28.6978021978022,32.9478021978022,25.5302197802198,969.2,969.2,1188.0,1878.25501666667,4020.71,909.09,14.882967032967,32.6846153846154,964.67,27.5054395604396,0.469590637212723,1.19236263736264,0.433333333333333,Neutral,0.828278580718803,8.97210078399705,9.80037936471585
DAVAO,2024,3,Q3,8099,27.2271739130435,30.6570652173913,24.7989130434783,1783.6,1783.6,2045.0,1572.49038888889,3460.77,719.39,13.4130434782609,29.3179347826087,1587.22,26.5549456521739,12.3725759504038,0.67222826086957,-0.1,Neutral,0.896892711153585,9.7186891586395,10.6155818697931
DAVAO,2024,4,Q4,8100,27.0027777777778,30.7197802197802,24.4,1219.6,1219.6,1396.0,1598.76750277778,3133.11,675.16,15.1637362637363,33.3175824175824,875.45,26.2876630434783,39.3112113770061,0.715114734299515,-0.4,Neutral,0.97557628603281,17.3547620354457,18.3303383214785
DAVAO,2025,1,Q1,8101,26.4410112359551,30.3277777777778,23.7588888888889,771.4,771.4,1121.0,1625.86471111111,3240.98,714.63,17.7472222222222,37.925,570.67,25.643884004884,35.1744440745089,0.797127231071055,-0.4,Neutral,0.844208215900695,21.8319555097829,22.6761637256836
DAVAO,2025,2,Q2,8102,27.7032967032967,32.3098901098901,24.343956043956,968.9,26.3,1116.0,1734.98759444444,3686.56,805.05,12.2335164835165,26.2384615384615,964.67,27.5054395604396,0.438491919516509,0.197857142857142,-0.1,Neutral,0.595581842274321,21.8241808303588,22.4197626726332
DAVAO,2025,3,Q3,8103,25.8858695652174,29.4967391304348,23.2364130434783,1433.0,148.2,1578.0,1367.580775,3019.0,630.08,12.8054347826087,35.1364130434783,1587.22,26.5549456521739,-9.71635942087424,-0.669076086956519,-0.3,Neutral,0.260255755317798,16.3019469875393,16.5622027428571
DAVAO,2025,4,Q4,8104,26.2860655737705,30.2926229508197,23.4377049180328,593.4,65.7,713.0,1050.32248611111,2072.82,442.76,13.5975409836066,34.2180327868852,875.45,26.2876630434783,-32.21771660289,-0.001597469707768,-0.6,La Niña,0.0810777043159776,-1.58028500743469,1.66136271175067
DAVAO DE ORO,2010,1,Q1,8041,26.3988888888889,27.9355555555556,24.8377777777778,753.8,753.8,1027.0,920.317805555556,1773.45,356.97,10.6177777777778,25.3533333333333,805.67,26.3197313797314,-6.4381198257351,0.0791575091575076,1.16666666666667,El Niño,0.0791575091575076,-6.4381198257351,6.51727733489261
DAVAO DE ORO,2010,2,Q2,8042,27.2285714285714,28.6791208791209,25.8098901098901,1111.4,1111.4,1180.0,918.940919444444,1750.37,354.02,11.143956043956,24.9395604395604,742.91,27.1652747252747,49.6008937825578,0.0632967032967073,-0.166666666666667,Neutral,0.0712271062271075,21.5813869784113,21.6526140846384
DAVAO DE ORO,2010,3,Q3,8043,26.720652173913,28.1326086956522,25.279347826087,1006.3,1006.3,1129.0,889.693536111111,1725.34,342.92,12.3119565217391,24.8858695652174,471.64,27.045,113.361886184378,-0.324347826086953,-1.3,La Niña,-0.060631204544246,52.1748867137335,52.2355179182778
DAVAO DE ORO,2010,4,Q4,8044,26.6532608695652,28.0858695652174,25.195652173913,908.7,908.7,1132.0,914.806705555556,1606.6,322.22,10.7304347826087,23.8521739130435,669.69,26.9157608695652,35.6896474488196,-0.262500000000003,-1.6,La Niña,-0.111098403408185,48.0535768975051,48.1646753009132
DAVAO DE ORO,2011,1,Q1,8045,25.9722222222222,27.3233333333333,24.6311111111111,1312.5,1312.5,1219.0,793.483547222222,1471.92,293.74,11.1066666666667,26.68,805.67,26.3197313797314,62.9078903273052,-0.347509157509162,-1.16666666666667,La Niña,-0.217765070074853,65.3900794357651,65.60784450584
DAVAO DE ORO,2011,2,Q2,8046,26.4703296703297,27.7967032967033,25.1505494505494,941.6,941.6,1042.0,848.646163888889,1650.05,325.04,11.0010989010989,23.521978021978,742.91,27.1652747252747,26.7448277718701,-0.694945054945052,-0.566666666666667,La Niña,-0.407325509635292,59.6760629330932,60.0833884427285
DAVAO DE ORO,2011,3,Q3,8047,26.4934782608696,27.7380434782609,25.2576086956522,301.7,301.7,629.0,896.375466666667,1752.3,343.19,11.6554347826087,23.2336956521739,471.64,27.045,-36.0317191077941,-0.551521739130429,-0.633333333333333,La Niña,-0.464118987896161,22.3276616100502,22.7917805979464
DAVAO DE ORO,2011,4,Q4,8048,26.5445652173913,27.879347826087,25.175,806.8,806.8,1059.0,850.642508333333,1570.14,313.75,10.4054347826087,24.275,669.69,26.9157608695652,20.4736519882334,-0.371195652173913,-1.03333333333333,La Niña,-0.491292900939639,18.5236627449036,19.0149556458433
DAVAO DE ORO,2012,1,Q1,8049,26.2230769230769,27.6252747252747,24.8417582417582,1049.1,1049.1,1207.0,862.494241666667,1591.7,319.39,10.3736263736264,26.643956043956,805.67,26.3197313797314,30.2146039941912,-0.0966544566544591,-0.733333333333333,La Niña,-0.428579225725963,10.3503411616251,10.7789203873511
DAVAO DE ORO,2012,2,Q2,8050,26.7659340659341,28.1417582417582,25.3835164835165,776.6,776.6,932.0,915.486941666667,1753.43,347.58,10.778021978022,23.421978021978,742.91,27.1652747252747,4.53486963427601,-0.399340659340659,-0.266666666666667,Neutral,-0.354678126824865,4.79785162722662,5.15252975405148
DAVAO DE ORO,2012,3,Q3,8051,26.55,27.7554347826087,25.3304347826087,390.8,390.8,656.0,886.226286111111,1741.96,343.99,12.2880434782609,24.3510869565217,471.64,27.045,-17.1401916716139,-0.494999999999997,0.333333333333333,Neutral,-0.340547692042257,9.52073348627165,9.86128117831391
DAVAO DE ORO,2012,4,Q4,8052,26.5989130434783,27.9369565217391,25.3119565217391,950.6,950.6,1037.0,884.579483333333,1583.13,319.4,10.5608695652174,26.5065217391304,669.69,26.9157608695652,41.9462736490018,-0.31684782608696,0.0666666666666666,Neutral,-0.326960735520519,14.8888889014638,15.2158496369843
DAVAO DE ORO,2013,1,Q1,8053,26.2444444444444,27.6111111111111,24.9088888888889,1302.5,1302.5,1213.0,804.895144444444,1547.52,311.67,11.6022222222222,26.6633333333333,805.67,26.3197313797314,61.6666873533829,-0.0752869352869396,-0.366666666666667,Neutral,-0.321618855178639,22.7519097412617,23.0735285964403
DAVAO DE ORO,2013,2,Q2,8054,26.9835164835165,28.3637362637363,25.5758241758242,958.5,958.5,1177.0,873.496908333333,1682.53,339.05,11.1648351648352,23.443956043956,742.91,27.1652747252747,29.0196659083873,-0.181758241758246,-0.366666666666667,Neutral,-0.267223250783036,28.8731088097895,29.1403320605725
DAVAO DE ORO,2013,3,Q3,8055,26.5445652173913,27.8217391304348,25.2978260869565,755.1,755.1,894.0,845.935752777778,1692.47,335.94,11.8967391304348,23.2717391304348,471.64,27.045,60.1009244338903,-0.500434782608693,-0.333333333333333,Neutral,-0.268581946435209,48.1833878361656,48.4519697826008
DAVAO DE ORO,2013,4,Q4,8056,26.5673913043478,27.9141304347826,25.1760869565217,732.5,732.5,958.0,884.2324,1591.17,319.72,10.5304347826087,24.3434782608696,669.69,26.9157608695652,9.378966387433,-0.348369565217396,-0.233333333333333,Neutral,-0.276462381217819,40.0415610207734,40.3180234019912
DAVAO DE ORO,2014,1,Q1,8057,25.8622222222222,27.2333333333333,24.4355555555556,1041.4,1041.4,932.0,835.454122222222,1625.11,322.93,13.2833333333333,27.8444444444444,805.67,26.3197313797314,29.258877704271,-0.457509157509158,-0.4,Neutral,-0.372017936773373,31.9396086084954,32.3116265452688
DAVAO DE ORO,2014,2,Q2,8058,26.9010989010989,28.2824175824176,25.4747252747253,720.0,720.0,1044.0,910.399769444444,1789.15,353.95,10.8362637362637,22.7098901098901,742.91,27.1652747252747,-3.08381903595322,-0.264175824175823,0.133333333333333,Neutral,-0.392622332377767,23.9137373724103,24.306359704788
DAVAO DE ORO,2014,3,Q3,8059,26.5923913043478,27.754347826087,25.4532608695652,502.0,502.0,614.0,861.982313888889,1741.81,343.71,12.8989130434783,24.479347826087,471.64,27.045,6.43711305232805,-0.452608695652174,0.1,Neutral,-0.380665810638638,10.4977845270197,10.8784503376583
DAVAO DE ORO,2014,4,Q4,8060,26.5326086956522,27.8554347826087,25.2054347826087,663.5,663.5,908.0,894.798897222222,1665.83,329.51,11.1804347826087,24.5391304347826,669.69,26.9157608695652,-0.924308262031678,-0.383152173913043,0.6,El Niño,-0.389361462812549,7.92196586465354,8.31132732746609
DAVAO DE ORO,2015,1,Q1,8061,26.0677777777778,27.5966666666667,24.4322222222222,550.9,550.9,837.0,930.628044444444,1797.0,358.38,11.9788888888889,26.3066666666667,805.67,26.3197313797314,-31.6221281666191,-0.251953601953605,0.5,El Niño,-0.337972573923661,-7.29828560306898,7.63625817699264
DAVAO DE ORO,2015,2,Q2,8062,26.8340659340659,28.3,25.3681318681319,795.3,795.3,1014.0,925.041669444444,1867.05,370.85,12.2879120879121,24.5351648351648,742.91,27.1652747252747,7.05199822320333,-0.331208791208787,0.933333333333333,El Niño,-0.354730815681902,-4.76433128827985,5.11906210396175
DAVAO DE ORO,2015,3,Q3,8063,26.3804347826087,27.5282608695652,25.2880434782609,334.8,334.8,653.0,932.570886111111,1819.55,354.33,14.1195652173913,26.770652173913,471.64,27.045,-29.0136544822322,-0.664565217391306,1.86666666666667,El Niño,-0.407719946116686,-13.6270231719199,14.0347431180366
DAVAO DE ORO,2015,4,Q4,8064,26.7184782608696,28.1021739130435,25.3597826086956,661.0,661.0,902.0,967.268075,1745.05,345.99,11.2152173913043,25.6771739130435,669.69,26.9157608695652,-1.29761531454851,-0.197282608695655,2.53333333333333,El Niño,-0.361252554812339,-13.7203499350491,14.0816024898615
DAVAO DE ORO,2016,1,Q1,8065,26.9186813186813,28.5857142857143,25.2230769230769,534.7,534.7,932.0,988.548325,1923.86,394.54,11.3395604395604,25.9131868131868,805.67,26.3197313797314,-33.6328769843732,0.598949938949936,2.06666666666667,El Niño,-0.148526669586453,-14.2230371394877,14.3715638090741
DAVAO DE ORO,2016,2,Q2,8066,27.4846153846154,29.0593406593407,26.0021978021978,1017.3,1017.3,1280.0,947.5388,1814.14,371.95,12.2901098901099,25.143956043956,742.91,27.1652747252747,36.9344873537844,0.319340659340661,0.4,Neutral,0.0141106930509087,-6.75241485684238,6.76652554989329
DAVAO DE ORO,2016,3,Q3,8067,27.1434782608696,28.4326086956522,25.7836956521739,443.5,443.5,690.0,913.856944444444,1796.85,359.6,12.575,23.5304347826087,471.64,27.045,-5.96641506233568,0.098478260869566,-0.5,La Niña,0.204871562616127,-0.990605001868253,1.19547656448438
DAVAO DE ORO,2016,4,Q4,8068,26.6771739130435,27.9880434782609,25.3228260869565,979.0,979.0,990.0,826.158416666667,1512.99,304.24,10.5945652173913,23.5619565217391,669.69,26.9157608695652,46.1870417655931,-0.23858695652174,-0.666666666666667,La Niña,0.194545475659606,10.8805592681671,11.0751047438267
DAVAO DE ORO,2017,1,Q1,8069,26.2766666666667,28.4555555555556,24.3644444444444,617.2,617.2,743.0,778.914977777778,1508.03,302.44,15.3388888888889,35.7944444444444,805.67,26.3197313797314,-23.3929524495141,-0.0430647130647159,-0.133333333333333,Neutral,0.0340418126559428,13.4405404018819,13.4745822145379
DAVAO DE ORO,2017,2,Q2,8070,27.1615384615385,29.2186813186813,25.3043956043956,633.2,633.2,840.0,912.420397222222,1730.02,347.72,14.0131868131868,32.2340659340659,742.91,27.1652747252747,-14.7676030743966,-0.0037362637362647,0.266666666666667,Neutral,-0.0467274181132886,0.515017794836665,0.561745212949954
DAVAO DE ORO,2017,3,Q3,8071,27.295652173913,29.6086956521739,25.4282608695652,496.3,496.3,827.0,860.315033333333,1684.18,352.67,13.0163043478261,28.6445652173913,471.64,27.045,5.22856415910441,0.250652173913043,-0.133333333333333,Neutral,-0.0086839398524194,3.31376260019669,3.32244654004911
DAVAO DE ORO,2017,4,Q4,8072,27.1978260869565,29.4402173913043,25.2663043478261,427.0,427.0,656.0,828.427597222222,1567.12,328.39,14.0086956521739,33.5402173913043,669.69,26.9157608695652,-36.2391554301244,0.282065217391303,-0.833333333333333,La Niña,0.121479103625841,-17.2927866987327,17.4142658023585
DAVAO DE ORO,2018,1,Q1,8073,26.8155555555556,29.2555555555556,24.62,494.7,494.7,537.0,840.407358333333,1639.32,336.38,13.8644444444444,34.1566666666667,805.67,26.3197313797314,-38.5976888800626,0.495824175824172,-0.833333333333333,La Niña,0.256201325848063,-21.0939708063698,21.3501721322179
DAVAO DE ORO,2018,2,Q2,8074,27.8648351648352,30.5736263736264,25.6549450549451,247.8,247.8,686.0,937.1843,1784.96,384.54,14.3087912087912,33.5692307692308,742.91,27.1652747252747,-66.6446810515406,0.69956043956044,-0.233333333333333,Neutral,0.432025501672239,-34.0632403006558,34.495265802328
DAVAO DE ORO,2018,3,Q3,8075,28.6913043478261,32.05,26.1836956521739,188.2,188.2,481.0,904.399016666667,1823.56,440.97,16.3130434782609,37.904347826087,471.64,27.045,-60.0966839114579,1.64630434782609,0.266666666666667,Neutral,0.780938545150501,-50.3945523182964,51.1754908634469
DAVAO DE ORO,2018,4,Q4,8076,27.8760869565217,30.9586956521739,25.4032608695652,268.8,268.8,631.0,920.279144444444,1727.86,379.27,15.2815217391304,37.2869565217391,669.69,26.9157608695652,-59.8620257133898,0.96032608695652,0.833333333333333,El Niño,0.950503762541805,-56.3002698891127,57.2507736516545
DAVAO DE ORO,2019,1,Q1,8077,26.4177777777778,29.4544444444444,23.73,399.9,399.9,602.0,890.552319444444,1738.42,367.97,17.0477777777778,38.3266666666667,805.67,26.3197313797314,-50.3642930728462,0.0980463980463923,0.7,El Niño,0.85105931809736,-59.2419209373086,60.092980255406
DAVAO DE ORO,2019,2,Q2,8078,27.9582417582418,30.7406593406593,25.6263736263736,227.4,227.4,690.0,939.651366666667,1818.51,392.22,15.1571428571429,35.3186813186813,742.91,27.1652747252747,-69.3906395121886,0.792967032967031,0.566666666666667,El Niño,0.874410966449008,-59.9284105524706,60.8028215189196
DAVAO DE ORO,2019,3,Q3,8079,28.0380434782609,30.9945652173913,25.8141304347826,297.7,297.7,671.0,904.780247222222,1792.35,406.49,14.7260869565217,33.445652173913,471.64,27.045,-36.8798235942668,0.993043478260873,0.2,Neutral,0.711095749057704,-54.1241954731728,54.8352912222305
DAVAO DE ORO,2019,4,Q4,8080,27.7913043478261,30.7945652173913,25.3423913043478,299.0,299.0,664.0,930.829891666667,1733.03,376.81,13.829347826087,34.4141304347826,669.69,26.9157608695652,-55.3524765189864,0.87554347826087,0.433333333333333,Neutral,0.689900096883791,-52.996808174572,53.6867082714558
DAVAO DE ORO,2020,1,Q1,8081,27.2582417582418,30.3098901098901,24.4813186813187,226.3,226.3,521.0,955.362938888889,1797.77,393.32,19.5472527472527,42.8626373626374,805.67,26.3197313797314,-71.9115767001378,0.938510378510376,0.466666666666667,Neutral,0.900016091999787,-58.3836290813949,59.2836451733947
DAVAO DE ORO,2020,2,Q2,8082,27.8813186813187,30.5703296703297,25.556043956044,355.7,355.7,817.0,896.682241666667,1772.28,385.32,16.7593406593407,37.2747252747253,742.91,27.1652747252747,-52.120714487623,0.716043956043958,-0.0666666666666666,Neutral,0.880785322769019,-54.0661478252535,54.9469331480225
DAVAO DE ORO,2020,3,Q3,8083,27.5380434782609,29.8771739130435,25.4728260869565,459.5,459.5,817.0,858.827016666667,1698.56,358.1,13.2423913043478,31.175,471.64,27.045,-2.57399711644474,0.493043478260873,-0.633333333333333,La Niña,0.755785322769019,-45.489691205798,46.245476528567
DAVAO DE ORO,2020,4,Q4,8084,27.2934782608696,29.7021739130435,25.2510869565217,714.4,714.4,776.0,809.1783,1522.76,322.56,13.5923913043478,31.7771739130435,669.69,26.9157608695652,6.6762233272111,0.377717391304348,-1.23333333333333,La Niña,0.631328801029889,-29.9825162442486,30.6138450452785
DAVAO DE ORO,2021,1,Q1,8085,26.4277777777778,28.6155555555556,24.32,539.6,539.6,808.0,813.177280555556,1586.2,317.79,14.9266666666667,35.1755555555556,805.67,26.3197313797314,-33.0246875271513,0.108046398046394,-0.9,La Niña,0.423712805913893,-20.260793951002,20.6845067569159
DAVAO DE ORO,2021,2,Q2,8086,27.3846153846154,29.8043956043956,25.2626373626374,504.0,504.0,807.0,889.709905555556,1757.57,366.17,14.1604395604396,32.5912087912088,742.91,27.1652747252747,-32.1586733251672,0.219340659340659,-0.533333333333333,La Niña,0.299536981738068,-15.270283660388,15.5698206421261
DAVAO DE ORO,2021,3,Q3,8087,27.9858695652174,30.7684782608696,25.7032608695652,536.3,536.3,743.0,880.476436111111,1762.61,389.48,13.825,32.9641304347826,471.64,27.045,13.7096090238317,0.94086956521739,-0.533333333333333,La Niña,0.411493503477198,-11.1993821253189,11.6108756287961
DAVAO DE ORO,2021,4,Q4,8088,27.3402173913043,29.9478260869565,25.0804347826087,392.1,392.1,609.0,780.723997222222,1586.18,340.3,14.475,32.4271739130435,669.69,26.9157608695652,-41.4505218832594,0.424456521739131,-0.933333333333333,La Niña,0.423178286085894,-23.2310684279366,23.6542467140225
DAVAO DE ORO,2022,1,Q1,8089,26.5322222222222,29.2588888888889,24.05,476.0,476.0,682.0,837.406138888889,1722.31,347.97,15.9444444444444,34.6766666666667,805.67,26.3197313797314,-40.9187384412973,0.21249084249084,-0.966666666666667,La Niña,0.449289397197005,-25.2045811564731,25.6538705536701
DAVAO DE ORO,2022,2,Q2,8090,27.1021978021978,29.4318681318681,24.9076923076923,469.7,469.7,805.0,831.266794444444,1743.14,359.99,15.3032967032967,32.6758241758242,742.91,27.1652747252747,-36.7756525016489,-0.0630769230769203,-1.0,La Niña,0.37868500159261,-26.3588259505935,26.7375109521861
DAVAO DE ORO,2022,3,Q3,8091,27.7413043478261,30.675,25.3434782608696,464.9,464.9,773.0,869.030072222222,1806.76,392.07,14.2010869565217,30.9152173913043,471.64,27.045,-1.42905605970656,0.696304347826086,-0.9,La Niña,0.317543697244784,-30.143492221478,30.4610359187228
DAVAO DE ORO,2022,4,Q4,8092,27.3826086956522,30.2304347826087,25.0260869565217,469.7,469.7,663.0,826.032188888889,1649.56,354.6,14.7684782608696,32.9228260869565,669.69,26.9157608695652,-29.8630709731368,0.466847826086955,-0.9,La Niña,0.32814152333174,-27.2466294939474,27.5747710172791
DAVAO DE ORO,2023,1,Q1,8093,26.3133333333333,28.7622222222222,24.1211111111111,555.4,555.4,749.0,759.630511111111,1614.71,323.09,14.4411111111111,31.3122222222222,805.67,26.3197313797314,-31.063586828354,-0.0063980463980506,-0.4,Neutral,0.273419301109517,-24.7828415907116,25.0562608918211
DAVAO DE ORO,2023,2,Q2,8094,28.0945054945055,31.1010989010989,25.5538461538462,355.0,355.0,745.0,918.469863888889,1858.27,403.56,13.9208791208791,31.0934065934066,742.91,27.1652747252747,-52.2149385524492,0.929230769230767,0.5,El Niño,0.521496224186439,-28.6426631034116,29.1641593275981
DAVAO DE ORO,2023,3,Q3,8095,28.2869565217391,31.7945652173913,25.6989130434783,438.3,438.3,697.0,882.122780555555,1810.57,419.17,16.2108695652174,33.6086956521739,471.64,27.045,-7.06895089475023,1.24195652173913,1.33333333333333,El Niño,0.6579092676647,-30.0526368121726,30.7105460798373
DAVAO DE ORO,2023,4,Q4,8096,27.8,31.1380434782609,25.1576086956522,344.6,344.6,602.0,908.125922222222,1779.55,379.8,13.8304347826087,31.845652173913,669.69,26.9157608695652,-48.5433558810793,0.884239130434782,1.9,El Niño,0.762257093751657,-34.7227080391582,35.4849651329098
DAVAO DE ORO,2024,1,Q1,8097,26.1802197802198,28.4769230769231,24.410989010989,584.3,584.3,1218.0,892.065694444444,1804.05,368.72,20.332967032967,44.4274725274725,805.67,26.3197313797314,-27.4765102337185,-0.139511599511604,1.46666666666667,El Niño,0.728978705473269,-33.8259388904993,34.5549175959726
DAVAO DE ORO,2024,2,Q2,8098,28.0065934065934,30.8395604395604,25.6054945054945,380.6,380.6,639.0,969.961525,2085.87,443.78,16.5956043956044,37.843956043956,742.91,27.1652747252747,-48.7690298959497,0.841318681318683,0.433333333333333,Neutral,0.707000683495248,-32.9644617263744,33.6714624098697
DAVAO DE ORO,2024,3,Q3,8099,27.8815217391304,30.7586956521739,25.6663043478261,608.6,608.6,844.0,877.792977777778,1876.82,398.68,13.9597826086957,33.4141304347826,471.64,27.045,29.0390976168264,0.836521739130436,-0.1,Neutral,0.605641987843074,-23.9374495984803,24.5430915863234
DAVAO DE ORO,2024,4,Q4,8100,26.9222222222222,29.5824175824176,24.9967032967033,611.1,611.1,1106.0,792.580680555556,1560.37,322.08,15.9175824175824,37.3318681318681,669.69,26.9157608695652,-8.74882408278456,0.006461352657002,-0.4,Neutral,0.386197543398629,-13.9888166489066,14.3750141923052
DAVAO DE ORO,2025,1,Q1,8101,25.8123595505618,28.24,24.1655555555556,784.8,784.8,1354.0,755.45965,1564.17,299.88,16.7788888888889,39.14,805.67,26.3197313797314,-2.59039060657589,-0.507371829169582,-0.4,Neutral,0.294232485984135,-7.76728674212094,8.06151922810508
DAVAO DE ORO,2025,2,Q2,8102,27.9318681318681,31.5604395604396,25.1527472527473,277.4,11.2,464.0,825.523219444444,1737.55,367.03,10.0747252747253,24.943956043956,742.91,27.1652747252747,-62.6603491674631,0.766593406593405,-0.1,Neutral,0.275551167302815,-11.2401165599993,11.5156677273021
DAVAO DE ORO,2025,3,Q3,8103,27.629347826087,31.9076086956522,24.179347826087,210.9,6.0,366.0,820.783458333333,1755.31,375.73,10.2271739130435,24.075,471.64,27.045,-55.2836909507251,0.584347826086962,-0.3,Neutral,0.212507689041947,-32.3208137018872,32.5333213909291
DAVAO DE ORO,2025,4,Q4,8104,27.5934426229508,32.0983606557377,24.0245901639344,176.2,4.0,315.0,526.887080555556,1065.12,230.61,9.35081967213115,23.6737704918033,669.69,26.9157608695652,-73.6893189386134,0.677681753385603,-0.6,La Niña,0.380312789224097,-48.5559374158444,48.9362502050685
DAVAO DEL NORTE,2010,1,Q1,8041,26.0027777777778,29.7833333333333,23.1777777777778,347.0,347.0,694.0,1847.66765555556,3415.63,767.27,16.4994444444444,31.6861111111111,570.67,25.643884004884,-39.1942804072406,0.358893772893776,1.16666666666667,El Niño,0.358893772893776,-39.1942804072406,39.5531741801344
DAVAO DEL NORTE,2010,2,Q2,8042,27.7186813186813,31.0373626373626,24.9961538461538,821.7,821.7,1304.0,1869.69030277778,3608.59,791.32,12.8043956043956,25.5846153846154,964.67,27.5054395604396,-14.820612230089,0.213241758241757,-0.166666666666667,Neutral,0.286067765567767,-27.0074463186648,27.2935140842326
DAVAO DEL NORTE,2010,3,Q3,8043,26.6521739130435,29.3059782608696,24.5630434782609,1569.1,1569.1,2160.0,1678.15784722222,3184.97,663.59,12.7347826086957,26.2907608695652,1587.22,26.5549456521739,-1.14161867920012,0.0972282608695707,-1.3,La Niña,0.223121264001701,-18.3855037721766,18.6086250361783
DAVAO DEL NORTE,2010,4,Q4,8044,26.2201086956522,29.0445652173913,24.1657608695652,921.3,921.3,1467.0,1685.68143333333,2844.27,608.04,13.9320652173913,29.579347826087,875.45,26.2876630434783,5.23730652807127,-0.0675543478260856,-1.6,La Niña,0.150452361044755,-12.4798011971146,12.6302535581594
DAVAO DEL NORTE,2011,1,Q1,8045,25.1033333333333,28.1005555555556,23.0361111111111,842.1,842.1,1194.0,1647.34896666667,2927.79,643.46,17.7105555555556,34.5644444444444,570.67,25.643884004884,47.563390400757,-0.540550671550669,-1.16666666666667,La Niña,-0.0744087500663566,9.20961650488478,9.28402525495114
DAVAO DEL NORTE,2011,2,Q2,8046,26.5725274725275,29.4917582417582,24.2802197802198,1418.3,1418.3,1514.0,1673.21746388889,3249.24,694.78,13.5785714285714,27.9302197802198,964.67,27.5054395604396,47.0243710284346,-0.93291208791209,-0.566666666666667,La Niña,-0.360947211604818,24.6708623195157,25.0318095311205
DAVAO DEL NORTE,2011,3,Q3,8047,26.2103260869565,28.566847826087,24.3603260869565,1545.8,1545.8,2050.0,1528.65712777778,2974.23,616.78,14.9440217391304,31.1364130434783,1587.22,26.5549456521739,-2.60959413313845,-0.344619565217389,-0.633333333333333,La Niña,-0.471409168126558,24.3038684560311,24.7752776241577
DAVAO DEL NORTE,2011,4,Q4,8048,26.0472826086956,28.7864130434783,24.0157608695652,832.7,832.7,1365.0,1632.43003055556,2853.23,606.99,14.6157608695652,30.5255434782609,875.45,26.2876630434783,-4.88320292421041,-0.240380434782612,-1.03333333333333,La Niña,-0.51461568986569,21.7737410929607,22.2883567828264
DAVAO DEL NORTE,2012,1,Q1,8049,25.5906593406593,28.7192307692308,23.3796703296703,625.0,625.0,1135.0,1693.97998611111,3045.32,661.1,16.0527472527473,31.8181318681319,570.67,25.643884004884,9.52038831548882,-0.0532246642246612,-0.733333333333333,La Niña,-0.392784188034188,12.2629905716436,12.6557747596778
DAVAO DEL NORTE,2012,2,Q2,8050,27.0098901098901,30.0049450549451,24.6186813186813,922.6,922.6,1493.0,1759.22316944444,3352.29,715.35,13.5285714285714,27.8472527472527,964.67,27.5054395604396,-4.36107684493143,-0.495549450549451,-0.266666666666667,Neutral,-0.283443528693528,-0.583371396697867,0.866814925391395
DAVAO DEL NORTE,2012,3,Q3,8051,26.2326086956522,28.675,24.3554347826087,1633.9,1633.9,2202.0,1506.24008888889,2939.26,615.17,14.6733695652174,30.9934782608696,1587.22,26.5549456521739,2.94099116694598,-0.322336956521738,0.333333333333333,Neutral,-0.277872876519615,0.804274928323242,1.08214780484286
DAVAO DEL NORTE,2012,4,Q4,8052,26.1722826086956,29.1445652173913,23.9679347826087,680.6,680.6,1085.0,1748.53991666667,3011.1,655.64,15.6271739130435,31.4521739130435,875.45,26.2876630434783,-22.2571249071906,-0.115380434782612,0.0666666666666666,Neutral,-0.246622876519615,-3.5392055674218,3.78582844394142
DAVAO DEL NORTE,2013,1,Q1,8053,25.8244444444444,29.0761111111111,23.4522222222222,823.9,823.9,1049.0,1683.25587222222,3086.31,691.38,17.0888888888889,32.97,570.67,25.643884004884,44.37415669301,0.180560439560438,-0.366666666666667,Neutral,-0.188176600573341,5.17423652695848,5.36241312753182
DAVAO DEL NORTE,2013,2,Q2,8054,27.5269230769231,30.5401098901099,25.0593406593407,1063.5,1063.5,1446.0,1732.25662222222,3348.52,730.92,12.271978021978,25.0692307692308,964.67,27.5054395604396,10.2449542330538,0.0214835164835172,-0.366666666666667,Neutral,-0.0589183588150988,8.82574429645479,8.88466265526989
DAVAO DEL NORTE,2013,3,Q3,8055,26.3521739130435,28.8619565217391,24.3690217391304,1711.7,1711.7,2069.0,1462.97002777778,2946.43,621.15,13.6782608695652,28.9951086956522,1587.22,26.5549456521739,7.84264311185595,-0.20277173913043,-0.333333333333333,Neutral,-0.0290270544672717,10.0511572826823,10.0801843371496
DAVAO DEL NORTE,2013,4,Q4,8056,26.0472826086956,28.8641304347826,23.9673913043478,667.4,667.4,1118.0,1742.56089444444,2932.56,622.79,14.3559782608696,30.166847826087,875.45,26.2876630434783,-23.764920897824,-0.240380434782612,-0.233333333333333,Neutral,-0.0602770544672717,9.67420828502393,9.7344853394912
DAVAO DEL NORTE,2014,1,Q1,8057,25.2111111111111,28.6516666666667,22.6255555555556,652.6,652.6,823.0,1733.91145555556,3223.4,719.84,17.1033333333333,33.1127777777778,570.67,25.643884004884,14.3568086635008,-0.432772893772889,-0.4,Neutral,-0.213610387800603,2.16987127764664,2.38348166544724
DAVAO DEL NORTE,2014,2,Q2,8058,27.6494505494505,30.8384615384615,25.0631868131868,839.2,839.2,1439.0,1829.17468611111,3501.38,761.05,12.3521978021978,25.9269230769231,964.67,27.5054395604396,-13.006520364477,0.144010989010987,0.133333333333333,Neutral,-0.182978519668736,-3.64299737173605,3.82597589140479
DAVAO DEL NORTE,2014,3,Q3,8059,26.4847826086956,28.9483695652174,24.5760869565217,1676.5,1676.5,1967.0,1531.07687777778,3046.07,639.02,14.7146739130435,30.866847826087,1587.22,26.5549456521739,5.62492912135684,-0.07016304347826,0.1,Neutral,-0.149826345755693,-4.19742586936083,4.34725221511652
DAVAO DEL NORTE,2014,4,Q4,8060,26.1913043478261,29.1233695652174,24.0619565217391,714.6,714.6,1213.0,1722.93278055556,2993.83,643.72,14.5429347826087,30.4733695652174,875.45,26.2876630434783,-18.3734079616197,-0.0963586956521744,0.6,El Niño,-0.113820910973084,-2.84954763530977,2.96336854628285
DAVAO DEL NORTE,2015,1,Q1,8061,25.3244444444444,28.93,22.5838888888889,272.7,272.7,593.0,1853.64153611111,3384.44,754.6,17.5477777777778,33.3261111111111,570.67,25.643884004884,-52.2140641701859,-0.319439560439562,0.5,El Niño,-0.0854875776397525,-19.4922658437315,19.5777534213712
DAVAO DEL NORTE,2015,2,Q2,8062,27.7769230769231,31.2395604395604,24.9675824175824,702.0,702.0,1140.0,1937.41273333333,3726.89,826.59,13.5005494505494,27.1796703296703,964.67,27.5054395604396,-27.2290005908756,0.271483516483517,0.933333333333333,El Niño,-0.0536194457716199,-23.0478859003311,23.1015053461027
DAVAO DEL NORTE,2015,3,Q3,8063,26.5320652173913,28.9032608695652,24.7059782608696,1373.8,1373.8,1888.0,1708.57661666667,3255.84,672.8,15.0701086956522,30.5434782608696,1587.22,26.5549456521739,-13.4461511321682,-0.022880434782607,1.86666666666667,El Niño,-0.0417987935977066,-27.8156559637124,27.8574547573101
DAVAO DEL NORTE,2015,4,Q4,8064,26.4820652173913,29.466847826087,24.2505434782609,944.3,944.3,939.0,1829.85813055556,3137.35,683.91,16.516847826087,32.9021739130435,875.45,26.2876630434783,7.86452681478096,0.194402173913044,2.53333333333333,El Niño,0.030891423793598,-21.2561722696122,21.2870636934058
DAVAO DEL NORTE,2016,1,Q1,8065,26.1637362637363,29.7434065934066,23.4417582417582,251.6,251.6,581.0,1910.66568055556,3462.77,764.08,15.85,30.4972527472527,570.67,25.643884004884,-55.9114724797168,0.519852258852264,2.06666666666667,El Niño,0.240714378616555,-22.1805243469949,22.4212387256115
DAVAO DEL NORTE,2016,2,Q2,8066,28.0423076923077,31.3027472527473,25.4467032967033,719.3,719.3,1393.0,1885.09591388889,3578.09,796.82,12.9120879120879,25.8747252747253,964.67,27.5054395604396,-25.4356412037277,0.536868131868129,0.4,Neutral,0.307060532462708,-21.7321845002079,22.0392450326706
DAVAO DEL NORTE,2016,3,Q3,8067,27.0342391304348,29.5804347826087,25.0271739130435,1389.2,1389.2,1956.0,1612.01195,3114.73,665.22,14.8826086956522,30.3,1587.22,26.5549456521739,-12.4759012613248,0.479293478260875,-0.5,La Niña,0.432604010723578,-21.4896220324971,21.9222260432207
DAVAO DEL NORTE,2016,4,Q4,8068,26.3657608695652,29.0233695652174,24.4054347826087,915.7,915.7,1439.0,1550.054425,2735.63,596.46,15.3070652173913,31.5684782608696,875.45,26.2876630434783,4.59763550174196,0.0780978260869531,-0.666666666666667,La Niña,0.403527923767055,-22.3063448607568,22.7098727845239
DAVAO DEL NORTE,2017,1,Q1,8069,25.5,28.5661111111111,23.2005555555556,982.2,982.2,1075.0,1685.92744722222,3132.62,676.59,19.1744444444444,39.18,570.67,25.643884004884,72.113480645557,-0.143884004884001,-0.133333333333333,Neutral,0.237593857832989,9.6998934205616,9.93748727839459
DAVAO DEL NORTE,2017,2,Q2,8070,27.4351648351648,30.6269230769231,25.0351648351648,1170.4,1170.4,1405.0,1880.42682222222,3721.3,787.62,13.3741758241758,30.6483516483516,964.67,27.5054395604396,21.3264639721355,-0.0702747252747251,0.266666666666667,Neutral,0.0858081435472755,21.3904197145274,21.4762278580747
DAVAO DEL NORTE,2017,3,Q3,8071,26.7217391304348,29.5326086956522,24.675,1712.3,1712.3,2021.0,1591.3814,3271.35,666.51,13.0195652173913,29.7141304347826,1587.22,26.5549456521739,7.88044505487582,0.166793478260875,-0.133333333333333,Neutral,0.0076831435472755,26.4795062935776,26.4871894371249
DAVAO DEL NORTE,2017,4,Q4,8072,26.3277173913044,29.108152173913,24.2913043478261,1170.7,1170.7,1541.0,1591.73551944444,2909.14,611.33,15.8913043478261,35.5896739130435,875.45,26.2876630434783,33.7255125935233,0.0400543478260893,-0.833333333333333,La Niña,-0.00182772601794045,33.7614755665229,33.7633032925409
DAVAO DEL NORTE,2018,1,Q1,8073,25.9283333333333,29.1388888888889,23.485,554.5,554.5,731.0,1747.58185833333,3340.01,720.11,17.3411111111111,36.195,570.67,25.643884004884,-2.83351148649832,0.28444932844933,-0.833333333333333,La Niña,0.105255607315392,15.0247275335091,15.1299831408245
DAVAO DEL NORTE,2018,2,Q2,8074,27.5417582417582,30.8686813186813,25.0395604395604,1035.3,1035.3,1287.0,1859.90799722222,3750.48,804.35,14.3813186813187,32.3005494505494,964.67,27.5054395604396,7.32167476961032,0.0363186813186828,-0.233333333333333,Neutral,0.131903958963744,11.5235302328778,11.6554341918415
DAVAO DEL NORTE,2018,3,Q3,8075,26.5923913043478,29.2521739130435,24.579347826087,1576.7,1576.7,2202.0,1597.53611111111,3256.04,663.94,14.779347826087,33.0858695652174,1587.22,26.5549456521739,-0.662794067615074,0.0374456521739148,0.266666666666667,Neutral,0.0995670024420043,9.38772045225506,9.48728745469707
DAVAO DEL NORTE,2018,4,Q4,8076,26.525,29.7347826086956,24.0804347826087,807.0,807.0,1247.0,1754.34215555556,3282.06,705.35,16.0695652173913,35.1114130434783,875.45,26.2876630434783,-7.81883602718602,0.237336956521737,0.833333333333333,El Niño,0.148887654615916,-0.998366702922274,1.14725435753819
DAVAO DEL NORTE,2019,1,Q1,8077,25.79,29.48,22.8461111111111,355.1,355.1,752.0,1835.00753055556,3583.99,798.44,19.7588888888889,40.3338888888889,570.67,25.643884004884,-37.7748961746719,0.146115995115998,0.7,El Niño,0.114304321282583,-9.73371287496566,9.84801719624824
DAVAO DEL NORTE,2019,2,Q2,8078,27.7807692307692,31.2263736263736,25.0906593406593,954.4,954.4,1584.0,1882.52446666667,3767.52,816.45,14.3945054945055,32.2472527472527,964.67,27.5054395604396,-1.0646127691335,0.275329670329675,0.566666666666667,El Niño,0.174057068535332,-11.8302847596516,12.0043418281869
DAVAO DEL NORTE,2019,3,Q3,8079,26.7369565217391,29.3407608695652,24.7320652173913,1683.2,1683.2,2333.0,1591.27793611111,3282.1,675.71,15.5385869565217,33.8869565217391,1587.22,26.5549456521739,6.04705081841207,0.182010869565222,0.2,Neutral,0.210198372883158,-10.1528235381448,10.363021911028
DAVAO DEL NORTE,2019,4,Q4,8080,26.4978260869565,29.7798913043478,23.9576086956522,1100.2,1100.2,1356.0,1789.60958055556,3323.89,694.63,14.6201086956522,32.9679347826087,875.45,26.2876630434783,25.6725112799132,0.210163043478264,0.433333333333333,Neutral,0.20340489462229,-1.77998671137003,1.98339160599232
DAVAO DEL NORTE,2020,1,Q1,8081,26.3659340659341,30.210989010989,23.3873626373626,315.5,315.5,739.0,1896.41315,3616.47,823.92,19.3010989010989,39.8357142857143,570.67,25.643884004884,-44.7141079783412,0.722050061050062,0.466666666666667,Neutral,0.347388411105806,-3.51478966228737,3.86217807339318
DAVAO DEL NORTE,2020,2,Q2,8082,27.793956043956,31.3373626373626,25.0868131868132,1052.9,1052.9,1561.0,1861.08318611111,3780.81,819.86,14.0043956043956,31.4489010989011,964.67,27.5054395604396,9.14613287445448,0.288516483516482,-0.0666666666666666,Neutral,0.350685114402507,-0.962103251390379,1.31278836579289
DAVAO DEL NORTE,2020,3,Q3,8083,26.9630434782609,29.9054347826087,24.6201086956522,1475.8,1475.8,1856.0,1671.49389166667,3457.72,708.52,12.4755434782609,28.8119565217391,1587.22,26.5549456521739,-7.01982081879009,0.408097826086958,-0.633333333333333,La Niña,0.407206853532942,-4.22882116069092,4.63602801422386
DAVAO DEL NORTE,2020,4,Q4,8084,26.2940217391304,29.1195652173913,24.2320652173913,1726.6,1726.6,1934.0,1520.77675,2900.84,596.55,14.3369565217391,32.5603260869565,875.45,26.2876630434783,97.2242846536067,0.0063586956521781,-1.23333333333333,La Niña,0.35625576657642,13.6591221827325,14.0153779493089
DAVAO DEL NORTE,2021,1,Q1,8085,25.6838888888889,28.7411111111111,23.3344444444444,951.1,951.1,1330.0,1655.55123055556,3204.54,670.83,16.355,34.5244444444444,570.67,25.643884004884,66.6637461229783,0.0400048840048903,-0.9,La Niña,0.185744472315127,41.5035857080623,41.6893301803775
DAVAO DEL NORTE,2021,2,Q2,8086,27.4697802197802,30.9576923076923,24.7434065934066,1258.2,1258.2,1650.0,1860.30816388889,3776.37,813.71,14.5456043956044,31.9763736263736,964.67,27.5054395604396,30.4280220178921,-0.0356593406593432,-0.533333333333333,La Niña,0.104700516271171,46.8240579939217,46.9287585101929
DAVAO DEL NORTE,2021,3,Q3,8087,26.8369565217391,29.6266304347826,24.6809782608696,1724.9,1724.9,2299.0,1653.81532222222,3388.86,688.58,13.9923913043478,31.8494565217391,1587.22,26.5549456521739,8.67428585829312,0.282010869565219,-0.533333333333333,La Niña,0.0731787771407362,50.7475846631926,50.8207634403333
DAVAO DEL NORTE,2021,4,Q4,8088,26.2092391304348,29.4260869565217,23.9288043478261,1162.8,1162.8,1349.0,1548.57731388889,3080.71,652.5,16.4135869565217,34.1494565217391,875.45,26.2876630434783,32.823119538523,-0.0784239130434798,-0.933333333333333,La Niña,0.0519831249668217,34.6472933844216,34.6992765093885
DAVAO DEL NORTE,2022,1,Q1,8089,26.0472222222222,29.7927777777778,23.395,801.1,801.1,933.0,1725.84435833333,3460.34,749.64,18.0433333333333,36.5344444444444,570.67,25.643884004884,40.378852927261,0.40333821733822,-0.966666666666667,La Niña,0.142816458300154,28.0760700854923,28.2188865437925
DAVAO DEL NORTE,2022,2,Q2,8090,26.9412087912088,30.410989010989,24.3379120879121,1511.8,1511.8,1592.0,1690.59265,3635.32,764.46,14.2659340659341,30.5763736263736,964.67,27.5054395604396,56.7168047104191,-0.564230769230772,-1.0,La Niña,0.010673601157297,34.648265758624,34.6589393597813
DAVAO DEL NORTE,2022,3,Q3,8091,26.5413043478261,29.7010869565217,24.2760869565217,1878.5,1878.5,1938.0,1546.99888333333,3454.62,702.86,13.3733695652174,28.8733695652174,1587.22,26.5549456521739,18.3515832713801,-0.0136413043478214,-0.9,La Niña,-0.0632394423209632,37.0675901118958,37.1308295542168
DAVAO DEL NORTE,2022,4,Q4,8092,26.1353260869565,29.3434782608696,23.8940217391304,1495.7,1495.7,1471.0,1620.36453333333,3145.01,645.24,15.1586956521739,31.8097826086956,875.45,26.2876630434783,70.8492775144211,-0.15233695652174,-0.9,La Niña,-0.0817177031905283,46.5741296058703,46.6558473090609
DAVAO DEL NORTE,2023,1,Q1,8093,25.6305555555556,29.1955555555556,23.0872222222222,1072.3,1072.3,1077.0,1623.59235555556,3345.1,716.7,18.7766666666667,37.4483333333333,570.67,25.643884004884,87.9019398251179,-0.0133284493284406,-0.4,Neutral,-0.185884369857193,58.4549013303346,58.6407857001917
DAVAO DEL NORTE,2023,2,Q2,8094,27.3730769230769,31.132967032967,24.6225274725275,1535.1,1535.1,1525.0,1856.92471388889,3922.81,829.31,14.2197802197802,30.6384615384615,964.67,27.5054395604396,59.1321384514912,-0.13236263736264,0.5,El Niño,-0.0779173368901604,59.0587347656026,59.1366521024927
DAVAO DEL NORTE,2023,3,Q3,8095,26.9527173913044,30.3505434782609,24.4195652173913,1736.2,1736.2,1933.0,1652.42309722222,3539.51,734.49,14.1923913043478,30.6396739130435,1587.22,26.5549456521739,9.38622245183403,0.397771739130441,1.33333333333333,El Niño,0.0249359239794052,56.817394560716,56.8423304846955
DAVAO DEL NORTE,2023,4,Q4,8096,26.6880434782609,30.4755434782609,23.9875,952.2,952.2,1294.0,1732.31458888889,3332.64,715.07,15.8733695652174,33.4978260869565,875.45,26.2876630434783,8.76691986978125,0.400380434782615,1.9,El Niño,0.163115271805494,41.2968051495561,41.4599204213616
DAVAO DEL NORTE,2024,1,Q1,8097,26.9664835164835,31.0917582417582,23.8758241758242,669.2,669.2,750.0,1836.94995555556,3596.95,845.56,19.5565934065934,40.2296703296703,570.67,25.643884004884,17.2656701771602,1.32259951159952,1.46666666666667,El Niño,0.497097262037483,23.6377377375667,24.1348349996041
DAVAO DEL NORTE,2024,2,Q2,8098,28.6978021978022,32.9478021978022,25.5302197802198,969.2,969.2,1188.0,1878.25501666667,4020.71,909.09,14.882967032967,32.6846153846154,964.67,27.5054395604396,0.469590637212723,1.19236263736264,0.433333333333333,Neutral,0.828278580718803,8.97210078399705,9.80037936471585
DAVAO DEL NORTE,2024,3,Q3,8099,27.2271739130435,30.6570652173913,24.7989130434783,1783.6,1783.6,2045.0,1572.49038888889,3460.77,719.39,13.4130434782609,29.3179347826087,1587.22,26.5549456521739,12.3725759504038,0.67222826086957,-0.1,Neutral,0.896892711153585,9.7186891586395,10.6155818697931
DAVAO DEL NORTE,2024,4,Q4,8100,27.0027777777778,30.7197802197802,24.4,1219.6,1219.6,1396.0,1598.76750277778,3133.11,675.16,15.1637362637363,33.3175824175824,875.45,26.2876630434783,39.3112113770061,0.715114734299515,-0.4,Neutral,0.97557628603281,17.3547620354457,18.3303383214785
DAVAO DEL NORTE,2025,1,Q1,8101,26.4410112359551,30.3277777777778,23.7588888888889,771.4,771.4,1121.0,1625.86471111111,3240.98,714.63,17.7472222222222,37.925,570.67,25.643884004884,35.1744440745089,0.797127231071055,-0.4,Neutral,0.844208215900695,21.8319555097829,22.6761637256836
DAVAO DEL NORTE,2025,2,Q2,8102,27.7032967032967,32.3098901098901,24.343956043956,968.9,26.3,1116.0,1734.98759444444,3686.56,805.05,12.2335164835165,26.2384615384615,964.67,27.5054395604396,0.438491919516509,0.197857142857142,-0.1,Neutral,0.595581842274321,21.8241808303588,22.4197626726332
DAVAO DEL NORTE,2025,3,Q3,8103,25.8858695652174,29.4967391304348,23.2364130434783,1433.0,148.2,1578.0,1367.580775,3019.0,630.08,12.8054347826087,35.1364130434783,1587.22,26.5549456521739,-9.71635942087424,-0.669076086956519,-0.3,Neutral,0.260255755317798,16.3019469875393,16.5622027428571
DAVAO DEL NORTE,2025,4,Q4,8104,26.2860655737705,30.2926229508197,23.4377049180328,593.4,65.7,713.0,1050.32248611111,2072.82,442.76,13.5975409836066,34.2180327868852,875.45,26.2876630434783,-32.21771660289,-0.001597469707768,-0.6,La Niña,0.0810777043159776,-1.58028500743469,1.66136271175067
DAVAO DEL SUR,2010,1,Q1,8041,26.74,30.4666666666667,24.195,867.5,867.5,1239.0,1796.47541111111,3406.26,727.76,11.1305555555556,27.39,1205.54,26.4366398046398,-28.0405461452959,0.303360195360195,1.16666666666667,El Niño,0.303360195360195,-28.0405461452959,28.3439063406561
DAVAO DEL SUR,2010,2,Q2,8042,27.543956043956,30.9642857142857,25.0494505494506,1366.3,1366.3,1693.0,1755.72799166667,3312.95,705.4,9.44505494505494,24.5032967032967,1292.14,27.191978021978,5.7393161731701,0.35197802197802,-0.166666666666667,Neutral,0.327669108669108,-11.1506149860629,11.478284094732
DAVAO DEL SUR,2010,3,Q3,8043,26.7836956521739,29.9809782608696,24.3494565217391,1488.7,1488.7,1967.0,1675.92660555556,3211.71,667.17,9.12826086956522,23.8788043478261,963.65,26.8110869565217,54.4855497327868,-0.0273913043478302,-1.3,La Niña,0.209315637663462,10.728106586887,10.9374222245505
DAVAO DEL SUR,2010,4,Q4,8044,26.6842391304348,29.9880434782609,24.325,1228.4,1228.4,1780.0,1731.47592222222,3015.86,632.55,9.21847826086956,24.5141304347826,1138.54,26.7470108695652,7.89256416111864,-0.0627717391304401,-1.6,La Niña,0.141293793464986,10.0192209804449,10.1605147739099
DAVAO DEL SUR,2011,1,Q1,8045,25.7816666666667,28.7422222222222,23.715,2145.0,2145.0,2096.0,1480.31913055556,2775.89,577.27,10.1694444444444,26.6977777777778,1205.54,26.4366398046398,77.9285631335335,-0.65497313797314,-1.16666666666667,La Niña,-0.0982895398683477,36.5114983001523,36.6097878400206
DAVAO DEL SUR,2011,2,Q2,8046,26.5142857142857,29.7038461538462,24.2912087912088,1609.0,1609.0,1823.0,1540.75715555556,2998.36,623.52,9.19230769230769,24.1192307692308,1292.14,27.191978021978,24.5221106072098,-0.677692307692304,-0.566666666666667,La Niña,-0.355707122285929,41.2071969086622,41.5629040309481
DAVAO DEL SUR,2011,3,Q3,8047,26.4228260869565,29.8282608695652,23.9125,819.2,819.2,1349.0,1654.77347222222,3207.35,662.03,9.83152173913044,26.1940217391304,963.65,26.8110869565217,-14.9898822186478,-0.388260869565219,-0.633333333333333,La Niña,-0.445924513590276,23.8383389208035,24.2842634343938
DAVAO DEL SUR,2011,4,Q4,8048,26.3603260869565,29.4521739130435,24.0809782608696,1122.4,1122.4,1597.0,1602.12820833333,2961.49,616.28,9.30380434782609,24.9086956521739,1138.54,26.7470108695652,-1.41760500289844,-0.386684782608697,-1.03333333333333,La Niña,-0.52690277445984,21.5107966297993,22.0376994042591
DAVAO DEL SUR,2012,1,Q1,8049,25.9659340659341,29.0692307692308,23.7417582417582,1419.5,1419.5,1883.0,1628.19340555556,3005.34,624.33,10.1412087912088,26.7258241758242,1205.54,26.4366398046398,17.7480631086484,-0.470705738705735,-0.733333333333333,La Niña,-0.480835924642989,6.46567162357797,6.94650754822096
DAVAO DEL SUR,2012,2,Q2,8050,26.7225274725275,30.0725274725275,24.2543956043956,1096.5,1096.5,1467.0,1696.767675,3239.5,671.67,9.42472527472527,24.706043956044,1292.14,27.191978021978,-15.1407742195118,-0.469450549450553,-0.266666666666667,Neutral,-0.428775485082551,-3.45004958310242,3.87882506818497
DAVAO DEL SUR,2012,3,Q3,8051,26.5005434782609,29.7983695652174,23.9701086956522,908.8,908.8,1475.0,1637.64328333333,3218.85,665.71,9.92826086956522,26.7108695652174,963.65,26.8110869565217,-5.69190058631246,-0.310543478260865,0.333333333333333,Neutral,-0.409346137256462,-1.12555417501857,1.53490031227504
DAVAO DEL SUR,2012,4,Q4,8052,26.4586956521739,29.5777173913044,24.195652173913,1366.7,1366.7,1662.0,1698.95194722222,3005.51,630.96,10.0,27.4271739130435,1138.54,26.7470108695652,20.0396999666239,-0.288315217391307,0.0666666666666666,Neutral,-0.384753745952115,4.23877206736202,4.62352581331413
DAVAO DEL SUR,2013,1,Q1,8053,26.08,29.1116666666667,23.905,1785.7,1785.7,1890.0,1521.97219444444,2931.26,613.9,10.5988888888889,27.2377777777778,1205.54,26.4366398046398,48.1244919289281,-0.356639804639805,-0.366666666666667,Neutral,-0.356237262435632,11.8328792724319,12.1891165348676
DAVAO DEL SUR,2013,2,Q2,8054,27.0747252747253,30.3115384615385,24.6846153846154,1321.8,1321.8,1789.0,1592.84007222222,3114.23,656.35,9.00494505494506,23.3214285714286,1292.14,27.191978021978,2.29541690528891,-0.117252747252742,-0.366666666666667,Neutral,-0.26818781188618,16.1919270536321,16.4601148655183
DAVAO DEL SUR,2013,3,Q3,8055,26.4929347826087,29.7304347826087,24.0413043478261,1257.8,1257.8,1713.0,1572.62776111111,3131.8,650.65,9.45652173913044,25.3010869565217,963.65,26.8110869565217,30.5245680485653,-0.318152173913045,-0.333333333333333,Neutral,-0.270089985799225,25.2460442123516,25.5161341981508
DAVAO DEL SUR,2013,4,Q4,8056,26.4027173913043,29.5690217391304,24.0929347826087,1286.0,1286.0,1645.0,1660.70516666667,2939.18,614.7,9.44021739130435,26.2179347826087,1138.54,26.7470108695652,12.9516749521317,-0.344293478260869,-0.233333333333333,Neutral,-0.284084551016615,23.4740379587285,23.7581225097451
DAVAO DEL SUR,2014,1,Q1,8057,26.0138888888889,29.2711111111111,23.7194444444444,1490.8,1490.8,1610.0,1590.07906111111,3031.83,643.23,11.2372222222222,27.4944444444444,1205.54,26.4366398046398,23.6624251372829,-0.422750915750914,-0.4,Neutral,-0.300612328794393,17.3585212608172,17.6591335896116
DAVAO DEL SUR,2014,2,Q2,8058,27.2274725274725,30.5214285714286,24.7598901098901,1109.2,1109.2,1641.0,1705.89215555556,3275.48,686.34,8.97197802197802,23.1406593406593,1292.14,27.191978021978,-14.1579085857569,0.0354945054945012,0.133333333333333,Neutral,-0.262425515607582,13.2451898880557,13.5076154036633
DAVAO DEL SUR,2014,3,Q3,8059,26.6635869565217,29.9239130434783,24.1722826086956,1019.3,1019.3,1427.0,1586.36063055556,3186.32,662.82,10.1625,26.1298913043478,963.65,26.8110869565217,5.77491827945831,-0.147500000000001,0.1,Neutral,-0.219762472129321,7.05777744577898,7.2775399179083
DAVAO DEL SUR,2014,4,Q4,8060,26.608152173913,29.9038043478261,24.1940217391304,987.9,987.9,1554.0,1689.08973055556,3073.61,641.84,9.60163043478261,25.1021739130435,1138.54,26.7470108695652,-13.2309800270522,-0.138858695652178,0.6,El Niño,-0.168403776477148,0.512113700983013,0.680517477460161
DAVAO DEL SUR,2015,1,Q1,8061,26.7183333333333,30.5016666666667,24.0761111111111,676.1,676.1,1115.0,1828.172375,3410.98,737.12,11.735,27.8511111111111,1205.54,26.4366398046398,-43.9172487018266,0.28169352869353,0.5,El Niño,0.00770733463396312,-16.3828047587943,16.3905120934283
DAVAO DEL SUR,2015,2,Q2,8062,27.517032967033,31.1269230769231,24.9126373626374,1148.0,1148.0,1578.0,1762.571775,3365.89,717.18,9.78131868131868,24.3906593406593,1292.14,27.191978021978,-11.1551379881437,0.325054945054944,0.933333333333333,El Niño,0.0800974445240739,-15.632112109391,15.7122095539151
DAVAO DEL SUR,2015,3,Q3,8063,26.7554347826087,29.9076086956522,24.4461956521739,908.0,908.0,1416.0,1741.54545277778,3304.15,683.76,10.8820652173913,28.2809782608696,963.65,26.8110869565217,-5.77491827945831,-0.0556521739130495,1.86666666666667,El Niño,0.103059401045812,-18.5195712491202,18.622630650166
DAVAO DEL SUR,2015,4,Q4,8064,26.9228260869565,30.275,24.5489130434783,886.2,886.2,1287.0,1856.96468888889,3234.33,681.1,10.4157608695652,26.4864130434783,1138.54,26.7470108695652,-22.1634725174346,0.175815217391303,2.53333333333333,El Niño,0.181727879306682,-20.7526943717158,20.9344222510225
DAVAO DEL SUR,2016,1,Q1,8065,27.6582417582418,32.0115384615385,24.6445054945055,305.1,305.1,689.0,1947.97846111111,3683.82,808.18,11.2538461538462,27.7895604395604,1205.54,26.4366398046398,-74.6918393417058,1.22160195360196,2.06666666666667,El Niño,0.416704985533789,-28.4463420316856,28.8630470172194
DAVAO DEL SUR,2016,2,Q2,8066,27.8434065934066,31.4225274725275,25.2868131868132,1238.5,1238.5,1710.0,1753.588475,3335.67,715.43,9.62197802197802,25.1032967032967,1292.14,27.191978021978,-4.15125296020554,0.651428571428571,0.4,Neutral,0.498298392127196,-26.6953707747011,27.1936691668283
DAVAO DEL SUR,2016,3,Q3,8067,27.491847826087,30.8336956521739,24.8885869565217,926.9,926.9,1300.0,1741.42945555556,3355.57,713.4,10.15,26.6505434782609,963.65,26.8110869565217,-3.81362527888756,0.680760869565219,-0.5,La Niña,0.682401652996763,-26.2050475245584,26.8874491775551
DAVAO DEL SUR,2016,4,Q4,8068,26.6733695652174,29.758152173913,24.4907608695652,1599.6,1599.6,1800.0,1525.27891111111,2806.54,591.61,9.40923913043478,24.9717391304348,1138.54,26.7470108695652,40.4957225920916,-0.0736413043478307,-0.666666666666667,La Niña,0.620037522561979,-10.5402487471768,11.1602862697388
DAVAO DEL SUR,2017,1,Q1,8069,26.3083333333333,29.0827777777778,24.1716666666667,1328.0,1328.0,1302.0,1615.00203055556,3064.67,661.93,16.7755555555556,34.5044444444444,1205.54,26.4366398046398,10.1581034225326,-0.12830647130647,-0.133333333333333,Neutral,0.282560416334873,10.6722369438828,10.9547973602177
DAVAO DEL SUR,2017,2,Q2,8070,27.0225274725275,29.6653846153846,24.9972527472527,1661.1,1661.1,1999.0,1806.23923055556,3609.7,726.49,12.6730769230769,27.8912087912088,1292.14,27.191978021978,28.5541814354482,-0.169450549450548,0.266666666666667,Neutral,0.0773406361150926,18.8485955427962,18.9259361789113
DAVAO DEL SUR,2017,3,Q3,8071,26.7532608695652,29.420652173913,24.729347826087,1052.6,1052.6,1379.0,1681.17814444444,3352.96,682.16,12.6940217391304,27.6211956521739,963.65,26.8110869565217,9.23052975665438,-0.0578260869565205,-0.133333333333333,Neutral,-0.107306103015342,22.1096343016817,22.216940404697
DAVAO DEL SUR,2017,4,Q4,8072,26.9521739130435,29.7467391304348,24.8483695652174,847.4,847.4,1286.0,1617.06819166667,3115.74,663.87,14.2228260869565,30.0130434782609,1138.54,26.7470108695652,-25.5713457586031,0.205163043478262,-0.833333333333333,La Niña,-0.0376050160588193,5.59286721400802,5.63047223006684
DAVAO DEL SUR,2018,1,Q1,8073,26.665,29.7383333333333,24.2161111111111,817.0,817.0,1104.0,1724.15413888889,3460.16,729.98,15.4627777777778,31.4677777777778,1205.54,26.4366398046398,-32.2295402889991,0.228360195360196,-0.833333333333333,La Niña,0.0515616506078471,-5.00404371387492,5.05560536448277
DAVAO DEL SUR,2018,2,Q2,8074,27.1269230769231,29.9714285714286,24.9208791208791,1071.0,1071.0,1543.0,1813.81395277778,3683.92,751.04,12.9054945054945,28.2505494505495,1292.14,27.191978021978,-17.1142445864999,-0.0650549450549426,-0.233333333333333,Neutral,0.0776605517067486,-16.4211502193619,16.4988107710687
DAVAO DEL SUR,2018,3,Q3,8075,27.3413043478261,30.6309782608696,24.9277173913043,459.9,459.9,915.0,1781.99945277778,3506.61,780.49,15.6222826086957,32.983152173913,963.65,26.8110869565217,-52.2752036527785,0.530217391304348,0.266666666666667,Neutral,0.224671421271966,-31.7975835717202,32.0222549929921
DAVAO DEL SUR,2018,4,Q4,8076,27.2027173913044,30.5146739130435,24.7554347826087,945.4,945.4,1496.0,1817.74968055556,3518.96,751.03,14.5548913043478,31.6364130434783,1138.54,26.7470108695652,-16.9638308711156,0.455706521739131,0.833333333333333,El Niño,0.287307290837183,-29.6457048498483,29.9330121406855
DAVAO DEL SUR,2019,1,Q1,8077,26.435,29.9983333333333,23.6594444444444,1220.7,1220.7,1079.0,1778.08598055556,3591.72,804.31,18.9005555555556,37.6277777777778,1205.54,26.4366398046398,1.25752774690181,-0.0016398046398045,0.7,El Niño,0.229807290837183,-21.2739378408731,21.5037451317102
DAVAO DEL SUR,2019,2,Q2,8078,27.3269230769231,30.3434065934066,25.028021978022,1300.0,1300.0,1561.0,1889.31015,3781.72,781.91,13.7543956043956,29.8181318681319,1292.14,27.191978021978,0.608293219001047,0.134945054945057,0.566666666666667,El Niño,0.279807290837183,-16.8433033894978,17.123110680335
DAVAO DEL SUR,2019,3,Q3,8079,26.9054347826087,29.6972826086957,24.6869565217391,795.3,795.3,1075.0,1774.01304722222,3576.67,749.35,15.904347826087,32.7347826086957,963.65,26.8110869565217,-17.4700358013802,0.0943478260869561,0.2,Neutral,0.170839899532835,-8.14201142664824,8.31285132618107
DAVAO DEL SUR,2019,4,Q4,8080,27.2048913043478,30.4483695652174,24.720652173913,1115.4,1115.4,1395.0,1864.56598333333,3603.41,758.02,13.7402173913043,29.5695652173913,1138.54,26.7470108695652,-2.03242749486183,0.457880434782606,0.433333333333333,Neutral,0.171383377793703,-4.40916058258479,4.58054396037849
DAVAO DEL SUR,2020,1,Q1,8081,27.0291208791209,30.5576923076923,24.3181318681319,690.5,690.5,1139.0,1883.18230555556,3756.04,836.01,18.5527472527473,37.1373626373626,1205.54,26.4366398046398,-42.722763243028,0.592481074481078,0.466666666666667,Neutral,0.319913597573924,-15.4042333300672,15.7241469276412
DAVAO DEL SUR,2020,2,Q2,8082,27.4038461538462,30.4104395604396,25.1,1478.8,1478.8,1837.0,1792.10855277778,3733.82,779.69,13.889010989011,30.5741758241758,1292.14,27.191978021978,14.4458030863529,0.211868131868133,-0.0666666666666666,Neutral,0.339144366804693,-11.9448558632293,12.284000230034
DAVAO DEL SUR,2020,3,Q3,8083,26.9277173913043,29.5695652173913,24.7108695652174,1188.6,1188.6,1693.0,1741.74955277778,3613.47,724.1,13.1358695652174,28.8141304347826,963.65,26.8110869565217,23.3435375914492,0.116630434782607,-0.633333333333333,La Niña,0.344715018978606,-1.74146251502195,2.08617753400056
DAVAO DEL SUR,2020,4,Q4,8084,26.7211956521739,29.4961956521739,24.6010869565217,1343.2,1343.2,1585.0,1653.33694166667,3140.25,643.68,12.2097826086957,26.9369565217391,1138.54,26.7470108695652,17.9756530293183,-0.0258152173913082,-1.23333333333333,La Niña,0.223791105935128,3.26055761602307,3.4843487219582
DAVAO DEL SUR,2021,1,Q1,8085,26.3283333333333,29.2272222222222,24.0866666666667,1250.2,1250.2,1683.0,1642.40343611111,3307.51,681.27,14.2366666666667,30.2922222222222,1205.54,26.4366398046398,3.70456392985717,-0.108306471306467,-0.9,La Niña,0.0485942194882414,14.8673894092444,14.9159836287326
DAVAO DEL SUR,2021,2,Q2,8086,26.9043956043956,29.6967032967033,24.7384615384615,1791.8,1791.8,1797.0,1721.41129722222,3522.48,718.66,12.6956043956044,27.4857142857143,1292.14,27.191978021978,38.669184453697,-0.287582417582417,-0.533333333333333,La Niña,-0.0762684178743962,20.9232347510804,20.9995031689548
DAVAO DEL SUR,2021,3,Q3,8087,26.9771739130435,29.7836956521739,24.7277173913043,1166.9,1166.9,1517.0,1770.61868333333,3619.25,740.52,13.1809782608696,28.5592391304348,963.65,26.8110869565217,21.091682664868,0.166086956521738,-0.533333333333333,La Niña,-0.0639042874396134,20.3602710194351,20.4241753068747
DAVAO DEL SUR,2021,4,Q4,8088,26.7630434782609,29.9032608695652,24.4777173913043,1422.2,1422.2,1447.0,1627.99374444444,3324.98,694.29,14.5054347826087,29.395652173913,1138.54,26.7470108695652,24.914364010048,0.0160326086956494,-0.933333333333333,La Niña,-0.053442330917874,22.0949487646175,22.1483910955354
DAVAO DEL SUR,2022,1,Q1,8089,26.4333333333333,29.8361111111111,23.9411111111111,1383.1,1383.1,1438.0,1670.48983611111,3550.74,741.58,16.8111111111111,33.0111111111111,1205.54,26.4366398046398,14.7286693100187,-0.0033064713064696,-0.966666666666667,La Niña,-0.0271923309178748,24.8509751096579,24.8781674405758
DAVAO DEL SUR,2022,2,Q2,8090,26.6379120879121,29.4307692307692,24.3934065934066,1916.2,1916.2,1899.0,1652.44203055556,3578.61,719.6,13.6203296703297,28.1467032967033,1292.14,27.191978021978,48.2966242048076,-0.554065934065935,-1.0,La Niña,-0.0938132100387543,27.2578350474356,27.3516482574743
DAVAO DEL SUR,2022,3,Q3,8091,26.7858695652174,29.7771739130435,24.3429347826087,1370.3,1370.3,1305.0,1751.31892777778,3738.05,754.81,13.4657608695652,27.8630434782609,963.65,26.8110869565217,42.1989311472007,-0.0252173913043449,-0.9,La Niña,-0.141639296995275,32.5346471680188,32.676286465014
DAVAO DEL SUR,2022,4,Q4,8092,26.6592391304348,29.7945652173913,24.3211956521739,1565.4,1565.4,1542.0,1637.18765833333,3308.11,683.35,14.325,29.1489130434783,1138.54,26.7470108695652,37.4918755599276,-0.0877717391304351,-0.9,La Niña,-0.167590383951796,35.6790250554887,35.8466154394405
DAVAO DEL SUR,2023,1,Q1,8093,26.1788888888889,29.4961111111111,23.8005555555556,1392.9,1392.9,1577.0,1569.02058888889,3394.06,697.37,16.4344444444444,32.1327777777778,1205.54,26.4366398046398,15.5415830250344,-0.257750915750915,-0.4,Neutral,-0.231201495062908,35.8822534842426,36.1134549793055
DAVAO DEL SUR,2023,2,Q2,8094,27.1846153846154,30.4126373626374,24.7813186813187,1193.0,1193.0,1465.0,1786.73338611111,3706.74,760.81,13.7324175824176,28.3208791208791,1292.14,27.191978021978,-7.67254322287058,-0.007362637362636,0.5,El Niño,-0.0945256708870827,21.8899616273231,21.9844872982101
DAVAO DEL SUR,2023,3,Q3,8095,27.0288043478261,30.633152173913,24.4298913043478,934.5,934.5,1204.0,1725.28769722222,3540.07,761.06,15.0923913043478,33.0146739130435,963.65,26.8110869565217,-3.02495719400197,0.217717391304348,1.33333333333333,El Niño,-0.0337919752349096,10.5839895420224,10.6177815172573
DAVAO DEL SUR,2023,4,Q4,8096,27.1505434782609,31.0788043478261,24.3086956521739,1079.9,1079.9,1383.0,1799.48933888889,3612.34,766.96,14.1565217391304,31.2054347826087,1138.54,26.7470108695652,-5.15045584696189,0.403532608695649,1.9,El Niño,0.0890341117216114,-0.0765933096999997,0.165627421421611
DAVAO DEL SUR,2024,1,Q1,8097,27.0967032967033,31.0989010989011,24.1016483516484,1153.3,1153.3,1112.0,1807.18925277778,3792.14,865.21,19.2653846153846,39.1412087912088,1205.54,26.4366398046398,-4.33332780330806,0.660063492063497,1.46666666666667,El Niño,0.318487713675214,-5.04532101678562,5.36380873046084
DAVAO DEL SUR,2024,2,Q2,8098,27.6714285714286,31.5818681318681,24.7153846153846,1424.8,1424.8,1484.0,1837.40409722222,3952.85,843.21,14.7730769230769,33.0098901098901,1292.14,27.191978021978,10.2666893680251,0.479450549450547,0.433333333333333,Neutral,0.44019101037851,-0.560512869061694,1.0007038794402
DAVAO DEL SUR,2024,3,Q3,8099,26.9597826086957,30.3277173913044,24.4451086956522,1146.8,1146.8,1426.0,1691.80491388889,3609.18,752.22,14.2728260869565,31.3733695652174,963.65,26.8110869565217,19.0058631245784,0.14869565217391,-0.1,Neutral,0.422935575595901,4.94719221058341,5.37012778617931
DAVAO DEL SUR,2024,4,Q4,8100,27.2994444444444,31.1769230769231,24.5752747252747,1149.4,1149.4,1387.0,1718.81717777778,3454.63,750.5,14.6164835164835,33.5137362637363,1138.54,26.7470108695652,0.95385318038893,0.552433574879224,-0.4,Neutral,0.460160817141794,6.47326946742111,6.9334302845629
DAVAO DEL SUR,2025,1,Q1,8101,26.6376404494382,30.66,23.9205555555556,1495.6,1495.6,1588.0,1627.16069722222,3438.85,735.12,15.9755555555556,36.3516666666667,1205.54,26.4366398046398,24.0605869568824,0.201000644798398,-0.4,Neutral,0.34539510532552,13.5717481574687,13.9171432627942
DAVAO DEL SUR,2025,2,Q2,8102,28.0247252747253,32.1549450549451,24.9357142857143,681.5,15.2,900.0,1685.30533611111,3609.52,774.17,11.1736263736264,25.4351648351648,1292.14,27.191978021978,-47.2580370548083,0.832747252747254,-0.1,Neutral,0.433719281149696,-0.809433448239638,1.24315272938933
DAVAO DEL SUR,2025,3,Q3,8103,27.8532608695652,32.5038043478261,24.3135869565217,616.0,10.4,864.0,1659.1877,3501.78,774.93,12.4847826086957,27.4722826086957,963.65,26.8110869565217,-36.0763762776942,1.04217391304348,-0.3,Neutral,0.657088846367088,-14.5799932988078,15.2370821451749
DAVAO DEL SUR,2025,4,Q4,8104,27.8418032786885,32.6770491803279,24.1983606557377,581.0,3.4,703.0,1078.24535833333,2203.07,483.42,11.0590163934426,24.5704918032787,1138.54,26.7470108695652,-48.9697331670385,1.0947924091233,-0.6,La Niña,0.792678554928108,-27.0608898856646,27.8535684405928
DAVAO OCCIDENTAL,2010,1,Q1,8041,26.74,30.4666666666667,24.195,867.5,867.5,1239.0,1796.47541111111,3406.26,727.76,11.1305555555556,27.39,1205.54,26.4366398046398,-28.0405461452959,0.303360195360195,1.16666666666667,El Niño,0.303360195360195,-28.0405461452959,28.3439063406561
DAVAO OCCIDENTAL,2010,2,Q2,8042,27.543956043956,30.9642857142857,25.0494505494506,1366.3,1366.3,1693.0,1755.72799166667,3312.95,705.4,9.44505494505494,24.5032967032967,1292.14,27.191978021978,5.7393161731701,0.35197802197802,-0.166666666666667,Neutral,0.327669108669108,-11.1506149860629,11.478284094732
DAVAO OCCIDENTAL,2010,3,Q3,8043,26.7836956521739,29.9809782608696,24.3494565217391,1488.7,1488.7,1967.0,1675.92660555556,3211.71,667.17,9.12826086956522,23.8788043478261,963.65,26.8110869565217,54.4855497327868,-0.0273913043478302,-1.3,La Niña,0.209315637663462,10.728106586887,10.9374222245505
DAVAO OCCIDENTAL,2010,4,Q4,8044,26.6842391304348,29.9880434782609,24.325,1228.4,1228.4,1780.0,1731.47592222222,3015.86,632.55,9.21847826086956,24.5141304347826,1138.54,26.7470108695652,7.89256416111864,-0.0627717391304401,-1.6,La Niña,0.141293793464986,10.0192209804449,10.1605147739099
DAVAO OCCIDENTAL,2011,1,Q1,8045,25.7816666666667,28.7422222222222,23.715,2145.0,2145.0,2096.0,1480.31913055556,2775.89,577.27,10.1694444444444,26.6977777777778,1205.54,26.4366398046398,77.9285631335335,-0.65497313797314,-1.16666666666667,La Niña,-0.0982895398683477,36.5114983001523,36.6097878400206
DAVAO OCCIDENTAL,2011,2,Q2,8046,26.5142857142857,29.7038461538462,24.2912087912088,1609.0,1609.0,1823.0,1540.75715555556,2998.36,623.52,9.19230769230769,24.1192307692308,1292.14,27.191978021978,24.5221106072098,-0.677692307692304,-0.566666666666667,La Niña,-0.355707122285929,41.2071969086622,41.5629040309481
DAVAO OCCIDENTAL,2011,3,Q3,8047,26.4228260869565,29.8282608695652,23.9125,819.2,819.2,1349.0,1654.77347222222,3207.35,662.03,9.83152173913044,26.1940217391304,963.65,26.8110869565217,-14.9898822186478,-0.388260869565219,-0.633333333333333,La Niña,-0.445924513590276,23.8383389208035,24.2842634343938
DAVAO OCCIDENTAL,2011,4,Q4,8048,26.3603260869565,29.4521739130435,24.0809782608696,1122.4,1122.4,1597.0,1602.12820833333,2961.49,616.28,9.30380434782609,24.9086956521739,1138.54,26.7470108695652,-1.41760500289844,-0.386684782608697,-1.03333333333333,La Niña,-0.52690277445984,21.5107966297993,22.0376994042591
DAVAO OCCIDENTAL,2012,1,Q1,8049,25.9659340659341,29.0692307692308,23.7417582417582,1419.5,1419.5,1883.0,1628.19340555556,3005.34,624.33,10.1412087912088,26.7258241758242,1205.54,26.4366398046398,17.7480631086484,-0.470705738705735,-0.733333333333333,La Niña,-0.480835924642989,6.46567162357797,6.94650754822096
DAVAO OCCIDENTAL,2012,2,Q2,8050,26.7225274725275,30.0725274725275,24.2543956043956,1096.5,1096.5,1467.0,1696.767675,3239.5,671.67,9.42472527472527,24.706043956044,1292.14,27.191978021978,-15.1407742195118,-0.469450549450553,-0.266666666666667,Neutral,-0.428775485082551,-3.45004958310242,3.87882506818497
DAVAO OCCIDENTAL,2012,3,Q3,8051,26.5005434782609,29.7983695652174,23.9701086956522,908.8,908.8,1475.0,1637.64328333333,3218.85,665.71,9.92826086956522,26.7108695652174,963.65,26.8110869565217,-5.69190058631246,-0.310543478260865,0.333333333333333,Neutral,-0.409346137256462,-1.12555417501857,1.53490031227504
DAVAO OCCIDENTAL,2012,4,Q4,8052,26.4586956521739,29.5777173913044,24.195652173913,1366.7,1366.7,1662.0,1698.95194722222,3005.51,630.96,10.0,27.4271739130435,1138.54,26.7470108695652,20.0396999666239,-0.288315217391307,0.0666666666666666,Neutral,-0.384753745952115,4.23877206736202,4.62352581331413
DAVAO OCCIDENTAL,2013,1,Q1,8053,26.08,29.1116666666667,23.905,1785.7,1785.7,1890.0,1521.97219444444,2931.26,613.9,10.5988888888889,27.2377777777778,1205.54,26.4366398046398,48.1244919289281,-0.356639804639805,-0.366666666666667,Neutral,-0.356237262435632,11.8328792724319,12.1891165348676
DAVAO OCCIDENTAL,2013,2,Q2,8054,27.0747252747253,30.3115384615385,24.6846153846154,1321.8,1321.8,1789.0,1592.84007222222,3114.23,656.35,9.00494505494506,23.3214285714286,1292.14,27.191978021978,2.29541690528891,-0.117252747252742,-0.366666666666667,Neutral,-0.26818781188618,16.1919270536321,16.4601148655183
DAVAO OCCIDENTAL,2013,3,Q3,8055,26.4929347826087,29.7304347826087,24.0413043478261,1257.8,1257.8,1713.0,1572.62776111111,3131.8,650.65,9.45652173913044,25.3010869565217,963.65,26.8110869565217,30.5245680485653,-0.318152173913045,-0.333333333333333,Neutral,-0.270089985799225,25.2460442123516,25.5161341981508
DAVAO OCCIDENTAL,2013,4,Q4,8056,26.4027173913043,29.5690217391304,24.0929347826087,1286.0,1286.0,1645.0,1660.70516666667,2939.18,614.7,9.44021739130435,26.2179347826087,1138.54,26.7470108695652,12.9516749521317,-0.344293478260869,-0.233333333333333,Neutral,-0.284084551016615,23.4740379587285,23.7581225097451
DAVAO OCCIDENTAL,2014,1,Q1,8057,26.0138888888889,29.2711111111111,23.7194444444444,1490.8,1490.8,1610.0,1590.07906111111,3031.83,643.23,11.2372222222222,27.4944444444444,1205.54,26.4366398046398,23.6624251372829,-0.422750915750914,-0.4,Neutral,-0.300612328794393,17.3585212608172,17.6591335896116
DAVAO OCCIDENTAL,2014,2,Q2,8058,27.2274725274725,30.5214285714286,24.7598901098901,1109.2,1109.2,1641.0,1705.89215555556,3275.48,686.34,8.97197802197802,23.1406593406593,1292.14,27.191978021978,-14.1579085857569,0.0354945054945012,0.133333333333333,Neutral,-0.262425515607582,13.2451898880557,13.5076154036633
DAVAO OCCIDENTAL,2014,3,Q3,8059,26.6635869565217,29.9239130434783,24.1722826086956,1019.3,1019.3,1427.0,1586.36063055556,3186.32,662.82,10.1625,26.1298913043478,963.65,26.8110869565217,5.77491827945831,-0.147500000000001,0.1,Neutral,-0.219762472129321,7.05777744577898,7.2775399179083
DAVAO OCCIDENTAL,2014,4,Q4,8060,26.608152173913,29.9038043478261,24.1940217391304,987.9,987.9,1554.0,1689.08973055556,3073.61,641.84,9.60163043478261,25.1021739130435,1138.54,26.7470108695652,-13.2309800270522,-0.138858695652178,0.6,El Niño,-0.168403776477148,0.512113700983013,0.680517477460161
DAVAO OCCIDENTAL,2015,1,Q1,8061,26.7183333333333,30.5016666666667,24.0761111111111,676.1,676.1,1115.0,1828.172375,3410.98,737.12,11.735,27.8511111111111,1205.54,26.4366398046398,-43.9172487018266,0.28169352869353,0.5,El Niño,0.00770733463396312,-16.3828047587943,16.3905120934283
DAVAO OCCIDENTAL,2015,2,Q2,8062,27.517032967033,31.1269230769231,24.9126373626374,1148.0,1148.0,1578.0,1762.571775,3365.89,717.18,9.78131868131868,24.3906593406593,1292.14,27.191978021978,-11.1551379881437,0.325054945054944,0.933333333333333,El Niño,0.0800974445240739,-15.632112109391,15.7122095539151
DAVAO OCCIDENTAL,2015,3,Q3,8063,26.7554347826087,29.9076086956522,24.4461956521739,908.0,908.0,1416.0,1741.54545277778,3304.15,683.76,10.8820652173913,28.2809782608696,963.65,26.8110869565217,-5.77491827945831,-0.0556521739130495,1.86666666666667,El Niño,0.103059401045812,-18.5195712491202,18.622630650166
DAVAO OCCIDENTAL,2015,4,Q4,8064,26.9228260869565,30.275,24.5489130434783,886.2,886.2,1287.0,1856.96468888889,3234.33,681.1,10.4157608695652,26.4864130434783,1138.54,26.7470108695652,-22.1634725174346,0.175815217391303,2.53333333333333,El Niño,0.181727879306682,-20.7526943717158,20.9344222510225
DAVAO OCCIDENTAL,2016,1,Q1,8065,27.6582417582418,32.0115384615385,24.6445054945055,305.1,305.1,689.0,1947.97846111111,3683.82,808.18,11.2538461538462,27.7895604395604,1205.54,26.4366398046398,-74.6918393417058,1.22160195360196,2.06666666666667,El Niño,0.416704985533789,-28.4463420316856,28.8630470172194
DAVAO OCCIDENTAL,2016,2,Q2,8066,27.8434065934066,31.4225274725275,25.2868131868132,1238.5,1238.5,1710.0,1753.588475,3335.67,715.43,9.62197802197802,25.1032967032967,1292.14,27.191978021978,-4.15125296020554,0.651428571428571,0.4,Neutral,0.498298392127196,-26.6953707747011,27.1936691668283
DAVAO OCCIDENTAL,2016,3,Q3,8067,27.491847826087,30.8336956521739,24.8885869565217,926.9,926.9,1300.0,1741.42945555556,3355.57,713.4,10.15,26.6505434782609,963.65,26.8110869565217,-3.81362527888756,0.680760869565219,-0.5,La Niña,0.682401652996763,-26.2050475245584,26.8874491775551
DAVAO OCCIDENTAL,2016,4,Q4,8068,26.6733695652174,29.758152173913,24.4907608695652,1599.6,1599.6,1800.0,1525.27891111111,2806.54,591.61,9.40923913043478,24.9717391304348,1138.54,26.7470108695652,40.4957225920916,-0.0736413043478307,-0.666666666666667,La Niña,0.620037522561979,-10.5402487471768,11.1602862697388
DAVAO OCCIDENTAL,2017,1,Q1,8069,26.3083333333333,29.0827777777778,24.1716666666667,1328.0,1328.0,1302.0,1615.00203055556,3064.67,661.93,16.7755555555556,34.5044444444444,1205.54,26.4366398046398,10.1581034225326,-0.12830647130647,-0.133333333333333,Neutral,0.282560416334873,10.6722369438828,10.9547973602177
DAVAO OCCIDENTAL,2017,2,Q2,8070,27.0225274725275,29.6653846153846,24.9972527472527,1661.1,1661.1,1999.0,1806.23923055556,3609.7,726.49,12.6730769230769,27.8912087912088,1292.14,27.191978021978,28.5541814354482,-0.169450549450548,0.266666666666667,Neutral,0.0773406361150926,18.8485955427962,18.9259361789113
DAVAO OCCIDENTAL,2017,3,Q3,8071,26.7532608695652,29.420652173913,24.729347826087,1052.6,1052.6,1379.0,1681.17814444444,3352.96,682.16,12.6940217391304,27.6211956521739,963.65,26.8110869565217,9.23052975665438,-0.0578260869565205,-0.133333333333333,Neutral,-0.107306103015342,22.1096343016817,22.216940404697
DAVAO OCCIDENTAL,2017,4,Q4,8072,26.9521739130435,29.7467391304348,24.8483695652174,847.4,847.4,1286.0,1617.06819166667,3115.74,663.87,14.2228260869565,30.0130434782609,1138.54,26.7470108695652,-25.5713457586031,0.205163043478262,-0.833333333333333,La Niña,-0.0376050160588193,5.59286721400802,5.63047223006684
DAVAO OCCIDENTAL,2018,1,Q1,8073,26.665,29.7383333333333,24.2161111111111,817.0,817.0,1104.0,1724.15413888889,3460.16,729.98,15.4627777777778,31.4677777777778,1205.54,26.4366398046398,-32.2295402889991,0.228360195360196,-0.833333333333333,La Niña,0.0515616506078471,-5.00404371387492,5.05560536448277
DAVAO OCCIDENTAL,2018,2,Q2,8074,27.1269230769231,29.9714285714286,24.9208791208791,1071.0,1071.0,1543.0,1813.81395277778,3683.92,751.04,12.9054945054945,28.2505494505495,1292.14,27.191978021978,-17.1142445864999,-0.0650549450549426,-0.233333333333333,Neutral,0.0776605517067486,-16.4211502193619,16.4988107710687
DAVAO OCCIDENTAL,2018,3,Q3,8075,27.3413043478261,30.6309782608696,24.9277173913043,459.9,459.9,915.0,1781.99945277778,3506.61,780.49,15.6222826086957,32.983152173913,963.65,26.8110869565217,-52.2752036527785,0.530217391304348,0.266666666666667,Neutral,0.224671421271966,-31.7975835717202,32.0222549929921
DAVAO OCCIDENTAL,2018,4,Q4,8076,27.2027173913044,30.5146739130435,24.7554347826087,945.4,945.4,1496.0,1817.74968055556,3518.96,751.03,14.5548913043478,31.6364130434783,1138.54,26.7470108695652,-16.9638308711156,0.455706521739131,0.833333333333333,El Niño,0.287307290837183,-29.6457048498483,29.9330121406855
DAVAO OCCIDENTAL,2019,1,Q1,8077,26.435,29.9983333333333,23.6594444444444,1220.7,1220.7,1079.0,1778.08598055556,3591.72,804.31,18.9005555555556,37.6277777777778,1205.54,26.4366398046398,1.25752774690181,-0.0016398046398045,0.7,El Niño,0.229807290837183,-21.2739378408731,21.5037451317102
DAVAO OCCIDENTAL,2019,2,Q2,8078,27.3269230769231,30.3434065934066,25.028021978022,1300.0,1300.0,1561.0,1889.31015,3781.72,781.91,13.7543956043956,29.8181318681319,1292.14,27.191978021978,0.608293219001047,0.134945054945057,0.566666666666667,El Niño,0.279807290837183,-16.8433033894978,17.123110680335
DAVAO OCCIDENTAL,2019,3,Q3,8079,26.9054347826087,29.6972826086957,24.6869565217391,795.3,795.3,1075.0,1774.01304722222,3576.67,749.35,15.904347826087,32.7347826086957,963.65,26.8110869565217,-17.4700358013802,0.0943478260869561,0.2,Neutral,0.170839899532835,-8.14201142664824,8.31285132618107
DAVAO OCCIDENTAL,2019,4,Q4,8080,27.2048913043478,30.4483695652174,24.720652173913,1115.4,1115.4,1395.0,1864.56598333333,3603.41,758.02,13.7402173913043,29.5695652173913,1138.54,26.7470108695652,-2.03242749486183,0.457880434782606,0.433333333333333,Neutral,0.171383377793703,-4.40916058258479,4.58054396037849
DAVAO OCCIDENTAL,2020,1,Q1,8081,27.0291208791209,30.5576923076923,24.3181318681319,690.5,690.5,1139.0,1883.18230555556,3756.04,836.01,18.5527472527473,37.1373626373626,1205.54,26.4366398046398,-42.722763243028,0.592481074481078,0.466666666666667,Neutral,0.319913597573924,-15.4042333300672,15.7241469276412
DAVAO OCCIDENTAL,2020,2,Q2,8082,27.4038461538462,30.4104395604396,25.1,1478.8,1478.8,1837.0,1792.10855277778,3733.82,779.69,13.889010989011,30.5741758241758,1292.14,27.191978021978,14.4458030863529,0.211868131868133,-0.0666666666666666,Neutral,0.339144366804693,-11.9448558632293,12.284000230034
DAVAO OCCIDENTAL,2020,3,Q3,8083,26.9277173913043,29.5695652173913,24.7108695652174,1188.6,1188.6,1693.0,1741.74955277778,3613.47,724.1,13.1358695652174,28.8141304347826,963.65,26.8110869565217,23.3435375914492,0.116630434782607,-0.633333333333333,La Niña,0.344715018978606,-1.74146251502195,2.08617753400056
DAVAO OCCIDENTAL,2020,4,Q4,8084,26.7211956521739,29.4961956521739,24.6010869565217,1343.2,1343.2,1585.0,1653.33694166667,3140.25,643.68,12.2097826086957,26.9369565217391,1138.54,26.7470108695652,17.9756530293183,-0.0258152173913082,-1.23333333333333,La Niña,0.223791105935128,3.26055761602307,3.4843487219582
DAVAO OCCIDENTAL,2021,1,Q1,8085,26.3283333333333,29.2272222222222,24.0866666666667,1250.2,1250.2,1683.0,1642.40343611111,3307.51,681.27,14.2366666666667,30.2922222222222,1205.54,26.4366398046398,3.70456392985717,-0.108306471306467,-0.9,La Niña,0.0485942194882414,14.8673894092444,14.9159836287326
DAVAO OCCIDENTAL,2021,2,Q2,8086,26.9043956043956,29.6967032967033,24.7384615384615,1791.8,1791.8,1797.0,1721.41129722222,3522.48,718.66,12.6956043956044,27.4857142857143,1292.14,27.191978021978,38.669184453697,-0.287582417582417,-0.533333333333333,La Niña,-0.0762684178743962,20.9232347510804,20.9995031689548
DAVAO OCCIDENTAL,2021,3,Q3,8087,26.9771739130435,29.7836956521739,24.7277173913043,1166.9,1166.9,1517.0,1770.61868333333,3619.25,740.52,13.1809782608696,28.5592391304348,963.65,26.8110869565217,21.091682664868,0.166086956521738,-0.533333333333333,La Niña,-0.0639042874396134,20.3602710194351,20.4241753068747
DAVAO OCCIDENTAL,2021,4,Q4,8088,26.7630434782609,29.9032608695652,24.4777173913043,1422.2,1422.2,1447.0,1627.99374444444,3324.98,694.29,14.5054347826087,29.395652173913,1138.54,26.7470108695652,24.914364010048,0.0160326086956494,-0.933333333333333,La Niña,-0.053442330917874,22.0949487646175,22.1483910955354
DAVAO OCCIDENTAL,2022,1,Q1,8089,26.4333333333333,29.8361111111111,23.9411111111111,1383.1,1383.1,1438.0,1670.48983611111,3550.74,741.58,16.8111111111111,33.0111111111111,1205.54,26.4366398046398,14.7286693100187,-0.0033064713064696,-0.966666666666667,La Niña,-0.0271923309178748,24.8509751096579,24.8781674405758
DAVAO OCCIDENTAL,2022,2,Q2,8090,26.6379120879121,29.4307692307692,24.3934065934066,1916.2,1916.2,1899.0,1652.44203055556,3578.61,719.6,13.6203296703297,28.1467032967033,1292.14,27.191978021978,48.2966242048076,-0.554065934065935,-1.0,La Niña,-0.0938132100387543,27.2578350474356,27.3516482574743
DAVAO OCCIDENTAL,2022,3,Q3,8091,26.7858695652174,29.7771739130435,24.3429347826087,1370.3,1370.3,1305.0,1751.31892777778,3738.05,754.81,13.4657608695652,27.8630434782609,963.65,26.8110869565217,42.1989311472007,-0.0252173913043449,-0.9,La Niña,-0.141639296995275,32.5346471680188,32.676286465014
DAVAO OCCIDENTAL,2022,4,Q4,8092,26.6592391304348,29.7945652173913,24.3211956521739,1565.4,1565.4,1542.0,1637.18765833333,3308.11,683.35,14.325,29.1489130434783,1138.54,26.7470108695652,37.4918755599276,-0.0877717391304351,-0.9,La Niña,-0.167590383951796,35.6790250554887,35.8466154394405
DAVAO OCCIDENTAL,2023,1,Q1,8093,26.1788888888889,29.4961111111111,23.8005555555556,1392.9,1392.9,1577.0,1569.02058888889,3394.06,697.37,16.4344444444444,32.1327777777778,1205.54,26.4366398046398,15.5415830250344,-0.257750915750915,-0.4,Neutral,-0.231201495062908,35.8822534842426,36.1134549793055
DAVAO OCCIDENTAL,2023,2,Q2,8094,27.1846153846154,30.4126373626374,24.7813186813187,1193.0,1193.0,1465.0,1786.73338611111,3706.74,760.81,13.7324175824176,28.3208791208791,1292.14,27.191978021978,-7.67254322287058,-0.007362637362636,0.5,El Niño,-0.0945256708870827,21.8899616273231,21.9844872982101
DAVAO OCCIDENTAL,2023,3,Q3,8095,27.0288043478261,30.633152173913,24.4298913043478,934.5,934.5,1204.0,1725.28769722222,3540.07,761.06,15.0923913043478,33.0146739130435,963.65,26.8110869565217,-3.02495719400197,0.217717391304348,1.33333333333333,El Niño,-0.0337919752349096,10.5839895420224,10.6177815172573
DAVAO OCCIDENTAL,2023,4,Q4,8096,27.1505434782609,31.0788043478261,24.3086956521739,1079.9,1079.9,1383.0,1799.48933888889,3612.34,766.96,14.1565217391304,31.2054347826087,1138.54,26.7470108695652,-5.15045584696189,0.403532608695649,1.9,El Niño,0.0890341117216114,-0.0765933096999997,0.165627421421611
DAVAO OCCIDENTAL,2024,1,Q1,8097,27.0967032967033,31.0989010989011,24.1016483516484,1153.3,1153.3,1112.0,1807.18925277778,3792.14,865.21,19.2653846153846,39.1412087912088,1205.54,26.4366398046398,-4.33332780330806,0.660063492063497,1.46666666666667,El Niño,0.318487713675214,-5.04532101678562,5.36380873046084
DAVAO OCCIDENTAL,2024,2,Q2,8098,27.6714285714286,31.5818681318681,24.7153846153846,1424.8,1424.8,1484.0,1837.40409722222,3952.85,843.21,14.7730769230769,33.0098901098901,1292.14,27.191978021978,10.2666893680251,0.479450549450547,0.433333333333333,Neutral,0.44019101037851,-0.560512869061694,1.0007038794402
DAVAO OCCIDENTAL,2024,3,Q3,8099,26.9597826086957,30.3277173913044,24.4451086956522,1146.8,1146.8,1426.0,1691.80491388889,3609.18,752.22,14.2728260869565,31.3733695652174,963.65,26.8110869565217,19.0058631245784,0.14869565217391,-0.1,Neutral,0.422935575595901,4.94719221058341,5.37012778617931
DAVAO OCCIDENTAL,2024,4,Q4,8100,27.2994444444444,31.1769230769231,24.5752747252747,1149.4,1149.4,1387.0,1718.81717777778,3454.63,750.5,14.6164835164835,33.5137362637363,1138.54,26.7470108695652,0.95385318038893,0.552433574879224,-0.4,Neutral,0.460160817141794,6.47326946742111,6.9334302845629
DAVAO OCCIDENTAL,2025,1,Q1,8101,26.6376404494382,30.66,23.9205555555556,1495.6,1495.6,1588.0,1627.16069722222,3438.85,735.12,15.9755555555556,36.3516666666667,1205.54,26.4366398046398,24.0605869568824,0.201000644798398,-0.4,Neutral,0.34539510532552,13.5717481574687,13.9171432627942
DAVAO OCCIDENTAL,2025,2,Q2,8102,28.0247252747253,32.1549450549451,24.9357142857143,681.5,15.2,900.0,1685.30533611111,3609.52,774.17,11.1736263736264,25.4351648351648,1292.14,27.191978021978,-47.2580370548083,0.832747252747254,-0.1,Neutral,0.433719281149696,-0.809433448239638,1.24315272938933
DAVAO OCCIDENTAL,2025,3,Q3,8103,27.8532608695652,32.5038043478261,24.3135869565217,616.0,10.4,864.0,1659.1877,3501.78,774.93,12.4847826086957,27.4722826086957,963.65,26.8110869565217,-36.0763762776942,1.04217391304348,-0.3,Neutral,0.657088846367088,-14.5799932988078,15.2370821451749
DAVAO OCCIDENTAL,2025,4,Q4,8104,27.8418032786885,32.6770491803279,24.1983606557377,581.0,3.4,703.0,1078.24535833333,2203.07,483.42,11.0590163934426,24.5704918032787,1138.54,26.7470108695652,-48.9697331670385,1.0947924091233,-0.6,La Niña,0.792678554928108,-27.0608898856646,27.8535684405928
DAVAO ORIENTAL,2010,1,Q1,8041,26.3988888888889,27.9355555555556,24.8377777777778,753.8,753.8,1027.0,920.317805555556,1773.45,356.97,10.6177777777778,25.3533333333333,805.67,26.3197313797314,-6.4381198257351,0.0791575091575076,1.16666666666667,El Niño,0.0791575091575076,-6.4381198257351,6.51727733489261
DAVAO ORIENTAL,2010,2,Q2,8042,27.2285714285714,28.6791208791209,25.8098901098901,1111.4,1111.4,1180.0,918.940919444444,1750.37,354.02,11.143956043956,24.9395604395604,742.91,27.1652747252747,49.6008937825578,0.0632967032967073,-0.166666666666667,Neutral,0.0712271062271075,21.5813869784113,21.6526140846384
DAVAO ORIENTAL,2010,3,Q3,8043,26.720652173913,28.1326086956522,25.279347826087,1006.3,1006.3,1129.0,889.693536111111,1725.34,342.92,12.3119565217391,24.8858695652174,471.64,27.045,113.361886184378,-0.324347826086953,-1.3,La Niña,-0.060631204544246,52.1748867137335,52.2355179182778
DAVAO ORIENTAL,2010,4,Q4,8044,26.6532608695652,28.0858695652174,25.195652173913,908.7,908.7,1132.0,914.806705555556,1606.6,322.22,10.7304347826087,23.8521739130435,669.69,26.9157608695652,35.6896474488196,-0.262500000000003,-1.6,La Niña,-0.111098403408185,48.0535768975051,48.1646753009132
DAVAO ORIENTAL,2011,1,Q1,8045,25.9722222222222,27.3233333333333,24.6311111111111,1312.5,1312.5,1219.0,793.483547222222,1471.92,293.74,11.1066666666667,26.68,805.67,26.3197313797314,62.9078903273052,-0.347509157509162,-1.16666666666667,La Niña,-0.217765070074853,65.3900794357651,65.60784450584
DAVAO ORIENTAL,2011,2,Q2,8046,26.4703296703297,27.7967032967033,25.1505494505494,941.6,941.6,1042.0,848.646163888889,1650.05,325.04,11.0010989010989,23.521978021978,742.91,27.1652747252747,26.7448277718701,-0.694945054945052,-0.566666666666667,La Niña,-0.407325509635292,59.6760629330932,60.0833884427285
DAVAO ORIENTAL,2011,3,Q3,8047,26.4934782608696,27.7380434782609,25.2576086956522,301.7,301.7,629.0,896.375466666667,1752.3,343.19,11.6554347826087,23.2336956521739,471.64,27.045,-36.0317191077941,-0.551521739130429,-0.633333333333333,La Niña,-0.464118987896161,22.3276616100502,22.7917805979464
DAVAO ORIENTAL,2011,4,Q4,8048,26.5445652173913,27.879347826087,25.175,806.8,806.8,1059.0,850.642508333333,1570.14,313.75,10.4054347826087,24.275,669.69,26.9157608695652,20.4736519882334,-0.371195652173913,-1.03333333333333,La Niña,-0.491292900939639,18.5236627449036,19.0149556458433
DAVAO ORIENTAL,2012,1,Q1,8049,26.2230769230769,27.6252747252747,24.8417582417582,1049.1,1049.1,1207.0,862.494241666667,1591.7,319.39,10.3736263736264,26.643956043956,805.67,26.3197313797314,30.2146039941912,-0.0966544566544591,-0.733333333333333,La Niña,-0.428579225725963,10.3503411616251,10.7789203873511
DAVAO ORIENTAL,2012,2,Q2,8050,26.7659340659341,28.1417582417582,25.3835164835165,776.6,776.6,932.0,915.486941666667,1753.43,347.58,10.778021978022,23.421978021978,742.91,27.1652747252747,4.53486963427601,-0.399340659340659,-0.266666666666667,Neutral,-0.354678126824865,4.79785162722662,5.15252975405148
DAVAO ORIENTAL,2012,3,Q3,8051,26.55,27.7554347826087,25.3304347826087,390.8,390.8,656.0,886.226286111111,1741.96,343.99,12.2880434782609,24.3510869565217,471.64,27.045,-17.1401916716139,-0.494999999999997,0.333333333333333,Neutral,-0.340547692042257,9.52073348627165,9.86128117831391
DAVAO ORIENTAL,2012,4,Q4,8052,26.5989130434783,27.9369565217391,25.3119565217391,950.6,950.6,1037.0,884.579483333333,1583.13,319.4,10.5608695652174,26.5065217391304,669.69,26.9157608695652,41.9462736490018,-0.31684782608696,0.0666666666666666,Neutral,-0.326960735520519,14.8888889014638,15.2158496369843
DAVAO ORIENTAL,2013,1,Q1,8053,26.2444444444444,27.6111111111111,24.9088888888889,1302.5,1302.5,1213.0,804.895144444444,1547.52,311.67,11.6022222222222,26.6633333333333,805.67,26.3197313797314,61.6666873533829,-0.0752869352869396,-0.366666666666667,Neutral,-0.321618855178639,22.7519097412617,23.0735285964403
DAVAO ORIENTAL,2013,2,Q2,8054,26.9835164835165,28.3637362637363,25.5758241758242,958.5,958.5,1177.0,873.496908333333,1682.53,339.05,11.1648351648352,23.443956043956,742.91,27.1652747252747,29.0196659083873,-0.181758241758246,-0.366666666666667,Neutral,-0.267223250783036,28.8731088097895,29.1403320605725
DAVAO ORIENTAL,2013,3,Q3,8055,26.5445652173913,27.8217391304348,25.2978260869565,755.1,755.1,894.0,845.935752777778,1692.47,335.94,11.8967391304348,23.2717391304348,471.64,27.045,60.1009244338903,-0.500434782608693,-0.333333333333333,Neutral,-0.268581946435209,48.1833878361656,48.4519697826008
DAVAO ORIENTAL,2013,4,Q4,8056,26.5673913043478,27.9141304347826,25.1760869565217,732.5,732.5,958.0,884.2324,1591.17,319.72,10.5304347826087,24.3434782608696,669.69,26.9157608695652,9.378966387433,-0.348369565217396,-0.233333333333333,Neutral,-0.276462381217819,40.0415610207734,40.3180234019912
DAVAO ORIENTAL,2014,1,Q1,8057,25.8622222222222,27.2333333333333,24.4355555555556,1041.4,1041.4,932.0,835.454122222222,1625.11,322.93,13.2833333333333,27.8444444444444,805.67,26.3197313797314,29.258877704271,-0.457509157509158,-0.4,Neutral,-0.372017936773373,31.9396086084954,32.3116265452688
DAVAO ORIENTAL,2014,2,Q2,8058,26.9010989010989,28.2824175824176,25.4747252747253,720.0,720.0,1044.0,910.399769444444,1789.15,353.95,10.8362637362637,22.7098901098901,742.91,27.1652747252747,-3.08381903595322,-0.264175824175823,0.133333333333333,Neutral,-0.392622332377767,23.9137373724103,24.306359704788
DAVAO ORIENTAL,2014,3,Q3,8059,26.5923913043478,27.754347826087,25.4532608695652,502.0,502.0,614.0,861.982313888889,1741.81,343.71,12.8989130434783,24.479347826087,471.64,27.045,6.43711305232805,-0.452608695652174,0.1,Neutral,-0.380665810638638,10.4977845270197,10.8784503376583
DAVAO ORIENTAL,2014,4,Q4,8060,26.5326086956522,27.8554347826087,25.2054347826087,663.5,663.5,908.0,894.798897222222,1665.83,329.51,11.1804347826087,24.5391304347826,669.69,26.9157608695652,-0.924308262031678,-0.383152173913043,0.6,El Niño,-0.389361462812549,7.92196586465354,8.31132732746609
DAVAO ORIENTAL,2015,1,Q1,8061,26.0677777777778,27.5966666666667,24.4322222222222,550.9,550.9,837.0,930.628044444444,1797.0,358.38,11.9788888888889,26.3066666666667,805.67,26.3197313797314,-31.6221281666191,-0.251953601953605,0.5,El Niño,-0.337972573923661,-7.29828560306898,7.63625817699264
DAVAO ORIENTAL,2015,2,Q2,8062,26.8340659340659,28.3,25.3681318681319,795.3,795.3,1014.0,925.041669444444,1867.05,370.85,12.2879120879121,24.5351648351648,742.91,27.1652747252747,7.05199822320333,-0.331208791208787,0.933333333333333,El Niño,-0.354730815681902,-4.76433128827985,5.11906210396175
DAVAO ORIENTAL,2015,3,Q3,8063,26.3804347826087,27.5282608695652,25.2880434782609,334.8,334.8,653.0,932.570886111111,1819.55,354.33,14.1195652173913,26.770652173913,471.64,27.045,-29.0136544822322,-0.664565217391306,1.86666666666667,El Niño,-0.407719946116686,-13.6270231719199,14.0347431180366
DAVAO ORIENTAL,2015,4,Q4,8064,26.7184782608696,28.1021739130435,25.3597826086956,661.0,661.0,902.0,967.268075,1745.05,345.99,11.2152173913043,25.6771739130435,669.69,26.9157608695652,-1.29761531454851,-0.197282608695655,2.53333333333333,El Niño,-0.361252554812339,-13.7203499350491,14.0816024898615
DAVAO ORIENTAL,2016,1,Q1,8065,26.9186813186813,28.5857142857143,25.2230769230769,534.7,534.7,932.0,988.548325,1923.86,394.54,11.3395604395604,25.9131868131868,805.67,26.3197313797314,-33.6328769843732,0.598949938949936,2.06666666666667,El Niño,-0.148526669586453,-14.2230371394877,14.3715638090741
DAVAO ORIENTAL,2016,2,Q2,8066,27.4846153846154,29.0593406593407,26.0021978021978,1017.3,1017.3,1280.0,947.5388,1814.14,371.95,12.2901098901099,25.143956043956,742.91,27.1652747252747,36.9344873537844,0.319340659340661,0.4,Neutral,0.0141106930509087,-6.75241485684238,6.76652554989329
DAVAO ORIENTAL,2016,3,Q3,8067,27.1434782608696,28.4326086956522,25.7836956521739,443.5,443.5,690.0,913.856944444444,1796.85,359.6,12.575,23.5304347826087,471.64,27.045,-5.96641506233568,0.098478260869566,-0.5,La Niña,0.204871562616127,-0.990605001868253,1.19547656448438
DAVAO ORIENTAL,2016,4,Q4,8068,26.6771739130435,27.9880434782609,25.3228260869565,979.0,979.0,990.0,826.158416666667,1512.99,304.24,10.5945652173913,23.5619565217391,669.69,26.9157608695652,46.1870417655931,-0.23858695652174,-0.666666666666667,La Niña,0.194545475659606,10.8805592681671,11.0751047438267
DAVAO ORIENTAL,2017,1,Q1,8069,26.2766666666667,28.4555555555556,24.3644444444444,617.2,617.2,743.0,778.914977777778,1508.03,302.44,15.3388888888889,35.7944444444444,805.67,26.3197313797314,-23.3929524495141,-0.0430647130647159,-0.133333333333333,Neutral,0.0340418126559428,13.4405404018819,13.4745822145379
DAVAO ORIENTAL,2017,2,Q2,8070,27.1615384615385,29.2186813186813,25.3043956043956,633.2,633.2,840.0,912.420397222222,1730.02,347.72,14.0131868131868,32.2340659340659,742.91,27.1652747252747,-14.7676030743966,-0.0037362637362647,0.266666666666667,Neutral,-0.0467274181132886,0.515017794836665,0.561745212949954
DAVAO ORIENTAL,2017,3,Q3,8071,27.295652173913,29.6086956521739,25.4282608695652,496.3,496.3,827.0,860.315033333333,1684.18,352.67,13.0163043478261,28.6445652173913,471.64,27.045,5.22856415910441,0.250652173913043,-0.133333333333333,Neutral,-0.0086839398524194,3.31376260019669,3.32244654004911
DAVAO ORIENTAL,2017,4,Q4,8072,27.1978260869565,29.4402173913043,25.2663043478261,427.0,427.0,656.0,828.427597222222,1567.12,328.39,14.0086956521739,33.5402173913043,669.69,26.9157608695652,-36.2391554301244,0.282065217391303,-0.833333333333333,La Niña,0.121479103625841,-17.2927866987327,17.4142658023585
DAVAO ORIENTAL,2018,1,Q1,8073,26.8155555555556,29.2555555555556,24.62,494.7,494.7,537.0,840.407358333333,1639.32,336.38,13.8644444444444,34.1566666666667,805.67,26.3197313797314,-38.5976888800626,0.495824175824172,-0.833333333333333,La Niña,0.256201325848063,-21.0939708063698,21.3501721322179
DAVAO ORIENTAL,2018,2,Q2,8074,27.8648351648352,30.5736263736264,25.6549450549451,247.8,247.8,686.0,937.1843,1784.96,384.54,14.3087912087912,33.5692307692308,742.91,27.1652747252747,-66.6446810515406,0.69956043956044,-0.233333333333333,Neutral,0.432025501672239,-34.0632403006558,34.495265802328
DAVAO ORIENTAL,2018,3,Q3,8075,28.6913043478261,32.05,26.1836956521739,188.2,188.2,481.0,904.399016666667,1823.56,440.97,16.3130434782609,37.904347826087,471.64,27.045,-60.0966839114579,1.64630434782609,0.266666666666667,Neutral,0.780938545150501,-50.3945523182964,51.1754908634469
DAVAO ORIENTAL,2018,4,Q4,8076,27.8760869565217,30.9586956521739,25.4032608695652,268.8,268.8,631.0,920.279144444444,1727.86,379.27,15.2815217391304,37.2869565217391,669.69,26.9157608695652,-59.8620257133898,0.96032608695652,0.833333333333333,El Niño,0.950503762541805,-56.3002698891127,57.2507736516545
DAVAO ORIENTAL,2019,1,Q1,8077,26.4177777777778,29.4544444444444,23.73,399.9,399.9,602.0,890.552319444444,1738.42,367.97,17.0477777777778,38.3266666666667,805.67,26.3197313797314,-50.3642930728462,0.0980463980463923,0.7,El Niño,0.85105931809736,-59.2419209373086,60.092980255406
DAVAO ORIENTAL,2019,2,Q2,8078,27.9582417582418,30.7406593406593,25.6263736263736,227.4,227.4,690.0,939.651366666667,1818.51,392.22,15.1571428571429,35.3186813186813,742.91,27.1652747252747,-69.3906395121886,0.792967032967031,0.566666666666667,El Niño,0.874410966449008,-59.9284105524706,60.8028215189196
DAVAO ORIENTAL,2019,3,Q3,8079,28.0380434782609,30.9945652173913,25.8141304347826,297.7,297.7,671.0,904.780247222222,1792.35,406.49,14.7260869565217,33.445652173913,471.64,27.045,-36.8798235942668,0.993043478260873,0.2,Neutral,0.711095749057704,-54.1241954731728,54.8352912222305
DAVAO ORIENTAL,2019,4,Q4,8080,27.7913043478261,30.7945652173913,25.3423913043478,299.0,299.0,664.0,930.829891666667,1733.03,376.81,13.829347826087,34.4141304347826,669.69,26.9157608695652,-55.3524765189864,0.87554347826087,0.433333333333333,Neutral,0.689900096883791,-52.996808174572,53.6867082714558
DAVAO ORIENTAL,2020,1,Q1,8081,27.2582417582418,30.3098901098901,24.4813186813187,226.3,226.3,521.0,955.362938888889,1797.77,393.32,19.5472527472527,42.8626373626374,805.67,26.3197313797314,-71.9115767001378,0.938510378510376,0.466666666666667,Neutral,0.900016091999787,-58.3836290813949,59.2836451733947
DAVAO ORIENTAL,2020,2,Q2,8082,27.8813186813187,30.5703296703297,25.556043956044,355.7,355.7,817.0,896.682241666667,1772.28,385.32,16.7593406593407,37.2747252747253,742.91,27.1652747252747,-52.120714487623,0.716043956043958,-0.0666666666666666,Neutral,0.880785322769019,-54.0661478252535,54.9469331480225
DAVAO ORIENTAL,2020,3,Q3,8083,27.5380434782609,29.8771739130435,25.4728260869565,459.5,459.5,817.0,858.827016666667,1698.56,358.1,13.2423913043478,31.175,471.64,27.045,-2.57399711644474,0.493043478260873,-0.633333333333333,La Niña,0.755785322769019,-45.489691205798,46.245476528567
DAVAO ORIENTAL,2020,4,Q4,8084,27.2934782608696,29.7021739130435,25.2510869565217,714.4,714.4,776.0,809.1783,1522.76,322.56,13.5923913043478,31.7771739130435,669.69,26.9157608695652,6.6762233272111,0.377717391304348,-1.23333333333333,La Niña,0.631328801029889,-29.9825162442486,30.6138450452785
DAVAO ORIENTAL,2021,1,Q1,8085,26.4277777777778,28.6155555555556,24.32,539.6,539.6,808.0,813.177280555556,1586.2,317.79,14.9266666666667,35.1755555555556,805.67,26.3197313797314,-33.0246875271513,0.108046398046394,-0.9,La Niña,0.423712805913893,-20.260793951002,20.6845067569159
DAVAO ORIENTAL,2021,2,Q2,8086,27.3846153846154,29.8043956043956,25.2626373626374,504.0,504.0,807.0,889.709905555556,1757.57,366.17,14.1604395604396,32.5912087912088,742.91,27.1652747252747,-32.1586733251672,0.219340659340659,-0.533333333333333,La Niña,0.299536981738068,-15.270283660388,15.5698206421261
DAVAO ORIENTAL,2021,3,Q3,8087,27.9858695652174,30.7684782608696,25.7032608695652,536.3,536.3,743.0,880.476436111111,1762.61,389.48,13.825,32.9641304347826,471.64,27.045,13.7096090238317,0.94086956521739,-0.533333333333333,La Niña,0.411493503477198,-11.1993821253189,11.6108756287961
DAVAO ORIENTAL,2021,4,Q4,8088,27.3402173913043,29.9478260869565,25.0804347826087,392.1,392.1,609.0,780.723997222222,1586.18,340.3,14.475,32.4271739130435,669.69,26.9157608695652,-41.4505218832594,0.424456521739131,-0.933333333333333,La Niña,0.423178286085894,-23.2310684279366,23.6542467140225
DAVAO ORIENTAL,2022,1,Q1,8089,26.5322222222222,29.2588888888889,24.05,476.0,476.0,682.0,837.406138888889,1722.31,347.97,15.9444444444444,34.6766666666667,805.67,26.3197313797314,-40.9187384412973,0.21249084249084,-0.966666666666667,La Niña,0.449289397197005,-25.2045811564731,25.6538705536701
DAVAO ORIENTAL,2022,2,Q2,8090,27.1021978021978,29.4318681318681,24.9076923076923,469.7,469.7,805.0,831.266794444444,1743.14,359.99,15.3032967032967,32.6758241758242,742.91,27.1652747252747,-36.7756525016489,-0.0630769230769203,-1.0,La Niña,0.37868500159261,-26.3588259505935,26.7375109521861
DAVAO ORIENTAL,2022,3,Q3,8091,27.7413043478261,30.675,25.3434782608696,464.9,464.9,773.0,869.030072222222,1806.76,392.07,14.2010869565217,30.9152173913043,471.64,27.045,-1.42905605970656,0.696304347826086,-0.9,La Niña,0.317543697244784,-30.143492221478,30.4610359187228
DAVAO ORIENTAL,2022,4,Q4,8092,27.3826086956522,30.2304347826087,25.0260869565217,469.7,469.7,663.0,826.032188888889,1649.56,354.6,14.7684782608696,32.9228260869565,669.69,26.9157608695652,-29.8630709731368,0.466847826086955,-0.9,La Niña,0.32814152333174,-27.2466294939474,27.5747710172791
DAVAO ORIENTAL,2023,1,Q1,8093,26.3133333333333,28.7622222222222,24.1211111111111,555.4,555.4,749.0,759.630511111111,1614.71,323.09,14.4411111111111,31.3122222222222,805.67,26.3197313797314,-31.063586828354,-0.0063980463980506,-0.4,Neutral,0.273419301109517,-24.7828415907116,25.0562608918211
DAVAO ORIENTAL,2023,2,Q2,8094,28.0945054945055,31.1010989010989,25.5538461538462,355.0,355.0,745.0,918.469863888889,1858.27,403.56,13.9208791208791,31.0934065934066,742.91,27.1652747252747,-52.2149385524492,0.929230769230767,0.5,El Niño,0.521496224186439,-28.6426631034116,29.1641593275981
DAVAO ORIENTAL,2023,3,Q3,8095,28.2869565217391,31.7945652173913,25.6989130434783,438.3,438.3,697.0,882.122780555555,1810.57,419.17,16.2108695652174,33.6086956521739,471.64,27.045,-7.06895089475023,1.24195652173913,1.33333333333333,El Niño,0.6579092676647,-30.0526368121726,30.7105460798373
DAVAO ORIENTAL,2023,4,Q4,8096,27.8,31.1380434782609,25.1576086956522,344.6,344.6,602.0,908.125922222222,1779.55,379.8,13.8304347826087,31.845652173913,669.69,26.9157608695652,-48.5433558810793,0.884239130434782,1.9,El Niño,0.762257093751657,-34.7227080391582,35.4849651329098
DAVAO ORIENTAL,2024,1,Q1,8097,26.1802197802198,28.4769230769231,24.410989010989,584.3,584.3,1218.0,892.065694444444,1804.05,368.72,20.332967032967,44.4274725274725,805.67,26.3197313797314,-27.4765102337185,-0.139511599511604,1.46666666666667,El Niño,0.728978705473269,-33.8259388904993,34.5549175959726
DAVAO ORIENTAL,2024,2,Q2,8098,28.0065934065934,30.8395604395604,25.6054945054945,380.6,380.6,639.0,969.961525,2085.87,443.78,16.5956043956044,37.843956043956,742.91,27.1652747252747,-48.7690298959497,0.841318681318683,0.433333333333333,Neutral,0.707000683495248,-32.9644617263744,33.6714624098697
DAVAO ORIENTAL,2024,3,Q3,8099,27.8815217391304,30.7586956521739,25.6663043478261,608.6,608.6,844.0,877.792977777778,1876.82,398.68,13.9597826086957,33.4141304347826,471.64,27.045,29.0390976168264,0.836521739130436,-0.1,Neutral,0.605641987843074,-23.9374495984803,24.5430915863234
DAVAO ORIENTAL,2024,4,Q4,8100,26.9222222222222,29.5824175824176,24.9967032967033,611.1,611.1,1106.0,792.580680555556,1560.37,322.08,15.9175824175824,37.3318681318681,669.69,26.9157608695652,-8.74882408278456,0.006461352657002,-0.4,Neutral,0.386197543398629,-13.9888166489066,14.3750141923052
DAVAO ORIENTAL,2025,1,Q1,8101,25.8123595505618,28.24,24.1655555555556,784.8,784.8,1354.0,755.45965,1564.17,299.88,16.7788888888889,39.14,805.67,26.3197313797314,-2.59039060657589,-0.507371829169582,-0.4,Neutral,0.294232485984135,-7.76728674212094,8.06151922810508
DAVAO ORIENTAL,2025,2,Q2,8102,27.9318681318681,31.5604395604396,25.1527472527473,277.4,11.2,464.0,825.523219444444,1737.55,367.03,10.0747252747253,24.943956043956,742.91,27.1652747252747,-62.6603491674631,0.766593406593405,-0.1,Neutral,0.275551167302815,-11.2401165599993,11.5156677273021
DAVAO ORIENTAL,2025,3,Q3,8103,27.629347826087,31.9076086956522,24.179347826087,210.9,6.0,366.0,820.783458333333,1755.31,375.73,10.2271739130435,24.075,471.64,27.045,-55.2836909507251,0.584347826086962,-0.3,Neutral,0.212507689041947,-32.3208137018872,32.5333213909291
DAVAO ORIENTAL,2025,4,Q4,8104,27.5934426229508,32.0983606557377,24.0245901639344,176.2,4.0,315.0,526.887080555556,1065.12,230.61,9.35081967213115,23.6737704918033,669.69,26.9157608695652,-73.6893189386134,0.677681753385603,-0.6,La Niña,0.380312789224097,-48.5559374158444,48.9362502050685
EASTERN SAMAR,2010,1,Q1,8041,25.6755555555556,27.7033333333333,24.1788888888889,374.0,374.0,868.0,916.253958333333,1663.77,332.07,19.7466666666667,39.1911111111111,906.82,25.4533516483516,-58.7569749233585,0.222203907203912,1.16666666666667,El Niño,0.222203907203912,-58.7569749233585,58.9791788305625
EASTERN SAMAR,2010,2,Q2,8042,27.4274725274725,29.7120879120879,25.5835164835165,281.7,281.7,787.0,1036.36375555556,1995.16,400.36,14.9252747252747,31.932967032967,593.75,27.0654945054945,-52.5557894736842,0.361978021978022,-0.166666666666667,Neutral,0.292090964590967,-55.6563821985214,55.9484731631123
EASTERN SAMAR,2010,3,Q3,8043,27.0032608695652,29.4380434782609,25.1304347826087,743.2,743.2,1061.0,886.825708333333,1712.51,345.52,12.1467391304348,27.1467391304348,706.31,27.2353260869565,5.22291911483626,-0.232065217391298,-1.3,La Niña,0.117372237263545,-35.3632817607355,35.480653997999
EASTERN SAMAR,2010,4,Q4,8044,26.2282608695652,28.4076086956522,24.7358695652174,801.6,801.6,1380.0,821.748366666667,1398.17,276.06,13.479347826087,29.4826086956522,998.67,26.29,-19.7332452161375,-0.0617391304347805,-1.6,La Niña,0.0725943953389638,-31.455772624586,31.528367019925
EASTERN SAMAR,2011,1,Q1,8045,25.1466666666667,26.9911111111111,23.9177777777778,1474.7,1474.7,1600.0,648.607758333333,1244.99,246.22,21.4277777777778,41.6766666666667,906.82,25.4533516483516,62.6232328356234,-0.306684981684985,-1.16666666666667,La Niña,-0.0596278268832604,-1.11072068484051,1.17034851172377
EASTERN SAMAR,2011,2,Q2,8046,26.4362637362637,28.556043956044,24.8307692307692,911.2,911.2,1087.0,805.884972222222,1596.81,319.64,15.932967032967,33.3010989010989,593.75,27.0654945054945,53.4652631578947,-0.629230769230773,-0.566666666666667,La Niña,-0.307430024685459,25.3945424730542,25.7019724977397
EASTERN SAMAR,2011,3,Q3,8047,27.1673913043478,29.8891304347826,25.3347826086957,642.6,642.6,818.0,869.998938888889,1731.41,361.74,13.5739130434783,32.5815217391304,706.31,27.2353260869565,-9.0201186447877,-0.0679347826086917,-0.633333333333333,La Niña,-0.266397415989807,21.8337830331482,22.1001804491381
EASTERN SAMAR,2011,4,Q4,8048,26.1826086956522,28.3239130434783,24.6934782608696,854.9,854.9,1348.0,848.048272222222,1445.09,281.54,15.4880434782609,33.5967391304348,998.67,26.29,-14.3961468753442,-0.107391304347828,-1.03333333333333,La Niña,-0.277810459468069,23.1680576183466,23.4458680778146
EASTERN SAMAR,2012,1,Q1,8049,25.5252747252747,27.4362637362637,24.1868131868132,890.3,890.3,1404.0,821.236658333333,1500.06,288.77,19.2747252747253,37.8659340659341,906.82,25.4533516483516,-1.82175073333187,0.0719230769230776,-0.733333333333333,La Niña,-0.183158444816054,7.05681172610774,7.23997017092379
EASTERN SAMAR,2012,2,Q2,8050,27.1131868131868,29.6230769230769,25.2351648351648,503.4,503.4,855.0,938.848119444444,1860.11,374.41,12.7901098901099,28.9483516483517,593.75,27.0654945054945,-15.2168421052632,0.047692307692305,-0.266666666666667,Neutral,-0.0139276755852844,-10.1137145896817,10.127642265267
EASTERN SAMAR,2012,3,Q3,8051,27.1815217391304,29.770652173913,25.4184782608696,682.5,682.5,807.0,847.182644444444,1703.68,360.92,14.7010869565217,34.0478260869565,706.31,27.2353260869565,-3.37104104430067,-0.0538043478260874,0.333333333333333,Neutral,-0.0103950668896333,-8.70144518955998,8.71184025644961
EASTERN SAMAR,2012,4,Q4,8052,26.2510869565217,28.3521739130435,24.7684782608696,902.6,902.6,1164.0,844.855713888889,1481.9,294.33,18.5923913043478,38.6130434782609,998.67,26.29,-9.61979432645419,-0.03891304347826,0.0666666666666666,Neutral,0.0067244983277588,-7.50735705233747,7.51408155066523
EASTERN SAMAR,2013,1,Q1,8053,25.6433333333333,27.54,24.2833333333333,778.0,778.0,1237.0,809.214733333333,1500.46,297.78,20.7,40.8166666666667,906.82,25.4533516483516,-14.2056858031362,0.189981684981681,-0.366666666666667,Neutral,0.0362391503424098,-10.6033408197886,10.639579970131
EASTERN SAMAR,2013,2,Q2,8054,27.1582417582418,29.4648351648352,25.3120879120879,640.2,640.2,968.0,874.6302,1789.87,360.04,13.4076923076923,29.178021978022,593.75,27.0654945054945,7.82315789473685,0.0927472527472552,-0.366666666666667,Neutral,0.0475028866061473,-4.84334081978856,4.89084370639471
EASTERN SAMAR,2013,3,Q3,8055,26.8586956521739,29.3271739130435,25.1184782608696,772.5,772.5,1045.0,819.264241666667,1621.26,334.79,13.8782608695652,31.7,706.31,27.2353260869565,9.37123925754979,-0.376630434782601,-0.333333333333333,Neutral,-0.0332036351329812,-1.65777074432595,1.69097437945893
EASTERN SAMAR,2013,4,Q4,8056,26.1684782608696,28.3923913043478,24.679347826087,774.9,774.9,1250.0,864.922108333333,1486.26,292.66,17.4282608695652,36.7358695652174,998.67,26.29,-22.4068010453904,-0.121521739130433,-0.233333333333333,Neutral,-0.0538558090460244,-4.85452242405999,4.90837823310602
EASTERN SAMAR,2014,1,Q1,8057,25.0388888888889,26.83,23.6855555555556,1135.7,1135.7,1113.0,759.189402777778,1422.15,293.29,23.1188888888889,44.5477777777778,906.82,25.4533516483516,25.2398491431596,-0.414462759462761,-0.4,Neutral,-0.204966920157135,5.00686131251397,5.2118282326711
EASTERN SAMAR,2014,2,Q2,8058,27.1307692307692,29.5087912087912,25.2989010989011,685.0,685.0,1005.0,941.711294444444,1830.4,363.57,13.2450549450549,28.9043956043956,593.75,27.0654945054945,15.3684210526316,0.0652747252747261,0.133333333333333,Neutral,-0.211835052025267,6.89317710198765,7.10501215401292
EASTERN SAMAR,2014,3,Q3,8059,27.1369565217391,29.7228260869565,25.3510869565217,892.0,892.0,917.0,792.040238888889,1619.98,343.37,14.0315217391304,31.5902173913043,706.31,27.2353260869565,26.2901558805623,-0.0983695652173892,0.1,Neutral,-0.142269834633964,11.1229062577408,11.2651760923748
EASTERN SAMAR,2014,4,Q4,8060,26.0978260869565,28.1663043478261,24.7054347826087,1156.6,1156.6,1237.0,778.641388888889,1373.54,275.24,17.9989130434783,36.9413043478261,998.67,26.29,15.8140326634424,-0.192173913043476,0.6,El Niño,-0.159932878112225,20.678114684949,20.8380475630612
EASTERN SAMAR,2015,1,Q1,8061,25.2711111111111,27.3133333333333,23.7866666666667,492.3,492.3,964.0,898.634622222222,1618.49,328.91,20.5866666666667,39.9266666666667,906.82,25.4533516483516,-45.711387044838,-0.182240537240538,0.5,El Niño,-0.101877322556669,2.94030563794957,3.04218296050624
EASTERN SAMAR,2015,2,Q2,8062,26.9615384615385,29.4054945054945,25.0571428571429,380.6,380.6,839.0,970.117738888889,1901.43,380.5,13.3604395604396,28.7659340659341,593.75,27.0654945054945,-35.898947368421,-0.103956043956046,0.933333333333333,El Niño,-0.144185014864362,-9.87653646731359,10.0207214821779
EASTERN SAMAR,2015,3,Q3,8063,27.4347826086956,30.1554347826087,25.5489130434783,552.8,552.8,777.0,944.833741666667,1818.46,382.47,13.8097826086957,31.6510869565217,706.31,27.2353260869565,-21.7340827681896,0.19945652173913,1.86666666666667,El Niño,-0.0697284931252326,-21.8825961295016,21.9523246226268
EASTERN SAMAR,2015,4,Q4,8064,26.5423913043478,28.6815217391304,24.995652173913,436.9,436.9,1113.0,906.259369444444,1580.29,317.11,17.4445652173913,36.4836956521739,998.67,26.29,-56.2518149138354,0.252391304347828,2.53333333333333,El Niño,0.0414128112225933,-39.899058023821,39.9404708350436
EASTERN SAMAR,2016,1,Q1,8065,25.7582417582418,27.9241758241758,24.1681318681319,367.2,367.2,891.0,964.480808333333,1754.17,337.67,18.1725274725275,36.8824175824176,906.82,25.4533516483516,-59.5068481065702,0.30489010989011,2.06666666666667,El Niño,0.163195473005255,-43.3479232892541,43.5111187622593
EASTERN SAMAR,2016,2,Q2,8066,27.2769230769231,29.5208791208791,25.556043956044,530.6,530.6,1028.0,963.142227777778,1865.06,370.74,14.378021978022,31.1274725274725,593.75,27.0654945054945,-10.6357894736842,0.211428571428573,0.4,Neutral,0.24204162685141,-37.0321338155699,37.2741754424213
EASTERN SAMAR,2016,3,Q3,8067,27.5576086956522,30.1380434782609,25.7989130434783,800.2,800.2,853.0,870.745858333333,1719.5,361.49,13.7054347826087,31.6445652173913,706.31,27.2353260869565,13.2930299726749,0.322282608695652,-0.5,La Niña,0.272748148590541,-28.2753556303537,28.5481037789443
EASTERN SAMAR,2016,4,Q4,8068,26.354347826087,28.4152173913043,24.9913043478261,942.2,942.2,1321.0,779.095769444444,1358.05,271.7,17.0413043478261,34.9804347826087,998.67,26.29,-5.65452051228134,0.0643478260869585,-0.666666666666667,La Niña,0.225737279025323,-15.6260320299652,15.8517693089905
EASTERN SAMAR,2017,1,Q1,8069,25.4311111111111,27.2766666666667,24.0888888888889,1588.0,1588.0,1581.0,690.223130555556,1279.52,264.22,20.4888888888889,47.8788888888889,906.82,25.4533516483516,75.1174433735471,-0.0222405372405347,-0.133333333333333,Neutral,0.143954617242662,18.0300408400641,18.1739954573068
EASTERN SAMAR,2017,2,Q2,8070,26.9549450549451,29.4637362637363,25.0516483516483,879.3,879.3,1197.0,940.351111111111,1795.51,352.9,12.3593406593407,33.4098901098901,593.75,27.0654945054945,48.0926315789474,-0.110549450549449,0.266666666666667,Neutral,0.0634601117481566,32.712146103222,32.7756062149702
EASTERN SAMAR,2017,3,Q3,8071,27.1163043478261,30.1760869565217,25.0130434782609,819.6,819.6,879.0,797.554758333333,1609.98,332.75,11.4445652173913,30.7239130434783,706.31,27.2353260869565,16.0396992821849,-0.119021739130435,-0.133333333333333,Neutral,-0.0468659752083651,33.3988134305995,33.4456794058079
EASTERN SAMAR,2017,4,Q4,8072,26.3,28.6065217391304,24.7369565217391,1811.0,1811.0,1525.0,691.284880555556,1237.25,252.14,16.0347826086957,40.1684782608696,998.67,26.29,81.34118377442,0.0100000000000015,-0.833333333333333,La Niña,-0.0604529317301043,55.1477395022748,55.2081924340049
EASTERN SAMAR,2018,1,Q1,8073,25.78,27.93,24.3122222222222,1383.0,1383.0,1515.0,700.889347222222,1369.73,273.34,17.8988888888889,42.9555555555556,906.82,25.4533516483516,52.5109724090779,0.326648351648352,-0.833333333333333,La Niña,0.0267692904921173,49.4961217611575,49.5228910516496
EASTERN SAMAR,2018,2,Q2,8074,27.0461538461538,29.6549450549451,25.0472527472527,570.2,570.2,1113.0,912.278266666667,1780.76,357.13,12.2824175824176,33.067032967033,593.75,27.0654945054945,-3.96631578947368,-0.019340659340667,-0.233333333333333,Neutral,0.0495714882943128,36.4813849190523,36.5309564073466
EASTERN SAMAR,2018,3,Q3,8075,27.4097826086957,30.5913043478261,25.2010869565217,523.7,523.7,688.0,842.362616666667,1714.21,366.09,14.2097826086957,37.720652173913,706.31,27.2353260869565,-25.8540867324546,0.174456521739131,0.266666666666667,Neutral,0.122941053511704,26.0079384153924,26.1308794689041
EASTERN SAMAR,2018,4,Q4,8076,26.229347826087,28.4391304347826,24.6315217391304,1520.7,1520.7,1540.0,803.977022222222,1430.32,283.7,16.7152173913043,41.3739130434783,998.67,26.29,52.272522454865,-0.0606521739130414,0.833333333333333,El Niño,0.105278010033444,18.7407730855036,18.8460510955371
EASTERN SAMAR,2019,1,Q1,8077,25.2633333333333,27.37,23.6488888888889,585.0,585.0,1162.0,895.971188888889,1651.77,335.3,19.0666666666667,44.8711111111111,906.82,25.4533516483516,-35.4888511501731,-0.190018315018321,0.7,El Niño,-0.0238886566332246,-3.25918280430911,3.28307146094233
EASTERN SAMAR,2019,2,Q2,8078,27.1494505494505,29.7901098901099,25.0428571428571,555.3,555.3,1140.0,933.538091666667,1864.95,370.81,11.8296703296703,32.2934065934066,593.75,27.0654945054945,-6.47578947368422,0.0839560439560429,0.566666666666667,El Niño,0.0019355191909529,-3.88655122536174,3.8884867445527
EASTERN SAMAR,2019,3,Q3,8079,27.4869565217391,30.5239130434783,25.2347826086956,634.0,634.0,803.0,787.830238888889,1660.83,357.19,13.7782608695652,35.7510869565217,706.31,27.2353260869565,-10.2377143180756,0.251630434782612,0.2,Neutral,0.0212289974518231,0.0175418782329948,0.0387708756848179
EASTERN SAMAR,2019,4,Q4,8080,26.545652173913,29.2152173913043,24.6489130434783,785.3,785.3,1297.0,863.59615,1536.6,310.89,14.7532608695652,38.0076086956522,998.67,26.29,-21.3654160032844,0.255652173913042,0.433333333333333,Neutral,0.100305084408344,-18.3919427363043,18.4922478207127
EASTERN SAMAR,2020,1,Q1,8081,25.6692307692308,27.8164835164835,24.0571428571429,754.1,754.1,1408.0,919.828844444444,1649.81,324.84,18.0098901098901,43.0945054945055,906.82,25.4533516483516,-16.841269491189,0.215879120879119,0.466666666666667,Neutral,0.201779443382704,-13.7300473215583,13.931826764941
EASTERN SAMAR,2020,2,Q2,8082,27.0945054945055,29.5065934065934,25.2120879120879,678.5,678.5,1395.0,929.291413888889,1840.35,361.79,13.2373626373626,34.5461538461538,593.75,27.0654945054945,14.2736842105263,0.0290109890109846,-0.0666666666666666,Neutral,0.188043179646439,-8.54267890050567,8.73072208015211
EASTERN SAMAR,2020,3,Q3,8083,27.1369565217391,30.0423913043478,24.9489130434783,753.6,753.6,1098.0,832.788538888889,1669.05,339.48,10.8195652173913,30.2510869565217,706.31,27.2353260869565,6.6953603941612,-0.0983695652173892,-0.633333333333333,La Niña,0.100543179646439,-4.30941022244646,4.4099534020929
EASTERN SAMAR,2020,4,Q4,8084,26.4369565217391,28.8989130434783,24.8521739130435,1275.5,1275.5,1552.0,703.007302777778,1279.83,256.62,14.0760869565217,36.7163043478261,998.67,26.29,27.7198674236735,0.146956521739128,-1.23333333333333,La Niña,0.0733692666029606,7.961910634293,8.03527990089596
EASTERN SAMAR,2021,1,Q1,8085,25.7477777777778,27.8644444444444,24.2311111111111,1844.4,1844.4,1734.0,729.770627777778,1360.45,269.53,17.5333333333333,42.7888888888889,906.82,25.4533516483516,103.392073399352,0.294426129426132,-0.9,La Niña,0.0930060187397137,38.0202463569281,38.1132523756679
EASTERN SAMAR,2021,2,Q2,8086,26.9483516483517,29.5879120879121,24.867032967033,797.7,797.7,1248.0,912.313475,1772.69,354.11,13.5428571428571,35.7483516483516,593.75,27.0654945054945,34.3494736842105,-0.117142857142856,-0.533333333333333,La Niña,0.0564675572012536,43.0391937253492,43.0956612825504
EASTERN SAMAR,2021,3,Q3,8087,27.3913043478261,30.429347826087,25.1923913043478,761.0,761.0,990.0,851.304941666667,1696.04,356.99,13.1413043478261,35.1663043478261,706.31,27.2353260869565,7.74305899675779,0.155978260869571,-0.533333333333333,La Niña,0.120054513722994,43.3011183759983,43.4211728897213
EASTERN SAMAR,2021,4,Q4,8088,26.0445652173913,28.4195652173913,24.3771739130435,1382.8,1382.8,1604.0,635.478391666667,1260.46,255.72,16.8913043478261,40.225,998.67,26.29,38.4641573292479,-0.245434782608694,-0.933333333333333,La Niña,0.0219566876360382,45.9871908523919,46.009147540028
EASTERN SAMAR,2022,1,Q1,8089,25.4522222222222,27.5833333333333,23.7788888888889,1234.3,1234.3,1601.0,668.200936111111,1401.45,279.21,17.9022222222222,41.0977777777778,906.82,25.4533516483516,36.1130102997287,-0.0011294261294239,-0.966666666666667,La Niña,-0.0519322012528507,29.1674250774862,29.2193572787391
EASTERN SAMAR,2022,2,Q2,8090,26.5945054945055,29.1604395604396,24.467032967033,957.3,957.3,1276.0,812.933094444444,1748.35,344.57,14.2791208791209,34.4923076923077,593.75,27.0654945054945,61.2294736842105,-0.470989010989015,-1.0,La Niña,-0.140393739714391,35.8874250774862,36.0278188172006
EASTERN SAMAR,2022,3,Q3,8091,27.0217391304348,30.4826086956522,24.6119565217391,894.0,894.0,887.0,840.672038888889,1765.27,360.85,10.929347826087,28.3217391304348,706.31,27.2353260869565,26.5733176650479,-0.213586956521738,-0.9,La Niña,-0.232785044062218,40.5949897445588,40.827774788621
EASTERN SAMAR,2022,4,Q4,8092,26.2380434782609,28.754347826087,24.4163043478261,1144.6,1144.6,1524.0,672.098975,1353.25,273.48,15.3119565217391,36.1673913043478,998.67,26.29,14.6124345379354,-0.0519565217391289,-0.9,La Niña,-0.184415478844826,34.6320590467306,34.8164745255755
EASTERN SAMAR,2023,1,Q1,8093,25.3677777777778,27.4866666666667,23.73,1791.2,1791.2,1610.0,623.582402777778,1363.81,270.19,18.9955555555556,42.9577777777778,906.82,25.4533516483516,97.5254184954015,-0.0855738705738708,-0.4,Neutral,-0.205526589955938,49.9851610956488,50.1906876856048
EASTERN SAMAR,2023,2,Q2,8094,27.2307692307692,30.3846153846154,24.8351648351648,579.1,579.1,934.0,924.471644444444,1918.19,390.73,12.9065934065934,31.8615384615385,593.75,27.0654945054945,-2.46736842105263,0.165274725274724,0.5,El Niño,-0.0464606558900034,34.0609505693331,34.1074112252231
EASTERN SAMAR,2023,3,Q3,8095,27.7108695652174,31.2673913043478,25.1869565217391,560.0,560.0,746.0,866.295319444444,1845.47,391.63,13.8141304347826,33.2260869565217,706.31,27.2353260869565,-20.7147003440416,0.475543478260878,1.33333333333333,El Niño,0.125821952805651,22.2389460670607,22.3647680198663
EASTERN SAMAR,2023,4,Q4,8096,26.6652173913043,29.5065217391304,24.6195652173913,1077.6,1077.6,1389.0,827.534319444444,1576.29,315.32,14.8815217391304,35.1934782608696,998.67,26.29,7.90351167052178,0.375217391304346,1.9,El Niño,0.232615431066519,20.5617153502073,20.7943307812738
EASTERN SAMAR,2024,1,Q1,8097,25.9824175824176,28.3571428571429,24.1362637362637,577.8,577.8,1279.0,873.133880555556,1749.57,354.01,18.9846153846154,41.6659340659341,906.82,25.4533516483516,-36.2828345206325,0.529065934065933,1.46666666666667,El Niño,0.38627538222647,-12.8903479038012,13.2766232860277
EASTERN SAMAR,2024,2,Q2,8098,27.5296703296703,30.3571428571429,25.243956043956,544.5,544.5,1062.0,963.005130555556,2026.71,404.26,13.9505494505495,33.2450549450549,593.75,27.0654945054945,-8.29473684210526,0.464175824175822,0.433333333333333,Neutral,0.461000656951745,-14.3471900090644,14.8081906660161
EASTERN SAMAR,2024,3,Q3,8099,27.5271739130435,30.9413043478261,25.2282608695652,780.7,780.7,965.0,842.206788888889,1769.63,368.6,11.7184782608696,29.9771739130435,706.31,27.2353260869565,10.5322025739406,0.291847826086961,-0.1,Neutral,0.415076743908266,-6.53546427956885,6.95054102347712
EASTERN SAMAR,2024,4,Q4,8100,26.4877777777778,29.256043956044,24.6241758241758,1267.6,1267.6,1340.0,708.406397222222,1380.67,278.19,14.221978021978,35.4010989010989,998.67,26.29,26.9288153243814,0.19777777777778,-0.4,Neutral,0.370716840526624,-1.77913836610395,2.14985520663057
EASTERN SAMAR,2025,1,Q1,8101,25.5191011235955,27.9744444444444,23.8755555555556,1458.7,1458.7,1704.0,662.816627777778,1394.13,266.3,15.6066666666667,38.7044444444444,906.82,25.4533516483516,60.8588253457136,0.0657494752438552,-0.4,Neutral,0.254887725821105,22.5062766004826,22.7611643263037
EASTERN SAMAR,2025,2,Q2,8102,26.8186813186813,29.9197802197802,24.4659340659341,381.1,17.5,782.0,842.454836111111,1703.58,338.61,11.1241758241758,28.2967032967033,593.75,27.0654945054945,-35.8147368421053,-0.246813186813185,-0.1,Neutral,0.077140473073853,15.6262766004826,15.7034170735564
EASTERN SAMAR,2025,3,Q3,8103,26.1815217391304,29.9,23.5782608695652,449.6,102.2,516.0,704.871425,1541.97,321.72,11.6760869565217,32.4869565217391,706.31,27.2353260869565,-36.3452308476448,-1.05380434782609,-0.3,Neutral,-0.259272570404409,3.90691824508623,4.16619081549064
EASTERN SAMAR,2025,4,Q4,8104,25.6459016393443,28.5147540983607,23.6475409836066,357.2,49.6,475.0,479.694452777778,880.36,174.37,11.8,35.9475409836066,998.67,26.29,-64.2324291307439,-0.644098360655736,-0.6,La Niña,-0.469741605012788,-18.8833928686951,19.3531344737079
ILOCOS NORTE,2010,1,Q1,8041,25.3561111111111,30.0927777777778,21.6127777777778,80.7,80.7,348.0,1908.70750277778,3586.92,856.92,19.5683333333333,37.3538888888889,142.27,25.243931013431,-43.2768679271807,0.112180097680096,1.16666666666667,El Niño,0.112180097680096,-43.2768679271807,43.3890480248608
ILOCOS NORTE,2010,2,Q2,8042,27.7093406593407,31.121978021978,24.7005494505494,911.6,911.6,995.0,1988.79568611111,4076.44,885.05,15.0087912087912,30.9642857142857,1115.14,27.7606043956044,-18.2524167369119,-0.0512637362637349,-0.166666666666667,Neutral,0.0304581807081803,-30.7646423320463,30.7951005127545
ILOCOS NORTE,2010,3,Q3,8043,26.533152173913,29.408152173913,24.2603260869565,2087.3,2087.3,1761.0,1704.03899166667,3493.38,716.19,14.425,30.2853260869565,2807.8,26.4596739130435,-25.660659591139,0.0734782608695638,-1.3,La Niña,0.0447982074286415,-29.0633147517439,29.1081129591725
ILOCOS NORTE,2010,4,Q4,8044,25.6369565217391,28.8641304347826,23.3733695652174,1004.7,1004.7,1141.0,1704.51907222222,2848.59,687.68,21.8804347826087,41.3320652173913,723.93,25.9870652173913,38.7841365877916,-0.350108695652178,-1.6,La Niña,-0.0539285183415634,-12.10145191686,12.1553804352016
ILOCOS NORTE,2011,1,Q1,8045,24.3666666666667,28.5394444444444,21.4311111111111,227.8,227.8,702.0,1773.93033333333,3148.68,851.45,25.34,47.5844444444445,142.27,25.243931013431,60.1180853307092,-0.877264346764349,-1.16666666666667,La Niña,-0.301289629452675,13.7472863976125,14.0485760270652
ILOCOS NORTE,2011,2,Q2,8046,27.0994505494506,30.7978021978022,23.9027472527473,1509.8,1509.8,1012.0,1916.81123888889,3979.39,889.08,16.0835164835165,33.75,1115.14,27.7606043956044,35.3910719730258,-0.661153846153844,-0.566666666666667,La Niña,-0.453762156925202,27.1581585750969,27.6119207320221
ILOCOS NORTE,2011,3,Q3,8047,25.9489130434783,28.4076086956522,24.0722826086957,2818.7,2818.7,2384.0,1567.43614166667,3216.64,645.4,17.8625,36.3179347826087,2807.8,26.4596739130435,0.388204288054692,-0.510760869565217,-0.633333333333333,La Niña,-0.599821939533897,33.6703745448953,34.2701964844292
ILOCOS NORTE,2011,4,Q4,8048,25.5527173913043,28.5820652173913,23.4369565217391,1084.8,1084.8,1339.0,1598.50075,2719.68,654.55,21.7766304347826,41.9260869565217,723.93,25.9870652173913,49.8487422817123,-0.434347826086959,-1.03333333333333,La Niña,-0.620881722142593,36.4365259683755,37.0574076905181
ILOCOS NORTE,2012,1,Q1,8049,25.2142857142857,29.3115384615385,22.1642857142857,227.9,227.9,594.0,1819.47072222222,3328.59,798.2,20.6989010989011,39.2868131868132,142.27,25.243931013431,60.1883742180361,-0.0296452991453008,-0.733333333333333,La Niña,-0.408976960237831,36.4540981902072,36.8630751504451
ILOCOS NORTE,2012,2,Q2,8050,27.0961538461538,30.1994505494505,24.4335164835165,1323.8,1323.8,1414.0,1931.33634722222,3850.12,806.19,16.3137362637363,34.1115384615385,1115.14,27.7606043956044,18.7115519127643,-0.664450549450549,-0.266666666666667,Neutral,-0.409801136062007,32.2842181751419,32.6940193112039
ILOCOS NORTE,2012,3,Q3,8051,25.9396739130435,28.3483695652174,24.0695652173913,2787.7,2787.7,2312.0,1622.08688611111,3256.82,648.13,18.2853260869565,37.5065217391304,2807.8,26.4596739130435,-0.715862953201808,-0.520000000000007,0.333333333333333,Neutral,-0.412110918670704,32.0082013648277,32.4203122834984
ILOCOS NORTE,2012,4,Q4,8052,25.8402173913043,29.6,23.0695652173913,508.5,508.5,642.0,1775.955975,3092.18,740.16,19.7657608695652,36.9184782608696,723.93,25.9870652173913,-29.7584020554474,-0.146847826086958,0.0666666666666666,Neutral,-0.340235918670704,12.1064152805378,12.4466511992085
ILOCOS NORTE,2013,1,Q1,8053,25.7116666666667,30.045,22.4144444444444,181.4,181.4,427.0,1875.204575,3415.24,851.05,21.1311111111111,39.5972222222222,142.27,25.243931013431,27.5040416110213,0.467735653235653,-0.366666666666667,Neutral,-0.215890680575465,3.93533212878411,4.15122280935958
ILOCOS NORTE,2013,2,Q2,8054,27.7956043956044,31.3197802197802,24.8615384615385,853.4,853.4,998.0,1971.30883333333,4026.57,881.96,14.8038461538462,31.1862637362637,1115.14,27.7606043956044,-23.4714923686712,0.0350000000000036,-0.366666666666667,Neutral,-0.041028043212827,-6.61042894157477,6.65145698478759
ILOCOS NORTE,2013,3,Q3,8055,26.3907608695652,29.095652173913,24.2744565217391,2742.1,2742.1,2081.0,1616.72230555556,3345.44,689.02,16.4010869565217,34.3233695652174,2807.8,26.4596739130435,-2.33991025001782,-0.0689130434782647,-0.333333333333333,Neutral,0.0717436959176085,-7.01644076577877,7.08818446169638
ILOCOS NORTE,2013,4,Q4,8056,25.1375,28.2130434782609,22.95,730.0,730.0,1069.0,1744.24710555556,2847.11,686.05,22.5978260869565,42.629347826087,723.93,25.9870652173913,0.838478858453156,-0.849565217391309,-0.233333333333333,Neutral,-0.103935651908479,0.63277946269636,0.736715114604839
ILOCOS NORTE,2014,1,Q1,8057,23.8894444444444,28.1488888888889,20.6505555555556,138.0,138.0,466.0,1870.69764444444,3437.53,824.27,21.9516666666667,41.025,142.27,25.243931013431,-3.00133548885922,-1.35448656898657,-0.4,Neutral,-0.559491207464035,-6.99356481227377,7.5530560197378
ILOCOS NORTE,2014,2,Q2,8058,27.7005494505494,31.1384615384615,24.5659340659341,1128.1,1128.1,924.0,1990.14764166667,4032.81,877.58,15.6521978021978,32.7604395604396,1115.14,27.7606043956044,1.16218591387629,-0.0600549450549472,0.133333333333333,Neutral,-0.583254943727773,-0.835145241636898,1.41840018536467
ILOCOS NORTE,2014,3,Q3,8059,26.5358695652174,29.1239130434783,24.4054347826087,2364.9,2364.9,1898.0,1737.80285,3492.27,717.31,18.5869565217391,37.4891304347826,2807.8,26.4596739130435,-15.7739155210485,0.0761956521739151,0.1,Neutral,-0.546977769814728,-4.19364655939457,4.7406243292093
ILOCOS NORTE,2014,4,Q4,8060,25.7880434782609,29.3641304347826,23.3114130434783,318.1,318.1,785.0,1799.74905833333,2993.77,782.5,23.3951086956522,43.7711956521739,723.93,25.9870652173913,-56.0592875001727,-0.199021739130437,0.6,El Niño,-0.38434190024951,-18.418088149051,18.8024300493005
ILOCOS NORTE,2015,1,Q1,8061,24.4877777777778,29.0205555555556,21.0361111111111,160.0,160.0,457.0,1852.28020555556,3375.28,842.5,21.5744444444444,40.8555555555556,142.27,25.243931013431,12.4622197230618,-0.756153235653237,0.5,El Niño,-0.234758566916176,-14.5521993460708,14.786957912987
ILOCOS NORTE,2015,2,Q2,8062,27.9153846153846,31.8104395604396,24.4412087912088,457.0,457.0,702.0,2111.48966666667,4333.99,952.02,14.9065934065934,31.6043956043956,1115.14,27.7606043956044,-59.0185985616156,0.154780219780221,0.933333333333333,El Niño,-0.181049775707384,-29.5973954649437,29.7784452406511
ILOCOS NORTE,2015,3,Q3,8063,26.2820652173913,28.8065217391304,24.125,3510.8,3510.8,2002.0,1665.34654722222,3334.59,681.6,17.7255434782609,35.8744565217391,2807.8,26.4596739130435,25.0373958259135,-0.177608695652179,1.86666666666667,El Niño,-0.244500862663908,-19.3945676282032,19.6390684908671
ILOCOS NORTE,2015,4,Q4,8064,26.0744565217391,29.691847826087,23.3576086956522,1054.4,1054.4,880.0,1716.34034722222,3031.72,717.38,20.7853260869565,39.0934782608696,723.93,25.9870652173913,45.6494412443192,0.0873913043478218,2.53333333333333,El Niño,-0.172897601794343,6.03261455791973,6.20551215971408
ILOCOS NORTE,2016,1,Q1,8065,24.8978021978022,28.9642857142857,21.8445054945055,174.0,174.0,565.0,1852.07252222222,3315.65,792.11,20.821978021978,38.932967032967,142.27,25.243931013431,22.3026639488297,-0.346128815628816,2.06666666666667,El Niño,-0.070391496788238,8.49272561436171,8.56311711114994
ILOCOS NORTE,2016,2,Q2,8066,27.8906593406593,31.3087912087912,24.871978021978,829.5,829.5,1043.0,2014.67017777778,4112.37,870.38,13.4461538461538,29.2384615384615,1115.14,27.7606043956044,-25.6147210215758,0.130054945054947,0.4,Neutral,-0.0765728154695564,16.8436949993717,16.9202678148412
ILOCOS NORTE,2016,3,Q3,8067,26.4195652173913,28.7722826086957,24.5451086956522,3242.3,3242.3,2387.0,1495.85209722222,3160.99,642.96,17.9086956521739,35.9461956521739,2807.8,26.4596739130435,15.4747489137403,-0.0401086956521758,-0.5,La Niña,-0.0421978154695557,14.4530332713284,14.4952310867979
ILOCOS NORTE,2016,4,Q4,8068,26.2614130434783,29.4847826086956,23.958152173913,1300.5,1300.5,1376.0,1646.00336388889,2799.0,694.12,22.1880434782609,42.9945652173913,723.93,25.9870652173913,79.644440760847,0.274347826086956,-0.666666666666667,La Niña,0.00454131496522782,22.9517831504603,22.9563244654255
ILOCOS NORTE,2017,1,Q1,8069,26.0372222222222,30.6933333333333,22.2588888888889,103.3,103.3,240.0,1810.71973611111,3409.07,816.74,17.9111111111111,36.7111111111111,142.27,25.243931013431,-27.3915793912982,0.793291208791207,-0.133333333333333,Neutral,0.289396321070233,10.5282223154283,10.8176186364986
ILOCOS NORTE,2017,2,Q2,8070,27.9961538461538,31.9049450549451,24.7472527472527,1244.6,1244.6,1178.0,1956.34293055556,3975.44,857.14,14.8120879120879,33.371978021978,1115.14,27.7606043956044,11.6093046612981,0.235549450549453,0.266666666666667,Neutral,0.31576994744386,19.8342287361468,20.1499986835907
ILOCOS NORTE,2017,3,Q3,8071,27.1771739130435,30.533152173913,24.6304347826087,2351.2,2351.2,1714.0,1580.50599722222,3249.16,680.79,14.2385869565217,32.0505434782609,2807.8,26.4596739130435,-16.2618420115393,0.717499999999998,-0.133333333333333,Neutral,0.505172121356903,11.9000810048269,12.4052531261838
ILOCOS NORTE,2017,4,Q4,8072,26.6934782608696,30.5619565217391,23.7260869565217,404.9,404.9,458.0,1691.70583055556,2990.8,712.08,16.7380434782609,35.3195652173913,723.93,25.9870652173913,-44.069177959195,0.706413043478261,-0.833333333333333,La Niña,0.613188425704729,-19.0283236751836,19.6415121008883
ILOCOS NORTE,2018,1,Q1,8073,26.1722222222222,30.8705555555556,22.4861111111111,88.6,88.6,205.0,1857.02906388889,3525.27,844.97,17.9544444444444,37.2355555555556,142.27,25.243931013431,-37.7240458283545,0.928291208791204,-0.833333333333333,La Niña,0.646938425704729,-21.6114402844477,22.2583787101524
ILOCOS NORTE,2018,2,Q2,8074,28.1785714285714,32.1038461538461,24.832967032967,1511.5,1511.5,1283.0,1905.94516388889,3798.26,833.86,15.4148351648352,34.4857142857143,1115.14,27.7606043956044,35.543519199383,0.417967032967031,-0.233333333333333,Neutral,0.692542821309123,-15.6278866499264,16.3204294712356
ILOCOS NORTE,2018,3,Q3,8075,26.4880434782609,29.4548913043478,24.2010869565217,3433.9,3433.9,2610.0,1414.53212777778,2997.47,618.28,18.1744565217391,38.0179347826087,2807.8,26.4596739130435,22.2985967661514,0.0283695652173889,0.266666666666667,Neutral,0.520260212613471,-5.98777695550376,6.50803716811723
ILOCOS NORTE,2018,4,Q4,8076,26.745652173913,31.3326086956522,22.8065217391304,253.0,253.0,407.0,1842.83988888889,3360.95,772.78,15.3538043478261,32.341847826087,723.93,25.9870652173913,-65.051869655906,0.758586956521736,0.833333333333333,El Niño,0.53330369087434,-11.2334498796815,11.7667535705558
ILOCOS NORTE,2019,1,Q1,8077,26.3061111111111,31.5961111111111,21.4005555555556,41.0,41.0,181.0,1900.18752222222,3724.63,858.98,17.7661111111111,37.5561111111111,142.27,25.243931013431,-71.1815561959654,1.0621800976801,0.7,El Niño,0.566775913096563,-19.5978274715842,20.1646033846808
ILOCOS NORTE,2019,2,Q2,8078,28.2241758241758,32.1835164835165,24.9576923076923,1382.1,1382.1,1578.0,1880.14269722222,3831.2,827.55,15.4956043956044,34.1472527472528,1115.14,27.7606043956044,23.9395950284269,0.463571428571431,0.566666666666667,El Niño,0.578177011997663,-22.4988085143233,23.0769855263209
ILOCOS NORTE,2019,3,Q3,8079,26.8815217391304,29.941847826087,24.5885869565217,2739.1,2739.1,2476.0,1478.18847222222,3162.35,658.11,18.4521739130435,38.5288043478261,2807.8,26.4596739130435,-2.44675546691361,0.421847826086953,0.2,Neutral,0.676546577215055,-28.6851465725895,29.3616931498046
ILOCOS NORTE,2019,4,Q4,8080,26.1402173913044,30.4211956521739,22.7336956521739,580.4,580.4,593.0,1742.11728888889,3218.48,721.39,16.4211956521739,34.0092391304348,723.93,25.9870652173913,-19.8265025624025,0.153152173913043,0.433333333333333,Neutral,0.525187881562881,-17.3788047992136,17.9039926807765
ILOCOS NORTE,2020,1,Q1,8081,26.2087912087912,31.3576923076923,21.821978021978,48.4,48.4,166.0,1942.31900833333,3797.93,885.97,18.1346153846154,38.1489010989011,142.27,25.243931013431,-65.9801785337738,0.964860195360192,0.466666666666667,Neutral,0.500857905982905,-16.0784603836657,16.5793182896486
ILOCOS NORTE,2020,2,Q2,8082,28.8263736263736,33.110989010989,25.0934065934066,735.4,735.4,952.0,2021.13079722222,4110.95,923.04,15.4417582417582,34.9857142857143,1115.14,27.7606043956044,-34.0531233746435,1.06576923076923,-0.0666666666666666,Neutral,0.651407356532354,-30.5766399844333,31.2280473409657
ILOCOS NORTE,2020,3,Q3,8083,27.4157608695652,31.0885869565217,24.5146739130435,1829.5,1829.5,1770.0,1777.36978333333,3594.14,744.48,12.7478260869565,29.3858695652174,2807.8,26.4596739130435,-34.8422252297172,0.956086956521737,-0.633333333333333,La Niña,0.78496713914105,-38.6755074251343,39.4604745642753
ILOCOS NORTE,2020,4,Q4,8084,26.9842391304348,30.975,23.9994565217391,595.0,595.0,740.0,1629.26088055556,2944.07,704.87,17.3891304347826,36.9880434782609,723.93,25.9870652173913,-17.8097329852334,0.997173913043476,-1.23333333333333,La Niña,0.995972573923658,-38.171315030842,39.1672876047656
ILOCOS NORTE,2021,1,Q1,8085,26.2922222222222,31.2222222222222,22.4166666666667,305.1,305.1,416.0,1856.08610277778,3507.18,827.85,17.0533333333333,36.4727777777778,142.27,25.243931013431,114.451395234413,1.04829120879121,-0.9,La Niña,1.01683032728141,6.93657841120482,7.95340873848624
ILOCOS NORTE,2021,2,Q2,8086,28.7307692307692,33.2296703296703,24.8637362637363,872.4,872.4,1088.0,2034.19780833333,4098.02,937.02,17.3846153846154,37.8302197802198,1115.14,27.7606043956044,-21.7676704270316,0.970164835164834,-0.533333333333333,La Niña,0.992929228380314,10.0079416481078,11.0008708764881
ILOCOS NORTE,2021,3,Q3,8087,27.2336956521739,30.6907608695652,24.5760869565217,1888.0,1888.0,2049.0,1603.89318888889,3373.69,700.2,15.5320652173913,34.4728260869565,2807.8,26.4596739130435,-32.7587435002493,0.774021739130436,-0.533333333333333,La Niña,0.947412924032489,10.5288120804748,11.4762250045073
ILOCOS NORTE,2021,4,Q4,8088,27.3054347826087,31.8016304347826,23.8548913043478,594.8,594.8,463.0,1740.54758333333,3150.2,771.58,16.3815217391304,33.1407608695652,723.93,25.9870652173913,-17.8373599657426,1.31836956521739,-0.933333333333333,La Niña,1.02771183707597,10.5219053353475,11.5496171724235
ILOCOS NORTE,2022,1,Q1,8089,27.0372222222222,32.1061111111111,22.8227777777778,245.6,245.6,369.0,1876.26474722222,3574.14,838.06,16.9922222222222,35.0344444444444,142.27,25.243931013431,72.6295072748998,1.79329120879121,-0.966666666666667,La Niña,1.21396183707597,0.066433345469096,1.28039518254506
ILOCOS NORTE,2022,2,Q2,8090,28.217032967033,32.7725274725275,24.5131868131868,1278.5,1278.5,1167.0,1921.75145,3939.04,882.31,14.9802197802198,32.3071428571429,1115.14,27.7606043956044,14.6492817045394,0.456428571428571,-1.0,La Niña,1.0855277711419,9.17067137836183,10.2561991495037
ILOCOS NORTE,2022,3,Q3,8091,27.016847826087,30.8804347826087,24.1597826086957,1807.7,1807.7,1676.0,1663.26819722222,3567.91,740.13,14.2478260869565,30.1717391304348,2807.8,26.4596739130435,-35.6186338058266,0.557173913043478,-0.9,La Niña,1.03131581462016,8.4556988019675,9.48701461658766
ILOCOS NORTE,2022,4,Q4,8092,26.8315217391304,30.7923913043478,23.6309782608696,1002.6,1002.6,602.0,1670.83348611111,3017.72,701.28,15.8896739130435,31.8092391304348,723.93,25.9870652173913,38.4940532924454,0.844456521739129,-0.9,La Niña,0.912837553750596,22.5385521165145,23.4513896702651
ILOCOS NORTE,2023,1,Q1,8093,26.4744444444444,31.4,22.5172222222222,82.1,82.1,142.0,1842.25727222222,3558.84,899.94,19.9216666666667,39.6233333333333,142.27,25.243931013431,-42.2928235046039,1.23051343101343,-0.4,Neutral,0.772143109306151,-6.19203057836145,6.9641736876676
ILOCOS NORTE,2023,2,Q2,8094,28.6423076923077,33.1527472527473,24.8604395604396,1135.8,1135.8,1294.0,1932.36182777778,4044.64,923.31,16.9346153846154,36.2071428571429,1115.14,27.7606043956044,1.8526821744355,0.881703296703293,0.5,El Niño,0.878461790624832,-9.39118046088741,10.2696422515122
ILOCOS NORTE,2023,3,Q3,8095,27.091847826087,30.520652173913,24.4407608695652,2960.1,2960.1,2033.0,1606.87610277778,3466.34,718.36,18.4195652173913,35.8869565217391,2807.8,26.4596739130435,5.42417551107628,0.632173913043474,1.33333333333333,El Niño,0.897211790624831,0.869521868338311,1.76673365896314
ILOCOS NORTE,2023,4,Q4,8096,27.4233695652174,31.7934782608696,23.7402173913043,325.5,325.5,423.0,1795.978225,3218.03,762.67,15.7820652173913,30.2880434782609,723.93,25.9870652173913,-55.0370892213336,1.43630434782608,1.9,El Niño,1.04517374714657,-22.5132637601064,23.558437507253
ILOCOS NORTE,2024,1,Q1,8097,26.7093406593407,31.8604395604396,22.1879120879121,45.7,45.7,116.0,1940.42349166667,3802.09,903.8,19.282967032967,37.7472527472527,142.27,25.243931013431,-67.8779784916005,1.46540964590965,1.46666666666667,El Niño,1.10389780087062,-28.9095525068556,30.0134503077262
ILOCOS NORTE,2024,2,Q2,8098,29.2148351648352,33.5379120879121,25.3736263736264,1029.4,1029.4,930.0,2007.448375,4171.19,936.24,15.7010989010989,32.9708791208791,1115.14,27.7606043956044,-7.68872069874633,1.45423076923077,0.433333333333333,Neutral,1.24702966900249,-31.294903225151,32.5419328941535
ILOCOS NORTE,2024,3,Q3,8099,27.2179347826087,30.6211956521739,24.5548913043478,2557.2,2557.2,1984.0,1481.31934722222,3314.63,690.17,15.3065217391304,30.9233695652174,2807.8,26.4596739130435,-8.92513711802836,0.758260869565216,-0.1,Neutral,1.27855140813293,-34.8822313824272,36.1607827905601
ILOCOS NORTE,2024,4,Q4,8100,26.7383333333333,30.6302197802198,23.7186813186813,1083.1,1083.1,728.0,1587.68148611111,2851.78,660.75,18.4164835164835,35.6675824175824,723.93,25.9870652173913,49.6139129473844,0.751268115942022,-0.4,Neutral,1.10729235016191,-8.71948084024769,9.82677319040961
ILOCOS NORTE,2025,1,Q1,8101,26.5876404494382,31.4483333333333,22.8444444444444,181.6,181.6,237.0,1807.07599722222,3417.47,824.14,17.7222222222222,37.635,142.27,25.243931013431,27.6446193856751,1.34370943600719,-0.4,Neutral,1.0768672976863,15.1611686290712,16.2380359267575
ILOCOS NORTE,2025,2,Q2,8102,28.8725274725275,32.571978021978,25.5725274725275,725.7,27.4,832.0,1927.68773333333,4202.67,912.61,17.171978021978,30.3483516483516,1115.14,27.7606043956044,-34.9229693132701,1.11192307692308,-0.1,Neutral,0.991290374609377,8.35260647544027,9.34389685004965
ILOCOS NORTE,2025,3,Q3,8103,28.429347826087,29.7119565217391,27.2586956521739,3046.1,649.5,1793.0,1313.26998611111,3207.79,692.63,19.7228260869565,31.6309782608696,2807.8,26.4596739130435,8.4870717287556,1.96967391304348,-0.3,Neutral,1.29414363547894,12.7056586871363,13.9998023226152
ILOCOS NORTE,2025,4,Q4,8104,28.8573770491803,30.9713114754098,27.3573770491803,251.0,37.7,358.0,1087.88293611111,2134.54,531.16,22.8795081967213,35.9139344262295,723.93,25.9870652173913,-65.3281394609976,2.87031183178902,-0.6,La Niña,1.82390456444069,-16.0298544149592,17.8537589793999
ILOCOS SUR,2010,1,Q1,8041,25.1511111111111,28.4577777777778,21.9644444444444,7.7,7.7,47.0,959.252116666667,1856.29,396.28,17.05,30.3933333333333,58.44,25.3197643467643,-86.8240930869268,-0.168653235653238,1.16666666666667,El Niño,-0.168653235653238,-86.8240930869268,86.99274632258
ILOCOS SUR,2010,2,Q2,8042,27.332967032967,29.6274725274725,24.8054945054945,517.4,517.4,654.0,984.055833333333,2007.74,413.13,13.4285714285714,26.6769230769231,598.52,27.4268131868132,-13.5534317984361,-0.093846153846151,-0.166666666666667,Neutral,-0.131249694749695,-50.1887624426815,50.3200121374311
ILOCOS SUR,2010,3,Q3,8043,26.4684782608696,28.5554347826087,24.3413043478261,1295.2,1295.2,1135.0,820.908291666667,1699.57,346.39,12.9130434782609,25.9369565217391,1760.21,26.4398913043478,-26.4178705949858,0.0285869565217353,-1.3,La Niña,-0.0779708109925513,-42.2651318267829,42.3431026377755
ILOCOS SUR,2010,4,Q4,8044,26.0065217391304,28.4065217391304,23.7380434782609,512.6,512.6,542.0,864.517336111111,1493.57,336.23,16.8163043478261,30.0880434782609,366.21,26.1032608695652,39.9743316676224,-0.0967391304347842,-1.6,La Niña,-0.0826628908531095,-21.7052659531816,21.7879288440347
ILOCOS SUR,2011,1,Q1,8045,25.2255555555556,28.26,22.4877777777778,73.6,73.6,151.0,906.783863888889,1652.12,403.71,19.4066666666667,34.8655555555556,58.44,25.3197643467643,25.9411362080767,-0.0942087912087892,-1.16666666666667,La Niña,-0.0640517797419973,6.48604137056929,6.55009315031128
ILOCOS SUR,2011,2,Q2,8046,26.6681318681319,29.0274725274725,24.021978021978,821.7,821.7,607.0,946.073825,1963.62,405.05,15.2604395604396,30.0131868131868,598.52,27.4268131868132,37.2886453251353,-0.758681318681319,-0.566666666666667,La Niña,-0.230260570950789,19.1965606514622,19.4268212224129
ILOCOS SUR,2011,3,Q3,8047,25.9804347826087,27.6804347826087,24.2576086956522,1578.1,1578.1,1413.0,733.876197222222,1527.87,314.99,17.1,32.170652173913,1760.21,26.4398913043478,-10.3459246339925,-0.459456521739135,-0.633333333333333,La Niña,-0.352271440516007,23.2145471417105,23.5668185822265
ILOCOS SUR,2011,4,Q4,8048,26.0010869565217,28.4434782608696,23.7086956521739,436.6,436.6,546.0,829.320561111111,1441.48,328.36,16.4391304347826,30.4945652173913,366.21,26.1032608695652,19.2212118729691,-0.10217391304348,-1.03333333333333,La Niña,-0.353630136168181,18.0262671930471,18.3798973292153
ILOCOS SUR,2012,1,Q1,8049,25.4615384615385,28.3010989010989,22.6637362637363,119.7,119.7,252.0,920.224680555556,1722.41,372.17,16.3725274725275,29.7285714285714,58.44,25.3197643467643,104.82546201232,0.141774114774112,-0.733333333333333,La Niña,-0.294634409672455,37.7473486441081,38.0419830537805
ILOCOS SUR,2012,2,Q2,8050,26.6901098901099,28.7571428571429,24.3978021978022,804.9,804.9,906.0,948.362038888889,1898.49,386.22,15.3725274725275,29.6186813186813,598.52,27.4268131868132,34.4817215798971,-0.736703296703297,-0.266666666666667,Neutral,-0.28913990417795,37.0456177077985,37.3347576119764
ILOCOS SUR,2012,3,Q3,8051,25.8619565217391,27.5163043478261,24.229347826087,1969.6,1969.6,1421.0,742.790469444444,1541.85,312.44,17.2902173913043,32.5510869565217,1760.21,26.4398913043478,11.8957397128752,-0.577934782608697,0.333333333333333,Neutral,-0.31875946939534,42.6060337945154,42.9247932639108
ILOCOS SUR,2012,4,Q4,8052,25.8619565217391,28.570652173913,23.1076086956522,245.0,245.0,255.0,887.093733333333,1599.1,346.91,14.9391304347826,26.9423913043478,366.21,26.1032608695652,-33.0984953988149,-0.241304347826087,0.0666666666666666,Neutral,-0.353542078090992,29.5261069765694,29.8796490546604
ILOCOS SUR,2013,1,Q1,8053,25.4544444444444,28.4155555555556,22.5311111111111,87.2,87.2,150.0,943.833927777778,1755.59,383.4,17.2144444444444,30.71,58.44,25.3197643467643,49.2128678986995,0.134680097680096,-0.366666666666667,Neutral,-0.355315582364496,15.6229584481642,15.9782740305287
ILOCOS SUR,2013,2,Q2,8054,27.3582417582418,29.7505494505495,24.8054945054945,609.8,609.8,675.0,964.248580555556,1981.23,408.08,13.232967032967,26.8791208791209,598.52,27.4268131868132,1.88464880037425,-0.0685714285714276,-0.366666666666667,Neutral,-0.188282615331529,7.47369025328351,7.66197286861504
ILOCOS SUR,2013,3,Q3,8055,26.1728260869565,28.070652173913,24.3652173913043,1914.2,1914.2,1271.0,748.489641666667,1578.07,327.58,15.0663043478261,29.745652173913,1760.21,26.4398913043478,8.74838797643464,-0.267065217391306,-0.333333333333333,Neutral,-0.110565224027181,6.68685231917338,6.79741754320056
ILOCOS SUR,2013,4,Q4,8056,25.7021739130435,28.0554347826087,23.3402173913043,338.7,338.7,373.0,906.862861111111,1504.58,337.43,17.2891304347826,31.1728260869565,366.21,26.1032608695652,-7.51208323093307,-0.401086956521738,-0.233333333333333,Neutral,-0.150510876201094,13.0834553611438,13.2339662373449
ILOCOS SUR,2014,1,Q1,8057,24.3333333333333,27.52,21.3466666666667,25.9,25.9,87.0,945.831391666667,1807.96,403.28,18.3222222222222,32.6544444444444,58.44,25.3197643467643,-55.6810403832991,-0.98643101343102,-0.4,Neutral,-0.430788653978873,-13.1400217093558,13.5708103633347
ILOCOS SUR,2014,2,Q2,8058,27.1967032967033,29.4098901098901,24.6098901098901,620.4,620.4,659.0,975.615322222222,1974.19,405.94,14.6142857142857,28.5736263736264,598.52,27.4268131868132,3.65568402058411,-0.230109890109894,0.133333333333333,Neutral,-0.471173269363489,-12.6972629043034,13.1684361736668
ILOCOS SUR,2014,3,Q3,8059,26.3989130434783,28.1652173913043,24.5858695652174,1711.6,1711.6,1184.0,813.264497222222,1651.15,342.35,17.6576086956522,32.8239130434783,1760.21,26.4398913043478,-2.76160230881542,-0.0409782608695685,0.1,Neutral,-0.414651530233055,-15.5747604756159,15.9894120058489
ILOCOS SUR,2014,4,Q4,8060,25.9141304347826,28.5902173913043,23.4336956521739,192.7,192.7,316.0,925.055063888889,1565.71,360.06,17.0902173913043,30.4141304347826,366.21,26.1032608695652,-47.379918625925,-0.189130434782612,0.6,El Niño,-0.361662399798274,-25.5417193243639,25.9033817241621
ILOCOS SUR,2015,1,Q1,8061,24.5377777777778,27.6466666666667,21.6055555555556,57.7,57.7,165.0,941.096944444444,1749.72,384.3,18.5566666666667,33.2766666666667,58.44,25.3197643467643,-1.26625598904859,-0.781986568986568,0.5,El Niño,-0.310551288687161,-11.9380232258012,12.2485745144884
ILOCOS SUR,2015,2,Q2,8062,27.0659340659341,29.5483516483516,24.2164835164835,272.5,272.5,509.0,1047.27430833333,2129.92,430.73,13.8593406593407,26.7417582417582,598.52,27.4268131868132,-54.4710285370581,-0.360879120879122,0.933333333333333,El Niño,-0.343243596379468,-26.4697013652118,26.8129449615912
ILOCOS SUR,2015,3,Q3,8063,26.3032608695652,28.1163043478261,24.2967391304348,2019.7,2019.7,1195.0,791.862547222222,1601.26,332.1,16.6760869565217,31.6663043478261,1760.21,26.4398913043478,14.741991012436,-0.136630434782614,1.86666666666667,El Niño,-0.367156639857729,-22.0938030348989,22.4609596747566
ILOCOS SUR,2015,4,Q4,8064,25.775,28.5141304347826,23.0989130434783,605.1,605.1,433.0,876.913736111111,1565.75,334.82,16.2,29.504347826087,366.21,26.1032608695652,65.2330629966413,-0.32826086956522,2.53333333333333,El Niño,-0.401939248553381,6.05944237074266,6.46138161929604
ILOCOS SUR,2016,1,Q1,8065,25.3505494505495,28.0703296703297,22.8164835164835,29.2,29.2,132.0,938.298641666667,1723.63,377.4,17.6054945054945,31.3846153846154,58.44,25.3197643467643,-50.0342231348391,0.030785103785103,2.06666666666667,El Niño,-0.198746330360463,-6.13254941570497,6.33129574606544
ILOCOS SUR,2016,2,Q2,8066,27.4450549450549,29.8186813186813,24.8725274725275,542.6,542.6,693.0,996.154594444444,2032.33,412.9,13.0549450549451,26.0087912087912,598.52,27.4268131868132,-9.34304618057876,0.0182417582417571,0.4,Neutral,-0.103966110580243,5.14944617341486,5.2534122839951
ILOCOS SUR,2016,3,Q3,8067,26.525,28.2923913043478,24.7347826086956,2023.4,2023.4,1393.0,707.879991666667,1542.17,324.21,16.770652173913,31.5032608695652,1760.21,26.4398913043478,14.95219320422,0.0851086956521705,-0.5,La Niña,-0.0485313279715473,5.20199672136084,5.25052804933239
ILOCOS SUR,2016,4,Q4,8068,26.5184782608696,29.0391304347826,24.1086956521739,623.2,623.2,530.0,839.801836111111,1455.6,330.77,16.6880434782609,31.3282608695652,366.21,26.1032608695652,70.1755823161574,0.415217391304345,-0.666666666666667,La Niña,0.137338237245844,6.43762655123987,6.57496478848572
ILOCOS SUR,2017,1,Q1,8069,25.7566666666667,28.4677777777778,23.0577777777778,97.0,97.0,231.0,896.520147222222,1661.82,341.64,14.5122222222222,32.7144444444444,58.44,25.3197643467643,65.9822039698836,0.436902319902316,-0.133333333333333,Neutral,0.238867541275147,35.4417333274206,35.6806008686957
ILOCOS SUR,2017,2,Q2,8070,28.1054945054945,30.5758241758242,25.8175824175824,556.9,556.9,518.0,973.394638888889,2042.27,426.79,13.7285714285714,32.3494505494506,598.52,27.4268131868132,-6.95381942123906,0.678681318681317,0.266666666666667,Neutral,0.403977431385037,36.0390400172555,36.4430174486405
ILOCOS SUR,2017,3,Q3,8071,27.2565217391304,29.4423913043478,25.4326086956522,1136.6,1136.6,945.0,757.48595,1583.51,325.15,14.904347826087,32.9760869565217,1760.21,26.4398913043478,-35.4281591401026,0.816630434782606,-0.133333333333333,Neutral,0.586857866167646,23.4439519311749,24.0308097973425
ILOCOS SUR,2017,4,Q4,8072,26.6326086956522,29.3434782608696,24.1913043478261,313.2,313.2,350.0,831.749566666667,1438.39,303.93,13.7217391304348,30.4913043478261,366.21,26.1032608695652,-14.4753010567707,0.529347826086955,-0.833333333333333,La Niña,0.615390474863299,2.28123108794282,2.89662156280612
ILOCOS SUR,2018,1,Q1,8073,26.0722222222222,29.0466666666667,23.2777777777778,50.9,50.9,155.0,930.963219444444,1752.4,370.4,14.4311111111111,32.3222222222222,58.44,25.3197643467643,-12.90212183436,0.752457875457875,-0.833333333333333,La Niña,0.694279363752188,-17.4398503631181,18.1341297268703
ILOCOS SUR,2018,2,Q2,8074,28.067032967033,30.5153846153846,25.7373626373626,706.9,706.9,561.0,922.475525,1871.05,400.48,14.6208791208791,34.3296703296703,598.52,27.4268131868132,18.1079997326739,0.640219780219777,-0.233333333333333,Neutral,0.684663979136803,-11.1743955746398,11.8590595537766
ILOCOS SUR,2018,3,Q3,8075,26.554347826087,28.5239130434783,25.0271739130435,2223.0,2223.0,1364.0,661.123413888889,1457.95,295.65,18.3771739130435,39.0195652173913,1760.21,26.4398913043478,26.2917492799155,0.114456521739132,0.266666666666667,Neutral,0.509120500875935,4.25558153036467,4.76470203124061
ILOCOS SUR,2018,4,Q4,8076,26.45,29.0641304347826,23.7,143.7,143.7,262.0,904.806208333333,1635.03,335.75,13.0565217391304,29.1478260869565,366.21,26.1032608695652,-60.760219546162,0.346739130434781,0.833333333333333,El Niño,0.463468326962891,-7.31564809198316,7.77911641894605
ILOCOS SUR,2019,1,Q1,8077,25.8544444444444,28.5344444444444,22.7633333333333,35.5,35.5,134.0,953.342597222222,1843.47,377.23,13.9422222222222,31.75,58.44,25.3197643467643,-39.2539356605065,0.534680097680098,0.7,El Niño,0.409023882518447,-13.9036015485198,14.3126254310382
ILOCOS SUR,2019,2,Q2,8078,28.3384615384615,30.8395604395604,26.067032967033,532.1,532.1,756.0,936.821286111111,1937.53,409.56,13.632967032967,32.4725274725275,598.52,27.4268131868132,-11.0973735213527,0.911648351648353,0.566666666666667,El Niño,0.476881025375591,-21.2049448620264,21.681825887402
ILOCOS SUR,2019,3,Q3,8079,26.8771739130435,28.9097826086957,25.2858695652174,1730.7,1730.7,1366.0,669.888913888889,1498.32,307.75,18.9054347826087,39.6195652173913,1760.21,26.4398913043478,-1.67650450798483,0.437282608695647,0.2,Neutral,0.55758754711472,-28.1970083090015,28.7545958561162
ILOCOS SUR,2019,4,Q4,8080,26.170652173913,28.7815217391304,23.5891304347826,251.3,251.3,382.0,863.013308333333,1558.74,314.56,12.3902173913043,27.8869565217391,366.21,26.1032608695652,-31.3781709947844,0.0673913043478222,0.433333333333333,Neutral,0.48775059059298,-20.8514961711571,21.3392467617501
ILOCOS SUR,2020,1,Q1,8081,25.8461538461538,28.6417582417582,22.7505494505495,34.1,34.1,139.0,955.350997222222,1853.47,380.63,14.4549450549451,32.5791208791209,58.44,25.3197643467643,-41.6495550992471,0.526389499389499,0.466666666666667,Neutral,0.48567794102033,-21.4504010308422,21.9360789718626
ILOCOS SUR,2020,2,Q2,8082,28.5285714285714,30.9747252747253,26.1153846153846,379.5,379.5,431.0,987.999977777778,2030.99,430.47,13.4868131868132,32.0186813186813,598.52,27.4268131868132,-36.5935975406001,1.10175824175824,-0.0666666666666666,Neutral,0.533205413547802,-27.8244570356541,28.3576624492019
ILOCOS SUR,2020,3,Q3,8083,27.5760869565217,29.9260869565217,25.4945652173913,634.4,634.4,843.0,834.298861111111,1778.43,363.04,12.6076086956522,29.1663043478261,1760.21,26.4398913043478,-63.9588458195329,1.13619565217391,-0.633333333333333,La Niña,0.707933674417368,-43.3950423635411,44.1029760379585
ILOCOS SUR,2020,4,Q4,8084,26.8,29.3804347826087,24.4304347826087,429.3,429.3,538.0,767.93415,1389.22,290.22,13.2869565217391,29.6489130434783,366.21,26.1032608695652,17.2278201032195,0.696739130434782,-1.23333333333333,La Niña,0.865270630939108,-31.2435445890402,32.1088152199793
ILOCOS SUR,2021,1,Q1,8085,25.9255555555556,28.7555555555556,23.1044444444444,136.3,136.3,298.0,909.944508333333,1694.51,348.21,13.5455555555556,30.9288888888889,58.44,25.3197643467643,133.230663928816,0.605791208791214,-0.9,La Niña,0.885121058289537,12.4765101679756,13.3616312262651
ILOCOS SUR,2021,2,Q2,8086,28.354945054945,31.0406593406593,25.7032967032967,367.2,367.2,494.0,995.78125,2020.74,433.43,15.3868131868132,35.0384615384615,598.52,27.4268131868132,-38.648666711221,0.928131868131864,-0.533333333333333,La Niña,0.841714464882942,11.9627428753204,12.8044573402033
ILOCOS SUR,2021,3,Q3,8087,27.1858695652174,29.2804347826087,25.3445652173913,1350.6,1350.6,1144.0,736.885833333333,1603.96,326.35,15.0978260869565,33.6271739130435,1760.21,26.4398913043478,-23.2705188585453,0.745978260869563,-0.533333333333333,La Niña,0.744160117056856,22.1348246155673,22.8789847326241
ILOCOS SUR,2021,4,Q4,8088,26.7652173913044,29.5673913043478,24.0423913043478,465.5,465.5,302.0,861.499555555556,1578.79,331.86,13.1913043478261,28.2663043478261,366.21,26.1032608695652,27.1128587422517,0.661956521739132,-0.933333333333333,La Niña,0.735464464882943,24.6060842753253,25.3415487402083
ILOCOS SUR,2022,1,Q1,8089,26.1022222222222,28.9711111111111,23.1522222222222,168.4,168.4,287.0,926.549627777778,1767.33,357.3,13.2522222222222,29.46,58.44,25.3197643467643,188.158795345654,0.782457875457872,-0.966666666666667,La Niña,0.779631131549608,38.3381171295348,39.1177482610844
ILOCOS SUR,2022,2,Q2,8090,27.9934065934066,30.7758241758242,25.3791208791209,422.9,422.9,531.0,938.800475,2004.71,421.23,13.2758241758242,29.8098901098901,598.52,27.4268131868132,-29.3423778654013,0.566593406593409,-1.0,La Niña,0.689246516164994,40.6646893409897,41.3539358571547
ILOCOS SUR,2022,3,Q3,8091,27.1641304347826,29.654347826087,25.1152173913043,1085.3,1085.3,896.0,779.854513888889,1747.55,356.48,14.3010869565217,30.2076086956522,1760.21,26.4398913043478,-38.3425841234853,0.724239130434778,-0.9,La Niña,0.683811733556298,36.8966730247547,37.580484758311
ILOCOS SUR,2022,4,Q4,8092,26.9510869565217,29.8010869565217,24.1967391304348,340.2,340.2,332.0,857.304494444444,1556.05,336.47,14.7413043478261,30.2445652173913,366.21,26.1032608695652,-7.10248218235438,0.84782608695652,-0.9,La Niña,0.730279124860645,28.3428377936032,29.0731169184638
ILOCOS SUR,2023,1,Q1,8093,26.5133333333333,29.6955555555556,23.3166666666667,50.4,50.4,146.0,922.803458333333,1817.92,401.0,16.4666666666667,34.8344444444444,58.44,25.3197643467643,-13.7577002053388,1.19356898656898,-0.4,Neutral,0.833056902638422,-22.1362860941449,22.9693429967834
ILOCOS SUR,2023,2,Q2,8094,28.2340659340659,31.1450549450549,25.578021978022,588.4,588.4,671.0,954.233955555556,2024.45,431.02,15.2769230769231,33.4846153846154,598.52,27.4268131868132,-1.69083739891733,0.807252747252743,0.5,El Niño,0.893221737803255,-15.2234009775239,16.1166227153272
ILOCOS SUR,2023,3,Q3,8095,27.2423913043478,29.5967391304348,25.2869565217391,1631.7,1631.7,1075.0,753.457897222222,1700.39,350.95,17.6891304347826,35.4228260869565,1760.21,26.4398913043478,-7.30083342328471,0.802499999999998,1.33333333333333,El Niño,0.91278695519456,-7.46296330247381,8.37575025766837
ILOCOS SUR,2023,4,Q4,8096,27.2902173913043,30.229347826087,24.429347826087,161.7,161.7,334.0,886.260675,1624.37,342.66,13.2304347826087,28.6010869565217,366.21,26.1032608695652,-55.8450069632178,1.18695652173913,1.9,El Niño,0.997569563890212,-19.6485944976897,20.6461640615799
ILOCOS SUR,2024,1,Q1,8097,26.3912087912088,29.510989010989,23.1340659340659,28.8,28.8,84.0,968.571247222222,1903.32,400.04,15.943956043956,34.5538461538462,58.44,25.3197643467643,-50.7186858316222,1.07144444444444,1.46666666666667,El Niño,0.967038428359078,-28.8888409042605,29.8558793326196
ILOCOS SUR,2024,2,Q2,8098,29.2417582417582,32.0714285714286,26.4648351648352,275.6,275.6,404.0,988.278138888889,2113.93,461.89,14.0637362637363,31.9483516483517,598.52,27.4268131868132,-53.9530842745439,1.81494505494505,0.433333333333333,Neutral,1.21896150528215,-41.9544026231671,43.1733641284493
ILOCOS SUR,2024,3,Q3,8099,27.4,29.7076086956522,25.4184782608696,1415.5,1415.5,1033.0,735.645494444444,1634.75,338.2,15.204347826087,31.9076086956522,1760.21,26.4398913043478,-19.5834587918487,0.96010869565217,-0.1,Neutral,1.2583636791952,-45.0250589653081,46.2834226445033
ILOCOS SUR,2024,4,Q4,8100,26.7766666666667,29.6791208791209,24.1252747252747,525.1,525.1,429.0,796.097541666667,1473.33,308.77,15.5010989010989,32.2648351648352,366.21,26.1032608695652,43.3876737391115,0.673405797101449,-0.4,Neutral,1.12997599803578,-20.2168887897258,21.3468647877616
ILOCOS SUR,2025,1,Q1,8101,26.4359550561798,29.8044444444444,23.2044444444444,88.6,88.6,154.0,901.228477777778,1748.85,373.2,14.8677777777778,33.1533333333333,58.44,25.3197643467643,51.6084873374401,1.11619070941543,-0.4,Neutral,1.14116256427853,5.36490450253976,6.50606706681828
ILOCOS SUR,2025,2,Q2,8102,28.710989010989,32.0428571428571,25.6802197802198,531.3,12.7,567.0,902.173038888889,1967.05,419.49,15.1802197802198,28.0043956043956,598.52,27.4268131868132,-11.2310365568402,1.28417582417582,-0.1,Neutral,1.00847025658622,16.0454164319657,17.0538866885519
ILOCOS SUR,2025,3,Q3,8103,29.2119565217391,29.9695652173913,28.5413043478261,1985.4,269.1,1095.0,594.288213888889,1525.76,343.59,21.2467391304348,30.6923913043478,1760.21,26.4398913043478,12.7933598831958,2.7720652173913,-0.3,Neutral,1.461459387021,24.1396211007268,25.6010804877478
ILOCOS SUR,2025,4,Q4,8104,29.5213114754098,30.627868852459,28.6,238.8,22.4,236.0,524.941286111111,1054.71,240.46,19.2491803278689,28.3295081967213,366.21,26.1032608695652,-34.7915130662734,3.41805060584462,-0.6,La Niña,2.14762058920679,4.59482439938056,6.74244498858735
ILOILO,2010,1,Q1,8041,25.9488888888889,29.2733333333333,23.5655555555556,408.1,408.1,1136.0,1879.605125,3571.94,769.88,21.4138888888889,42.2777777777778,813.79,25.5531532356532,-49.8519274014181,0.395735653235658,1.16666666666667,El Niño,0.395735653235658,-49.8519274014181,50.2476630546537
ILOILO,2010,2,Q2,8042,28.2324175824176,32.2181318681319,25.1472527472527,592.0,592.0,1034.0,2009.46904444444,3980.42,890.9,14.1505494505495,31.8934065934066,1000.64,27.457032967033,-40.837863767189,0.775384615384617,-0.166666666666667,Neutral,0.585560134310137,-45.3448955843035,45.9304557186137
ILOILO,2010,3,Q3,8043,26.691847826087,30.0309782608696,24.2891304347826,1568.0,1568.0,1957.0,1660.06385555556,3245.27,667.72,10.341847826087,25.1548913043478,1737.04,26.4003804347826,-9.73149725970618,0.291467391304352,-1.3,La Niña,0.487529219974875,-33.4737628094377,33.9612920294126
ILOILO,2010,4,Q4,8044,25.8902173913044,28.7532608695652,24.0304347826087,1639.9,1639.9,2165.0,1531.16548055556,2685.57,540.31,14.6842391304348,30.8255434782609,1435.47,26.0675543478261,14.2413286240743,-0.177336956521735,-1.6,La Niña,0.321312675850723,-21.5449899510597,21.8663026269104
ILOILO,2011,1,Q1,8045,24.9838888888889,27.4055555555556,23.4505555555556,1700.9,1700.9,2281.0,1362.94709722222,2596.95,528.75,21.4044444444444,41.7,813.79,25.5531532356532,109.009695375957,-0.569264346764342,-1.16666666666667,La Niña,0.0800626758507228,18.170415743284,18.2504784191348
ILOILO,2011,2,Q2,8046,26.2554945054945,29.2054945054945,24.082967032967,1189.5,1189.5,1796.0,1599.34671388889,3200.24,651.78,14.7868131868132,31.5505494505495,1000.64,27.457032967033,18.8739206907579,-1.20153846153846,-0.566666666666667,La Niña,-0.414168093380046,33.0983618577708,33.5125299511508
ILOILO,2011,3,Q3,8047,26.1179347826087,29.0277173913043,24.0929347826087,1964.7,1964.7,2288.0,1541.83262222222,3004.6,610.1,14.8701086956522,34.4255434782609,1737.04,26.4003804347826,13.1062036567955,-0.282445652173912,-0.633333333333333,La Niña,-0.557646354249612,38.8077870868962,39.3654334411458
ILOILO,2011,4,Q4,8048,25.9391304347826,28.8728260869565,24.0608695652174,1852.9,1852.9,2122.0,1622.83964722222,2855.13,572.35,16.1032608695652,33.9114130434783,1435.47,26.0675543478261,29.0796742530321,-0.128423913043477,-1.03333333333333,La Niña,-0.545418093380047,42.5173734941356,43.0627915875157
ILOILO,2012,1,Q1,8049,25.4901098901099,28.282967032967,23.6879120879121,1370.5,1370.5,2083.0,1693.05544166667,3076.71,609.84,19.5225274725275,39.0956043956044,813.79,25.5531532356532,68.409540544858,-0.0630433455433454,-0.733333333333333,La Niña,-0.418862843074798,32.3673347863609,32.7861976294357
ILOILO,2012,2,Q2,8050,26.693956043956,29.9467032967033,24.2851648351648,1039.6,1039.6,1685.0,1778.36231111111,3496.38,711.59,13.2043956043956,30.2274725274725,1000.64,27.457032967033,3.89350815478093,-0.763076923076916,-0.266666666666667,Neutral,-0.309247458459413,28.6222316523666,28.931479110826
ILOILO,2012,3,Q3,8051,26.0967391304348,28.9994565217391,24.1211956521739,1680.6,1680.6,2223.0,1519.46314166667,2984.57,606.98,15.2777173913043,35.658152173913,1737.04,26.4003804347826,-3.24920554506518,-0.303641304347824,0.333333333333333,Neutral,-0.314546371502891,24.5333793519015,24.8479257234044
ILOILO,2012,4,Q4,8052,25.9858695652174,28.820652173913,24.0108695652174,1260.9,1260.9,1779.0,1718.68231944444,3027.32,611.59,18.4130434782609,38.2097826086956,1435.47,26.0675543478261,-12.1611736922402,-0.081684782608697,0.0666666666666666,Neutral,-0.302861588894196,14.2231673655834,14.5260289544776
ILOILO,2013,1,Q1,8053,25.555,28.3061111111111,23.6883333333333,1002.5,1002.5,1670.0,1658.15553611111,3138.14,640.15,21.4783333333333,41.9838888888889,813.79,25.5531532356532,23.1890291107042,0.0018467643467658,-0.366666666666667,Neutral,-0.286639061421668,2.91803950704496,3.20467856846662
ILOILO,2013,2,Q2,8054,27.2758241758242,30.6741758241758,24.6214285714286,1103.8,1103.8,1590.0,1737.57967222222,3512.76,738.71,12.2,27.8818681318681,1000.64,27.457032967033,10.309401982731,-0.181208791208792,-0.366666666666667,Neutral,-0.141172028454637,4.52201296403248,4.66318499248712
ILOILO,2013,3,Q3,8055,26.0891304347826,28.9929347826087,24.0657608695652,1938.9,1938.9,2328.0,1438.84442222222,2854.96,584.38,13.791847826087,31.5005434782609,1737.04,26.4003804347826,11.6209183438493,-0.311250000000001,-0.333333333333333,Neutral,-0.143074202367681,8.23954393626111,8.38261813862879
ILOILO,2013,4,Q4,8056,25.9184782608696,28.8402173913043,23.9766304347826,1265.4,1265.4,1910.0,1737.88480277778,2936.28,588.12,17.0027173913043,36.1510869565217,1435.47,26.0675543478261,-11.8476875169805,-0.149076086956519,-0.233333333333333,Neutral,-0.159922028454637,8.31791548007602,8.47783750853066
ILOILO,2014,1,Q1,8057,24.7144444444444,27.4383333333333,22.7411111111111,917.0,917.0,1457.0,1623.19994722222,3088.69,637.5,21.9622222222222,42.8227777777778,813.79,25.5531532356532,12.6826331117364,-0.838708791208784,-0.4,Neutral,-0.370060917343524,5.69131648033408,6.0613773976776
ILOILO,2014,2,Q2,8058,27.0527472527473,30.2159340659341,24.6472527472527,1417.1,1417.1,1612.0,1784.86373055556,3465.09,714.32,13.0615384615385,28.7252747252747,1000.64,27.457032967033,41.6193636072913,-0.404285714285709,0.133333333333333,Neutral,-0.425830148112754,13.5188068864741,13.9446370345869
ILOILO,2014,3,Q3,8059,26.1298913043478,29.0201086956522,24.1027173913043,1945.5,1945.5,2297.0,1405.25359722222,2849.84,584.26,14.0657608695652,33.1364130434783,1737.04,26.4003804347826,12.0008750518123,-0.270489130434786,0.1,Neutral,-0.41563993072145,13.6137960634649,14.0294359941863
ILOILO,2014,4,Q4,8060,25.7842391304348,28.4788043478261,23.9902173913043,1661.0,1661.0,2128.0,1535.71794722222,2694.43,547.33,17.6521739130435,36.195652173913,1435.47,26.0675543478261,15.7112304680697,-0.283315217391301,0.6,El Niño,-0.449199713330145,20.5035255597274,20.9527252730576
ILOILO,2015,1,Q1,8061,25.2727777777778,28.335,22.9711111111111,393.1,393.1,1149.0,1878.65181666667,3445.8,720.57,21.44,41.8144444444444,813.79,25.5531532356532,-51.695154769658,-0.280375457875454,0.5,El Niño,-0.309616379996813,4.40907858937882,4.71869496937563
ILOILO,2015,2,Q2,8062,27.6412087912088,31.4659340659341,24.6928571428571,771.3,771.3,1305.0,1909.60347222222,3724.41,811.53,12.7120879120879,29.1736263736264,1000.64,27.457032967033,-22.9193316277582,0.184175824175824,0.933333333333333,El Niño,-0.162500995381429,-11.7255952193836,11.888096214765
ILOILO,2015,3,Q3,8063,26.3559782608696,29.241847826087,24.3179347826087,1588.1,1588.1,2117.0,1684.79955555556,3106.04,633.52,14.5478260869565,32.8271739130435,1737.04,26.4003804347826,-8.57435637636441,-0.044402173913042,1.86666666666667,El Niño,-0.105979256250993,-16.8694030764277,16.9753823326787
ILOILO,2015,4,Q4,8064,26.258152173913,29.1277173913043,24.2891304347826,709.5,709.5,1738.0,1771.9154,3080.88,626.68,17.8913043478261,37.0021739130435,1435.47,26.0675543478261,-50.5736797007252,0.190597826086957,2.53333333333333,El Niño,0.0124990046185714,-33.4406306186265,33.453129623245
ILOILO,2016,1,Q1,8065,26.021978021978,29.2989010989011,23.6241758241758,585.4,585.4,1217.0,1910.66967777778,3641.96,758.35,19.9225274725275,39.6961538461538,813.79,25.5531532356532,-28.0649799088217,0.468824786324792,2.06666666666667,El Niño,0.199799065668633,-27.5330869034174,27.732885969086
ILOILO,2016,2,Q2,8066,28.1379120879121,31.9208791208791,25.2197802197802,890.3,890.3,1298.0,1900.714375,3708.36,828.4,12.8565934065934,29.6263736263736,1000.64,27.457032967033,-11.0269427566358,0.680879120879123,0.4,Neutral,0.323974889844457,-24.5599896856368,24.8839645754812
ILOILO,2016,3,Q3,8067,26.6548913043478,29.5342391304348,24.5766304347826,1702.3,1702.3,2164.0,1553.61337222222,2999.63,617.97,13.8538043478261,32.6467391304348,1737.04,26.4003804347826,-1.99995394464147,0.254510869565216,-0.5,La Niña,0.398703150714022,-22.916389077706,23.31509222842
ILOILO,2016,4,Q4,8068,26.0804347826087,28.8375,24.2777173913043,1901.4,1901.4,2242.0,1530.38464166667,2696.06,545.07,15.6994565217391,34.4173913043478,1435.47,26.0675543478261,32.4583585863863,0.012880434782609,-0.666666666666667,La Niña,0.354273802887935,-2.15837950592814,2.51265330881608
ILOILO,2017,1,Q1,8069,25.6727777777778,28.5894444444444,23.4972222222222,737.9,737.9,1192.0,1560.44233611111,2936.12,655.36,23.2411111111111,44.9527777777778,813.79,25.5531532356532,-9.32550166504872,0.119624542124541,-0.133333333333333,Neutral,0.266973741837872,2.5264900550151,2.79346379685297
ILOILO,2017,2,Q2,8070,27.4148351648352,30.971978021978,24.7587912087912,1296.2,1296.2,1486.0,1847.09552222222,3588.5,764.82,14.3840659340659,30.8252747252747,1000.64,27.457032967033,29.5370962583946,-0.0421978021978013,0.266666666666667,Neutral,0.0862045110686411,12.6674998087727,12.7537043198413
ILOILO,2017,3,Q3,8071,26.5885869565217,29.4494565217391,24.5619565217391,1984.2,1984.2,1991.0,1455.62993888889,2975.23,615.96,15.6173913043478,33.3510869565217,1737.04,26.4003804347826,14.2288030212315,0.188206521739133,-0.133333333333333,Neutral,0.0696284241121203,16.7246890502409,16.7943174743531
ILOILO,2017,4,Q4,8072,26.1885869565217,29.1548913043478,24.1722826086956,1730.2,1730.2,1862.0,1498.52899166667,2657.36,557.9,18.1673913043478,38.0347826086957,1435.47,26.0675543478261,20.5319512076184,0.121032608695653,-0.833333333333333,La Niña,0.0966664675903814,13.743087205549,13.8397536731393
ILOILO,2018,1,Q1,8073,25.8816666666667,29.0011111111111,23.6344444444444,849.1,849.1,1200.0,1626.53933055556,3094.18,662.16,20.9911111111111,41.1927777777778,813.79,25.5531532356532,4.33895722483688,0.32851343101343,-0.833333333333333,La Niña,0.148888689812604,17.1592019280204,17.308090617833
ILOILO,2018,2,Q2,8074,27.467032967033,31.128021978022,24.7071428571429,868.6,868.6,1378.0,1893.38730277778,3613.24,792.89,16.9230769230769,35.4159340659341,1000.64,27.457032967033,-13.1955548448993,0.0100000000000015,-0.233333333333333,Neutral,0.161938140362055,6.47603915219689,6.63797729255894
ILOILO,2018,3,Q3,8075,26.4619565217391,29.0809782608696,24.591847826087,1597.2,1597.2,2243.0,1604.32485555556,3199.92,654.35,21.4271739130435,44.3282608695652,1737.04,26.4003804347826,-8.05047667296091,0.0615760869565207,0.266666666666667,Neutral,0.130280531666401,0.906219228648782,1.03649976031518
ILOILO,2018,4,Q4,8076,26.2940217391304,29.3690217391304,24.1407608695652,1088.4,1088.4,1932.0,1720.62020277778,3054.76,634.73,18.9679347826087,38.6994565217391,1435.47,26.0675543478261,-24.1781437438609,0.226467391304354,0.833333333333333,El Niño,0.156639227318577,-10.271304509221,10.4279437365396
ILOILO,2019,1,Q1,8077,25.99,29.7677777777778,23.0161111111111,173.4,173.4,545.0,1867.92404166667,3685.71,854.05,23.6166666666667,45.5944444444444,813.79,25.5531532356532,-78.692291623146,0.436846764346765,0.7,El Niño,0.18372256065191,-31.0291167212168,31.2128392818687
ILOILO,2019,2,Q2,8078,28.3989010989011,32.6521978021978,25.2631868131868,838.0,838.0,1366.0,1931.71418888889,3824.47,885.49,17.2626373626374,36.3857142857143,1000.64,27.457032967033,-16.2535976974736,0.941868131868134,0.566666666666667,El Niño,0.416689593618943,-31.7936274343604,32.2103170279793
ILOILO,2019,3,Q3,8079,26.816847826087,29.4744565217391,24.870652173913,1400.9,1400.9,2147.0,1575.02439166667,3187.46,668.2,21.0923913043478,43.0233695652174,1737.04,26.4003804347826,-19.3513102749505,0.416467391304352,0.2,Neutral,0.505412419705901,-34.6188358348578,35.1242482545637
ILOILO,2019,4,Q4,8080,26.3364130434783,29.5065217391304,24.1054347826087,1245.1,1245.1,1993.0,1704.25494444444,2978.24,618.67,18.2733695652174,37.9217391304348,1435.47,26.0675543478261,-13.2618584853741,0.268858695652174,0.433333333333333,Neutral,0.516010245792856,-31.8897645202361,32.4057747660289
ILOILO,2020,1,Q1,8081,26.3796703296703,29.9346153846154,23.6241758241758,363.6,363.6,1129.0,1862.12148611111,3532.52,803.29,22.3340659340659,43.6818681318681,813.79,25.5531532356532,-55.3201685938633,0.826517094017099,0.466666666666667,Neutral,0.61342782821044,-26.0467337629154,26.6601615911258
ILOILO,2020,2,Q2,8082,28.3664835164835,32.7175824175824,25.189010989011,954.7,954.7,1662.0,1879.20885833333,3716.99,864.49,15.8774725274725,33.5967032967033,1000.64,27.457032967033,-4.59106172049887,0.909450549450554,-0.0666666666666666,Neutral,0.605323432606045,-23.1310997686717,23.7364232012777
ILOILO,2020,3,Q3,8083,26.875,30.1201086956522,24.5630434782609,2003.1,2003.1,2176.0,1601.63775555556,3196.29,658.63,14.3146739130435,30.2315217391304,1737.04,26.4003804347826,15.3168608667618,0.474619565217392,-0.633333333333333,La Niña,0.619861476084305,-14.4640569832436,15.0839184593279
ILOILO,2020,4,Q4,8084,26.3673913043478,29.2853260869565,24.4315217391304,1844.7,1844.7,2394.0,1478.48873888889,2690.45,555.62,17.5358695652174,36.2195652173913,1435.47,26.0675543478261,28.5084327781145,0.299836956521741,-1.23333333333333,La Niña,0.627606041301696,-4.02148416737146,4.64909020867315
ILOILO,2021,1,Q1,8085,25.7455555555556,28.7161111111111,23.6983333333333,1191.3,1191.3,1978.0,1500.46746111111,2958.04,619.11,20.4138888888889,40.4672222222222,813.79,25.5531532356532,46.3891175856179,0.192402319902321,-0.9,La Niña,0.469077347773002,21.4058373774988,21.8749147252718
ILOILO,2021,2,Q2,8086,27.3005494505495,30.7840659340659,24.6362637362637,1117.0,1117.0,1626.0,1769.51263055556,3530.92,759.27,16.843956043956,35.1318681318681,1000.64,27.457032967033,11.6285577230572,-0.156483516483515,-0.533333333333333,La Niña,0.202593831289485,25.4607422383879,25.6633360696774
ILOILO,2021,3,Q3,8087,26.8913043478261,29.9521739130435,24.7027173913044,1768.1,1768.1,2325.0,1664.38784722222,3265.13,682.7,17.1461956521739,35.8630434782609,1737.04,26.4003804347826,1.788099295353,0.490923913043481,-0.533333333333333,La Niña,0.206669918246007,22.0785518455357,22.2852217637817
ILOILO,2021,4,Q4,8088,26.1771739130435,29.3853260869565,23.9532608695652,1577.6,1577.6,1922.0,1460.84373055556,2859.29,606.6,20.2858695652174,39.529347826087,1435.47,26.0675543478261,9.90128668659045,0.109619565217393,-0.933333333333333,La Niña,0.15911557041992,17.4267653226546,17.5858808930746
ILOILO,2022,1,Q1,8089,26.0927777777778,29.6238888888889,23.5666666666667,736.1,736.1,1274.0,1643.74506666667,3342.65,724.3,21.1655555555556,40.3061111111111,813.79,25.5531532356532,-9.54668894923751,0.539624542124542,-0.966666666666667,La Niña,0.245921125975475,3.44281368894079,3.68873481491627
ILOILO,2022,2,Q2,8090,26.8510989010989,30.610989010989,24.1175824175824,1894.0,1894.0,1698.0,1685.9824,3593.1,755.94,15.4664835164835,31.0406593406593,1000.64,27.457032967033,89.2788615286217,-0.605934065934065,-1.0,La Niña,0.133558488612838,22.8553896403319,22.9889481289447
ILOILO,2022,3,Q3,8091,26.6853260869565,30.0559782608696,24.3244565217391,1601.7,1601.7,1797.0,1536.98201111111,3371.34,697.08,16.3021739130435,32.6353260869565,1737.04,26.4003804347826,-7.79141528116797,0.284945652173917,-0.9,La Niña,0.082063923395447,20.4605109962017,20.5425749195971
ILOILO,2022,4,Q4,8092,26.2152173913043,29.6021739130435,23.9652173913043,1547.6,1547.6,1853.0,1486.77253611111,2946.17,619.19,19.3722826086956,37.4478260869565,1435.47,26.0675543478261,7.81137885152597,0.147663043478264,-0.9,La Niña,0.0915747929606647,19.9380340374355,20.0296088303962
ILOILO,2023,1,Q1,8093,25.6038888888889,28.8677777777778,23.2566666666667,1168.1,1168.1,1729.0,1479.18310833333,3125.95,670.03,22.9316666666667,42.8833333333333,813.79,25.5531532356532,43.5382592560734,0.0507356532356553,-0.4,Neutral,-0.0306474292615571,33.2092710887633,33.2399185180248
ILOILO,2023,2,Q2,8094,27.5307692307692,31.6802197802198,24.5763736263736,1261.9,1261.9,1467.0,1790.12775277778,3750.25,822.7,16.7313186813187,33.8840659340659,1000.64,27.457032967033,26.1092900543652,0.0737362637362721,0.5,El Niño,0.139270153156027,17.4168782201992,17.5561483733552
ILOILO,2023,3,Q3,8095,26.979347826087,30.1885869565217,24.6679347826087,1490.6,1490.6,1838.0,1650.25784166667,3465.27,731.4,19.6608695652174,38.5559782608696,1737.04,26.4003804347826,-14.1873531985447,0.578967391304349,1.33333333333333,El Niño,0.212775587938635,15.817893740855,16.0306693287936
ILOILO,2023,4,Q4,8096,26.666847826087,30.3516304347826,24.0804347826087,1018.2,1018.2,1688.0,1706.32808888889,3247.07,689.34,18.7010869565217,36.804347826087,1435.47,26.0675543478261,-29.0685280779118,0.599293478260872,1.9,El Niño,0.325683196634287,6.59791700849555,6.92360020512984
ILOILO,2024,1,Q1,8097,27.3335164835165,31.7076923076923,23.9769230769231,189.8,189.8,716.0,1878.67989166667,3737.15,952.22,24.4917582417582,46.1516483516484,813.79,25.5531532356532,-76.677029700537,1.78036324786325,1.46666666666667,El Niño,0.758090095291186,-23.4559052306571,24.2139953259482
ILOILO,2024,2,Q2,8098,29.4791208791209,34.5082417582418,25.6203296703297,951.2,951.2,1162.0,1921.26094444444,4074.97,1020.31,17.8615384615385,35.8846153846154,1000.64,27.457032967033,-4.94083786376718,2.02208791208792,0.433333333333333,Neutral,1.2451780073791,-31.2184372101902,32.4636152175693
ILOILO,2024,3,Q3,8099,26.9635869565217,30.279347826087,24.6728260869565,2085.5,2085.5,2003.0,1555.06547777778,3357.94,709.11,17.9711956521739,35.7657608695652,1737.04,26.4003804347826,20.0605627964814,0.563206521739133,-0.1,Neutral,1.24123778998779,-22.6564582114336,23.8976960014214
ILOILO,2024,4,Q4,8100,26.4666666666667,30.1483516483516,24.0450549450549,1357.9,1357.9,1790.0,1505.24708055556,2954.9,622.39,17.4686813186813,35.4252747252747,1435.47,26.0675543478261,-5.4038050255317,0.399112318840579,-0.4,Neutral,1.19119250013272,-16.7402774483386,17.9314699484714
ILOILO,2025,1,Q1,8101,26.2101123595506,30.0161111111111,23.7022222222222,1133.8,1133.8,1598.0,1591.70876111111,3172.23,687.22,19.9444444444444,40.5238888888889,813.79,25.5531532356532,39.3234126740314,0.656959123897327,-0.4,Neutral,0.910341469141239,12.2598331453035,13.1701746144447
ILOILO,2025,2,Q2,8102,28.3950549450549,32.8203296703297,25.1576923076923,710.2,8.9,972.0,1748.34226388889,3608.08,834.25,14.4131868131868,28.9813186813187,1000.64,27.457032967033,-29.0254237288136,0.938021978021979,-0.1,Neutral,0.639324985624754,6.23868667904187,6.87801166466662
ILOILO,2025,3,Q3,8103,26.9652173913043,30.4896739130435,24.2923913043478,1141.7,109.8,1366.0,1448.54086388889,3137.55,671.72,14.5005434782609,30.0940217391304,1737.04,26.4003804347826,-34.2732464422236,0.564836956521741,-0.3,Neutral,0.639732594320407,-7.34476563063436,7.98449822495477
ILOILO,2025,4,Q4,8104,27.0090163934426,30.5311475409836,24.4983606557377,1100.7,336.6,951.0,989.4817,1947.66,417.61,14.9081967213115,30.0401639344262,1435.47,26.0675543478261,-23.3212815314845,0.941462045616536,-0.6,La Niña,0.775320026014396,-11.8241347571226,12.5994547831369
ISABELA,2010,1,Q1,8041,23.9711111111111,28.1566666666667,20.7677777777778,153.4,153.4,520.0,1625.47050555556,2785.66,578.62,9.51555555555555,21.9444444444444,493.18,23.3991465201465,-68.8957378644714,0.571964590964598,1.16666666666667,El Niño,0.571964590964598,-68.8957378644714,69.467702455436
ISABELA,2010,2,Q2,8042,28.4428571428571,33.3659340659341,24.7741758241758,606.8,606.8,702.0,1971.72668611111,3967.08,874.87,9.50989010989011,23.6417582417582,705.71,27.8999450549451,-14.0156721599524,0.542912087912089,-0.166666666666667,Neutral,0.557438339438344,-41.4557050122119,42.0131433516502
ISABELA,2010,3,Q3,8043,26.9309782608696,30.9494565217391,24.245652173913,1257.6,1257.6,1416.0,1610.86905277778,3363.9,707.64,8.87391304347826,23.4260869565217,1453.96,27.1389673913043,-13.5051858372995,-0.207989130434775,-1.3,La Niña,0.302295849480637,-32.1388652872411,32.4411611367217
ISABELA,2010,4,Q4,8044,24.7652173913044,27.9021739130435,22.7092391304348,1420.8,1420.8,1396.0,1339.93831666667,2133.72,452.91,10.5391304347826,27.2173913043478,1371.44,24.8439130434783,3.59913667386104,-0.0786956521739092,-1.6,La Niña,0.207047974067001,-23.2043647969656,23.4114127710326
ISABELA,2011,1,Q1,8045,22.3533333333333,25.3238888888889,20.215,455.4,455.4,1242.0,1157.26985555556,1926.1,394.95,10.2988888888889,24.3111111111111,493.18,23.3991465201465,-7.66048907092746,-1.04581318681319,-1.16666666666667,La Niña,-0.197396470377446,-7.89555259857958,8.09294906895703
ISABELA,2011,2,Q2,8046,26.5098901098901,30.6917582417582,23.4153846153846,893.0,893.0,1012.0,1768.51521666667,3536.88,748.26,10.1714285714286,25.0967032967033,705.71,27.8999450549451,26.5392299953239,-1.39005494505495,-0.566666666666667,La Niña,-0.680638228619205,2.24317294023948,2.92381116885868
ISABELA,2011,3,Q3,8047,26.6717391304348,30.4510869565217,24.0788043478261,1775.8,1775.8,1652.0,1506.12853333333,3141.54,667.51,10.3597826086957,25.9934782608696,1453.96,27.1389673913043,22.1354095023247,-0.467228260869561,-0.633333333333333,La Niña,-0.745448011227901,11.1533217751455,11.8987697863734
ISABELA,2011,4,Q4,8048,24.666847826087,27.6728260869565,22.7059782608696,1748.4,1748.4,1868.0,1270.15706388889,2009.58,422.03,10.6130434782609,30.1097826086956,1371.44,24.8439130434783,27.4864376130199,-0.177065217391302,-1.03333333333333,La Niña,-0.770040402532249,17.1251470099352,17.8951874124675
ISABELA,2012,1,Q1,8049,23.6313186813187,27.0005494505495,21.193956043956,944.0,944.0,1174.0,1448.14481944444,2338.34,473.86,9.39120879120879,23.9186813186813,493.18,23.3991465201465,91.4108439109453,0.232172161172162,-0.733333333333333,La Niña,-0.450544065535912,41.8929802554034,42.3435243209393
ISABELA,2012,2,Q2,8050,27.4615384615385,31.9483516483517,24.2423076923077,591.0,591.0,842.0,1935.95229444444,3880.62,829.83,10.0582417582418,24.6934065934066,705.71,27.8999450549451,-16.2545521531507,-0.438406593406597,-0.266666666666667,Neutral,-0.212631977623825,31.1945347182848,31.4071666959086
ISABELA,2012,3,Q3,8051,26.7744565217391,30.5652173913043,24.2179347826087,1407.6,1407.6,1420.0,1596.8872,3223.52,684.84,9.64565217391304,25.0815217391304,1453.96,27.1389673913043,-3.18853338468735,-0.364510869565216,0.333333333333333,Neutral,-0.186952629797738,24.8635489965318,25.0505016263295
ISABELA,2012,4,Q4,8052,24.708152173913,28.1369565217391,22.3271739130435,702.2,702.2,1108.0,1542.88445,2406.74,495.27,8.94021739130435,23.695652173913,1371.44,24.8439130434783,-48.7983433471388,-0.13576086956521,0.0666666666666666,Neutral,-0.176626542841215,5.79235375649211,5.96898029933332
ISABELA,2013,1,Q1,8053,23.8544444444444,27.39,21.3416666666667,390.0,390.0,858.0,1503.80639166667,2473.58,504.83,8.85888888888889,22.5433333333333,493.18,23.3991465201465,-20.9213674520459,0.455297924297927,-0.366666666666667,Neutral,-0.120845102059774,-22.2906990842557,22.4115441863155
ISABELA,2013,2,Q2,8054,27.5747252747253,31.8868131868132,24.4615384615385,757.0,757.0,946.0,1832.68598333333,3743.98,797.6,9.2956043956044,23.8857142857143,705.71,27.8999450549451,7.26785790197106,-0.325219780219776,-0.366666666666667,Neutral,-0.0925483987630686,-16.4100965704752,16.5026449692383
ISABELA,2013,3,Q3,8055,26.6967391304348,30.4483695652174,24.1413043478261,1352.4,1352.4,1536.0,1538.85690277778,3109.82,662.62,10.0771739130435,25.4826086956522,1453.96,27.1389673913043,-6.98506148724861,-0.442228260869559,-0.333333333333333,Neutral,-0.111977746589154,-17.3592285961156,17.4712063427047
ISABELA,2013,4,Q4,8056,24.1065217391304,27.0163043478261,22.0625,1206.4,1206.4,1584.0,1246.23351388889,2023.84,425.56,11.3010869565217,28.6184782608696,1371.44,24.8439130434783,-12.0340663827801,-0.73739130434782,-0.233333333333333,Neutral,-0.262385355284807,-8.1681593550259,8.43054471031071
ISABELA,2014,1,Q1,8057,22.5027777777778,26.1533333333333,19.7027777777778,205.6,205.6,686.0,1520.65292222222,2435.38,495.13,10.0633333333333,22.9622222222222,493.18,23.3991465201465,-58.3113670465145,-0.896368742368743,-0.4,Neutral,-0.600302021951475,-17.515659253643,18.1159612755945
ISABELA,2014,2,Q2,8058,28.1467032967033,32.8978021978022,24.6835164835165,560.0,560.0,744.0,1983.42652777778,3971.04,868.18,9.97912087912088,24.8714285714286,705.71,27.8999450549451,-20.647291380312,0.24675824175824,0.133333333333333,Neutral,-0.457307516456971,-24.4944465742138,24.9517540906708
ISABELA,2014,3,Q3,8059,27.1788043478261,31.1315217391304,24.4896739130435,1913.2,1913.2,1438.0,1626.64078888889,3314.92,711.0,10.429347826087,25.6836956521739,1453.96,27.1389673913043,31.5854631489174,0.0398369565217393,0.1,Neutral,-0.336791212109146,-14.8518154151723,15.1886066272814
ISABELA,2014,4,Q4,8060,24.2483695652174,27.2847826086957,22.1385869565217,1118.6,1118.6,1424.0,1351.41266111111,2072.02,435.1,10.7717391304348,27.2847826086957,1371.44,24.8439130434783,-18.4360963658636,-0.595543478260868,0.6,El Niño,-0.301329255587408,-16.4523229109432,16.7536521665306
ISABELA,2015,1,Q1,8061,22.4327777777778,26.1244444444444,19.6872222222222,671.2,671.2,880.0,1438.11480277778,2454.72,494.86,9.39555555555556,22.6833333333333,493.18,23.3991465201465,36.0963542722738,-0.96636874236874,0.5,El Niño,-0.318829255587407,7.1496074187539,7.46843667434131
ISABELA,2015,2,Q2,8062,27.410989010989,31.9582417582418,23.982967032967,617.4,617.4,632.0,2038.73665277778,4053.42,859.89,9.45054945054945,23.7758241758242,705.71,27.8999450549451,-12.513638746794,-0.488956043956044,0.933333333333333,El Niño,-0.502757827015978,9.18302057713341,9.68577840414938
ISABELA,2015,3,Q3,8063,27.254347826087,31.3233695652174,24.3614130434783,1239.4,1239.4,1222.0,1756.43882777778,3508.72,753.69,10.320652173913,24.2684782608696,1453.96,27.1389673913043,-14.7569396682165,0.115380434782615,1.86666666666667,El Niño,-0.483871957450759,-2.40258012715007,2.88645208460083
ISABELA,2015,4,Q4,8064,25.3440217391304,28.6788043478261,22.9945652173913,1122.4,1122.4,1278.0,1575.03207777778,2400.38,505.84,10.2554347826087,28.8967391304348,1371.44,24.8439130434783,-18.1590153415388,0.50010869565218,2.53333333333333,El Niño,-0.209958913972497,-2.33330987106887,2.54326878504136
ISABELA,2016,1,Q1,8065,23.6868131868132,27.0653846153846,21.2505494505494,339.4,339.4,972.0,1362.78066388889,2312.08,476.19,9.6978021978022,23.7021978021978,493.18,23.3991465201465,-31.1813131108317,0.287666666666663,2.06666666666667,El Niño,0.103549938286354,-19.1527267168453,19.2562766551316
ISABELA,2016,2,Q2,8066,28.4642857142857,33.2813186813187,24.8747252747253,508.2,508.2,608.0,2042.56683333333,4067.66,892.93,10.343956043956,25.9494505494505,705.71,27.8999450549451,-27.9874169276332,0.564340659340658,0.4,Neutral,0.366874114110529,-23.021171262055,23.3880453761656
ISABELA,2016,3,Q3,8067,27.4994565217391,31.4652173913043,24.8304347826087,1257.6,1257.6,1378.0,1598.354975,3334.38,710.31,8.90978260869565,22.6641304347826,1453.96,27.1389673913043,-13.5051858372995,0.360489130434782,-0.5,La Niña,0.428151288023571,-22.7082328043258,23.1363840923494
ISABELA,2016,4,Q4,8068,25.2076086956522,28.308152173913,23.1940217391304,1851.2,1851.2,1858.0,1344.28708888889,2084.6,440.41,11.0391304347826,31.995652173913,1371.44,24.8439130434783,34.982208481596,0.363695652173913,-0.666666666666667,La Niña,0.394048027154004,-9.42292684854211,9.81697487569612
ISABELA,2017,1,Q1,8069,23.4483333333333,26.8505555555556,20.6477777777778,1010.9,1010.9,1229.0,1401.99571944444,2420.84,508.22,14.1666666666667,29.1594444444444,493.18,23.3991465201465,104.975870878787,0.0491868131868109,-0.133333333333333,Neutral,0.334428063784041,24.6163691488625,24.9507972126465
ISABELA,2017,2,Q2,8070,27.7725274725275,32.1868131868132,24.4950549450549,1173.7,1173.7,1066.0,1942.511975,3882.09,843.42,12.1005494505495,25.9252747252747,705.71,27.8999450549451,66.3147751909425,-0.127417582417582,0.266666666666667,Neutral,0.161488503344481,48.1919171785064,48.3534056818509
ISABELA,2017,3,Q3,8071,27.5336956521739,31.3771739130435,24.8375,1247.5,1247.5,1384.0,1768.96717777778,3487.3,747.51,12.2853260869565,27.7380434782609,1453.96,27.1389673913043,-14.1998404357754,0.394728260869567,-0.133333333333333,Neutral,0.170048285953177,48.0182535288874,48.1883018148406
ISABELA,2017,4,Q4,8072,24.9880434782609,27.9657608695652,22.929347826087,1653.0,1653.0,1978.0,1270.15716111111,2072.42,445.95,13.4277173913043,33.5021739130435,1371.44,24.8439130434783,20.5302455812868,0.14413043478261,-0.833333333333333,La Niña,0.115156981605351,44.4052628038101,44.5204197854155
ISABELA,2018,1,Q1,8073,23.755,27.0983333333333,21.06,523.7,523.7,1026.0,1359.48191666667,2415.55,512.56,14.08,27.6888888888889,493.18,23.3991465201465,6.18840991118862,0.355853479853479,-0.833333333333333,La Niña,0.191823648272019,19.7083975619106,19.9002212101826
ISABELA,2018,2,Q2,8074,28.4983516483516,33.371978021978,24.8324175824176,510.3,510.3,806.0,1973.70030555556,3841.35,897.02,15.1296703296703,30.4681318681319,705.71,27.8999450549451,-27.6898442703093,0.59840659340659,-0.233333333333333,Neutral,0.373279692228062,-3.79275730340233,4.16603699563039
ISABELA,2018,3,Q3,8075,27.225,31.0722826086957,24.6635869565217,1640.2,1640.2,1818.0,1578.91470277778,3278.2,705.46,12.5222826086957,27.4288043478261,1453.96,27.1389673913043,12.8091556851633,0.0860326086956568,0.266666666666667,Neutral,0.296105779184584,2.95949172683235,3.25559750601693
ISABELA,2018,4,Q4,8076,25.4222826086956,29.2744565217391,22.4864130434783,1024.9,1024.9,1598.0,1698.325925,2800.16,599.25,14.5173913043478,30.3489130434783,1371.44,24.8439130434783,-25.2683310972409,0.57836956521739,0.833333333333333,El Niño,0.404665561793279,-8.49015244279957,8.89481800459285
ISABELA,2019,1,Q1,8077,24.3555555555556,29.0233333333333,20.3677777777778,238.2,238.2,739.0,1805.71646111111,3246.76,695.6,15.2122222222222,28.7994444444444,493.18,23.3991465201465,-51.7012044284034,0.956409035409035,0.7,El Niño,0.554804450682168,-22.9625560276976,23.5173604783798
ISABELA,2019,2,Q2,8078,28.7175824175824,33.7730769230769,25.0043956043956,839.7,839.7,1270.0,1913.31616944444,3935.06,893.92,12.9373626373626,26.856043956044,705.71,27.8999450549451,18.9865525499143,0.817637362637363,0.566666666666667,El Niño,0.609612142989861,-11.2934568226417,11.9030689656315
ISABELA,2019,3,Q3,8079,27.6244565217391,31.4065217391304,24.8869565217391,1448.3,1448.3,1610.0,1639.37268611111,3459.69,754.21,12.3032608695652,26.5304347826087,1453.96,27.1389673913043,-0.389281685878572,0.485489130434782,0.2,Neutral,0.709476273424642,-14.5930661654021,15.3025424388268
ISABELA,2019,4,Q4,8080,24.9820652173913,28.4619565217391,22.5141304347826,1866.5,1866.5,2158.0,1561.3813,2503.8,516.0,12.8945652173913,30.329347826087,1371.44,24.8439130434783,36.0978241847985,0.138152173913045,0.433333333333333,Neutral,0.599421925598556,0.748472655107683,1.34789458070624
ISABELA,2020,1,Q1,8081,24.2175824175824,28.3626373626374,20.7516483516484,365.2,365.2,1148.0,1818.37096944444,3098.9,645.95,14.267032967033,28.5032967032967,493.18,23.3991465201465,-25.9499574191979,0.818435897435901,0.466666666666667,Neutral,0.564928641105273,7.18628440740907,7.75121304851435
ISABELA,2020,2,Q2,8082,28.6598901098901,33.5192307692308,24.8263736263736,695.3,695.3,1073.0,2004.67639722222,4028.56,910.51,13.8664835164835,29.0373626373626,705.71,27.8999450549451,-1.47511017273385,0.759945054945053,-0.0666666666666666,Neutral,0.550505564182195,2.07086872674704,2.62137429092924
ISABELA,2020,3,Q3,8083,27.8684782608696,32.1407608695652,24.7907608695652,1236.7,1236.7,1442.0,1858.80405,3741.96,803.36,11.7353260869565,26.3951086956522,1453.96,27.1389673913043,-14.9426394123635,0.729510869565225,-0.633333333333333,La Niña,0.611510998964806,-1.56747070487418,2.17898170383899
ISABELA,2020,4,Q4,8084,25.3684782608696,28.5777173913044,23.1869565217391,3026.6,3026.6,2872.0,1342.40838055556,2234.1,467.44,13.4369565217391,34.8086956521739,1371.44,24.8439130434783,120.687744268798,0.524565217391309,-1.23333333333333,La Niña,0.708114259834372,19.5800093161256,20.28812357596
ISABELA,2021,1,Q1,8085,23.8294444444444,27.3072222222222,21.1288888888889,1108.6,1108.6,1795.0,1508.33521388889,2572.8,524.29,12.7427777777778,28.1516666666667,493.18,23.3991465201465,124.786082160672,0.430297924297925,-0.9,La Niña,0.611079766549878,57.264019211093,57.8750989776429
ISABELA,2021,2,Q2,8086,28.6406593406593,33.728021978022,24.5637362637363,543.8,543.8,835.0,2065.70914166667,4136.24,964.97,16.1120879120879,31.2054945054945,705.71,27.8999450549451,-22.9428518796673,0.740714285714287,-0.533333333333333,La Niña,0.606272074242186,51.8970837843596,52.5033558586018
ISABELA,2021,3,Q3,8087,28.0760869565217,32.2891304347826,25.108152173913,1211.5,1211.5,1468.0,1786.74619166667,3594.08,809.23,12.8472826086957,28.0380434782609,1453.96,27.1389673913043,-16.6758370244023,0.937119565217394,-0.533333333333333,La Niña,0.658174248155229,51.4637843813499,52.1219586295051
ISABELA,2021,4,Q4,8088,25.0059782608696,28.5885869565217,22.4869565217391,1627.6,1627.6,1904.0,1430.76239722222,2513.09,522.43,12.9733695652174,27.0869565217391,1371.44,24.8439130434783,18.6781776818526,0.162065217391309,-0.933333333333333,La Niña,0.567549248155228,25.9613927346136,26.5289419827689
ISABELA,2022,1,Q1,8089,24.4766666666667,28.6355555555556,21.3327777777778,865.8,865.8,1211.0,1646.08716944444,3070.67,631.71,14.0405555555556,26.4983333333333,493.18,23.3991465201465,75.5545642564581,1.07752014652015,-0.966666666666667,La Niña,0.729354803710784,13.6535132585603,14.3828680622711
ISABELA,2022,2,Q2,8090,27.2274725274725,31.9467032967033,23.8615384615385,1356.5,1356.5,1450.0,1826.52285555556,3922.65,839.91,13.232967032967,27.3335164835165,705.71,27.8999450549451,92.2177665046549,-0.672472527472532,-1.0,La Niña,0.376058100414079,42.4436678546408,42.8197259550549
ISABELA,2022,3,Q3,8091,27.033152173913,31.4271739130435,24.1407608695652,1701.0,1701.0,1541.0,1629.73086944444,3616.61,764.4,12.9597826086957,26.6755434782609,1453.96,27.1389673913043,16.9908388126221,-0.105815217391299,-0.9,La Niña,0.115324404761906,50.8603368138969,50.9756612186588
ISABELA,2022,4,Q4,8092,25.1076086956522,28.7228260869565,22.6717391304348,1954.4,1954.4,1852.0,1315.96365277778,2465.65,518.11,13.9467391304348,28.5880434782609,1371.44,24.8439130434783,42.5071457737852,0.263695652173911,-0.9,La Niña,0.140732013457557,56.8175788368801,56.9583108503376
ISABELA,2023,1,Q1,8093,23.8566666666667,27.8322222222222,20.6222222222222,629.4,629.4,1072.0,1500.68136666667,2903.94,604.84,15.5138888888889,28.8766666666667,493.18,23.3991465201465,27.620746988929,0.457520146520146,-0.4,Neutral,-0.0142679865424436,44.8341245199978,44.8483925065402
ISABELA,2023,2,Q2,8094,27.9175824175824,33.1241758241758,24.2824175824176,1021.8,1021.8,1178.0,1951.39551944444,4058.63,904.05,15.3582417582418,30.3478021978022,705.71,27.8999450549451,44.7903529778521,0.0176373626373589,0.5,El Niño,0.158259485985029,32.9772711382971,33.1355306242821
ISABELA,2023,3,Q3,8095,27.5945652173913,32.0451086956522,24.55,1798.7,1798.7,1522.0,1693.81752777778,3705.34,801.96,13.6005434782609,27.3320652173913,1453.96,27.1389673913043,23.7104184434235,0.455597826086958,1.33333333333333,El Niño,0.298612746854594,34.6571660459974,34.955778792852
ISABELA,2023,4,Q4,8096,25.6559782608696,29.5516304347826,22.9538043478261,981.1,981.1,1682.0,1555.00264166667,2737.44,569.1,12.2744565217391,26.0288043478261,1371.44,24.8439130434783,-28.4620544828793,0.812065217391304,1.9,El Niño,0.435705138158942,16.9148659818313,17.3505711199902
ISABELA,2024,1,Q1,8097,24.7714285714286,29.1945054945055,21.1703296703297,365.6,365.6,973.0,1774.58632222222,3193.6,685.71,15.5274725274725,28.4928571428571,493.18,23.3991465201465,-25.8688511294051,1.37228205128205,1.46666666666667,El Niño,0.664395614349417,3.54246645224779,4.20686206659721
ISABELA,2024,2,Q2,8098,28.9516483516484,34.5527472527473,24.8175824175824,1016.3,1016.3,925.0,1973.89627222222,4234.14,969.46,14.9576923076923,29.6785714285714,705.71,27.8999450549451,44.0109960181944,1.05170329670329,0.433333333333333,Neutral,0.922912097865901,3.34762721233338,4.27053931019928
ISABELA,2024,3,Q3,8099,27.5961956521739,31.9097826086957,24.6711956521739,1821.8,1821.8,1592.0,1599.71585,3523.6,762.24,12.6461956521739,26.5326086956522,1453.96,27.1389673913043,25.2991829211257,0.457228260869567,-0.1,Neutral,0.923319706561553,3.74481833175894,4.6681380383205
ISABELA,2024,4,Q4,8100,25.5077777777778,28.939010989011,23.132967032967,2150.9,2150.9,1958.0,1285.16090555556,2413.22,513.89,14.7758241758242,30.7395604395604,1371.44,24.8439130434783,56.8351513737386,0.663864734299512,-0.4,Neutral,0.886269585788606,25.0691197959134,25.955389381702
ISABELA,2025,1,Q1,8101,23.9106741573034,27.3977777777778,21.2827777777778,1111.5,1111.5,1625.0,1285.56557222222,2583.65,523.82,13.3488888888889,26.7738888888889,493.18,23.3991465201465,125.374102761669,0.511527637156849,-0.4,Neutral,0.671080982257306,62.879858268682,63.5509392509393
ISABELA,2025,2,Q2,8102,29.1686813186813,35.0148351648352,24.8994505494505,885.1,9.2,902.0,1912.71535277778,4128.84,939.83,13.05,24.578021978022,705.71,27.8999450549451,25.4197899987247,1.26873626373626,-0.1,Neutral,0.725339224015547,58.2320567638145,58.9573959878301
ISABELA,2025,3,Q3,8103,27.5336956521739,31.7695652173913,24.4940217391304,1639.3,160.3,1434.0,1400.25649444444,3362.35,718.73,10.2309782608696,21.791847826087,1453.96,27.1389673913043,12.7472557704476,0.394728260869567,-0.3,Neutral,0.709714224015547,55.094074976145,55.8037892001606
ISABELA,2025,4,Q4,8104,26.4860655737705,30.072131147541,24.0762295081967,1024.9,335.6,1173.0,946.565088888889,1766.92,377.1,13.2745901639344,28.7049180327869,1371.44,24.8439130434783,-25.2683310972409,1.64215253029223,-0.6,La Niña,0.954286173013727,34.5682043584002,35.5224905314139
LA UNION,2010,1,Q1,8041,25.45,27.5577777777778,23.7722222222222,193.8,193.8,504.0,911.632088888889,1724.43,346.33,16.7933333333333,35.8355555555556,511.41,25.1515347985348,-62.1047691675955,0.298465201465199,1.16666666666667,El Niño,0.298465201465199,-62.1047691675955,62.4032343690607
LA UNION,2010,2,Q2,8042,27.4461538461538,30.1010989010989,25.3582417582418,325.9,325.9,573.0,1011.16432222222,2033.02,423.59,11.7230769230769,28.9967032967033,514.79,26.9364835164835,-36.6926319470075,0.509670329670332,-0.166666666666667,Neutral,0.404067765567765,-49.3987005573015,49.8027683228693
LA UNION,2010,3,Q3,8043,26.4978260869565,28.7717391304348,24.7010869565217,778.5,778.5,900.0,871.261486111111,1791.57,363.38,9.74673913043478,24.0836956521739,632.43,26.3791304347826,23.0966272947203,0.118695652173916,-1.3,La Niña,0.308943727769815,-25.2335912732942,25.542535001064
LA UNION,2010,4,Q4,8044,25.8521739130435,27.8489130434783,24.3880434782609,854.9,854.9,1094.0,815.490327777778,1482.88,296.23,11.6478260869565,28.1434782608696,725.71,25.8569565217391,17.8018767827369,-0.004782608695649,-1.6,La Niña,0.230512143653449,-14.4747242592864,14.7052364029399
LA UNION,2011,1,Q1,8045,24.8855555555556,26.6877777777778,23.6444444444444,944.4,944.4,1077.0,668.401427777778,1356.37,272.83,17.2444444444444,38.0377777777778,511.41,25.1515347985348,84.6659236229249,-0.265979242979249,-1.16666666666667,La Niña,0.0894010325423373,22.2179489383436,22.307349970886
LA UNION,2011,2,Q2,8046,26.0076923076923,28.0725274725275,24.4406593406593,685.8,685.8,876.0,842.636036111111,1707.36,342.5,12.8098901098901,29.6549450549451,514.79,26.9364835164835,33.2193710056528,-0.92879120879121,-0.566666666666667,La Niña,-0.270214352073048,39.6959496765087,39.9661640285818
LA UNION,2011,3,Q3,8047,26.0869565217391,28.2010869565217,24.5576086956522,623.8,623.8,669.0,833.016772222222,1718.02,351.23,14.45,35.3967391304348,632.43,26.3791304347826,-1.3645778979492,-0.292173913043481,-0.633333333333333,La Niña,-0.372931743377397,33.5806483783413,33.9535801217187
LA UNION,2011,4,Q4,8048,25.8010869565217,27.8141304347826,24.3304347826087,833.4,833.4,1001.0,840.5571,1520.52,302.25,12.9402173913043,31.7163043478261,725.71,25.8569565217391,14.8392608617767,-0.0558695652173923,-1.03333333333333,La Niña,-0.385703482507833,32.8399943981013,33.2256978806091
LA UNION,2012,1,Q1,8049,25.2604395604396,27.2549450549451,23.7714285714286,663.1,663.1,932.0,856.540911111111,1609.52,312.84,15.2956043956044,35.5252747252747,511.41,25.1515347985348,29.6611329461684,0.108904761904761,-0.733333333333333,La Niña,-0.291982481286831,19.0887967289122,19.380779210199
LA UNION,2012,2,Q2,8050,26.4681318681319,28.7164835164835,24.7318681318681,470.8,470.8,674.0,933.555380555556,1925.85,386.18,12.0835164835165,28.7582417582418,514.79,26.9364835164835,-8.54523203636433,-0.46835164835165,-0.266666666666667,Neutral,-0.176872591176941,8.64764596840791,8.82451855958485
LA UNION,2012,3,Q3,8051,26.1086956521739,28.1826086956522,24.6369565217391,519.3,519.3,679.0,825.041691666667,1708.36,352.47,15.4804347826087,36.320652173913,632.43,26.3791304347826,-17.8881457236374,-0.270434782608692,0.333333333333333,Neutral,-0.171437808568244,4.51675401198586,4.6881918205541
LA UNION,2012,4,Q4,8052,25.8413043478261,27.7554347826087,24.395652173913,474.1,474.1,780.0,862.0242,1584.36,316.35,15.3771739130435,36.1641304347826,725.71,25.8569565217391,-34.6708740405947,-0.0156521739130397,0.0666666666666666,Neutral,-0.161383460742155,-7.86077971360701,8.02216317434917
LA UNION,2013,1,Q1,8053,25.3355555555556,27.1677777777778,23.9411111111111,590.2,590.2,726.0,809.593438888889,1573.89,314.96,17.3844444444444,37.4744444444445,511.41,25.1515347985348,15.4064253729884,0.184020757020754,-0.366666666666667,Neutral,-0.142604461963157,-11.424456606902,11.5670610688652
LA UNION,2013,2,Q2,8054,26.8835164835165,29.1340659340659,25.0593406593407,602.5,602.5,817.0,908.278086111111,1864.48,380.69,10.5417582417582,25.956043956044,514.79,26.9364835164835,17.0380155014666,-0.0529670329670288,-0.366666666666667,Neutral,-0.0387583081170017,-5.02864472244428,5.06740303056128
LA UNION,2013,3,Q3,8055,26.0826086956522,28.1565217391304,24.570652173913,814.5,814.5,905.0,787.289777777778,1622.37,335.42,13.2597826086957,32.0891304347826,632.43,26.3791304347826,28.7889568806034,-0.296521739130437,-0.333333333333333,Neutral,-0.0452800472474379,6.64063092861592,6.68591097586336
LA UNION,2013,4,Q4,8056,25.7423913043478,27.6913043478261,24.3358695652174,622.3,622.3,847.0,859.978338888889,1542.14,307.33,14.8217391304348,34.3489130434783,725.71,25.8569565217391,-14.2494935993717,-0.114565217391302,-0.233333333333333,Neutral,-0.0700083081170035,11.7459760389217,11.8159843470387
LA UNION,2014,1,Q1,8057,24.6111111111111,26.3844444444444,23.3255555555556,655.1,655.1,775.0,779.918122222222,1522.31,310.13,19.7577777777778,41.0377777777778,511.41,25.1515347985348,28.0968303318277,-0.54042368742369,-0.4,Neutral,-0.251119419228115,14.9185772786315,15.1696966978596
LA UNION,2014,2,Q2,8058,26.6351648351648,28.7450549450549,24.9571428571429,772.1,772.1,802.0,900.865866666667,1835.16,368.61,11.4395604395604,27.1989010989011,514.79,26.9364835164835,49.9834884127508,-0.301318681318673,0.133333333333333,Neutral,-0.313207331316026,23.1549455064526,23.4681528377686
LA UNION,2014,3,Q3,8059,26.0815217391304,28.1195652173913,24.5684782608696,733.6,733.6,824.0,746.808913888889,1595.1,329.87,13.7630434782609,32.7315217391304,632.43,26.3791304347826,15.997027338994,-0.297608695652173,0.1,Neutral,-0.313479070446459,19.9569631210502,20.2704421914967
LA UNION,2014,4,Q4,8060,25.6913043478261,27.5619565217391,24.3,969.5,969.5,975.0,802.40225,1461.5,295.88,15.2184782608696,34.0673913043478,725.71,25.8569565217391,33.5933086219013,-0.165652173913042,0.6,El Niño,-0.326250809576894,31.9176636763685,32.2439144859454
LA UNION,2015,1,Q1,8061,25.0933333333333,27.2544444444444,23.4688888888889,135.2,135.2,460.0,911.253341666667,1731.34,354.15,17.3322222222222,35.8033333333333,511.41,25.1515347985348,-73.5632858176414,-0.058201465201467,0.5,El Niño,-0.205695254021339,6.50263463900119,6.70832989302253
LA UNION,2015,2,Q2,8062,27.0384615384615,29.5362637362637,25.0186813186813,427.6,427.6,720.0,946.552244444444,1919.05,400.23,11.0230769230769,26.8263736263736,514.79,26.9364835164835,-16.9370034382952,0.101978021978027,0.933333333333333,El Niño,-0.104871078197164,-10.2274883237603,10.3323594019575
LA UNION,2015,3,Q3,8063,26.2565217391304,28.3315217391304,24.7467391304348,616.7,616.7,750.0,891.625188888889,1761.73,360.44,13.9304347826087,33.0152173913043,632.43,26.3791304347826,-2.48723178849833,-0.122608695652175,1.86666666666667,El Niño,-0.0611210781971642,-14.8485531056334,14.9096741838306
LA UNION,2015,4,Q4,8064,26.079347826087,27.9576086956522,24.6913043478261,489.3,489.3,719.0,896.501511111111,1612.72,322.4,14.5119565217391,33.9717391304348,725.71,25.8569565217391,-32.5763734825206,0.22239130434783,2.53333333333333,El Niño,0.0358897913680538,-31.3909736317389,31.4268634231069
LA UNION,2016,1,Q1,8065,25.8582417582418,28.1428571428571,24.1021978021978,133.9,133.9,434.0,969.785986111111,1865.7,374.74,15.4175824175824,33.7395604395604,511.41,25.1515347985348,-73.8174849924718,0.70670695970696,2.06666666666667,El Niño,0.227116897595161,-31.4545234254465,31.6816403230416
LA UNION,2016,2,Q2,8066,27.5340659340659,30.1472527472527,25.5032967032967,585.2,585.2,687.0,968.794375,1949.68,415.43,11.5076923076923,28.432967032967,514.79,26.9364835164835,13.6774218613415,0.597582417582416,0.4,Neutral,0.351017996496258,-23.8009171005373,24.1519350970335
LA UNION,2016,3,Q3,8067,26.6532608695652,28.7,25.1510869565217,624.0,624.0,719.0,845.408497222222,1716.91,355.04,13.6967391304348,32.8173913043478,632.43,26.3791304347826,-1.33295384469428,0.274130434782606,-0.5,La Niña,0.450202779104953,-23.5123476145863,23.9625503936912
LA UNION,2016,4,Q4,8068,25.9652173913043,27.829347826087,24.570652173913,878.3,878.3,1024.0,793.988688888889,1430.24,289.53,13.1423913043478,32.1217391304348,725.71,25.8569565217391,21.0263052734563,0.108260869565221,-0.666666666666667,La Niña,0.421670170409301,-10.1116779255921,10.5333480960014
LA UNION,2017,1,Q1,8069,24.94,27.87,22.5411111111111,800.5,800.5,890.0,741.337941666667,1405.26,287.66,16.3977777777778,38.8244444444444,511.41,25.1515347985348,56.5280303474707,-0.2115347985348,-0.133333333333333,Neutral,0.192109730848861,22.4747009093936,22.6668106402424
LA UNION,2017,2,Q2,8070,26.5857142857143,29.6285714285714,24.1571428571429,659.6,659.6,930.0,935.120755555556,1779.07,359.81,11.7516483516484,29.4868131868132,514.79,26.9364835164835,28.1299170535558,-0.350769230769224,0.266666666666667,Neutral,-0.0449781812390491,26.0878247074471,26.1328028886862
LA UNION,2017,3,Q3,8071,26.1728260869565,29.1945652173913,23.9652173913043,867.4,867.4,977.0,810.272941666667,1632.99,332.13,10.9858695652174,28.7184782608696,632.43,26.3791304347826,37.1535189665259,-0.206304347826087,-0.133333333333333,Neutral,-0.165086876891222,35.7094429102522,35.8745297871434
LA UNION,2017,4,Q4,8072,25.6858695652174,28.3967391304348,23.570652173913,855.8,855.8,1021.0,769.196630555556,1340.85,273.33,13.5271739130435,35.1945652173913,725.71,25.8569565217391,17.9258932631492,-0.171086956521737,-0.833333333333333,La Niña,-0.234923833412962,34.9343399076754,35.1692637410884
LA UNION,2018,1,Q1,8073,25.2266666666667,28.2288888888889,22.7966666666667,745.6,745.6,776.0,829.313188888889,1526.83,306.46,14.7311111111111,36.3633333333333,511.41,25.1515347985348,45.7930036565574,0.0751318681318657,-0.833333333333333,La Niña,-0.163257166746296,32.2505832349471,32.4138404016934
LA UNION,2018,2,Q2,8074,26.9230769230769,30.2703296703297,24.2131868131868,358.7,358.7,800.0,939.734408333333,1783.37,373.74,11.7769230769231,31.5186813186813,514.79,26.9364835164835,-30.3211018085044,-0.0134065934065894,-0.233333333333333,Neutral,-0.078916507405637,17.637828519432,17.7167450268376
LA UNION,2018,3,Q3,8075,26.804347826087,30.2054347826087,24.3141304347826,336.3,336.3,689.0,889.033955555556,1767.32,384.09,15.5478260869565,39.6,632.43,26.3791304347826,-46.8241544518761,0.425217391304351,0.266666666666667,Neutral,0.0789639273769724,-3.3565898351685,3.43555376254547
LA UNION,2018,4,Q4,8076,25.8576086956522,28.9804347826087,23.3967391304348,749.6,749.6,1088.0,864.11665,1505.28,308.94,13.2086956521739,34.6271739130435,725.71,25.8569565217391,3.29194857449945,0.0006521739130427,0.833333333333333,El Niño,0.121898709985667,-7.01507600733093,7.1369747173166
LA UNION,2019,1,Q1,8077,24.8544444444444,28.3566666666667,21.5066666666667,252.3,252.3,632.0,905.147983333333,1700.18,349.4,15.1855555555556,34.7711111111111,511.41,25.1515347985348,-50.6658063002288,-0.297090354090354,0.7,El Niño,0.0288431544301124,-31.1297784965275,31.1586216509576
LA UNION,2019,2,Q2,8078,27.8428571428571,31.7571428571429,24.7054945054945,259.7,259.7,728.0,990.366172222222,1908.53,426.37,13.5340659340659,33.6472527472528,514.79,26.9364835164835,-49.552244604596,0.906373626373629,0.566666666666667,El Niño,0.258788209375167,-35.9375641955504,36.1963524049255
LA UNION,2019,3,Q3,8079,27.0467391304348,30.5271739130435,24.4489130434783,410.2,410.2,742.0,828.4365,1723.6,380.44,14.3065217391304,37.195652173913,632.43,26.3791304347826,-35.1390667741885,0.667608695652174,0.2,Neutral,0.319386035462123,-33.0162922761285,33.3356783115906
LA UNION,2019,4,Q4,8080,26.0532608695652,29.3510869565217,23.6086956521739,529.9,529.9,1021.0,882.397144444445,1538.18,317.95,12.6130434782609,32.8847826086957,725.71,25.8569565217391,-26.981852255033,0.196304347826086,0.433333333333333,Neutral,0.368299078940383,-40.5847424835116,40.953041562452
LA UNION,2020,1,Q1,8081,25.9527472527473,29.6725274725275,22.667032967033,287.0,287.0,749.0,949.862630555556,1738.59,374.25,15.8318681318681,37.221978021978,511.41,25.1515347985348,-43.8806437105258,0.80121245421245,0.466666666666667,Neutral,0.642874781016085,-38.8884518360858,39.5313266171019
LA UNION,2020,2,Q2,8082,27.8043956043956,31.7494505494505,24.643956043956,507.3,507.3,875.0,936.297661111111,1838.48,411.5,13.8769230769231,34.1131868131868,514.79,26.9364835164835,-1.45496221760329,0.867912087912089,-0.0666666666666666,Neutral,0.6332593964007,-26.8641312393376,27.4973906357383
LA UNION,2020,3,Q3,8083,26.5826086956522,29.8065217391304,24.1086956521739,738.0,738.0,1096.0,862.388463888889,1699.7,349.88,11.2989130434783,28.8489130434783,632.43,26.3791304347826,16.692756510602,0.203478260869563,-0.633333333333333,La Niña,0.517226787705047,-13.90617541814,14.4234022058451
LA UNION,2020,4,Q4,8084,25.9336956521739,28.8652173913043,23.795652173913,833.0,833.0,1218.0,786.570633333333,1409.67,285.12,12.1391304347826,32.0989130434783,725.71,25.8569565217391,14.7841424260379,0.0767391304347882,-1.23333333333333,La Niña,0.487335483357223,-3.4646767478723,3.95201223122952
LA UNION,2021,1,Q1,8085,25.2633333333333,28.1477777777778,22.94,837.6,837.6,1180.0,769.525594444444,1465.03,293.85,13.8955555555556,34.6044444444444,511.41,25.1515347985348,63.7824837214759,0.111798534798527,-0.9,La Niña,0.314982003503742,23.4511051101281,23.7660871136319
LA UNION,2021,2,Q2,8086,26.4703296703297,29.6021978021978,23.978021978022,677.6,677.6,1054.0,888.433194444444,1746.9,356.51,12.2164835164835,30.7010989010989,514.79,26.9364835164835,31.626488471027,-0.466153846153841,-0.533333333333333,La Niña,-0.0185344800127405,31.7214677822857,31.7400022622985
LA UNION,2021,3,Q3,8087,26.5663043478261,29.6108695652174,24.2271739130435,639.0,639.0,942.0,872.948836111111,1718.74,359.76,12.054347826087,30.8891304347826,632.43,26.3791304347826,1.03885014942364,0.187173913043477,-0.533333333333333,La Niña,-0.022610566969262,27.8079911919911,27.8306017589604
LA UNION,2021,4,Q4,8088,25.5880434782609,28.6597826086957,23.3608695652174,1099.0,1099.0,1202.0,748.581041666667,1409.04,285.38,14.3641304347826,34.3097826086956,725.71,25.8569565217391,51.4379021923358,-0.268913043478261,-0.933333333333333,La Niña,-0.109023610447524,36.9714311335656,37.0804547440131
LA UNION,2022,1,Q1,8089,25.2588888888889,28.5088888888889,22.5933333333333,640.3,640.3,929.0,801.891611111111,1594.6,318.46,14.4344444444444,32.5222222222222,511.41,25.1515347985348,25.2028704952973,0.107354090354089,-0.966666666666667,La Niña,-0.110134721558634,27.3265278270209,27.4366625485796
LA UNION,2022,2,Q2,8090,26.1010989010989,29.3186813186813,23.5010989010989,1053.1,1053.1,1070.0,853.353038888889,1791.85,360.7,12.9197802197802,29.378021978022,514.79,26.9364835164835,104.568853318829,-0.835384615384612,-1.0,La Niña,-0.202442413866327,45.5621190389714,45.7645614528378
LA UNION,2022,3,Q3,8091,26.2032608695652,29.4967391304348,23.6684782608696,733.2,733.2,892.0,852.967683333333,1790.51,361.82,11.3152173913043,26.695652173913,632.43,26.3791304347826,15.9337792324842,-0.175869565217393,-0.9,La Niña,-0.293203283431544,49.2858513097366,49.5790545931681
LA UNION,2022,4,Q4,8092,25.6847826086956,28.7586956521739,23.3695652173913,801.1,801.1,1164.0,760.731838888889,1473.03,297.06,13.4315217391304,31.3086956521739,725.71,25.8569565217391,10.3884471758691,-0.17217391304348,-0.9,La Niña,-0.269018500822849,39.0234875556199,39.2925060564428
LA UNION,2023,1,Q1,8093,24.95,28.0855555555556,22.4711111111111,865.7,865.7,1065.0,730.362455555555,1486.24,297.75,14.7033333333333,33.1866666666667,511.41,25.1515347985348,69.2770966543478,-0.201534798534801,-0.4,Neutral,-0.346240723045072,50.0420440953826,50.3882848184276
LA UNION,2023,2,Q2,8094,26.9065934065934,30.5384615384615,24.0208791208791,514.2,514.2,800.0,924.751883333333,1914.96,398.25,11.8131868131868,27.7956043956044,514.79,26.9364835164835,-0.114609840905985,-0.0298901098901076,0.5,El Niño,-0.144867096671446,23.8711783054488,24.0160454021202
LA UNION,2023,3,Q3,8095,26.8673913043478,30.5434782608696,24.0152173913044,478.8,478.8,729.0,886.683961111111,1866.64,398.55,15.0119565217391,33.6228260869565,632.43,26.3791304347826,-24.2920165077558,0.488260869565217,1.33333333333333,El Niño,0.0211655120242069,13.8147293703888,13.835894882413
LA UNION,2023,4,Q4,8096,26.1445652173913,29.8630434782609,23.2630434782609,560.1,560.1,904.0,886.330047222222,1634.95,334.73,12.575,29.0532608695652,725.71,25.8569565217391,-22.8204103567541,0.287608695652178,1.9,El Niño,0.136111164198121,5.51251498723298,5.6486261514311
LA UNION,2024,1,Q1,8097,27.0725274725275,30.6637362637363,23.3373626373626,26.6,26.6,97.0,970.137963888889,1899.4,435.42,18.8692307692308,35.9703296703297,511.41,25.1515347985348,-94.798693807317,1.92099267399267,1.46666666666667,El Niño,0.66674303232999,-35.5064326281832,36.1731756605132
LA UNION,2024,2,Q2,8098,29.5351648351648,33.3351648351648,26.3846153846154,331.7,331.7,431.0,993.868336111111,2098.14,489.53,17.4692307692308,34.6593406593407,514.79,26.9364835164835,-35.5659589347112,2.59868131868132,0.433333333333333,Neutral,1.32388588947285,-44.3692699016345,45.6931557911074
LA UNION,2024,3,Q3,8099,27.2891304347826,30.0489130434783,25.0880434782609,1469.1,1469.1,1057.0,754.651358333333,1647.0,346.13,16.3619565217391,32.0402173913043,632.43,26.3791304347826,132.29448318391,0.909999999999997,-0.1,Neutral,1.42932067208154,-5.22264497871817,6.65196565079972
LA UNION,2024,4,Q4,8100,26.76,29.5450549450549,24.0527472527473,441.6,441.6,536.0,807.47635,1461.59,304.0,15.2802197802198,30.6989010989011,725.71,25.8569565217391,-39.1492469443717,0.903043478260873,-0.4,Neutral,1.58317936773371,-9.30485412562258,10.8880334933563
LA UNION,2025,1,Q1,8101,26.5606741573034,30.0133333333333,23.0377777777778,111.6,111.6,237.0,909.584366666667,1719.47,371.33,15.2455555555556,33.3411111111111,511.41,25.1515347985348,-78.1779785299466,1.40913935876857,-0.4,Neutral,1.45521603892769,-5.14967530627998,6.60489134520767
LA UNION,2025,2,Q2,8102,27.5835164835165,30.7043956043956,25.1450549450549,318.6,1.3,684.0,937.822297222222,1915.37,400.54,10.6637362637363,22.9714285714286,514.79,26.9364835164835,-38.1106859107597,0.64703296703297,-0.1,Neutral,0.967303951015603,-5.7858570502921,6.75316100130771
LA UNION,2025,3,Q3,8103,28.3576086956522,29.4804347826087,27.5728260869565,514.3,29.8,746.0,833.990502777778,1859.62,410.75,14.095652173913,21.9739130434783,632.43,26.3791304347826,-18.6787470550101,1.97847826086956,-0.3,Neutral,1.23442351623299,-43.529164610022,44.763588126255
LA UNION,2025,4,Q4,8104,28.0213114754098,29.2262295081967,27.1393442622951,860.8,63.5,861.0,527.003841666667,1098.86,234.38,14.0672131147541,23.4213114754098,725.71,25.8569565217391,18.6148737098841,2.16435495367071,-0.6,La Niña,1.54975138508545,-29.0881344464581,30.6378858315435
LAGUNA,2010,1,Q1,8041,26.7338888888889,30.4927777777778,23.9477777777778,53.2,53.2,124.0,1889.04053888889,3343.6,789.72,19.5944444444444,36.94,200.67,26.1110708180708,-73.488812478198,0.622818070818074,1.16666666666667,El Niño,0.622818070818074,-73.488812478198,74.1116305490161
LAGUNA,2010,2,Q2,8042,29.1521978021978,33.0313186813187,26.2703296703297,504.2,504.2,732.0,2026.04398333333,3958.56,915.82,14.6098901098901,29.9120879120879,707.49,28.7412087912088,-28.7339750385164,0.410989010989006,-0.166666666666667,Neutral,0.51690354090354,-51.1113937583572,51.6282972992608
LAGUNA,2010,3,Q3,8043,27.5445652173913,30.525,25.4717391304348,1349.2,1349.2,1730.0,1678.38723333333,3203.64,675.8,12.979347826087,28.2217391304348,1768.07,27.1708695652174,-23.6908040971229,0.373695652173914,-1.3,La Niña,0.469167577993665,-41.9711972046125,42.4403647826061
LAGUNA,2010,4,Q4,8044,26.7375,29.3211956521739,24.929347826087,559.0,559.0,1010.0,1612.75694444444,2615.04,563.79,15.5576086956522,32.954347826087,838.84,26.7935869565217,-33.3603547756425,-0.0560869565217387,-1.6,La Niña,0.337853944364814,-39.81848659737,40.1563405417348
LAGUNA,2011,1,Q1,8045,25.6872222222222,28.6122222222222,23.6394444444444,220.8,220.8,340.0,1755.57006388889,2906.1,686.36,22.23,41.7844444444444,200.67,26.1110708180708,10.0313948273284,-0.423848595848597,-1.16666666666667,La Niña,0.0761872776981463,-18.9384347709884,19.0146220486865
LAGUNA,2011,2,Q2,8046,27.789010989011,31.0620879120879,25.2961538461538,1037.0,1037.0,1140.0,1778.64691944444,3456.62,782.05,15.7131868131868,32.678021978022,707.49,28.7412087912088,46.5745098870655,-0.952197802197805,-0.566666666666667,La Niña,-0.264609425598556,-0.111313539592855,0.375922965191412
LAGUNA,2011,3,Q3,8047,26.8673913043478,29.2565217391304,25.1282608695652,1770.8,1770.8,2640.0,1521.82541944444,2929.36,604.5,17.8163043478261,35.825,1768.07,27.1708695652174,0.154405651359946,-0.303478260869564,-0.633333333333333,La Niña,-0.433902903859426,5.84998889752785,6.28389180138727
LAGUNA,2011,4,Q4,8048,26.6788043478261,29.3092391304348,24.7717391304348,807.2,807.2,1098.0,1622.921,2660.18,572.71,15.6510869565217,33.0858695652174,838.84,26.7935869565217,-3.77187544704591,-0.114782608695656,-1.03333333333333,La Niña,-0.448576816902905,13.247108729677,13.6956855465799
LAGUNA,2012,1,Q1,8049,26.4549450549451,29.4461538461538,24.3258241758242,281.0,281.0,438.0,1699.59071111111,2929.24,671.98,18.8692307692308,37.1252747252747,200.67,26.1110708180708,40.0308964967359,0.343874236874239,-0.733333333333333,La Niña,-0.256646108722197,20.7469841470289,21.0036302557511
LAGUNA,2012,2,Q2,8050,28.2703296703297,31.5021978021978,25.8038461538462,739.6,739.6,1332.0,1874.36654444444,3556.26,790.91,15.2373626373626,32.1153846153846,707.49,28.7412087912088,4.53858005060142,-0.470879120879125,-0.266666666666667,Neutral,-0.136316438392527,10.2380016879128,10.3743181263054
LAGUNA,2012,3,Q3,8051,26.7260869565217,29.1298913043478,25.0532608695652,2206.2,2206.2,2892.0,1426.75643333333,2784.08,580.05,16.8782608695652,34.9934782608696,1768.07,27.1708695652174,24.7801274836403,-0.44478260869565,0.333333333333333,Neutral,-0.171642525349048,16.3944321459829,16.566074671332
LAGUNA,2012,4,Q4,8052,27.0548913043478,30.0005434782609,24.8586956521739,360.0,360.0,536.0,1771.81622777778,2963.6,665.19,17.4815217391304,35.0565217391304,838.84,26.7935869565217,-57.0835916265319,0.261304347826087,0.0666666666666666,Neutral,-0.0776207862186124,3.06650310111145,3.14412388733006
LAGUNA,2013,1,Q1,8053,26.6127777777778,29.8866666666667,24.2494444444444,101.4,101.4,240.0,1811.15354444444,3165.96,742.05,20.2822222222222,38.7988888888889,200.67,26.1110708180708,-49.4692779189715,0.501706959706961,-0.366666666666667,Neutral,-0.0381626055104318,-19.3085405028154,19.3467031083258
LAGUNA,2013,2,Q2,8054,29.0747252747253,32.6351648351648,26.378021978022,801.2,801.2,1002.0,1845.018325,3641.16,837.55,13.1395604395604,28.9,707.49,28.7412087912088,13.2454168963519,0.333516483516487,-0.366666666666667,Neutral,0.162936295588471,-17.1318312913778,17.2947675869662
LAGUNA,2013,3,Q3,8055,27.0782608695652,29.670652173913,25.2820652173913,1954.8,1954.8,2414.0,1402.55333333333,2812.68,593.79,15.0760869565217,31.7858695652174,1768.07,27.1708695652174,10.5612334353278,-0.0926086956521743,-0.333333333333333,Neutral,0.25097977384934,-20.6865548034559,20.9375345773053
LAGUNA,2013,4,Q4,8056,26.675,29.2298913043478,24.7858695652174,493.6,493.6,760.0,1728.91516666667,2740.3,592.22,16.7619565217391,33.8630434782609,838.84,26.7935869565217,-41.1568356301559,-0.118586956521739,-0.233333333333333,Neutral,0.156006947762384,-16.7048658043619,16.8608727521243
LAGUNA,2014,1,Q1,8057,25.7833333333333,29.2594444444444,23.1633333333333,35.6,35.6,120.0,1872.091175,3228.12,762.4,20.1544444444444,38.7622222222222,200.67,26.1110708180708,-82.2594309064634,-0.327737484737486,-0.4,Neutral,-0.0513541633487282,-24.9024040512349,24.9537582145836
LAGUNA,2014,2,Q2,8058,29.2230769230769,33.0296703296703,26.4120879120879,538.8,538.8,922.0,1980.35833888889,3759.5,873.98,14.2659340659341,30.5021978021978,707.49,28.7412087912088,-23.8434465504813,0.481868131868129,0.133333333333333,Neutral,-0.0142662512608176,-34.1746199129432,34.188886164204
LAGUNA,2014,3,Q3,8059,27.1945652173913,29.6467391304348,25.3684782608696,1924.2,1924.2,2386.0,1523.27266111111,2986.2,627.66,17.0010869565217,34.9978260869565,1768.07,27.1708695652174,8.83053272777661,0.0236956521739131,0.1,Neutral,0.0148098356957043,-34.607295089831,34.6221049255267
LAGUNA,2014,4,Q4,8060,26.6217391304348,29.1586956521739,24.7858695652174,768.2,768.2,884.0,1655.32878055556,2658.78,587.77,16.6760869565217,33.4673913043478,838.84,26.7935869565217,-8.42115302083829,-0.17184782608696,0.6,El Niño,0.00149461830439891,-26.4233744375016,26.424869055806
LAGUNA,2015,1,Q1,8061,25.5716666666667,28.87,23.0566666666667,150.6,150.6,178.0,1840.14757222222,3196.08,736.25,19.4377777777778,36.9611111111111,200.67,26.1110708180708,-24.9514127672298,-0.539404151404153,0.5,El Niño,-0.0514220483622676,-12.0963699026932,12.1477919510555
LAGUNA,2015,2,Q2,8062,29.2604395604396,33.167032967033,26.3335164835165,257.4,257.4,608.0,2075.19743333333,3997.5,934.44,14.2769230769231,30.510989010989,707.49,28.7412087912088,-63.6178603231141,0.519230769230766,0.933333333333333,El Niño,-0.0420813890216083,-22.0399733458514,22.082054734873
LAGUNA,2015,3,Q3,8063,27.6782608695652,30.5135869565217,25.6565217391304,1178.4,1178.4,2198.0,1740.30163333333,3255.44,695.32,15.6260869565217,32.5782608695652,1768.07,27.1708695652174,-33.3510551052843,0.507391304347824,1.86666666666667,El Niño,0.0788425240218693,-32.5853703041166,32.6642128281385
LAGUNA,2015,4,Q4,8064,27.3135869565217,30.1875,25.1809782608696,948.2,948.2,676.0,1752.09086944444,2917.96,666.25,19.0554347826087,38.0173913043478,838.84,26.7935869565217,13.0370511658958,0.52,2.53333333333333,El Niño,0.251804480543609,-27.2208192574331,27.4726237379767
LAGUNA,2016,1,Q1,8065,26.7813186813187,30.0472527472527,24.3434065934066,103.8,103.8,296.0,1834.27095833333,3136.52,729.0,18.1813186813187,34.7549450549451,200.67,26.1110708180708,-48.2732844969353,0.670247863247862,2.06666666666667,El Niño,0.554217484206613,-33.0512871898595,33.6055046740661
LAGUNA,2016,2,Q2,8066,29.3686813186813,33.0483516483516,26.6692307692308,509.4,509.4,930.0,1995.76463333333,3829.96,899.31,14.4318681318681,30.1901098901099,707.49,28.7412087912088,-27.9989823177713,0.627472527472523,0.4,Neutral,0.581277923767052,-24.1465676885238,24.7278456122908
LAGUNA,2016,3,Q3,8067,27.5788043478261,30.195652173913,25.7842391304348,1648.6,1648.6,2504.0,1567.35113333333,3047.68,642.38,16.3173913043478,33.854347826087,1768.07,27.1708695652174,-6.75708540951434,0.407934782608699,-0.5,La Niña,0.556413793332271,-17.4980752645813,18.0544890579136
LAGUNA,2016,4,Q4,8068,27.045652173913,29.5342391304348,25.2652173913044,1120.8,1120.8,1150.0,1548.68656666667,2583.06,571.64,17.5641304347826,35.3478260869565,838.84,26.7935869565217,33.6130847360641,0.252065217391301,-0.666666666666667,La Niña,0.489430097680096,-12.3540668720392,12.8434969697193
LAGUNA,2017,1,Q1,8069,25.6572222222222,28.37,23.8533333333333,408.4,408.4,884.0,1760.89723888889,3217.86,724.26,23.8616666666667,45.8761111111111,200.67,26.1110708180708,103.518213983156,-0.453848595848594,-0.133333333333333,Neutral,0.208405982905982,25.5938077479837,25.8022137308897
LAGUNA,2017,2,Q2,8070,28.3494505494506,31.7615384615385,25.8978021978022,881.9,881.9,1273.0,2012.79988611111,3904.26,875.07,16.1593406593407,34.182967032967,707.49,28.7412087912088,24.651938543301,-0.391758241758243,0.266666666666667,Neutral,-0.0464017094017093,38.7565379632518,38.8029396726535
LAGUNA,2017,3,Q3,8071,27.1913043478261,29.9717391304348,25.3173913043478,1795.5,1795.5,2112.0,1569.37060833333,3135.22,654.18,14.520652173913,32.0190217391304,1768.07,27.1708695652174,1.55140916366433,0.0204347826086959,-0.133333333333333,Neutral,-0.14327670940171,40.8336616065464,40.9769383159482
LAGUNA,2017,4,Q4,8072,26.3858695652174,28.5467391304348,24.8929347826087,1419.7,1419.7,2057.0,1599.13271388889,2733.07,569.42,19.8027173913043,40.9614130434783,838.84,26.7935869565217,69.2456249105908,-0.407717391304349,-0.833333333333333,La Niña,-0.308222361575623,49.7417966501781,50.0500190117538
LAGUNA,2018,1,Q1,8073,25.9133333333333,28.6238888888889,24.025,534.2,534.2,727.0,1751.56219166667,3198.77,716.19,22.1377777777778,42.9422222222222,200.67,26.1110708180708,166.208202521553,-0.197737484737488,-0.833333333333333,La Niña,-0.244194583797846,65.4142937847772,65.6584883685751
LAGUNA,2018,2,Q2,8074,28.2994505494506,31.6115384615385,25.867032967033,786.2,786.2,1214.0,1961.08461944444,3839.82,888.53,18.8543956043956,38.6208791208791,707.49,28.7412087912088,11.1252455865101,-0.441758241758244,-0.233333333333333,Neutral,-0.256694583797846,62.0326205455795,62.2893151293774
LAGUNA,2018,3,Q3,8075,26.7788043478261,29.325,24.9652173913043,1867.5,1867.5,2581.0,1436.94238888889,2897.06,603.83,14.9021739130435,34.1494565217391,1768.07,27.1708695652174,5.62364612260826,-0.392065217391302,0.266666666666667,Neutral,-0.359819583797845,63.0506797853155,63.4104993691133
LAGUNA,2018,4,Q4,8076,26.7173913043478,29.3086956521739,24.854347826087,1128.9,1128.9,1636.0,1761.67638055556,3117.8,682.02,20.5516304347826,41.0646739130435,838.84,26.7935869565217,34.5787039244671,-0.0761956521739151,0.833333333333333,El Niño,-0.276939149015237,54.3839495387846,54.6608886877998
LAGUNA,2019,1,Q1,8077,25.915,29.1488888888889,23.5122222222222,117.7,117.7,632.0,1916.60378055556,3615.28,825.84,23.9833333333333,46.4672222222222,200.67,26.1110708180708,-41.3464892609757,-0.196070818070819,0.7,El Niño,-0.27652248234857,2.49527659315243,2.771799075501
LAGUNA,2019,2,Q2,8078,28.6247252747253,32.3016483516483,25.9983516483516,1019.2,1019.2,1431.0,1941.43690277778,3864.99,888.74,16.1956043956044,34.3483516483516,707.49,28.7412087912088,44.0585732660532,-0.11648351648352,0.566666666666667,El Niño,-0.195203801029889,10.7286085130382,10.9238123140681
LAGUNA,2019,3,Q3,8079,27.070652173913,29.6663043478261,25.2375,1985.5,1985.5,2437.0,1419.08483611111,2967.19,627.77,15.7788043478261,34.2755434782609,1768.07,27.1708695652174,12.2975900275441,-0.100217391304348,0.2,Neutral,-0.12224184450815,12.3970944892722,12.5193363337804
LAGUNA,2019,4,Q4,8080,26.7054347826087,29.3815217391304,24.7945652173913,782.8,782.8,1526.0,1765.71988888889,3120.81,668.34,18.8375,38.9630434782609,838.84,26.7935869565217,-6.6806542368032,-0.0881521739130448,0.433333333333333,Neutral,-0.125230974942933,2.08225494895461,2.20748592389755
LAGUNA,2020,1,Q1,8081,26.4164835164835,29.7857142857143,24.0315018315018,320.1,320.1,1131.0,2880.66603888889,5403.86,1266.06,23.3553113553114,46.8102564102564,200.67,26.1110708180708,59.5156226640754,0.305412698412702,0.466666666666667,Neutral,0.000139904177947524,27.2977829302174,27.2979228343953
LAGUNA,2020,2,Q2,8082,28.8179487179487,32.5490842490842,26.0421245421245,1538.4,1538.4,2031.0,3003.74021666667,5991.43,1399.96,17.951282051282,38.2747252747253,707.49,28.7412087912088,117.444769537379,0.0767399267399255,-0.0666666666666666,Neutral,0.0484457649838088,45.6443319980487,45.6927777630325
LAGUNA,2020,3,Q3,8083,27.5057971014493,30.5579710144928,25.2101449275362,2455.1,2455.1,2883.0,2513.658,5098.37,1071.96,13.3221014492754,29.6282608695652,1768.07,27.1708695652174,38.8576244153229,0.334927536231884,-0.633333333333333,La Niña,0.157231996867867,52.2843405949934,52.4415725918613
LAGUNA,2020,4,Q4,8084,26.5445652173913,29.0083333333333,24.7833333333333,3686.3,3686.3,3183.0,2236.01165555556,4020.37,844.9,19.120652173913,40.6177536231884,838.84,26.7935869565217,339.452100519765,-0.249021739130434,-1.23333333333333,La Niña,0.117014605563519,138.817529284136,138.934543889699
LAGUNA,2021,1,Q1,8085,25.89,28.6492592592593,23.9259259259259,771.7,771.7,1879.0,2523.21161111111,4768.39,1038.18,20.3185185185185,41.0225925925926,200.67,26.1110708180708,284.561718243883,-0.221070818070817,-0.9,La Niña,-0.0146062735573605,195.079053179087,195.093659452645
LAGUNA,2021,2,Q2,8086,28.5278388278388,32.4479853479853,25.5901098901099,1085.2,1085.2,1780.0,3018.07686944444,5980.9,1398.67,18.76336996337,39.7809523809524,707.49,28.7412087912088,53.3873270293573,-0.213369963369967,-0.533333333333333,La Niña,-0.0871337460848336,179.064692552082,179.151826298167
LAGUNA,2021,3,Q3,8087,27.3873188405797,30.325,25.3195652173913,2715.2,2715.2,3669.0,2389.07329444444,4839.85,1028.16,16.5170289855072,36.729347826087,1768.07,27.1708695652174,53.5685804295079,0.216449275362319,-0.533333333333333,La Niña,-0.116753311302225,182.742431555628,182.859184866931
LAGUNA,2021,4,Q4,8088,26.8884057971014,29.7699275362319,24.8757246376812,1109.0,1109.0,1882.0,2376.99345555556,4484.51,1028.21,20.7072463768116,40.9322463768116,838.84,26.7935869565217,32.2063802393782,0.094818840579709,-0.933333333333333,La Niña,-0.0307931663746892,105.931001485532,105.961794651906
LAGUNA,2022,1,Q1,8089,26.9792592592593,30.7503703703704,24.4177777777778,332.3,332.3,874.0,2727.191375,5247.76,1280.54,23.3333333333333,45.767037037037,200.67,26.1110708180708,65.5952558927593,0.86818844118844,-0.966666666666667,La Niña,0.241521648440125,51.1893858977507,51.4309075461908
LAGUNA,2022,2,Q2,8090,28.06336996337,31.9406593406593,25.2641025641026,1853.4,1853.4,2060.0,2773.72733888889,5802.73,1329.29,17.5212454212454,36.145054945055,707.49,28.7412087912088,161.968367044057,-0.67783882783883,-1.0,La Niña,0.12540443232291,78.3346459014256,78.4600503337485
LAGUNA,2022,3,Q3,8091,26.9152173913043,30.145652173913,24.6735507246377,3319.0,3319.0,3203.0,2235.18591944444,4973.2,1026.32,14.0199275362319,29.1833333333333,1768.07,27.1708695652174,87.7188120379849,-0.255652173913042,-0.9,La Niña,0.00737907000406946,86.8722038035449,86.8795828735489
LAGUNA,2022,4,Q4,8092,26.6724637681159,29.370652173913,24.7072463768116,2004.2,2004.2,2135.0,2488.88913333333,4582.12,980.9,19.3822463768116,37.9989130434783,838.84,26.7935869565217,138.925182394736,-0.121123188405797,-0.9,La Niña,-0.0466064372423069,113.551904342384,113.598510779627
LAGUNA,2023,1,Q1,8093,26.1907407407407,29.5225925925926,23.8344444444444,577.9,577.9,1021.0,2637.13845833333,5190.01,1230.6,23.3796296296296,45.1481481481482,200.67,26.1110708180708,187.985249414462,0.0796699226699217,-0.4,Neutral,-0.243736066871937,144.14940272281,144.393138789682
LAGUNA,2023,2,Q2,8094,28.3223443223443,32.2637362637363,25.3948717948718,1554.7,1554.7,1998.0,2903.66150833333,5941.85,1357.2,17.5142857142857,35.8336996336996,707.49,28.7412087912088,119.748689027407,-0.418864468864474,0.5,El Niño,-0.178992477128348,133.594483218647,133.773475695776
LAGUNA,2023,3,Q3,8095,27.9228260869565,30.8873188405797,25.7202898550725,2211.9,2211.9,3025.0,2618.84700277778,5469.63,1186.56,19.3094202898551,35.1510869565217,1768.07,27.1708695652174,25.1025129095567,0.751956521739132,1.33333333333333,El Niño,0.0729096967846958,117.94040843654,118.013318133325
LAGUNA,2023,4,Q4,8096,27.4036231884058,29.9391304347826,25.5260869565217,859.7,859.7,1763.0,2634.94539166667,4798.66,1088.02,22.6554347826087,39.7880434782609,838.84,26.7935869565217,2.48676744075153,0.610036231884056,1.9,El Niño,0.255699551857159,83.8308046980441,84.0865042499013
LAGUNA,2024,1,Q1,8097,26.6970695970696,29.6886446886447,24.5948717948718,144.0,144.0,560.0,2895.06158333333,5619.05,1342.49,27.5663003663004,47.6007326007326,200.67,26.1110708180708,-28.2403946778293,0.585998778998782,1.46666666666667,El Niño,0.382281765939374,29.7743936749714,30.1566754409108
LAGUNA,2024,2,Q2,8098,29.1974358974359,32.6498168498169,26.6798534798535,1713.2,1713.2,1682.0,3000.94084166667,6343.36,1499.57,21.4443223443223,38.3410256410256,707.49,28.7412087912088,142.151832534735,0.456227106227097,0.433333333333333,Neutral,0.601054659712267,35.3751795518036,35.9762342115159
LAGUNA,2024,3,Q3,8099,27.5692028985507,30.2989130434783,25.5757246376812,2969.1,2969.1,3251.0,2368.39094722222,5122.85,1079.22,17.0496376811594,31.6521739130435,1768.07,27.1708695652174,67.9288715944504,0.398333333333333,-0.1,Neutral,0.512648862610817,46.081769223027,46.5944180856379
LAGUNA,2024,4,Q4,8100,27.2062962962963,29.5520146520146,25.3904761904762,1374.8,1374.8,2145.0,2327.28894444444,4409.33,973.56,20.1571428571429,37.3545787545788,838.84,26.7935869565217,63.8929950884555,0.412709339774551,-0.4,Neutral,0.463317139583441,61.433326134953,61.8966432745365
LAGUNA,2025,1,Q1,8101,26.4842696629213,28.8814814814815,24.8051851851852,661.0,661.0,1394.0,2544.53081111111,4923.01,1112.53,23.8114814814815,44.5092592592593,200.67,26.1110708180708,229.396521652464,0.373198844850531,-0.4,Neutral,0.410117156046378,125.842555217526,126.252672373573
LAGUNA,2025,2,Q2,8102,29.1494505494505,33.489010989011,26.0538461538462,519.6,12.4,824.0,1793.60607777778,3823.66,891.87,14.4296703296703,31.8076923076923,707.49,28.7412087912088,-26.5572658270788,0.408241758241754,-0.1,Neutral,0.398120819050042,83.6652806270728,84.0634014461229
LAGUNA,2025,3,Q3,8103,26.9358695652174,30.3565217391304,24.5434782608696,995.6,169.0,1406.0,1253.40807777778,2971.94,639.66,14.1076086956522,34.6663043478261,1768.07,27.1708695652174,-43.6900122732697,-0.234999999999999,-0.3,Neutral,0.239787485716709,55.7605596601428,56.0003471458595
LAGUNA,2025,4,Q4,8104,26.9409836065574,30.216393442623,24.7393442622951,550.4,135.4,910.0,962.31805,1863.7,398.46,15.8131147540984,38.9049180327869,838.84,26.7935869565217,-34.3855800867865,0.147396650035635,-0.6,La Niña,0.17345931328198,31.1909158663323,31.3643751796143
LANAO DEL NORTE,2010,1,Q1,8041,23.9933333333333,26.2366666666667,21.5644444444444,520.3,520.3,663.0,893.416547222222,1721.49,319.48,10.6533333333333,31.0333333333333,940.43,23.8183272283272,-44.6742447603756,0.175006105006108,1.16666666666667,El Niño,0.175006105006108,-44.6742447603756,44.8492508653817
LANAO DEL NORTE,2010,2,Q2,8042,25.1461538461538,27.3010989010989,22.9769230769231,1092.3,1092.3,855.0,923.795708333333,1786.33,342.65,8.82637362637363,28.1989010989011,861.75,24.9814285714286,26.7536988685814,0.164725274725274,-0.166666666666667,Neutral,0.169865689865691,-8.9602729458971,9.13013863576279
LANAO DEL NORTE,2010,3,Q3,8043,24.7,26.8467391304348,22.5608695652174,1268.7,1268.7,1047.0,861.14105,1663.66,322.06,7.77065217391304,26.945652173913,673.44,24.8048913043478,88.3909479686387,-0.104891304347827,-1.3,La Niña,0.0782800251278518,23.4901340256148,23.5684140507427
LANAO DEL NORTE,2010,4,Q4,8044,24.3326086956522,26.5565217391304,22.2413043478261,1238.8,1238.8,977.0,870.753483333333,1513.06,290.3,8.1804347826087,28.15,941.98,24.4102173913044,31.5102231469883,-0.0776086956521773,-1.6,La Niña,0.0393078449328445,25.4951563059582,25.534464150891
LANAO DEL NORTE,2011,1,Q1,8045,23.7655555555556,25.7277777777778,22.0044444444444,1573.6,1573.6,1159.0,709.673452777778,1384.36,260.67,9.26888888888889,30.6088888888889,940.43,23.8183272283272,67.3277117914146,-0.0527716727716658,-1.16666666666667,La Niña,-0.017636599511599,53.4956454439057,53.5132820434173
LANAO DEL NORTE,2011,2,Q2,8046,24.4945054945055,26.5582417582418,22.5197802197802,1215.3,1215.3,932.0,791.878136111111,1554.99,299.08,8.72857142857143,27.8791208791209,861.75,24.9814285714286,41.0269799825936,-0.48692307692308,-0.566666666666667,La Niña,-0.180548687423688,57.0639657224088,57.2445144098324
LANAO DEL NORTE,2011,3,Q3,8047,24.495652173913,26.8315217391304,22.2380434782609,553.6,553.6,691.0,833.367105555556,1630.47,319.35,8.62173913043478,28.4489130434783,673.44,24.8048913043478,-17.7952007602756,-0.309239130434783,-0.633333333333333,La Niña,-0.231635643945427,30.5174285401802,30.7490641841256
LANAO DEL NORTE,2011,4,Q4,8048,24.35,26.5173913043478,22.1967391304348,1086.4,1086.4,883.0,828.320797222222,1527.78,293.16,8.40434782608696,28.5184782608696,941.98,24.4102173913044,15.331535701395,-0.0602173913043486,-1.03333333333333,La Niña,-0.227287817858469,26.4727566787819,26.7000444966403
LANAO DEL NORTE,2012,1,Q1,8049,24.0417582417582,26.1824175824176,21.9747252747253,1174.0,1174.0,956.0,840.156041666667,1567.28,294.21,9.22967032967033,31.7384615384615,940.43,23.8183272283272,24.8365109577534,0.223431013431018,-0.733333333333333,La Niña,-0.158237146307798,15.8499564703666,16.0081936166744
LANAO DEL NORTE,2012,2,Q2,8050,24.7571428571429,27.0318681318681,22.4901098901099,831.4,831.4,770.0,898.010822222222,1721.27,332.47,8.3032967032967,28.0483516483516,861.75,24.9814285714286,-3.52190310414854,-0.224285714285713,-0.266666666666667,Neutral,-0.0925778056484567,4.71273569868105,4.80531350432951
LANAO DEL NORTE,2012,3,Q3,8051,24.4445652173913,26.8315217391304,22.245652173913,707.0,707.0,801.0,811.265652777778,1647.93,324.17,9.30978260869565,29.970652173913,673.44,24.8048913043478,4.98336897125209,-0.360326086956523,0.333333333333333,Neutral,-0.105349544778892,10.407378131563,10.5127276763419
LANAO DEL NORTE,2012,4,Q4,8052,24.3239130434783,26.5228260869565,22.2586956521739,960.6,960.6,843.0,868.553580555556,1559.54,297.34,9.31195652173913,31.1695652173913,941.98,24.4102173913044,1.97668740312959,-0.0863043478260863,0.0666666666666666,Neutral,-0.111871283909326,7.06866605699663,7.18053734090596
LANAO DEL NORTE,2013,1,Q1,8053,23.9977777777778,25.9888888888889,22.0344444444444,1059.8,1059.8,1010.0,785.922511111111,1515.89,283.93,10.1566666666667,31.1133333333333,940.43,23.8183272283272,12.6931297385239,0.179450549450554,-0.366666666666667,Neutral,-0.122866399904442,4.03282075218925,4.15568715209369
LANAO DEL NORTE,2013,2,Q2,8054,25.0186813186813,27.0626373626374,22.8791208791209,993.3,993.3,919.0,835.548530555556,1652.76,320.63,8.28461538461538,26.7142857142857,861.75,24.9814285714286,15.2654482158399,0.0372527472527473,-0.366666666666667,Neutral,-0.057481784519827,8.72965858218635,8.78714036670618
LANAO DEL NORTE,2013,3,Q3,8055,24.4141304347826,26.6739130434783,22.254347826087,971.4,971.4,895.0,811.502758333333,1608.63,313.93,8.43913043478261,28.2717391304348,673.44,24.8048913043478,44.2444761225944,-0.39076086956522,-0.333333333333333,Neutral,-0.0650904801720013,18.5449353700219,18.6100258501939
LANAO DEL NORTE,2013,4,Q4,8056,24.1978260869565,26.425,22.0391304347826,895.5,895.5,862.0,841.484802777778,1524.57,291.69,8.975,29.0804347826087,941.98,24.4102173913044,-4.93428735217307,-0.212391304347829,-0.233333333333333,Neutral,-0.096612219302437,16.8171916811963,16.9138039004987
LANAO DEL NORTE,2014,1,Q1,8057,23.26,25.2122222222222,21.31,1287.5,1287.5,1028.0,724.075922222222,1449.64,269.34,10.5255555555556,31.2377777777778,940.43,23.8183272283272,36.9054581414885,-0.558327228327226,-0.4,Neutral,-0.281056663746882,22.8702737819374,23.1513304456843
LANAO DEL NORTE,2014,2,Q2,8058,24.878021978022,27.0340659340659,22.7538461538462,869.4,869.4,938.0,859.292044444444,1684.67,324.76,8.58681318681319,26.3373626373626,861.75,24.9814285714286,0.887728459530024,-0.103406593406593,0.133333333333333,Neutral,-0.316221498911717,19.27584384286,19.5920653417717
LANAO DEL NORTE,2014,3,Q3,8059,24.5010869565217,26.825,22.2065217391304,557.6,557.6,755.0,816.480405555556,1625.98,318.8,8.7554347826087,28.5423913043478,673.44,24.8048913043478,-17.2012354478498,-0.303804347826087,0.1,Neutral,-0.294482368476934,3.9144159502489,4.20889831872583
LANAO DEL NORTE,2014,4,Q4,8060,24.3010869565217,26.3717391304348,22.3054347826087,909.2,909.2,874.0,825.272363888889,1498.76,286.89,9.43152173913044,29.1315217391304,941.98,24.4102173913044,-3.47990403193272,-0.109130434782614,0.6,El Niño,-0.26866715108563,4.27801178030899,4.54667893139462
LANAO DEL NORTE,2015,1,Q1,8061,23.6144444444444,25.7211111111111,21.3522222222222,438.6,438.6,794.0,911.177252777778,1701.29,312.96,11.2588888888889,31.0633333333333,940.43,23.8183272283272,-53.3617600459364,-0.203882783882779,0.5,El Niño,-0.180056039974518,-18.2887927665472,18.4688488065218
LANAO DEL NORTE,2015,2,Q2,8062,24.9,27.1318681318681,22.5824175824176,649.1,649.1,754.0,904.755594444444,1742.87,336.85,9.13846153846154,26.6923076923077,861.75,24.9814285714286,-24.676530316217,-0.0814285714285745,0.933333333333333,El Niño,-0.174561534480014,-24.679857460484,24.854418994964
LANAO DEL NORTE,2015,3,Q3,8063,24.6141304347826,26.8445652173913,22.4532608695652,626.9,626.9,751.0,852.289322222222,1642.28,321.84,9.61521739130435,29.4760869565217,673.44,24.8048913043478,-6.91078641007365,-0.190760869565217,1.86666666666667,El Niño,-0.146300664914796,-22.1072452010399,22.2535458659547
LANAO DEL NORTE,2015,4,Q4,8064,24.4565217391304,26.7315217391304,22.1304347826087,735.4,735.4,749.0,928.580269444445,1643.36,313.51,9.31086956521739,30.2869565217391,941.98,24.4102173913044,-21.9304019193613,0.0463043478260871,2.53333333333333,El Niño,-0.107441969262621,-26.7198696728971,26.8273116421597
LANAO DEL NORTE,2016,1,Q1,8065,24.3637362637363,26.7098901098901,21.9813186813187,274.4,274.4,512.0,980.313058333333,1877.33,348.57,11.5736263736264,31.7626373626374,940.43,23.8183272283272,-70.8218580861946,0.545409035409037,2.06666666666667,El Niño,0.0798809855603331,-31.0848941829616,31.164775168522
LANAO DEL NORTE,2016,2,Q2,8066,25.3527472527473,27.6120879120879,23.1362637362637,1126.6,1126.6,898.0,917.554358333333,1736.45,337.95,9.21758241758242,28.2494505494505,861.75,24.9814285714286,30.7339715694807,0.37131868131868,0.4,Neutral,0.193067798747147,-17.2322687115372,17.4253365102844
LANAO DEL NORTE,2016,3,Q3,8067,25.0413043478261,27.3978260869565,22.7728260869565,545.6,545.6,716.0,877.690455555556,1706.59,335.64,9.125,28.5326086956522,673.44,24.8048913043478,-18.9831313851271,0.236413043478262,-0.5,La Niña,0.299861277008016,-20.2503549553006,20.5502162323086
LANAO DEL NORTE,2016,4,Q4,8068,24.5,26.5434782608696,22.5521739130435,1039.1,1039.1,959.0,795.329580555556,1453.38,280.19,8.43913043478261,28.620652173913,941.98,24.4102173913044,10.3101976687403,0.0897826086956499,-0.666666666666667,La Niña,0.310730842225407,-12.1902050582752,12.5009359005006
LANAO DEL NORTE,2017,1,Q1,8069,23.7522222222222,26.4955555555556,21.6622222222222,1180.7,1180.7,956.0,716.671411111111,1356.89,260.22,10.4288888888889,32.0622222222222,940.43,23.8183272283272,25.5489510117712,-0.0661050061050083,-0.133333333333333,Neutral,0.157852331846896,11.9024972162163,12.0603495480632
LANAO DEL NORTE,2017,2,Q2,8070,24.9813186813187,27.8736263736264,22.878021978022,876.0,876.0,777.0,839.393702777778,1685.23,328.54,8.0032967032967,25.6758241758242,861.75,24.9814285714286,1.65361183637946,-0.0001098901098899,0.266666666666667,Neutral,0.0649951889897533,4.63240728294097,4.69740247193073
LANAO DEL NORTE,2017,3,Q3,8071,24.8163043478261,27.7858695652174,22.6010869565217,649.6,649.6,734.0,775.480558333333,1580.33,313.29,8.24347826086957,25.3054347826087,673.44,24.8048913043478,-3.54003326205748,0.0114130434782602,-0.133333333333333,Neutral,0.00874518898975297,8.49318181370838,8.50192700269813
LANAO DEL NORTE,2017,4,Q4,8072,24.520652173913,27.370652173913,22.3445652173913,802.8,802.8,831.0,759.590252777778,1431.82,280.22,8.81630434782609,29.7228260869565,941.98,24.4102173913044,-14.7752606212446,0.110434782608699,-0.833333333333333,La Niña,0.0139082324680153,2.22181724121215,2.23572547368016
LANAO DEL NORTE,2018,1,Q1,8073,23.8966666666667,26.9166666666667,21.5655555555556,1191.4,1191.4,841.0,794.644919444444,1532.87,292.05,9.67666666666667,30.85,940.43,23.8183272283272,26.6867284114714,0.0783394383394373,-0.833333333333333,La Niña,0.0500193435791267,2.50626159113718,2.55628093471631
LANAO DEL NORTE,2018,2,Q2,8074,24.9714285714286,28.0461538461538,22.5340659340659,494.2,494.2,657.0,890.821361111111,1791.74,350.35,8.64505494505495,27.8142857142857,861.75,24.9814285714286,-42.6515810850015,-0.0100000000000015,-0.233333333333333,Neutral,0.0475468161065988,-8.57003663920804,8.61758345531464
LANAO DEL NORTE,2018,3,Q3,8075,25.3163043478261,28.5532608695652,22.8945652173913,502.6,502.6,721.0,846.842691666667,1723.61,348.71,9.89021739130435,31.2684782608696,673.44,24.8048913043478,-25.368258493704,0.51141304347826,0.266666666666667,Neutral,0.172546816106599,-14.0270929471197,14.1996397632263
LANAO DEL NORTE,2018,4,Q4,8076,24.2815217391304,27.3380434782609,21.9586956521739,1040.2,1040.2,1038.0,839.834055555556,1582.88,304.01,8.96413043478261,29.9728260869565,941.98,24.4102173913044,10.4269729718253,-0.12869565217391,0.833333333333333,El Niño,0.112764207410947,-7.72653454885218,7.83929875626313
LANAO DEL NORTE,2019,1,Q1,8077,23.4977777777778,26.6644444444444,20.8022222222222,704.0,704.0,753.0,877.221083333333,1721.3,323.44,11.7988888888889,33.8477777777778,940.43,23.8183272283272,-25.1406271599162,-0.320549450549446,0.7,El Niño,0.0130419851887256,-20.6833734416991,20.6964154268878
LANAO DEL NORTE,2019,2,Q2,8078,25.3142857142857,28.6164835164835,22.7846153846154,469.9,469.9,698.0,890.496988888889,1834.9,361.89,9.06593406593407,28.0494505494506,861.75,24.9814285714286,-45.471424427038,0.332857142857144,0.566666666666667,El Niño,0.0987562709030119,-21.3883342772082,21.4870905481112
LANAO DEL NORTE,2019,3,Q3,8079,25.7054347826087,29.2086956521739,23.0304347826087,351.4,351.4,635.0,840.713994444444,1751.53,366.08,10.0184782608696,31.4347826086956,673.44,24.8048913043478,-47.8201473033975,0.900543478260868,0.2,Neutral,0.196038879598664,-27.0013064796316,27.1973453592303
LANAO DEL NORTE,2019,4,Q4,8080,24.8380434782609,28.329347826087,22.295652173913,711.8,711.8,827.0,862.166452777778,1643.4,325.5,9.11304347826087,30.2195652173913,941.98,24.4102173913044,-24.4357629673666,0.427826086956518,0.433333333333333,Neutral,0.335169314381271,-35.7169904644296,36.0521597788108
LANAO DEL NORTE,2020,1,Q1,8081,24.1802197802198,27.6197802197802,21.4813186813187,531.6,531.6,735.0,932.295027777778,1811.87,344.81,11.3934065934066,33.6637362637363,940.43,23.8183272283272,-43.4726667588231,0.361892551892552,0.466666666666667,Neutral,0.50577981499177,-40.3000003641563,40.8057801791481
LANAO DEL NORTE,2020,2,Q2,8082,25.1879120879121,28.4769230769231,22.8120879120879,646.5,646.5,823.0,865.574288888889,1789.41,351.27,9.41868131868132,29.710989010989,861.75,24.9814285714286,-24.9782419495213,0.206483516483512,-0.0666666666666666,Neutral,0.474186408398363,-35.1767047447771,35.6508911531755
LANAO DEL NORTE,2020,3,Q3,8083,24.9054347826087,28.1489130434783,22.5478260869565,1056.2,1056.2,895.0,802.226302777778,1666.53,328.98,8.25108695652174,25.9260869565217,673.44,24.8048913043478,56.8365407460204,0.100543478260871,-0.633333333333333,La Niña,0.274186408398363,-9.01253273242264,9.28671914082101
LANAO DEL NORTE,2020,4,Q4,8084,24.470652173913,27.5282608695652,22.279347826087,1032.9,1032.9,1076.0,730.751197222222,1430.53,279.72,8.22065217391304,28.0630434782609,941.98,24.4102173913044,9.65200959680675,0.060434782608695,-1.23333333333333,La Niña,0.182338582311408,-0.490589591379304,0.672928173690712
LANAO DEL NORTE,2021,1,Q1,8085,23.9177777777778,26.8166666666667,21.6466666666667,1097.7,1097.7,1039.0,746.355613888889,1510.11,287.61,9.56888888888889,30.0077777777778,940.43,23.8183272283272,16.7232010888636,0.0994505494505482,-0.9,La Niña,0.116728081700907,14.5583773705424,14.6751054522433
LANAO DEL NORTE,2021,2,Q2,8086,24.8516483516484,27.9934065934066,22.521978021978,825.8,825.8,1007.0,821.210147222222,1696.02,332.58,8.96703296703297,27.9021978021978,861.75,24.9814285714286,-4.1717435451117,-0.129780219780223,-0.533333333333333,La Niña,0.0326621476349728,19.7600019716448,19.7926641192798
LANAO DEL NORTE,2021,3,Q3,8087,25.2282608695652,28.6032608695652,22.8010869565217,934.3,934.3,873.0,815.308891666667,1704.71,343.3,8.94130434782609,28.4771739130435,673.44,24.8048913043478,38.7354478498456,0.423369565217392,-0.533333333333333,La Niña,0.113368669374103,15.2347287476011,15.3480974169752
LANAO DEL NORTE,2021,4,Q4,8088,24.2989130434783,27.4510869565217,22.0978260869565,1464.5,1464.5,1012.0,728.779838888889,1483.14,288.62,9.14347826086957,26.7847826086957,941.98,24.4102173913044,55.4703921526996,-0.111304347826088,-0.933333333333333,La Niña,0.0704338867654073,26.6893243865743,26.7597582733397
LANAO DEL NORTE,2022,1,Q1,8089,23.7888888888889,27.0733333333333,21.3811111111111,1085.6,1085.6,941.0,749.426402777778,1581.9,299.21,10.1266666666667,28.5133333333333,940.43,23.8183272283272,15.4365556181747,-0.0294383394383395,-0.966666666666667,La Niña,0.0382116645431854,26.367663018902,26.4058746834452
LANAO DEL NORTE,2022,2,Q2,8090,24.4021978021978,27.6923076923077,22.0846153846154,1427.6,1427.6,1022.0,740.312602777778,1638.14,317.74,9.51208791208791,25.1681318681319,861.75,24.9814285714286,65.6628952712503,-0.579230769230772,-1.0,La Niña,-0.074150972819452,43.8263227229926,43.900473695812
LANAO DEL NORTE,2022,3,Q3,8091,24.7565217391304,28.2076086956522,22.2760869565217,778.9,778.9,868.0,776.018025,1713.91,338.91,9.10760869565217,24.0271739130435,673.44,24.8048913043478,15.659895462105,-0.0483695652173921,-0.9,La Niña,-0.192085755428148,38.0574346260574,38.2495203814856
LANAO DEL NORTE,2022,4,Q4,8092,24.1869565217391,27.4597826086957,21.9967391304348,1326.4,1326.4,1039.0,716.372791666667,1476.44,286.37,9.07608695652174,25.3402173913043,941.98,24.4102173913044,40.8097836472112,-0.223260869565223,-0.9,La Niña,-0.220074885862932,34.3922824996853,34.6123573855482
LANAO DEL NORTE,2023,1,Q1,8093,23.4588888888889,26.4422222222222,21.2888888888889,1600.9,1600.9,1197.0,656.164783333333,1417.25,267.1,9.89666666666667,27.2777777777778,940.43,23.8183272283272,70.2306391756962,-0.359438339438338,-0.4,Neutral,-0.302574885862931,48.0908033890657,48.3933782749286
LANAO DEL NORTE,2023,2,Q2,8094,25.0593406593407,28.5362637362637,22.5318681318681,827.5,827.5,825.0,853.241783333333,1801.18,354.64,9.37802197802198,25.6076923076923,861.75,24.9814285714286,-3.97447055410502,0.077912087912086,0.5,El Niño,-0.138289171577217,30.6814619327269,30.8197511043041
LANAO DEL NORTE,2023,3,Q3,8095,25.4108695652174,29.170652173913,22.8978260869565,677.5,677.5,773.0,795.376033333333,1718.57,347.72,10.0804347826087,28.1630434782609,673.44,24.8048913043478,0.60287479211215,0.60597826086957,1.33333333333333,El Niño,0.0252977849445237,26.9172067652286,26.9425045501732
LANAO DEL NORTE,2023,4,Q4,8096,24.704347826087,28.270652173913,22.3586956521739,1013.1,1013.1,909.0,833.890880555556,1631.29,318.7,9.04673913043478,25.9565217391304,941.98,24.4102173913044,7.5500541412769,0.294130434782609,1.9,El Niño,0.154645611031482,18.6022743887451,18.7569199997765
LANAO DEL NORTE,2024,1,Q1,8097,24.3307692307692,27.9010989010989,21.5164835164835,656.2,656.2,778.0,901.966766666667,1810.39,346.28,12.1494505494505,31.7318681318681,940.43,23.8183272283272,-30.2234084408196,0.512442002442004,1.46666666666667,El Niño,0.372615696501567,-6.5112375153839,6.88385321188546
LANAO DEL NORTE,2024,2,Q2,8098,25.7505494505495,29.5263736263736,23.1428571428571,658.1,658.1,719.0,899.052841666667,1909.96,379.43,10.2120879120879,27.810989010989,861.75,24.9814285714286,-23.6321438932405,0.76912087912088,0.433333333333333,Neutral,0.545417894303766,-11.4256558501678,11.9710737444715
LANAO DEL NORTE,2024,3,Q3,8099,25.3141304347826,28.9521739130435,22.9217391304348,717.5,717.5,809.0,783.037377777778,1721.18,345.03,9.2695652173913,25.3141304347826,673.44,24.8048913043478,6.54252791636969,0.509239130434782,-0.1,Neutral,0.521233111695069,-9.94074256910338,10.4619756807984
LANAO DEL NORTE,2024,4,Q4,8100,24.9811111111111,28.7373626373626,22.632967032967,891.2,891.2,842.0,782.754433333333,1581.66,314.55,9.3010989010989,25.8593406593407,941.98,24.4102173913044,-5.39077262786894,0.570893719806762,-0.4,Neutral,0.590423932951107,-13.1759492613898,13.7663731943409
LANAO DEL NORTE,2025,1,Q1,8101,24.2561797752809,27.7066666666667,21.9244444444444,987.5,987.5,887.0,745.620452777778,1577.12,302.56,9.57333333333333,26.45,940.43,23.8183272283272,5.0051572153164,0.437852546953678,-0.4,Neutral,0.571776569079026,-4.36880784735583,4.94058441643486
LANAO DEL NORTE,2025,2,Q2,8102,26.1813186813187,29.8197802197802,23.1043956043956,588.0,8.7,536.0,820.701136111111,1821.23,367.41,11.2472527472527,24.9802197802198,861.75,24.9814285714286,-31.7667536988686,1.19989010989011,-0.1,Neutral,0.679468876771332,-6.40246029876286,7.08192917553419
LANAO DEL NORTE,2025,3,Q3,8103,27.4086956521739,30.725,24.6880434782609,453.1,27.7,492.0,779.136133333333,1842.54,389.32,12.6858695652174,25.025,673.44,24.8048913043478,-32.7185792349727,2.60380434782608,-0.3,Neutral,1.20311018111916,-16.2177370865984,17.4208472677176
LANAO DEL NORTE,2025,4,Q4,8104,27.2475409836066,30.0688524590164,24.9180327868852,411.3,33.5,424.0,510.669708333333,1120.85,232.95,11.4,23.3032786885246,941.98,24.4102173913044,-56.3366525828574,2.83732359230221,-0.6,La Niña,1.76971764924302,-28.9542070753456,30.7239247245886
LANAO DEL SUR,2010,1,Q1,8041,22.2844444444444,25.3455555555556,20.3622222222222,503.5,503.5,597.0,895.141841666667,1704.84,313.55,10.8711111111111,30.8,734.53,21.9834126984127,-31.4527657141301,0.301031746031743,1.16666666666667,El Niño,0.301031746031743,-31.4527657141301,31.7537974601619
LANAO DEL SUR,2010,2,Q2,8042,23.5296703296703,26.5076923076923,21.7802197802198,1242.6,1242.6,872.0,869.763605555556,1689.08,324.37,7.43406593406593,26.1494505494505,1002.79,23.1858241758242,23.9142791611404,0.343846153846155,-0.166666666666667,Neutral,0.322438949938949,-3.76924327649485,4.0916822264338
LANAO DEL SUR,2010,3,Q3,8043,22.9478260869565,25.9923913043478,21.229347826087,1476.2,1476.2,1024.0,816.017511111111,1575.57,302.84,7.23152173913043,25.6076086956522,804.1,22.7769565217391,83.5841313269494,0.170869565217391,-1.3,La Niña,0.271915821698429,25.3485482579866,25.620464079685
LANAO DEL SUR,2010,4,Q4,8044,22.595652173913,25.4869565217391,20.9304347826087,1217.2,1217.2,935.0,813.979725,1430.19,271.92,7.72065217391304,26.8619565217391,879.45,22.5646739130435,38.4046847461482,0.030978260869567,-1.6,La Niña,0.211681431491214,28.612582380027,28.8242638115182
LANAO DEL SUR,2011,1,Q1,8045,21.8166666666667,24.5555555555556,20.2522222222222,1453.1,1453.1,1040.0,686.234872222222,1339.77,246.93,9.42444444444444,30.2433333333333,734.53,21.9834126984127,97.8271820075422,-0.166746031746037,-1.16666666666667,La Niña,0.0947369870467689,60.932569310445,61.0273062974918
LANAO DEL SUR,2011,2,Q2,8046,22.6681318681319,25.3505494505495,21.0923076923077,1143.2,1143.2,913.0,731.420119444444,1457.95,276.58,8.98791208791209,27.7879120879121,1002.79,23.1858241758242,14.0019346024591,-0.517692307692304,-0.566666666666667,La Niña,-0.120647628337846,58.4544831707747,58.5751307991126
LANAO DEL SUR,2011,3,Q3,8047,22.6326086956522,25.3260869565217,20.9695652173913,568.0,568.0,779.0,801.260569444444,1535.98,293.08,10.7760869565217,30.5728260869565,804.1,22.7769565217391,-29.3620196492974,-0.144347826086957,-0.633333333333333,La Niña,-0.199451976163933,30.217945426713,30.417397402877
LANAO DEL SUR,2011,4,Q4,8048,22.5380434782609,25.4108695652174,20.8304347826087,1037.1,1037.1,854.0,795.332166666667,1463.6,277.49,8.62065217391304,28.0597826086956,879.45,22.5646739130435,17.9259764625618,-0.0266304347826071,-1.03333333333333,La Niña,-0.213854150076976,25.0982683558165,25.3121225058934
LANAO DEL SUR,2012,1,Q1,8049,22.1802197802198,25.0494505494506,20.5010989010989,1136.2,1136.2,864.0,800.090311111111,1507.81,280.03,9.19230769230769,30.8087912087912,734.53,21.9834126984127,54.6839475583026,0.19680708180708,-0.733333333333333,La Niña,-0.122965871688697,14.3124597435066,14.4354256151952
LANAO DEL SUR,2012,2,Q2,8050,22.9681318681319,25.7923076923077,21.2516483516484,1046.5,1046.5,809.0,842.887338888889,1625.21,310.06,8.60549450549451,27.4681318681319,1002.79,23.1858241758242,4.35883883963742,-0.21769230769231,-0.266666666666667,Neutral,-0.0479658716886986,11.9016858028011,11.9496516744898
LANAO DEL SUR,2012,3,Q3,8051,22.5989130434783,25.395652173913,20.9347826086956,694.3,694.3,905.0,770.770972222222,1543.26,293.61,11.2413043478261,32.270652173913,804.1,22.7769565217391,-13.655018032583,-0.178043478260871,0.333333333333333,Neutral,-0.0563897847321772,15.8284362069797,15.8848259917119
LANAO DEL SUR,2012,4,Q4,8052,22.5152173913044,25.3489130434783,20.8652173913043,958.0,958.0,800.0,838.229255555555,1497.44,280.88,9.79021739130435,31.020652173913,879.45,22.5646739130435,8.93171868781624,-0.0494565217391276,0.0666666666666666,Neutral,-0.0620963064713074,13.5798717632933,13.6419680697646
LANAO DEL SUR,2013,1,Q1,8053,22.1355555555556,24.9355555555556,20.4888888888889,916.6,916.6,923.0,773.5468,1483.44,272.53,10.4733333333333,30.6022222222222,734.53,21.9834126984127,24.7872789402747,0.152142857142856,-0.366666666666667,Neutral,-0.0732623626373634,6.10570460878634,6.17896697142371
LANAO DEL SUR,2013,2,Q2,8054,23.2373626373626,26.0098901098901,21.5945054945055,1309.5,1309.5,1015.0,788.703722222222,1557.17,299.0,7.59010989010989,25.4912087912088,1002.79,23.1858241758242,30.5856659918827,0.0515384615384668,-0.366666666666667,Neutral,-0.00595467032966912,12.6624113968477,12.6683660671773
LANAO DEL SUR,2013,3,Q3,8055,22.5652173913043,25.2902173913043,20.9282608695652,1011.4,1011.4,906.0,755.533561111111,1506.27,288.11,9.76630434782609,29.9423913043478,804.1,22.7769565217391,25.7803755751772,-0.211739130434783,-0.333333333333333,Neutral,-0.0143785833731469,22.5212597987877,22.5356383821609
LANAO DEL SUR,2013,4,Q4,8056,22.3826086956522,25.1728260869565,20.7597826086957,926.4,926.4,848.0,803.896672222222,1450.62,272.62,9.38695652173913,29.4391304347826,879.45,22.5646739130435,5.33856387514923,-0.182065217391305,-0.233333333333333,Neutral,-0.0475307572861911,21.622971095621,21.6705018529071
LANAO DEL SUR,2014,1,Q1,8057,21.2811111111111,23.8344444444444,19.61,966.9,966.9,922.0,719.177766666667,1441.48,259.37,11.9844444444444,32.9188888888889,734.53,21.9834126984127,31.6351952949505,-0.702301587301591,-0.4,Neutral,-0.261141868397303,23.3349501842899,23.5960920526872
LANAO DEL SUR,2014,2,Q2,8058,23.1549450549451,25.8615384615385,21.4989010989011,998.9,998.9,914.0,802.103305555555,1590.14,303.7,7.82637362637363,25.6813186813187,1002.79,23.1858241758242,-0.387917709590242,-0.0308791208791205,0.133333333333333,Neutral,-0.2817462640017,15.5915542589217,15.8733005229234
LANAO DEL SUR,2014,3,Q3,8059,22.645652173913,25.3228260869565,20.9989130434783,738.3,738.3,869.0,786.928558333333,1533.5,293.97,10.5108695652174,30.5021739130435,804.1,22.7769565217391,-8.18306180823281,-0.131304347826081,0.1,Neutral,-0.261637568349524,7.10069491306917,7.3623324814187
LANAO DEL SUR,2014,4,Q4,8060,22.4413043478261,25.1413043478261,20.8119565217391,872.3,872.3,879.0,816.903536111111,1445.45,270.91,9.74565217391304,29.1521739130435,879.45,22.5646739130435,-0.813008130081311,-0.123369565217391,0.6,El Niño,-0.246963655306046,5.56280191176154,5.80976556706758
LANAO DEL SUR,2015,1,Q1,8061,21.7733333333333,24.6722222222222,19.87,346.5,346.5,626.0,908.784105555555,1682.47,304.16,11.5688888888889,30.9388888888889,734.53,21.9834126984127,-52.8269777953249,-0.210079365079366,0.5,El Niño,-0.12390809975049,-15.5527413608073,15.6766494605578
LANAO DEL SUR,2015,2,Q2,8062,23.1593406593407,25.9296703296703,21.4010989010989,794.5,794.5,802.0,875.797661111111,1649.16,315.61,8.27582417582418,25.2428571428571,1002.79,23.1858241758242,-20.7710487739208,-0.0264835164835126,0.933333333333333,El Niño,-0.122809198651588,-20.6485241268899,20.7713333255415
LANAO DEL SUR,2015,3,Q3,8063,22.7739130434783,25.3478260869565,21.1771739130435,741.4,741.4,831.0,818.706952777778,1545.93,296.68,11.0978260869565,31.5478260869565,804.1,22.7769565217391,-7.79753761969905,-0.0030434782608708,1.86666666666667,El Niño,-0.0907439812602853,-20.5521430797565,20.6428870610168
LANAO DEL SUR,2015,4,Q4,8064,22.6989130434783,25.604347826087,20.9054347826087,627.3,627.3,706.0,906.8725,1586.14,297.74,9.66847826086956,30.2391304347826,879.45,22.5646739130435,-28.6713286713287,0.134239130434786,2.53333333333333,El Niño,-0.026341807347241,-27.5167232150683,27.5430650224156
LANAO DEL SUR,2016,1,Q1,8065,22.7483516483516,25.9901098901099,20.6747252747253,219.1,219.1,418.0,984.325247222222,1837.46,342.1,10.467032967033,30.0758241758242,734.53,21.9834126984127,-70.1714021210842,0.764938949938948,2.06666666666667,El Niño,0.217412771407338,-31.8528292965082,32.0702420679155
LANAO DEL SUR,2016,2,Q2,8066,23.667032967033,26.6395604395604,21.9406593406593,1271.2,1271.2,891.0,849.128252777778,1636.75,317.42,7.84835164835165,25.567032967033,1002.79,23.1858241758242,26.7663219617268,0.481208791208793,0.4,Neutral,0.344335848330414,-19.9684866125963,20.3128224609267
LANAO DEL SUR,2016,3,Q3,8067,23.2228260869565,26.0336956521739,21.5576086956522,665.3,665.3,763.0,844.117811111111,1609.91,310.18,10.1826086956522,30.0923913043478,804.1,22.7769565217391,-17.2615346349957,0.445869565217393,-0.5,La Niña,0.45656410919998,-22.3344858664204,22.7910499756204
LANAO DEL SUR,2016,4,Q4,8068,22.65,25.320652173913,21.0923913043478,1019.4,1019.4,928.0,759.780458333333,1399.99,264.19,8.79239130434783,28.7902173913043,879.45,22.5646739130435,15.9133549377452,0.0853260869565204,-0.666666666666667,La Niña,0.444335848330414,-11.188314964152,11.6326508124824
LANAO DEL SUR,2017,1,Q1,8069,21.8844444444444,24.6855555555556,19.7966666666667,724.4,724.4,803.0,691.114191666667,1329.09,244.29,15.0766666666667,32.5766666666667,734.53,21.9834126984127,-1.37911317441085,-0.0989682539682554,-0.133333333333333,Neutral,0.228359047353613,6.00975727251637,6.23811631986998
LANAO DEL SUR,2017,2,Q2,8070,23.1175824175824,25.8296703296703,20.9010989010989,887.7,887.7,952.0,812.589786111111,1589.18,302.24,10.756043956044,25.9868131868132,1002.79,23.1858241758242,-11.476979227954,-0.0682417582417613,0.266666666666667,Neutral,0.0909964099909742,-3.55106802490383,3.64206443489481
LANAO DEL SUR,2017,3,Q3,8071,22.829347826087,25.4554347826087,20.8315217391304,825.7,825.7,923.0,740.553302777778,1512.93,289.42,12.5880434782609,28.070652173913,804.1,22.7769565217391,2.6862330555901,0.0523913043478287,-0.133333333333333,Neutral,-0.0073731552264169,1.43587389774261,1.44324705296902
LANAO DEL SUR,2017,4,Q4,8072,22.6826086956522,25.3021739130435,20.6282608695652,761.8,761.8,929.0,743.062608333333,1391.23,263.08,13.0163043478261,29.7630434782609,879.45,22.5646739130435,-13.3776792313378,0.117934782608693,-0.833333333333333,La Niña,0.000779018686626125,-5.88688464452813,5.88766366321475
LANAO DEL SUR,2018,1,Q1,8073,22.1677777777778,25.1788888888889,19.8288888888889,593.7,593.7,737.0,779.43815,1507.56,277.83,14.2955555555556,30.7444444444444,734.53,21.9834126984127,-19.1728043783099,0.184365079365076,-0.833333333333333,La Niña,0.071612352019959,-10.3353074455029,10.4069197975229
LANAO DEL SUR,2018,2,Q2,8074,23.0857142857143,25.8351648351648,20.7549450549451,649.0,649.0,788.0,844.5189,1688.33,319.68,12.321978021978,27.956043956044,1002.79,23.1858241758242,-35.2805672174633,-0.100109890109884,-0.233333333333333,Neutral,0.0636453190529282,-16.2862044428802,16.3498497619331
LANAO DEL SUR,2018,3,Q3,8075,22.8304347826087,25.3554347826087,21.0815217391304,629.5,629.5,960.0,810.228877777778,1665.6,314.54,14.979347826087,32.9326086956522,804.1,22.7769565217391,-21.7137171993533,0.0534782608695643,0.266666666666667,Neutral,0.0639170581833621,-22.3861920066161,22.4501090647994
LANAO DEL SUR,2018,4,Q4,8076,22.5184782608696,25.5195652173913,20.1326086956522,775.0,775.0,989.0,803.104841666667,1533.3,284.28,13.2260869565217,29.104347826087,879.45,22.5646739130435,-11.8767411450338,-0.0461956521739139,0.833333333333333,El Niño,0.0228844494877105,-22.0109574850401,22.0338419345278
LANAO DEL SUR,2019,1,Q1,8077,21.5622222222222,25.0566666666667,18.8633333333333,485.3,485.3,688.0,843.945052777778,1668.12,298.29,17.4111111111111,34.9388888888889,734.53,21.9834126984127,-33.93054061781,-0.421190476190478,0.7,El Niño,-0.128504439401178,-25.7003915449151,25.8288959843163
LANAO DEL SUR,2019,2,Q2,8078,23.2703296703297,26.1868131868132,20.9362637362637,684.8,684.8,949.0,843.724266666667,1709.99,324.18,12.121978021978,27.4868131868132,1002.79,23.1858241758242,-31.7105276279181,0.0845054945054961,0.566666666666667,El Niño,-0.0823505932473329,-24.8078816475288,24.8902322407762
LANAO DEL SUR,2019,3,Q3,8079,22.7228260869565,25.2967391304348,20.7239130434783,690.9,690.9,896.0,800.056819444444,1683.38,317.4,16.1402173913044,33.5010869565217,804.1,22.7769565217391,-14.0778510135555,-0.054130434782607,0.2,Neutral,-0.109252767160376,-22.8989151010794,23.0081678682397
LANAO DEL SUR,2019,4,Q4,8080,22.6239130434783,25.620652173913,20.2695652173913,600.0,600.0,848.0,841.816652777778,1606.66,301.25,12.225,27.1989130434783,879.45,22.5646739130435,-31.7755415316391,0.0592391304347827,0.433333333333333,Neutral,-0.0828940715082016,-27.8736151977307,27.9565092692389
LANAO DEL SUR,2020,1,Q1,8081,22.2582417582418,25.7010989010989,19.5945054945055,483.2,483.2,685.0,901.609413888889,1774.59,320.34,16.0549450549451,33.2098901098901,734.53,21.9834126984127,-34.2164377220808,0.274829059829059,0.466666666666667,Neutral,0.0911108124966828,-27.9450894737984,28.0362002862951
LANAO DEL SUR,2020,2,Q2,8082,23.3197802197802,26.3087912087912,20.9340659340659,833.0,833.0,989.0,808.990411111111,1684.67,319.69,12.3263736263736,27.967032967033,1002.79,23.1858241758242,-16.931760388516,0.133956043956047,-0.0666666666666666,Neutral,0.103473449859321,-24.2503976639479,24.3538711138072
LANAO DEL SUR,2020,3,Q3,8083,22.8945652173913,25.6630434782609,20.7097826086957,1094.2,1094.2,1066.0,746.791216666667,1572.6,298.76,11.6630434782609,27.5217391304348,804.1,22.7769565217391,36.0776022882726,0.117608695652176,-0.633333333333333,La Niña,0.146408232468016,-11.7115343384908,11.8579425709588
LANAO DEL SUR,2020,4,Q4,8084,22.6663043478261,25.479347826087,20.5597826086956,875.1,875.1,1115.0,713.856397222222,1414.35,266.22,12.7217391304348,28.7804347826087,879.45,22.5646739130435,-0.494627323895619,0.10163043478261,-1.23333333333333,La Niña,0.157006058554973,-3.89130578655496,4.04831184510993
LANAO DEL SUR,2021,1,Q1,8085,22.1288888888889,25.0633333333333,19.7955555555556,814.5,814.5,997.0,721.348136111111,1486.93,271.23,14.3944444444444,31.29,734.53,21.9834126984127,10.8872340135869,0.145476190476188,-0.9,La Niña,0.124667841216755,7.38461214736197,7.50927998857872
LANAO DEL SUR,2021,2,Q2,8086,22.8417582417582,25.6791208791209,20.5615384615385,958.5,958.5,1097.0,766.569680555556,1578.02,297.22,11.6857142857143,26.9593406593407,1002.79,23.1858241758242,-4.41667746985909,-0.344065934065934,-0.533333333333333,La Niña,0.00516234671126002,10.5133828770262,10.5185452237375
LANAO DEL SUR,2021,3,Q3,8087,22.9739130434783,25.6826086956522,20.9282608695652,818.8,818.8,1036.0,779.216225,1640.88,310.85,13.3967391304348,29.5326086956522,804.1,22.7769565217391,1.82813082949881,0.196956521739128,-0.533333333333333,La Niña,0.024999303232998,1.95101501233276,1.97601431556575
LANAO DEL SUR,2021,4,Q4,8088,22.5641304347826,25.5728260869565,20.5097826086957,1105.8,1105.8,996.0,701.326163888889,1460.16,272.61,13.6663043478261,28.754347826087,879.45,22.5646739130435,25.7376769571891,-0.0005434782608695,-0.933333333333333,La Niña,-0.00054417502787185,8.50909108260395,8.50963525763182
LANAO DEL SUR,2022,1,Q1,8089,22.07,25.22,19.8466666666667,952.7,952.7,859.0,731.864652777778,1548.28,281.14,14.2111111111111,29.4188888888889,734.53,21.9834126984127,29.7019863041673,0.0865873015873006,-0.966666666666667,La Niña,-0.0152663972500937,13.212779155249,13.2280455524991
LANAO DEL SUR,2022,2,Q2,8090,22.6791208791209,25.5835164835165,20.4967032967033,1232.6,1232.6,1054.0,667.678569444445,1522.48,286.53,11.6802197802198,25.7692307692308,1002.79,23.1858241758242,22.9170613986976,-0.506703296703293,-1.0,La Niña,-0.0559257379094334,20.0462138723882,20.1021396102977
LANAO DEL SUR,2022,3,Q3,8091,22.8434782608696,25.829347826087,20.6728260869565,782.4,782.4,965.0,751.483816666667,1658.92,313.77,12.6032608695652,26.7369565217391,804.1,22.7769565217391,-2.69866931973636,0.0665217391304331,-0.9,La Niña,-0.0885344335616072,18.9145138350794,19.003048268641
LANAO DEL SUR,2022,4,Q4,8092,22.5032608695652,25.4336956521739,20.3663043478261,1076.0,1076.0,1041.0,685.574216666667,1434.54,269.29,12.5423913043478,26.475,879.45,22.5646739130435,22.3491955199272,-0.0614130434782573,-0.9,La Niña,-0.103751824865954,18.067393475764,18.1711453006299
LANAO DEL SUR,2023,1,Q1,8093,21.8655555555556,24.6933333333333,19.8166666666667,1188.6,1188.6,1161.0,614.863205555556,1394.47,250.54,14.7544444444444,29.8411111111111,734.53,21.9834126984127,61.8177610172491,-0.11785714285714,-0.4,Neutral,-0.154862935977064,26.0963371540344,26.2512000900115
LANAO DEL SUR,2023,2,Q2,8094,23.089010989011,26.0835164835165,20.821978021978,856.4,856.4,1017.0,779.115508333333,1707.9,322.82,12.2175824175824,25.8087912087912,1002.79,23.1858241758242,-14.5982708243999,-0.0968131868131862,0.5,El Niño,-0.0523904085045376,16.71750409826,16.7698945067646
LANAO DEL SUR,2023,3,Q3,8095,22.8684782608696,25.4869565217391,21.0402173913043,869.3,869.3,1053.0,752.877705555556,1657.82,309.13,15.0,30.9326086956522,804.1,22.7769565217391,8.1084442233553,0.0915217391304388,1.33333333333333,El Niño,-0.0461404085045362,19.4192824840329,19.4654228925375
LANAO DEL SUR,2023,4,Q4,8096,22.8304347826087,25.825,20.6304347826087,910.7,910.7,926.0,787.089741666667,1564.44,293.0,12.4369565217391,26.4423913043478,879.45,22.5646739130435,3.5533572118938,0.265760869565216,1.9,El Niño,0.0356530697563322,14.7203229070246,14.7559759767809
LANAO DEL SUR,2024,1,Q1,8097,22.3659340659341,25.5901098901099,20.0186813186813,450.3,450.3,708.0,838.146102777778,1703.36,304.91,17.0703296703297,33.2648351648352,734.53,21.9834126984127,-38.695492355656,0.382521367521363,1.46666666666667,El Niño,0.160747697350958,-10.4079904362017,10.5687381335527
LANAO DEL SUR,2024,2,Q2,8098,23.6087912087912,26.7681318681319,21.2285714285714,726.4,726.4,860.0,832.395575,1767.35,335.46,12.3230769230769,26.3747252747253,1002.79,23.1858241758242,-27.5621017361561,0.422967032967037,0.433333333333333,Neutral,0.290692752296014,-13.6489481641408,13.9396409164368
LANAO DEL SUR,2024,3,Q3,8099,23.0130434782609,25.825,21.0510869565217,904.1,904.1,985.0,738.438555555555,1632.98,308.83,13.9,29.4858695652174,804.1,22.7769565217391,12.4362641462505,0.236086956521739,-0.1,Neutral,0.326834056643839,-12.566993183417,12.8938272400608
LANAO DEL SUR,2024,4,Q4,8100,22.9022222222222,26.0461538461538,20.8736263736264,990.8,990.8,987.0,736.531205555556,1511.65,286.5,11.8868131868132,27.1142857142857,879.45,22.5646739130435,12.66132241742,0.337548309178743,-0.4,Neutral,0.34478091654722,-10.2900018820354,10.6347827985826
LANAO DEL SUR,2025,1,Q1,8101,22.5056179775281,25.9411111111111,20.5733333333333,876.9,876.9,912.0,714.705005555556,1495.12,276.76,12.5511111111111,29.1644444444444,734.53,21.9834126984127,19.3824622547752,0.52220527911539,-0.4,Neutral,0.379701894445727,4.22948677057237,4.60918866501809
LANAO DEL SUR,2025,2,Q2,8102,24.4648351648352,27.6824175824176,22.4769230769231,757.9,16.7,646.0,741.623708333333,1599.76,321.46,10.6208791208791,23.5175824175824,1002.79,23.1858241758242,-24.4208657844614,1.279010989011,-0.1,Neutral,0.593712883456717,5.01479575849606,5.60850864195278
LANAO DEL SUR,2025,3,Q3,8103,24.229347826087,27.0413043478261,22.5902173913043,727.0,33.7,591.0,665.984647222222,1562.7,321.02,11.4271739130435,21.145652173913,804.1,22.7769565217391,-9.58835965675911,1.45239130434783,-0.3,Neutral,0.897788970413239,-0.491360192256333,1.38914916266957
LANAO DEL SUR,2025,4,Q4,8104,24.0360655737705,26.8131147540984,22.5311475409836,505.7,33.7,413.0,457.092430555556,964.06,193.38,11.9737704918033,23.0295081967213,879.45,22.5646739130435,-42.4981522542498,1.47139166072701,-0.6,La Niña,1.18124980830031,-14.2812288601738,15.4624786684741
LEYTE,2010,1,Q1,8041,26.1838888888889,28.9416666666667,23.9477777777778,366.0,366.0,942.0,1857.44961944444,3530.79,731.7,14.3183333333333,37.5311111111111,1121.7,25.702021978022,-67.3709548007489,0.481866910866909,1.16666666666667,El Niño,0.481866910866909,-67.3709548007489,67.8528217116158
LEYTE,2010,2,Q2,8042,28.4972527472527,31.4857142857143,26.0917582417582,494.8,494.8,858.0,2064.71005,4251.41,907.39,11.0648351648352,31.2664835164835,962.68,27.7197252747253,-48.6018199193917,0.777527472527478,-0.166666666666667,Neutral,0.629697191697193,-57.9863873600703,58.6160845517675
LEYTE,2010,3,Q3,8043,27.2032608695652,29.7190217391304,25.4255434782609,1729.2,1729.2,2116.0,1749.24652777778,3584.79,731.01,9.99239130434782,28.2510869565217,1697.96,27.0954891304348,1.83985488468517,0.107771739130435,-1.3,La Niña,0.455722040841607,-38.0443066118185,38.5000286526601
LEYTE,2010,4,Q4,8044,26.5130434782609,28.7907608695652,24.9684782608696,1345.9,1345.9,2052.0,1627.57998333333,2890.46,585.08,11.6222826086957,32.2853260869565,1587.13,26.5401630434783,-15.1991330262801,-0.0271195652173901,-1.6,La Niña,0.335011639326858,-32.3330132154339,32.6680248547607
LEYTE,2011,1,Q1,8045,25.4227777777778,27.5466666666667,23.9988888888889,1728.9,1728.9,2002.0,1423.71091388889,2779.29,572.69,16.6272222222222,42.3572222222222,1121.7,25.702021978022,54.132120887938,-0.279244200244207,-1.16666666666667,La Niña,0.144733861549079,-1.95724429326218,2.10197815481126
LEYTE,2011,2,Q2,8046,26.8,29.1131868131868,24.9813186813187,1536.2,1536.2,1702.0,1677.53160277778,3476.19,710.07,12.5923076923077,33.8098901098901,962.68,27.7197252747253,59.5753521419371,-0.91972527472527,-0.566666666666667,La Niña,-0.279579325264108,25.08704872207,25.3666280473341
LEYTE,2011,3,Q3,8047,26.8880434782609,29.0027173913043,25.2472826086956,1484.6,1484.6,2149.0,1706.530375,3465.72,702.92,14.0021739130435,39.1353260869565,1697.96,27.0954891304348,-12.565667035737,-0.207445652173913,-0.633333333333333,La Niña,-0.358383673090195,21.4856682419645,21.8440519150547
LEYTE,2011,4,Q4,8048,26.5201086956522,28.8548913043478,24.9179347826087,1556.5,1556.5,1966.0,1695.33299166667,3031.11,611.12,12.5842391304348,35.9407608695652,1587.13,26.5401630434783,-1.92989862204105,-0.0200543478260861,-1.03333333333333,La Niña,-0.356617368742369,24.8029768430243,25.1595942117666
LEYTE,2012,1,Q1,8049,25.9076923076923,28.2923076923077,24.2164835164835,1334.7,1334.7,1765.0,1702.72499444444,3142.5,629.85,14.0802197802198,38.2428571428571,1121.7,25.702021978022,18.9890345012035,0.205670329670326,-0.733333333333333,La Niña,-0.235388736263736,16.0172052463406,16.2525939826044
LEYTE,2012,2,Q2,8050,27.4021978021978,29.9021978021978,25.4021978021978,897.1,897.1,1543.0,1886.43861666667,3852.93,787.46,11.139010989011,31.0373626373626,962.68,27.7197252747253,-6.81223251755515,-0.31752747252747,-0.266666666666667,Neutral,-0.0848392857142856,-0.579690918532417,0.664530204246703
LEYTE,2012,3,Q3,8051,26.8815217391304,29.0059782608696,25.3097826086956,1578.0,1578.0,2226.0,1622.60775,3392.13,692.7,14.2065217391304,39.2929347826087,1697.96,27.0954891304348,-7.06494852646704,-0.213967391304347,0.333333333333333,Neutral,-0.0864697204968943,0.795488708785071,0.881958429281966
LEYTE,2012,4,Q4,8052,26.5565217391304,28.9157608695652,24.8141304347826,1121.8,1121.8,1668.0,1747.38166388889,3146.56,640.53,13.891847826087,38.4777173913043,1587.13,26.5401630434783,-29.3189593795089,0.0163586956521726,0.0666666666666666,Neutral,-0.0773664596273296,-6.0517764805819,6.12914294020923
LEYTE,2013,1,Q1,8053,25.9783333333333,28.3005555555556,24.2316666666667,1184.4,1184.4,1496.0,1673.50458333333,3204.77,657.13,15.5711111111111,40.3116666666667,1121.7,25.702021978022,5.58972987429794,0.27631135531135,-0.366666666666667,Neutral,-0.0597062032170737,-9.4016026373083,9.46130884052537
LEYTE,2013,2,Q2,8054,27.8648351648352,30.521978021978,25.7450549450549,1081.7,1081.7,1383.0,1874.60478611111,3915.84,813.16,10.3637362637363,28.6373626373626,962.68,27.7197252747253,12.363402168945,0.145109890109893,-0.366666666666667,Neutral,0.055953137442267,-4.60769396568325,4.66364710312552
LEYTE,2013,3,Q3,8055,26.8739130434783,29.0684782608696,25.2315217391304,1875.7,1875.7,2442.0,1565.80564444444,3263.93,669.33,12.8135869565217,35.5532608695652,1697.96,27.0954891304348,10.4678555443002,-0.221576086956521,-0.333333333333333,Neutral,0.0540509635292237,-0.22449294799143,0.278543911520654
LEYTE,2013,4,Q4,8056,26.4146739130435,28.6592391304348,24.8065217391304,1016.5,1016.5,1794.0,1758.31248055556,3069.53,617.19,13.5592391304348,37.2434782608696,1587.13,26.5401630434783,-35.9535765816285,-0.125489130434779,-0.233333333333333,Neutral,0.0185890070074857,-1.88314724852131,1.9017362555288
LEYTE,2014,1,Q1,8057,25.2683333333333,27.5861111111111,23.4688888888889,791.3,791.3,1270.0,1641.49209166667,3192.13,667.18,17.4822222222222,42.7588888888889,1121.7,25.702021978022,-29.4552910760453,-0.433688644688651,-0.4,Neutral,-0.158910992992515,-10.6444024861071,10.8033134790996
LEYTE,2014,2,Q2,8058,27.7472527472527,30.2313186813187,25.6923076923077,1043.1,1043.1,1421.0,1906.64531111111,3897.71,803.43,11.0335164835165,30.217032967033,962.68,27.7197252747253,8.35376241326297,0.0275274725274776,0.133333333333333,Neutral,-0.188306597388118,-11.6468124250276,11.8351190224158
LEYTE,2014,3,Q3,8059,26.9869565217391,29.0695652173913,25.3891304347826,2115.4,2115.4,2220.0,1581.14442777778,3309.6,679.88,14.4358695652174,38.85,1697.96,27.0954891304348,24.5847958726943,-0.108532608695651,0.1,Neutral,-0.160045727822901,-8.11757734292912,8.27762307075202
LEYTE,2014,4,Q4,8060,26.3722826086956,28.5304347826087,24.8271739130435,1932.5,1932.5,1982.0,1606.00719444444,2895.27,593.05,14.4695652173913,38.5315217391304,1587.13,26.5401630434783,21.7606623275976,-0.16788043478261,0.6,El Niño,-0.170643553909859,6.3109823843774,6.48162593828726
LEYTE,2015,1,Q1,8061,25.4866666666667,27.9661111111111,23.5027777777778,743.1,743.1,985.0,1817.96822222222,3420.95,704.7,15.9144444444444,39.2811111111111,1121.7,25.702021978022,-33.7523401979139,-0.215355311355314,0.5,El Niño,-0.116060220576524,5.23672010391025,5.35278032448678
LEYTE,2015,2,Q2,8062,27.8049450549451,30.4796703296703,25.6483516483516,664.3,664.3,1120.0,1972.653525,4054.01,844.1,10.3324175824176,28.2417582417582,962.68,27.7197252747253,-30.9947230647775,0.0852197802197807,0.933333333333333,El Niño,-0.101637143653448,-4.60040126559987,4.70203840925331
LEYTE,2015,3,Q3,8063,27.154347826087,29.370652173913,25.5097826086957,1380.0,1380.0,2112.0,1837.04465,3637.84,739.86,13.491847826087,35.9336956521739,1697.96,27.0954891304348,-18.7260006124997,0.058858695652173,1.86666666666667,El Niño,-0.0597893175664925,-15.4281003868984,15.4878897044649
LEYTE,2015,4,Q4,8064,26.870652173913,29.1663043478261,25.1603260869565,817.9,817.9,1473.0,1802.96401388889,3233.25,661.45,14.1608695652174,38.6364130434783,1587.13,26.5401630434783,-48.4667292534323,0.330489130434785,2.53333333333333,El Niño,0.0648030737378562,-32.9849482821558,33.0497513558937
LEYTE,2016,1,Q1,8065,26.3725274725275,29.0494505494506,24.1741758241758,507.2,507.2,1025.0,1876.13541666667,3586.88,733.23,13.2703296703297,35.1296703296703,1121.7,25.702021978022,-54.7829187839886,0.670505494505495,2.06666666666667,El Niño,0.286268275203058,-38.2425929286745,38.5288612038776
LEYTE,2016,2,Q2,8066,28.317032967033,31.1131868131868,26.1054945054945,797.3,797.3,1290.0,1963.53816111111,4046.88,860.46,10.9027472527473,29.9934065934066,962.68,27.7197252747253,-17.1791249428678,0.597307692307695,0.4,Neutral,0.414290253225037,-34.7886933981971,35.2029836514221
LEYTE,2016,3,Q3,8067,27.45,29.6233695652174,25.8342391304348,1716.8,1716.8,2141.0,1730.23010277778,3488.14,715.71,13.1695652173913,36.4059782608696,1697.96,27.0954891304348,1.10956677424675,0.354510869565217,-0.5,La Niña,0.488203296703298,-29.8298015515105,30.3180048482138
LEYTE,2016,4,Q4,8068,26.6728260869565,28.8288043478261,25.1483695652174,1583.7,1583.7,2121.0,1618.40981666667,2881.08,587.87,13.5,37.6684782608696,1587.13,26.5401630434783,-0.21611336185442,0.132663043478264,-0.666666666666667,La Niña,0.438746774964168,-17.767147578616,18.2058943535802
LEYTE,2017,1,Q1,8069,25.4888888888889,28.2094444444444,23.4255555555556,1698.8,1698.8,2261.0,1472.87565833333,2793.7,560.14,13.8711111111111,50.7466666666667,1121.7,25.702021978022,51.4486939466881,-0.213133089133095,-0.133333333333333,Neutral,0.21783712905452,8.79075560405314,9.00859273310766
LEYTE,2017,2,Q2,8070,27.5071428571429,30.3961538461538,25.1384615384615,1329.4,1329.4,1712.0,1877.93726111111,3664.51,746.12,9.55494505494506,34.3532967032967,962.68,27.7197252747253,38.0936552125317,-0.212582417582411,0.266666666666667,Neutral,0.0153646015819939,22.608950642903,22.624315244485
LEYTE,2017,3,Q3,8071,27.1516304347826,29.7233695652174,25.2114130434783,1947.7,1947.7,2302.0,1508.37074722222,3040.27,623.07,9.53967391304348,36.3994565217391,1697.96,27.0954891304348,14.7082381210394,0.0561413043478253,-0.133333333333333,Neutral,-0.0592277897223541,26.0086184796012,26.0678462693235
LEYTE,2017,4,Q4,8072,26.4717391304348,29.0385869565217,24.5788043478261,2788.3,2788.3,2475.0,1361.82603333333,2533.98,516.75,11.7739130434783,48.0364130434783,1587.13,26.5401630434783,75.6818912124401,-0.0684239130434747,-0.833333333333333,La Niña,-0.109499528852789,44.9831196231748,45.0926191520276
LEYTE,2018,1,Q1,8073,25.7755555555556,28.5994444444444,23.5988888888889,2008.1,2008.1,2058.0,1481.18678055556,2862.13,573.66,12.1338888888889,46.5761111111111,1121.7,25.702021978022,79.0229116519568,0.0735335775335777,-0.833333333333333,La Niña,-0.0378328621861206,51.876674049492,51.9145069116781
LEYTE,2018,2,Q2,8074,27.4423076923077,30.4461538461538,24.9802197802198,965.1,965.1,1865.0,1871.37151944444,3637.06,742.65,10.3675824175824,38.1950549450549,962.68,27.7197252747253,0.251381559812199,-0.277417582417577,-0.233333333333333,Neutral,-0.0540416533949122,42.4161056363121,42.470147289707
LEYTE,2018,3,Q3,8075,27.0885869565217,29.6766304347826,25.1646739130435,1573.7,1573.7,2644.0,1581.68044444444,3189.46,651.01,11.6592391304348,47.2086956521739,1697.96,27.0954891304348,-7.3181935970223,-0.0069021739130405,0.266666666666667,Neutral,-0.0698025229601286,36.9094977067967,36.9793002297568
LEYTE,2018,4,Q4,8076,26.4190217391304,29.2777173913043,24.2179347826087,1783.2,1783.2,2493.0,1655.92641388889,2971.48,597.27,11.5478260869565,46.0358695652174,1587.13,26.5401630434783,12.353745439882,-0.12114130434782,0.833333333333333,El Niño,-0.0829818707862148,21.0774612636572,21.1604431344434
LEYTE,2019,1,Q1,8077,25.1355555555556,28.685,21.9966666666667,854.5,854.5,1509.0,1832.62959166667,3483.15,691.42,13.5872222222222,45.7227777777778,1121.7,25.702021978022,-23.8209860033877,-0.56646642246643,0.7,El Niño,-0.242981870786217,-4.63351315017894,4.87649502096516
LEYTE,2019,2,Q2,8078,27.8142857142857,31.1510989010989,24.9313186813187,817.8,817.8,1721.0,1916.97500277778,3785.73,789.05,10.4335164835165,35.582967032967,962.68,27.7197252747253,-15.0496530518968,0.0945604395604462,0.566666666666667,El Niño,-0.149987365291711,-8.45877180310619,8.6087591683979
LEYTE,2019,3,Q3,8079,27.2766304347826,29.7641304347826,25.2701086956522,1578.5,1578.5,2358.0,1464.75785833333,3092.3,640.31,12.0869565217391,47.4548913043478,1697.96,27.0954891304348,-7.03550142523969,0.181141304347825,0.2,Neutral,-0.102976495726494,-8.38809876016054,8.49107525588703
LEYTE,2019,4,Q4,8080,26.5907608695652,29.3923913043478,24.4565217391304,1925.0,1925.0,2331.0,1629.25669166667,2919.65,590.2,11.8826086956522,45.2505434782609,1587.13,26.5401630434783,21.2881112448256,0.0505978260869568,0.433333333333333,Neutral,-0.0600417131178004,-6.15450730892466,6.21454902204246
LEYTE,2020,1,Q1,8081,25.8769230769231,29.132967032967,23.2274725274725,1158.6,1158.6,1922.0,1785.71613888889,3363.28,676.91,13.3098901098901,46.2532967032967,1121.7,25.702021978022,3.28964963894088,0.174901098901099,0.466666666666667,Neutral,0.125300167224082,0.623151601657491,0.748451768881573
LEYTE,2020,2,Q2,8082,27.8692307692308,31.171978021978,25.0423076923077,1254.3,1254.3,1842.0,1943.22588611111,3787.43,787.31,10.9351648351648,37.6681318681319,962.68,27.7197252747253,30.2925167241451,0.149505494505497,-0.0666666666666666,Neutral,0.139036430960345,11.958694045668,12.0977304766283
LEYTE,2020,3,Q3,8083,27.4,30.1233695652174,25.1967391304348,1598.9,1598.9,2302.0,1557.57546666667,3171.26,653.18,8.95652173913044,33.2657608695652,1697.96,27.0954891304348,-5.83405969516359,0.304510869565217,-0.633333333333333,La Niña,0.169878822264693,12.259054478187,12.4289333004517
LEYTE,2020,4,Q4,8084,26.6407608695652,29.2663043478261,24.7315217391304,3118.5,3118.5,2846.0,1402.67065,2582.16,524.53,11.2157608695652,46.2646739130435,1587.13,26.5401630434783,96.4867402166174,0.100597826086957,-1.23333333333333,La Niña,0.182378822264693,31.0587117211349,31.2410905433996
LEYTE,2021,1,Q1,8085,25.8133333333333,28.4944444444444,23.6794444444444,2740.2,2740.2,2568.0,1429.71872777778,2781.13,557.2,12.1372222222222,47.0894444444444,1121.7,25.702021978022,144.289917090131,0.111311355311351,-0.9,La Niña,0.166481386367256,66.3087785839325,66.4752599702997
LEYTE,2021,2,Q2,8086,27.2972527472527,30.1659340659341,24.9417582417582,1486.3,1486.3,2277.0,1817.26584444444,3545.85,721.08,10.2802197802198,37.8032967032967,962.68,27.7197252747253,54.3919059292808,-0.422472527472522,-0.533333333333333,La Niña,0.0234868808727508,72.3336258852164,72.3571127660891
LEYTE,2021,3,Q3,8087,27.3733695652174,30.0054347826087,25.3451086956522,1847.1,1847.1,2419.0,1624.06777777778,3243.23,667.42,10.7755434782609,41.2891304347826,1697.96,27.0954891304348,8.78348135409551,0.27788043478261,-0.533333333333333,La Niña,0.016829272177099,75.9880111475312,76.0048404197083
LEYTE,2021,4,Q4,8088,26.4048913043478,29.1163043478261,24.3951086956522,2178.0,2178.0,2553.0,1387.44493055556,2702.53,547.53,12.1,42.9244565217391,1587.13,26.5401630434783,37.2288344370026,-0.135271739130434,-0.933333333333333,La Niña,-0.042138119127249,61.1735347026275,61.2156728217547
LEYTE,2022,1,Q1,8089,25.8377777777778,28.7233333333333,23.5727777777778,1417.6,1417.6,2239.0,1512.07062777778,3025.04,601.91,12.23,40.09,1121.7,25.702021978022,26.3796023892306,0.135755799755795,-0.966666666666667,La Niña,-0.0360270080161378,31.6959560274024,31.7319830354185
LEYTE,2022,2,Q2,8090,27.0708791208791,29.9752747252747,24.6681318681319,1640.0,1640.0,1973.0,1652.88560555556,3531.12,715.81,10.5368131868132,34.0532967032967,962.68,27.7197252747253,70.3577512776831,-0.648846153846151,-1.0,La Niña,-0.0926204146095451,35.687417364503,35.7800377791125
LEYTE,2022,3,Q3,8091,27.1146739130435,29.991847826087,24.9173913043478,1960.6,1960.6,2380.0,1556.90284444444,3333.93,679.59,9.73532608695652,32.9847826086957,1697.96,27.0954891304348,15.4679733327051,0.019184782608697,-0.9,La Niña,-0.157294327653023,37.3585403591554,37.5158346868084
LEYTE,2022,4,Q4,8092,26.5146739130435,29.2722826086957,24.4445652173913,2241.5,2241.5,2472.0,1393.425,2746.83,557.38,11.516847826087,39.8570652173913,1587.13,26.5401630434783,41.229766937806,-0.0254891304347779,-0.9,La Niña,-0.129848675479109,38.3587734843562,38.4886221598353
LEYTE,2023,1,Q1,8093,25.4894444444444,28.1944444444444,23.3361111111111,2785.5,2785.5,2515.0,1282.96211111111,2787.58,554.71,12.8138888888889,43.8122222222222,1121.7,25.702021978022,148.328430061514,-0.212577533577534,-0.4,Neutral,-0.216932008812441,68.845980402427,69.0629124112395
LEYTE,2023,2,Q2,8094,27.5456043956044,30.6846153846154,24.9527472527473,1331.4,1331.4,1854.0,1810.86221111111,3750.32,769.64,10.3120879120879,33.2538461538462,962.68,27.7197252747253,38.3014085677484,-0.174120879120871,0.5,El Niño,-0.0982506901311213,60.8318947249433,60.9301454150744
LEYTE,2023,3,Q3,8095,27.3701086956522,30.6798913043478,24.9005434782609,1561.8,1561.8,2067.0,1679.58852222222,3534.93,730.2,11.5880434782609,36.8989130434783,1697.96,27.0954891304348,-8.01903460623335,0.274619565217389,1.33333333333333,El Niño,-0.0343919944789484,54.9601427402087,54.9945347346876
LEYTE,2023,4,Q4,8096,26.5152173913044,30.0298913043478,23.9527173913044,1766.8,1766.8,2197.0,1623.81474722222,3042.54,615.34,9.90489130434783,33.8141304347826,1587.13,26.5401630434783,11.3204337388872,-0.0249456521739084,1.9,El Niño,-0.034256124913731,47.482809440479,47.5170655653927
LEYTE,2024,1,Q1,8097,25.867032967033,29.8983516483516,22.5357142857143,1224.4,1224.4,1852.0,1762.40963888889,3454.05,705.52,12.6598901098901,37.5714285714286,1121.7,25.702021978022,9.15574574306856,0.165010989010987,1.46666666666667,El Niño,0.0601410057333993,12.6896383608677,12.7497793666011
LEYTE,2024,2,Q2,8098,28.2714285714286,32.4879120879121,24.6994505494505,917.2,917.2,1405.0,1923.21434722222,4016.98,862.88,11.1071428571429,32.6818681318681,962.68,27.7197252747253,-4.72431129762745,0.551703296703298,0.433333333333333,Neutral,0.241597049689442,1.93320839452373,2.17480544421317
LEYTE,2024,3,Q3,8099,27.3619565217391,30.5065217391304,24.9907608695652,2070.7,2070.7,2266.0,1540.48238611111,3332.47,689.68,10.5326086956522,34.2875,1697.96,27.0954891304348,21.9522250229687,0.266467391304349,-0.1,Neutral,0.239559006211182,9.42602330182426,9.66558230803544
LEYTE,2024,4,Q4,8100,26.5411111111111,29.9472527472527,24.1,2583.0,2583.0,2190.0,1395.33756666667,2765.47,566.0,10.5796703296703,36.7076923076923,1587.13,26.5401630434783,62.7465929066932,0.0009480676328514,-0.4,Neutral,0.246032436162872,22.2825630937758,22.5285955299386
LEYTE,2025,1,Q1,8101,25.5949438202247,28.9766666666667,23.1311111111111,2346.1,2346.1,2377.0,1375.77000833333,2810.27,560.24,10.395,36.5016666666667,1121.7,25.702021978022,109.155745743069,-0.107078157797261,-0.4,Neutral,0.17801014946081,47.2825630937758,47.4605732432366
LEYTE,2025,2,Q2,8102,28.7642857142857,32.3197802197802,25.989010989011,570.3,9.6,1093.0,1788.58446111111,3616.26,773.82,10.5769230769231,30.5631868131868,962.68,27.7197252747253,-40.7591307599618,1.04456043956045,-0.1,Neutral,0.301224435175097,38.2738582281922,38.5750826633673
LEYTE,2025,3,Q3,8103,28.3673913043478,31.2972826086956,26.0858695652174,1285.7,186.3,1606.0,1382.72270277778,3060.62,655.49,11.6271739130435,28.4538043478261,1697.96,27.0954891304348,-24.2797239039789,1.27190217391304,-0.3,Neutral,0.552583130827271,26.7158709964553,27.2684541272825
LEYTE,2025,4,Q4,8104,28.5516393442623,31.8819672131148,26.0172131147541,686.4,305.5,695.0,996.141491666667,1919.94,417.01,10.6639344262295,27.3295081967213,1587.13,26.5401630434783,-56.7521249047022,2.01147630078403,-0.6,La Niña,1.05521518911507,-3.15880845639357,4.21402364550864
MAGUINDANAO DEL NORTE,2010,1,Q1,8041,27.1244444444444,30.4233333333333,24.4011111111111,254.0,254.0,412.0,928.359497222222,1837.01,383.7,9.33222222222222,31.82,460.32,26.7526642246642,-44.8209940910671,0.371780219780216,1.16666666666667,El Niño,0.371780219780216,-44.8209940910671,45.1927743108473
MAGUINDANAO DEL NORTE,2010,2,Q2,8042,27.5725274725275,30.6120879120879,25.3527472527473,498.7,498.7,696.0,926.508908333333,1818.48,376.18,7.91428571428571,26.8131868131868,607.12,27.1498901098901,-17.8580840690473,0.42263736263736,-0.166666666666667,Neutral,0.397208791208788,-31.3395390800572,31.736747871266
MAGUINDANAO DEL NORTE,2010,3,Q3,8043,26.7489130434783,29.5978260869565,24.7358695652174,579.0,579.0,835.0,875.622202777778,1730.29,352.07,7.80760869565217,25.1152173913043,626.28,26.4509782608696,-7.54933895382257,0.297934782608692,-1.3,La Niña,0.364117455008756,-23.4094723713123,23.7735898263211
MAGUINDANAO DEL NORTE,2010,4,Q4,8044,26.554347826087,29.45,24.5510869565217,494.7,494.7,688.0,875.854311111111,1607.15,326.35,7.76195652173913,27.3826086956522,520.59,26.7022826086957,-4.97320348066615,-0.14793478260869,-1.6,La Niña,0.236104395604395,-18.8004051486508,19.0365095442552
MAGUINDANAO DEL NORTE,2011,1,Q1,8045,26.1477777777778,29.0888888888889,24.1477777777778,718.9,718.9,781.0,785.047175,1561.98,316.01,7.37888888888889,28.1277777777778,460.32,26.7526642246642,56.1739659367397,-0.604886446886447,-1.16666666666667,La Niña,-0.00806227106227108,6.44833485830091,6.45639712936318
MAGUINDANAO DEL NORTE,2011,2,Q2,8046,26.5241758241758,29.0571428571429,24.6945054945055,732.9,732.9,907.0,791.887855555555,1543.76,313.52,8.29450549450549,26.7516483516484,607.12,27.1498901098901,20.7174858347608,-0.625714285714292,-0.566666666666667,La Niña,-0.270150183150184,16.0922273342529,16.3623775174031
MAGUINDANAO DEL NORTE,2011,3,Q3,8047,26.1608695652174,28.5380434782609,24.3130434782609,475.7,475.7,842.0,833.568394444444,1575.62,315.76,9.88152173913043,28.4945652173913,626.28,26.4509782608696,-24.0435587915948,-0.290108695652172,-0.633333333333333,La Niña,-0.4171610527154,11.9686723748099,12.3858334275253
MAGUINDANAO DEL NORTE,2011,4,Q4,8048,26.5478260869565,29.3413043478261,24.425,478.6,478.6,658.0,832.179313888889,1572.05,319.61,7.45652173913043,27.3195652173913,520.59,26.7022826086957,-8.06584836435581,-0.154456521739128,-1.03333333333333,La Niña,-0.41879148749801,11.1955111538875,11.6143026413855
MAGUINDANAO DEL NORTE,2012,1,Q1,8049,26.478021978022,29.5626373626374,24.2340659340659,512.7,512.7,598.0,858.947425,1650.44,337.08,8.77142857142857,31.0285714285714,460.32,26.7526642246642,11.3790406673618,-0.274642246642252,-0.733333333333333,La Niña,-0.336230437436961,-0.00322016345698284,0.339450600893944
MAGUINDANAO DEL NORTE,2012,2,Q2,8050,26.6021978021978,29.3736263736264,24.6131868131868,483.0,483.0,709.0,855.604572222222,1679.09,339.61,9.01318681318681,28.3142857142857,607.12,27.1498901098901,-20.4440637765186,-0.547692307692309,-0.266666666666667,Neutral,-0.316724942931465,-10.2936075662769,10.6103325092083
MAGUINDANAO DEL NORTE,2012,3,Q3,8051,26.1097826086956,28.4032608695652,24.3054347826087,797.1,797.1,986.0,809.794416666667,1560.93,312.2,10.4554347826087,29.6782608695652,626.28,26.4509782608696,27.2753401034681,-0.341195652173919,0.333333333333333,Neutral,-0.329496682061902,2.53611715748887,2.86561383955078
MAGUINDANAO DEL NORTE,2012,4,Q4,8052,26.5141304347826,29.2619565217391,24.3989130434783,579.4,579.4,600.0,875.686988888889,1608.85,325.48,8.15978260869565,28.8630434782609,520.59,26.7022826086957,11.2967978639621,-0.188152173913039,0.0666666666666666,Neutral,-0.33792059510538,7.37677871456834,7.71469930967372
MAGUINDANAO DEL NORTE,2013,1,Q1,8053,26.4922222222222,29.2733333333333,24.34,635.1,635.1,701.0,802.905647222222,1604.96,326.91,7.80666666666667,26.9611111111111,460.32,26.7526642246642,37.9692387904067,-0.260442002442001,-0.366666666666667,Neutral,-0.334370534055317,14.0243282453295,14.3586987793849
MAGUINDANAO DEL NORTE,2013,2,Q2,8054,27.0252747252747,29.8406593406593,25.0021978021978,622.3,622.3,789.0,829.876702777778,1662.19,340.72,7.88791208791209,25.9483516483517,607.12,27.1498901098901,2.50032942416655,-0.124615384615385,-0.366666666666667,Neutral,-0.228601303286086,19.7604265455008,19.9890278487869
MAGUINDANAO DEL NORTE,2013,3,Q3,8055,26.1619565217391,28.6304347826087,24.3097826086956,688.3,688.3,902.0,798.196241666667,1571.92,316.76,9.31413043478261,27.3434782608696,626.28,26.4509782608696,9.90291882225203,-0.28902173913044,-0.333333333333333,Neutral,-0.215557825025217,15.4173212251968,15.632879050222
MAGUINDANAO DEL NORTE,2013,4,Q4,8056,26.3108695652174,28.8641304347826,24.2913043478261,666.1,666.1,779.0,826.855988888889,1512.32,305.56,8.56521739130435,27.7608695652174,520.59,26.7022826086957,27.9509786972474,-0.391413043478259,-0.233333333333333,Neutral,-0.266373042416522,19.5808664335182,19.8472394759347
MAGUINDANAO DEL NORTE,2014,1,Q1,8057,26.1622222222222,28.7877777777778,24.0988888888889,598.6,598.6,688.0,810.162011111111,1590.54,321.9,7.38111111111111,26.0677777777778,460.32,26.7526642246642,30.0399721932569,-0.590442002442003,-0.4,Neutral,-0.348873042416522,17.5985497842307,17.9474228266472
MAGUINDANAO DEL NORTE,2014,2,Q2,8058,27.0472527472527,29.7,25.0791208791209,464.8,464.8,757.0,861.370188888889,1690.05,344.83,8.77362637362637,26.8472527472527,607.12,27.1498901098901,-23.441823692186,-0.102637362637363,0.133333333333333,Neutral,-0.343378536922017,11.1130115051426,11.4563900420646
MAGUINDANAO DEL NORTE,2014,3,Q3,8059,26.2,28.4608695652174,24.4086956521739,589.8,589.8,944.0,788.807263888889,1546.73,311.66,10.6239130434783,29.4521739130435,626.28,26.4509782608696,-5.82487066487833,-0.250978260869569,0.1,Neutral,-0.333867667356799,7.18106413335997,7.51493180071677
MAGUINDANAO DEL NORTE,2014,4,Q4,8060,26.5195652173913,29.0934782608696,24.5315217391304,434.0,434.0,769.0,853.148366666667,1545.85,313.63,9.39782608695652,28.5869565217391,520.59,26.7022826086957,-16.6330509614092,-0.182717391304344,0.6,El Niño,-0.28169375431332,-3.96494328130417,4.24663703561749
MAGUINDANAO DEL NORTE,2015,1,Q1,8061,26.6566666666667,29.5866666666667,24.1511111111111,277.0,277.0,482.0,937.548416666667,1816.41,372.44,8.26777777777778,29.1022222222222,460.32,26.7526642246642,-39.824469933959,-0.0959975579975633,0.5,El Niño,-0.15808264320221,-21.4310538131081,21.5891364563103
MAGUINDANAO DEL NORTE,2015,2,Q2,8062,26.9857142857143,29.5076923076923,25.0296703296703,690.0,690.0,867.0,882.086686111111,1695.78,347.79,10.2274725274725,28.0659340659341,607.12,27.1498901098901,13.6513374621162,-0.164175824175828,0.933333333333333,El Niño,-0.173467258586826,-12.1577635245326,12.3312307831194
MAGUINDANAO DEL NORTE,2015,3,Q3,8063,26.1684782608696,28.4304347826087,24.345652173913,745.3,745.3,870.0,819.728566666667,1551.1,311.45,10.420652173913,29.2152173913043,626.28,26.4509782608696,19.0042792361244,-0.282500000000002,1.86666666666667,El Niño,-0.181347693369434,-5.95047604928188,6.13182374265131
MAGUINDANAO DEL NORTE,2015,4,Q4,8064,26.8663043478261,29.6358695652174,24.6304347826087,374.2,374.2,587.0,937.517205555556,1701.22,345.16,8.69673913043478,29.3619565217391,520.59,26.7022826086957,-28.1200176722565,0.164021739130433,2.53333333333333,El Niño,-0.0946629107607402,-8.8222177269937,8.91688063775445
MAGUINDANAO DEL NORTE,2016,1,Q1,8065,27.8241758241758,31.2417582417582,24.9978021978022,139.3,139.3,375.0,994.179555555556,1948.2,417.92,10.8868131868132,32.5956043956044,460.32,26.7526642246642,-69.7384428223844,1.0715115995116,2.06666666666667,El Niño,0.19721437861655,-16.3007109491001,16.4979253277166
MAGUINDANAO DEL NORTE,2016,2,Q2,8066,27.6032967032967,30.4846153846154,25.4978021978022,572.2,572.2,761.0,894.043802777778,1765.2,365.71,8.81868131868132,27.478021978022,607.12,27.1498901098901,-5.75174594808274,0.453406593406591,0.4,Neutral,0.351609983012155,-21.1514818016498,21.503091784662
MAGUINDANAO DEL NORTE,2016,3,Q3,8067,26.7608695652174,29.2413043478261,24.8576086956522,576.5,576.5,825.0,873.935513888889,1682.46,340.15,10.3445652173913,29.2282608695652,626.28,26.4509782608696,-7.94852142811522,0.309891304347822,-0.5,La Niña,0.499707809099111,-27.8896819677097,28.3893897768088
MAGUINDANAO DEL NORTE,2016,4,Q4,8068,26.670652173913,29.154347826087,24.8402173913043,769.7,769.7,923.0,782.781183333333,1457.52,297.65,7.74347826086956,26.5076086956522,520.59,26.7022826086957,47.8514762096852,-0.0316304347826097,-0.666666666666667,La Niña,0.45079476562085,-8.8968084972243,9.34760326284515
MAGUINDANAO DEL NORTE,2017,1,Q1,8069,26.66,30.3377777777778,24.1933333333333,626.6,626.6,573.0,793.361288888889,1603.86,342.59,13.6888888888889,34.9411111111111,460.32,26.7526642246642,36.1226972540841,-0.0926642246642259,-0.133333333333333,Neutral,0.159750809576894,17.5684765218928,17.7282273314697
MAGUINDANAO DEL NORTE,2017,2,Q2,8070,27.1615384615385,30.6879120879121,24.7813186813187,909.0,909.0,905.0,886.582466666667,1755.92,360.94,12.0725274725275,30.1,607.12,27.1498901098901,49.7232837000922,0.0116483516483469,0.266666666666667,Neutral,0.0493112491373333,31.4372339339366,31.4865451830739
MAGUINDANAO DEL NORTE,2017,3,Q3,8071,26.6923913043478,29.9728260869565,24.4478260869565,723.9,723.9,931.0,807.070019444444,1615.1,330.84,12.4630434782609,30.9413043478261,626.28,26.4509782608696,15.5872772561793,0.241413043478253,-0.133333333333333,Neutral,0.0321916839199412,37.3211836050102,37.3533752889302
MAGUINDANAO DEL NORTE,2017,4,Q4,8072,26.795652173913,30.0695652173913,24.5565217391304,618.4,618.4,792.0,791.089505555556,1534.52,317.94,13.645652173913,35.0369565217391,520.59,26.7022826086957,18.7882978927755,0.0933695652173902,-0.833333333333333,La Niña,0.0634416839199412,30.0553890257828,30.1188307097027
MAGUINDANAO DEL NORTE,2018,1,Q1,8073,26.8422222222222,30.6455555555556,24.11,488.9,488.9,526.0,864.509219444444,1749.16,366.32,12.8633333333333,32.1322222222222,460.32,26.7526642246642,6.20872436565867,0.0895579975579963,-0.833333333333333,La Niña,0.108997239475497,22.5768958036764,22.6858930431519
MAGUINDANAO DEL NORTE,2018,2,Q2,8074,27.2769230769231,30.9769230769231,24.7461538461538,598.6,598.6,735.0,904.999761111111,1818.71,376.82,12.9483516483516,31.9021978021978,607.12,27.1498901098901,-1.40334694953221,0.127032967032967,-0.233333333333333,Neutral,0.137843393321652,9.79523814127033,9.93308153459198
MAGUINDANAO DEL NORTE,2018,3,Q3,8075,26.6315217391304,29.5010869565217,24.4630434782609,563.9,563.9,1055.0,876.868388888889,1712.98,345.39,15.4130434782609,37.9108695652174,626.28,26.4509782608696,-9.96040109855017,0.180543478260866,0.266666666666667,Neutral,0.122626002017305,3.40831855258795,3.53094455460526
MAGUINDANAO DEL NORTE,2018,4,Q4,8076,27.0184782608696,30.829347826087,24.4184782608696,390.5,390.5,712.0,908.552794444444,1768.84,366.23,12.825,33.3434782608696,520.59,26.7022826086957,-24.9889548397011,0.316195652173913,0.833333333333333,El Niño,0.178332523756436,-7.5359946305312,7.71432715428764
MAGUINDANAO DEL NORTE,2019,1,Q1,8077,27.1388888888889,31.5433333333333,23.9622222222222,352.1,352.1,462.0,897.930811111111,1844.84,412.6,14.9933333333333,37.2011111111111,460.32,26.7526642246642,-23.5097323600973,0.386224664224663,0.7,El Niño,0.252499190423102,-14.9656088119702,15.2181080023933
MAGUINDANAO DEL NORTE,2019,2,Q2,8078,27.7,31.6065934065934,25.0296703296703,499.7,499.7,813.0,918.018138888889,1870.05,395.63,13.7615384615385,33.6252747252747,607.12,27.1498901098901,-17.6933719857689,0.550109890109887,0.566666666666667,El Niño,0.358268421192332,-19.0381150710294,19.3963834922217
MAGUINDANAO DEL NORTE,2019,3,Q3,8079,26.875,30.2771739130435,24.3402173913043,523.3,523.3,911.0,853.911397222222,1732.6,360.79,14.5608695652174,35.8,626.28,26.4509782608696,-16.4431244810628,0.424021739130431,0.2,Neutral,0.419137986409724,-20.6587959166575,21.0779339030672
MAGUINDANAO DEL NORTE,2019,4,Q4,8080,27.225,31.2826086956522,24.4576086956522,400.3,400.3,690.0,912.387325,1764.87,374.9,14.0086956521739,34.3076086956522,520.59,26.7022826086957,-23.1064753452813,0.522717391304351,0.433333333333333,Neutral,0.470768421192333,-20.1881760430526,20.6589444642449
MAGUINDANAO DEL NORTE,2020,1,Q1,8081,27.9659340659341,33.0186813186813,24.6626373626374,410.1,410.1,551.0,939.276161111111,1896.28,440.6,15.8021978021978,38.2186813186813,460.32,26.7526642246642,-10.9098018769552,1.21326984126984,0.466666666666667,Neutral,0.677529715453628,-17.038193422267,17.7157231377207
MAGUINDANAO DEL NORTE,2020,2,Q2,8082,27.8351648351648,32.1846153846154,24.9384615384615,637.5,637.5,913.0,887.515877777778,1828.01,393.06,14.0626373626374,34.5571428571429,607.12,27.1498901098901,5.00395308999868,0.685274725274727,-0.0666666666666666,Neutral,0.711320924244838,-11.3638621533251,12.07518307757
MAGUINDANAO DEL NORTE,2020,3,Q3,8083,27.0,30.6217391304348,24.4934782608696,666.4,666.4,927.0,849.435158333333,1742.48,358.31,12.7728260869565,31.9521739130435,626.28,26.4509782608696,6.40608034744843,0.549021739130431,-0.633333333333333,La Niña,0.742570924244838,-5.65156094619734,6.39413187044218
MAGUINDANAO DEL NORTE,2020,4,Q4,8084,26.7184782608696,30.3163043478261,24.3467391304348,797.2,797.2,969.0,793.111736111111,1574.86,323.39,12.3728260869565,31.4413043478261,520.59,26.7022826086957,53.1339441787203,0.0161956521739128,-1.23333333333333,La Niña,0.615940489462228,13.4085439348031,14.0244844242653
MAGUINDANAO DEL NORTE,2021,1,Q1,8085,26.6033333333333,30.5577777777778,23.8877777777778,526.8,526.8,755.0,808.066730555556,1665.37,346.49,12.4544444444444,32.2977777777778,460.32,26.7526642246642,14.4421272158498,-0.149330891330894,-0.9,La Niña,0.275290306312044,19.7465262080043,20.0218165143164
MAGUINDANAO DEL NORTE,2021,2,Q2,8086,27.0879120879121,30.6505494505494,24.5373626373626,708.1,708.1,952.0,842.512713888889,1753.8,364.26,13.5857142857143,33.1736263736264,607.12,27.1498901098901,16.6326261694558,-0.0619780219780246,-0.533333333333333,La Niña,0.0884771194988563,22.6536944778686,22.7421715973675
MAGUINDANAO DEL NORTE,2021,3,Q3,8087,27.0228260869565,30.6652173913043,24.4532608695652,597.0,597.0,942.0,868.650272222222,1769.08,365.58,13.1934782608696,32.6608695652174,626.28,26.4509782608696,-4.6752251389155,0.571847826086952,-0.533333333333333,La Niña,0.0941836412379864,19.8833681062776,19.9775517475156
MAGUINDANAO DEL NORTE,2021,4,Q4,8088,26.5717391304348,30.7760869565217,24.0391304347826,925.5,925.5,818.0,792.80345,1657.22,340.89,12.3434782608696,30.3880434782609,520.59,26.7022826086957,77.7790583760733,-0.130543478260865,-0.933333333333333,La Niña,0.0574988586292919,26.0446466556159,26.1021455142452
MAGUINDANAO DEL NORTE,2022,1,Q1,8089,26.4877777777778,31.06,23.7233333333333,699.3,699.3,703.0,784.500105555555,1744.75,364.13,13.5622222222222,31.8522222222222,460.32,26.7526642246642,51.9160583941606,-0.264886446886447,-0.966666666666667,La Niña,0.0286099697404039,35.4131294501936,35.441739419934
MAGUINDANAO DEL NORTE,2022,2,Q2,8090,26.5505494505495,30.8593406593407,23.9648351648352,1119.6,1119.6,1023.0,799.807208333333,1798.23,365.29,12.8934065934066,30.943956043956,607.12,27.1498901098901,84.4116484385294,-0.599340659340662,-1.0,La Niña,-0.105730689600255,52.357885017462,52.4636157070622
MAGUINDANAO DEL NORTE,2022,3,Q3,8091,26.6152173913043,30.5945652173913,23.9358695652174,764.1,764.1,909.0,835.06485,1804.01,368.73,12.8391304347826,30.2760869565217,626.28,26.4509782608696,22.0061314428051,0.16423913043478,-0.9,La Niña,-0.207632863513298,59.0282241628921,59.2358570264054
MAGUINDANAO DEL NORTE,2022,4,Q4,8092,26.5184782608696,30.6967391304348,23.9782608695652,771.1,771.1,849.0,765.676275,1669.09,342.06,12.8010869565217,30.8184782608696,520.59,26.7022826086957,48.1204018517452,-0.183804347826086,-0.9,La Niña,-0.220948080904604,51.6135600318101,51.8345081127147
MAGUINDANAO DEL NORTE,2023,1,Q1,8093,26.1466666666667,30.4811111111111,23.5311111111111,825.1,825.1,858.0,739.386077777778,1671.52,341.15,11.9522222222222,28.98,460.32,26.7526642246642,79.2448731317345,-0.605997557997561,-0.4,Neutral,-0.306225858682383,58.4457637162035,58.7519895748859
MAGUINDANAO DEL NORTE,2023,2,Q2,8094,27.1131868131868,31.1087912087912,24.354945054945,854.9,854.9,916.0,866.786091666667,1863.41,384.17,13.9461538461538,32.0208791208791,607.12,27.1498901098901,40.8123599947292,-0.0367032967033011,0.5,El Niño,-0.165566518023042,47.5459416052535,47.7115081232765
MAGUINDANAO DEL NORTE,2023,3,Q3,8095,26.7402173913043,30.4934782608696,24.0260869565217,680.7,680.7,955.0,839.072513888889,1761.15,362.56,14.9184782608696,34.3228260869565,626.28,26.4509782608696,8.68940410040239,0.28923913043478,1.33333333333333,El Niño,-0.134316518023042,44.2167597696528,44.3510762876758
MAGUINDANAO DEL NORTE,2023,4,Q4,8096,27.0358695652174,31.7532608695652,23.970652173913,566.0,566.0,715.0,875.319113888889,1812.58,376.23,12.904347826087,30.5391304347826,520.59,26.7022826086957,8.72279528995949,0.333586956521746,1.9,El Niño,-0.0049686919360843,34.3673581292064,34.3723268211425
MAGUINDANAO DEL NORTE,2024,1,Q1,8097,27.5549450549451,32.7065934065934,23.9494505494505,398.6,398.6,486.0,908.841302777778,1947.17,429.89,15.0747252747253,34.1142857142857,460.32,26.7526642246642,-13.4080639555092,0.802280830280825,1.46666666666667,El Niño,0.347100905133512,11.2041238573955,11.551224762529
MAGUINDANAO DEL NORTE,2024,2,Q2,8098,27.8725274725275,32.7912087912088,24.6021978021978,750.2,750.2,770.0,908.553344444444,1961.55,418.74,13.6373626373626,31.4582417582418,607.12,27.1498901098901,23.5670048754777,0.722637362637364,0.433333333333333,Neutral,0.536936069968679,6.89278507758259,7.42972114755126
MAGUINDANAO DEL NORTE,2024,3,Q3,8099,26.8021739130435,30.8586956521739,24.0934782608696,762.7,762.7,1002.0,815.671836111111,1757.77,363.1,14.0858695652174,32.1478260869565,626.28,26.4509782608696,21.7825892572013,0.35119565217391,-0.1,Neutral,0.552425200403461,10.1660813667823,10.7185065671858
MAGUINDANAO DEL NORTE,2024,4,Q4,8100,26.8188888888889,31.3637362637363,23.9989010989011,794.7,794.7,852.0,815.032738888889,1695.64,351.35,13.621978021978,31.5406593406593,520.59,26.7022826086957,52.653719817899,0.116606280193235,-0.4,Neutral,0.498180031321334,21.1488124987672,21.6469925300885
MAGUINDANAO DEL NORTE,2025,1,Q1,8101,26.4696629213483,31.51,23.5155555555556,750.6,750.6,699.0,773.989430555556,1703.14,354.39,13.93,32.6055555555556,460.32,26.7526642246642,63.0604796663191,-0.283001303315906,-0.4,Neutral,0.226859497922151,40.2659484042242,40.4928079021464
MAGUINDANAO DEL NORTE,2025,2,Q2,8102,28.3626373626374,31.5615384615385,26.2241758241758,716.4,4.3,675.0,855.527091666667,1871.49,396.31,14.3285714285714,26.8956043956044,607.12,27.1498901098901,17.9997364606667,1.21274725274725,-0.1,Neutral,0.349386970449622,38.8741313005215,39.2235182709711
MAGUINDANAO DEL NORTE,2025,3,Q3,8103,28.0108695652174,29.2402173913043,26.8163043478261,933.4,37.0,942.0,818.285213888889,1868.21,390.11,16.8010869565217,26.3021739130435,626.28,26.4509782608696,49.0387686019033,1.55989130434782,-0.3,Neutral,0.6515608834931,45.688176136697,46.3397370201901
MAGUINDANAO DEL NORTE,2025,4,Q4,8104,28.1918032786885,29.6540983606557,26.8918032786885,561.2,3.3,551.0,549.17675,1205.87,251.96,15.4524590163934,23.8704918032787,520.59,26.7022826086957,7.80076451718245,1.48952066999287,-0.6,La Niña,0.99478948094301,34.4749373115179,35.4697267924609
MAGUINDANAO DEL SUR,2010,1,Q1,8041,27.1244444444444,30.4233333333333,24.4011111111111,254.0,254.0,412.0,928.359497222222,1837.01,383.7,9.33222222222222,31.82,460.32,26.7526642246642,-44.8209940910671,0.371780219780216,1.16666666666667,El Niño,0.371780219780216,-44.8209940910671,45.1927743108473
MAGUINDANAO DEL SUR,2010,2,Q2,8042,27.5725274725275,30.6120879120879,25.3527472527473,498.7,498.7,696.0,926.508908333333,1818.48,376.18,7.91428571428571,26.8131868131868,607.12,27.1498901098901,-17.8580840690473,0.42263736263736,-0.166666666666667,Neutral,0.397208791208788,-31.3395390800572,31.736747871266
MAGUINDANAO DEL SUR,2010,3,Q3,8043,26.7489130434783,29.5978260869565,24.7358695652174,579.0,579.0,835.0,875.622202777778,1730.29,352.07,7.80760869565217,25.1152173913043,626.28,26.4509782608696,-7.54933895382257,0.297934782608692,-1.3,La Niña,0.364117455008756,-23.4094723713123,23.7735898263211
MAGUINDANAO DEL SUR,2010,4,Q4,8044,26.554347826087,29.45,24.5510869565217,494.7,494.7,688.0,875.854311111111,1607.15,326.35,7.76195652173913,27.3826086956522,520.59,26.7022826086957,-4.97320348066615,-0.14793478260869,-1.6,La Niña,0.236104395604395,-18.8004051486508,19.0365095442552
MAGUINDANAO DEL SUR,2011,1,Q1,8045,26.1477777777778,29.0888888888889,24.1477777777778,718.9,718.9,781.0,785.047175,1561.98,316.01,7.37888888888889,28.1277777777778,460.32,26.7526642246642,56.1739659367397,-0.604886446886447,-1.16666666666667,La Niña,-0.00806227106227108,6.44833485830091,6.45639712936318
MAGUINDANAO DEL SUR,2011,2,Q2,8046,26.5241758241758,29.0571428571429,24.6945054945055,732.9,732.9,907.0,791.887855555555,1543.76,313.52,8.29450549450549,26.7516483516484,607.12,27.1498901098901,20.7174858347608,-0.625714285714292,-0.566666666666667,La Niña,-0.270150183150184,16.0922273342529,16.3623775174031
MAGUINDANAO DEL SUR,2011,3,Q3,8047,26.1608695652174,28.5380434782609,24.3130434782609,475.7,475.7,842.0,833.568394444444,1575.62,315.76,9.88152173913043,28.4945652173913,626.28,26.4509782608696,-24.0435587915948,-0.290108695652172,-0.633333333333333,La Niña,-0.4171610527154,11.9686723748099,12.3858334275253
MAGUINDANAO DEL SUR,2011,4,Q4,8048,26.5478260869565,29.3413043478261,24.425,478.6,478.6,658.0,832.179313888889,1572.05,319.61,7.45652173913043,27.3195652173913,520.59,26.7022826086957,-8.06584836435581,-0.154456521739128,-1.03333333333333,La Niña,-0.41879148749801,11.1955111538875,11.6143026413855
MAGUINDANAO DEL SUR,2012,1,Q1,8049,26.478021978022,29.5626373626374,24.2340659340659,512.7,512.7,598.0,858.947425,1650.44,337.08,8.77142857142857,31.0285714285714,460.32,26.7526642246642,11.3790406673618,-0.274642246642252,-0.733333333333333,La Niña,-0.336230437436961,-0.00322016345698284,0.339450600893944
MAGUINDANAO DEL SUR,2012,2,Q2,8050,26.6021978021978,29.3736263736264,24.6131868131868,483.0,483.0,709.0,855.604572222222,1679.09,339.61,9.01318681318681,28.3142857142857,607.12,27.1498901098901,-20.4440637765186,-0.547692307692309,-0.266666666666667,Neutral,-0.316724942931465,-10.2936075662769,10.6103325092083
MAGUINDANAO DEL SUR,2012,3,Q3,8051,26.1097826086956,28.4032608695652,24.3054347826087,797.1,797.1,986.0,809.794416666667,1560.93,312.2,10.4554347826087,29.6782608695652,626.28,26.4509782608696,27.2753401034681,-0.341195652173919,0.333333333333333,Neutral,-0.329496682061902,2.53611715748887,2.86561383955078
MAGUINDANAO DEL SUR,2012,4,Q4,8052,26.5141304347826,29.2619565217391,24.3989130434783,579.4,579.4,600.0,875.686988888889,1608.85,325.48,8.15978260869565,28.8630434782609,520.59,26.7022826086957,11.2967978639621,-0.188152173913039,0.0666666666666666,Neutral,-0.33792059510538,7.37677871456834,7.71469930967372
MAGUINDANAO DEL SUR,2013,1,Q1,8053,26.4922222222222,29.2733333333333,24.34,635.1,635.1,701.0,802.905647222222,1604.96,326.91,7.80666666666667,26.9611111111111,460.32,26.7526642246642,37.9692387904067,-0.260442002442001,-0.366666666666667,Neutral,-0.334370534055317,14.0243282453295,14.3586987793849
MAGUINDANAO DEL SUR,2013,2,Q2,8054,27.0252747252747,29.8406593406593,25.0021978021978,622.3,622.3,789.0,829.876702777778,1662.19,340.72,7.88791208791209,25.9483516483517,607.12,27.1498901098901,2.50032942416655,-0.124615384615385,-0.366666666666667,Neutral,-0.228601303286086,19.7604265455008,19.9890278487869
MAGUINDANAO DEL SUR,2013,3,Q3,8055,26.1619565217391,28.6304347826087,24.3097826086956,688.3,688.3,902.0,798.196241666667,1571.92,316.76,9.31413043478261,27.3434782608696,626.28,26.4509782608696,9.90291882225203,-0.28902173913044,-0.333333333333333,Neutral,-0.215557825025217,15.4173212251968,15.632879050222
MAGUINDANAO DEL SUR,2013,4,Q4,8056,26.3108695652174,28.8641304347826,24.2913043478261,666.1,666.1,779.0,826.855988888889,1512.32,305.56,8.56521739130435,27.7608695652174,520.59,26.7022826086957,27.9509786972474,-0.391413043478259,-0.233333333333333,Neutral,-0.266373042416522,19.5808664335182,19.8472394759347
MAGUINDANAO DEL SUR,2014,1,Q1,8057,26.1622222222222,28.7877777777778,24.0988888888889,598.6,598.6,688.0,810.162011111111,1590.54,321.9,7.38111111111111,26.0677777777778,460.32,26.7526642246642,30.0399721932569,-0.590442002442003,-0.4,Neutral,-0.348873042416522,17.5985497842307,17.9474228266472
MAGUINDANAO DEL SUR,2014,2,Q2,8058,27.0472527472527,29.7,25.0791208791209,464.8,464.8,757.0,861.370188888889,1690.05,344.83,8.77362637362637,26.8472527472527,607.12,27.1498901098901,-23.441823692186,-0.102637362637363,0.133333333333333,Neutral,-0.343378536922017,11.1130115051426,11.4563900420646
MAGUINDANAO DEL SUR,2014,3,Q3,8059,26.2,28.4608695652174,24.4086956521739,589.8,589.8,944.0,788.807263888889,1546.73,311.66,10.6239130434783,29.4521739130435,626.28,26.4509782608696,-5.82487066487833,-0.250978260869569,0.1,Neutral,-0.333867667356799,7.18106413335997,7.51493180071677
MAGUINDANAO DEL SUR,2014,4,Q4,8060,26.5195652173913,29.0934782608696,24.5315217391304,434.0,434.0,769.0,853.148366666667,1545.85,313.63,9.39782608695652,28.5869565217391,520.59,26.7022826086957,-16.6330509614092,-0.182717391304344,0.6,El Niño,-0.28169375431332,-3.96494328130417,4.24663703561749
MAGUINDANAO DEL SUR,2015,1,Q1,8061,26.6566666666667,29.5866666666667,24.1511111111111,277.0,277.0,482.0,937.548416666667,1816.41,372.44,8.26777777777778,29.1022222222222,460.32,26.7526642246642,-39.824469933959,-0.0959975579975633,0.5,El Niño,-0.15808264320221,-21.4310538131081,21.5891364563103
MAGUINDANAO DEL SUR,2015,2,Q2,8062,26.9857142857143,29.5076923076923,25.0296703296703,690.0,690.0,867.0,882.086686111111,1695.78,347.79,10.2274725274725,28.0659340659341,607.12,27.1498901098901,13.6513374621162,-0.164175824175828,0.933333333333333,El Niño,-0.173467258586826,-12.1577635245326,12.3312307831194
MAGUINDANAO DEL SUR,2015,3,Q3,8063,26.1684782608696,28.4304347826087,24.345652173913,745.3,745.3,870.0,819.728566666667,1551.1,311.45,10.420652173913,29.2152173913043,626.28,26.4509782608696,19.0042792361244,-0.282500000000002,1.86666666666667,El Niño,-0.181347693369434,-5.95047604928188,6.13182374265131
MAGUINDANAO DEL SUR,2015,4,Q4,8064,26.8663043478261,29.6358695652174,24.6304347826087,374.2,374.2,587.0,937.517205555556,1701.22,345.16,8.69673913043478,29.3619565217391,520.59,26.7022826086957,-28.1200176722565,0.164021739130433,2.53333333333333,El Niño,-0.0946629107607402,-8.8222177269937,8.91688063775445
MAGUINDANAO DEL SUR,2016,1,Q1,8065,27.8241758241758,31.2417582417582,24.9978021978022,139.3,139.3,375.0,994.179555555556,1948.2,417.92,10.8868131868132,32.5956043956044,460.32,26.7526642246642,-69.7384428223844,1.0715115995116,2.06666666666667,El Niño,0.19721437861655,-16.3007109491001,16.4979253277166
MAGUINDANAO DEL SUR,2016,2,Q2,8066,27.6032967032967,30.4846153846154,25.4978021978022,572.2,572.2,761.0,894.043802777778,1765.2,365.71,8.81868131868132,27.478021978022,607.12,27.1498901098901,-5.75174594808274,0.453406593406591,0.4,Neutral,0.351609983012155,-21.1514818016498,21.503091784662
MAGUINDANAO DEL SUR,2016,3,Q3,8067,26.7608695652174,29.2413043478261,24.8576086956522,576.5,576.5,825.0,873.935513888889,1682.46,340.15,10.3445652173913,29.2282608695652,626.28,26.4509782608696,-7.94852142811522,0.309891304347822,-0.5,La Niña,0.499707809099111,-27.8896819677097,28.3893897768088
MAGUINDANAO DEL SUR,2016,4,Q4,8068,26.670652173913,29.154347826087,24.8402173913043,769.7,769.7,923.0,782.781183333333,1457.52,297.65,7.74347826086956,26.5076086956522,520.59,26.7022826086957,47.8514762096852,-0.0316304347826097,-0.666666666666667,La Niña,0.45079476562085,-8.8968084972243,9.34760326284515
MAGUINDANAO DEL SUR,2017,1,Q1,8069,26.66,30.3377777777778,24.1933333333333,626.6,626.6,573.0,793.361288888889,1603.86,342.59,13.6888888888889,34.9411111111111,460.32,26.7526642246642,36.1226972540841,-0.0926642246642259,-0.133333333333333,Neutral,0.159750809576894,17.5684765218928,17.7282273314697
MAGUINDANAO DEL SUR,2017,2,Q2,8070,27.1615384615385,30.6879120879121,24.7813186813187,909.0,909.0,905.0,886.582466666667,1755.92,360.94,12.0725274725275,30.1,607.12,27.1498901098901,49.7232837000922,0.0116483516483469,0.266666666666667,Neutral,0.0493112491373333,31.4372339339366,31.4865451830739
MAGUINDANAO DEL SUR,2017,3,Q3,8071,26.6923913043478,29.9728260869565,24.4478260869565,723.9,723.9,931.0,807.070019444444,1615.1,330.84,12.4630434782609,30.9413043478261,626.28,26.4509782608696,15.5872772561793,0.241413043478253,-0.133333333333333,Neutral,0.0321916839199412,37.3211836050102,37.3533752889302
MAGUINDANAO DEL SUR,2017,4,Q4,8072,26.795652173913,30.0695652173913,24.5565217391304,618.4,618.4,792.0,791.089505555556,1534.52,317.94,13.645652173913,35.0369565217391,520.59,26.7022826086957,18.7882978927755,0.0933695652173902,-0.833333333333333,La Niña,0.0634416839199412,30.0553890257828,30.1188307097027
MAGUINDANAO DEL SUR,2018,1,Q1,8073,26.8422222222222,30.6455555555556,24.11,488.9,488.9,526.0,864.509219444444,1749.16,366.32,12.8633333333333,32.1322222222222,460.32,26.7526642246642,6.20872436565867,0.0895579975579963,-0.833333333333333,La Niña,0.108997239475497,22.5768958036764,22.6858930431519
MAGUINDANAO DEL SUR,2018,2,Q2,8074,27.2769230769231,30.9769230769231,24.7461538461538,598.6,598.6,735.0,904.999761111111,1818.71,376.82,12.9483516483516,31.9021978021978,607.12,27.1498901098901,-1.40334694953221,0.127032967032967,-0.233333333333333,Neutral,0.137843393321652,9.79523814127033,9.93308153459198
MAGUINDANAO DEL SUR,2018,3,Q3,8075,26.6315217391304,29.5010869565217,24.4630434782609,563.9,563.9,1055.0,876.868388888889,1712.98,345.39,15.4130434782609,37.9108695652174,626.28,26.4509782608696,-9.96040109855017,0.180543478260866,0.266666666666667,Neutral,0.122626002017305,3.40831855258795,3.53094455460526
MAGUINDANAO DEL SUR,2018,4,Q4,8076,27.0184782608696,30.829347826087,24.4184782608696,390.5,390.5,712.0,908.552794444444,1768.84,366.23,12.825,33.3434782608696,520.59,26.7022826086957,-24.9889548397011,0.316195652173913,0.833333333333333,El Niño,0.178332523756436,-7.5359946305312,7.71432715428764
MAGUINDANAO DEL SUR,2019,1,Q1,8077,27.1388888888889,31.5433333333333,23.9622222222222,352.1,352.1,462.0,897.930811111111,1844.84,412.6,14.9933333333333,37.2011111111111,460.32,26.7526642246642,-23.5097323600973,0.386224664224663,0.7,El Niño,0.252499190423102,-14.9656088119702,15.2181080023933
MAGUINDANAO DEL SUR,2019,2,Q2,8078,27.7,31.6065934065934,25.0296703296703,499.7,499.7,813.0,918.018138888889,1870.05,395.63,13.7615384615385,33.6252747252747,607.12,27.1498901098901,-17.6933719857689,0.550109890109887,0.566666666666667,El Niño,0.358268421192332,-19.0381150710294,19.3963834922217
MAGUINDANAO DEL SUR,2019,3,Q3,8079,26.875,30.2771739130435,24.3402173913043,523.3,523.3,911.0,853.911397222222,1732.6,360.79,14.5608695652174,35.8,626.28,26.4509782608696,-16.4431244810628,0.424021739130431,0.2,Neutral,0.419137986409724,-20.6587959166575,21.0779339030672
MAGUINDANAO DEL SUR,2019,4,Q4,8080,27.225,31.2826086956522,24.4576086956522,400.3,400.3,690.0,912.387325,1764.87,374.9,14.0086956521739,34.3076086956522,520.59,26.7022826086957,-23.1064753452813,0.522717391304351,0.433333333333333,Neutral,0.470768421192333,-20.1881760430526,20.6589444642449
MAGUINDANAO DEL SUR,2020,1,Q1,8081,27.9659340659341,33.0186813186813,24.6626373626374,410.1,410.1,551.0,939.276161111111,1896.28,440.6,15.8021978021978,38.2186813186813,460.32,26.7526642246642,-10.9098018769552,1.21326984126984,0.466666666666667,Neutral,0.677529715453628,-17.038193422267,17.7157231377207
MAGUINDANAO DEL SUR,2020,2,Q2,8082,27.8351648351648,32.1846153846154,24.9384615384615,637.5,637.5,913.0,887.515877777778,1828.01,393.06,14.0626373626374,34.5571428571429,607.12,27.1498901098901,5.00395308999868,0.685274725274727,-0.0666666666666666,Neutral,0.711320924244838,-11.3638621533251,12.07518307757
MAGUINDANAO DEL SUR,2020,3,Q3,8083,27.0,30.6217391304348,24.4934782608696,666.4,666.4,927.0,849.435158333333,1742.48,358.31,12.7728260869565,31.9521739130435,626.28,26.4509782608696,6.40608034744843,0.549021739130431,-0.633333333333333,La Niña,0.742570924244838,-5.65156094619734,6.39413187044218
MAGUINDANAO DEL SUR,2020,4,Q4,8084,26.7184782608696,30.3163043478261,24.3467391304348,797.2,797.2,969.0,793.111736111111,1574.86,323.39,12.3728260869565,31.4413043478261,520.59,26.7022826086957,53.1339441787203,0.0161956521739128,-1.23333333333333,La Niña,0.615940489462228,13.4085439348031,14.0244844242653
MAGUINDANAO DEL SUR,2021,1,Q1,8085,26.6033333333333,30.5577777777778,23.8877777777778,526.8,526.8,755.0,808.066730555556,1665.37,346.49,12.4544444444444,32.2977777777778,460.32,26.7526642246642,14.4421272158498,-0.149330891330894,-0.9,La Niña,0.275290306312044,19.7465262080043,20.0218165143164
MAGUINDANAO DEL SUR,2021,2,Q2,8086,27.0879120879121,30.6505494505494,24.5373626373626,708.1,708.1,952.0,842.512713888889,1753.8,364.26,13.5857142857143,33.1736263736264,607.12,27.1498901098901,16.6326261694558,-0.0619780219780246,-0.533333333333333,La Niña,0.0884771194988563,22.6536944778686,22.7421715973675
MAGUINDANAO DEL SUR,2021,3,Q3,8087,27.0228260869565,30.6652173913043,24.4532608695652,597.0,597.0,942.0,868.650272222222,1769.08,365.58,13.1934782608696,32.6608695652174,626.28,26.4509782608696,-4.6752251389155,0.571847826086952,-0.533333333333333,La Niña,0.0941836412379864,19.8833681062776,19.9775517475156
MAGUINDANAO DEL SUR,2021,4,Q4,8088,26.5717391304348,30.7760869565217,24.0391304347826,925.5,925.5,818.0,792.80345,1657.22,340.89,12.3434782608696,30.3880434782609,520.59,26.7022826086957,77.7790583760733,-0.130543478260865,-0.933333333333333,La Niña,0.0574988586292919,26.0446466556159,26.1021455142452
MAGUINDANAO DEL SUR,2022,1,Q1,8089,26.4877777777778,31.06,23.7233333333333,699.3,699.3,703.0,784.500105555555,1744.75,364.13,13.5622222222222,31.8522222222222,460.32,26.7526642246642,51.9160583941606,-0.264886446886447,-0.966666666666667,La Niña,0.0286099697404039,35.4131294501936,35.441739419934
MAGUINDANAO DEL SUR,2022,2,Q2,8090,26.5505494505495,30.8593406593407,23.9648351648352,1119.6,1119.6,1023.0,799.807208333333,1798.23,365.29,12.8934065934066,30.943956043956,607.12,27.1498901098901,84.4116484385294,-0.599340659340662,-1.0,La Niña,-0.105730689600255,52.357885017462,52.4636157070622
MAGUINDANAO DEL SUR,2022,3,Q3,8091,26.6152173913043,30.5945652173913,23.9358695652174,764.1,764.1,909.0,835.06485,1804.01,368.73,12.8391304347826,30.2760869565217,626.28,26.4509782608696,22.0061314428051,0.16423913043478,-0.9,La Niña,-0.207632863513298,59.0282241628921,59.2358570264054
MAGUINDANAO DEL SUR,2022,4,Q4,8092,26.5184782608696,30.6967391304348,23.9782608695652,771.1,771.1,849.0,765.676275,1669.09,342.06,12.8010869565217,30.8184782608696,520.59,26.7022826086957,48.1204018517452,-0.183804347826086,-0.9,La Niña,-0.220948080904604,51.6135600318101,51.8345081127147
MAGUINDANAO DEL SUR,2023,1,Q1,8093,26.1466666666667,30.4811111111111,23.5311111111111,825.1,825.1,858.0,739.386077777778,1671.52,341.15,11.9522222222222,28.98,460.32,26.7526642246642,79.2448731317345,-0.605997557997561,-0.4,Neutral,-0.306225858682383,58.4457637162035,58.7519895748859
MAGUINDANAO DEL SUR,2023,2,Q2,8094,27.1131868131868,31.1087912087912,24.354945054945,854.9,854.9,916.0,866.786091666667,1863.41,384.17,13.9461538461538,32.0208791208791,607.12,27.1498901098901,40.8123599947292,-0.0367032967033011,0.5,El Niño,-0.165566518023042,47.5459416052535,47.7115081232765
MAGUINDANAO DEL SUR,2023,3,Q3,8095,26.7402173913043,30.4934782608696,24.0260869565217,680.7,680.7,955.0,839.072513888889,1761.15,362.56,14.9184782608696,34.3228260869565,626.28,26.4509782608696,8.68940410040239,0.28923913043478,1.33333333333333,El Niño,-0.134316518023042,44.2167597696528,44.3510762876758
MAGUINDANAO DEL SUR,2023,4,Q4,8096,27.0358695652174,31.7532608695652,23.970652173913,566.0,566.0,715.0,875.319113888889,1812.58,376.23,12.904347826087,30.5391304347826,520.59,26.7022826086957,8.72279528995949,0.333586956521746,1.9,El Niño,-0.0049686919360843,34.3673581292064,34.3723268211425
MAGUINDANAO DEL SUR,2024,1,Q1,8097,27.5549450549451,32.7065934065934,23.9494505494505,398.6,398.6,486.0,908.841302777778,1947.17,429.89,15.0747252747253,34.1142857142857,460.32,26.7526642246642,-13.4080639555092,0.802280830280825,1.46666666666667,El Niño,0.347100905133512,11.2041238573955,11.551224762529
MAGUINDANAO DEL SUR,2024,2,Q2,8098,27.8725274725275,32.7912087912088,24.6021978021978,750.2,750.2,770.0,908.553344444444,1961.55,418.74,13.6373626373626,31.4582417582418,607.12,27.1498901098901,23.5670048754777,0.722637362637364,0.433333333333333,Neutral,0.536936069968679,6.89278507758259,7.42972114755126
MAGUINDANAO DEL SUR,2024,3,Q3,8099,26.8021739130435,30.8586956521739,24.0934782608696,762.7,762.7,1002.0,815.671836111111,1757.77,363.1,14.0858695652174,32.1478260869565,626.28,26.4509782608696,21.7825892572013,0.35119565217391,-0.1,Neutral,0.552425200403461,10.1660813667823,10.7185065671858
MAGUINDANAO DEL SUR,2024,4,Q4,8100,26.8188888888889,31.3637362637363,23.9989010989011,794.7,794.7,852.0,815.032738888889,1695.64,351.35,13.621978021978,31.5406593406593,520.59,26.7022826086957,52.653719817899,0.116606280193235,-0.4,Neutral,0.498180031321334,21.1488124987672,21.6469925300885
MAGUINDANAO DEL SUR,2025,1,Q1,8101,26.4696629213483,31.51,23.5155555555556,750.6,750.6,699.0,773.989430555556,1703.14,354.39,13.93,32.6055555555556,460.32,26.7526642246642,63.0604796663191,-0.283001303315906,-0.4,Neutral,0.226859497922151,40.2659484042242,40.4928079021464
MAGUINDANAO DEL SUR,2025,2,Q2,8102,28.3626373626374,31.5615384615385,26.2241758241758,716.4,4.3,675.0,855.527091666667,1871.49,396.31,14.3285714285714,26.8956043956044,607.12,27.1498901098901,17.9997364606667,1.21274725274725,-0.1,Neutral,0.349386970449622,38.8741313005215,39.2235182709711
MAGUINDANAO DEL SUR,2025,3,Q3,8103,28.0108695652174,29.2402173913043,26.8163043478261,933.4,37.0,942.0,818.285213888889,1868.21,390.11,16.8010869565217,26.3021739130435,626.28,26.4509782608696,49.0387686019033,1.55989130434782,-0.3,Neutral,0.6515608834931,45.688176136697,46.3397370201901
MAGUINDANAO DEL SUR,2025,4,Q4,8104,28.1918032786885,29.6540983606557,26.8918032786885,561.2,3.3,551.0,549.17675,1205.87,251.96,15.4524590163934,23.8704918032787,520.59,26.7022826086957,7.80076451718245,1.48952066999287,-0.6,La Niña,0.99478948094301,34.4749373115179,35.4697267924609
MASBATE,2010,1,Q1,8041,26.4066666666667,28.81,24.81,83.4,83.4,248.0,939.955547222222,1805.87,398.93,21.5177777777778,37.5,318.78,25.84057997558,-73.8377564464521,0.566086691086685,1.16666666666667,El Niño,0.566086691086685,-73.8377564464521,74.4038431375388
MASBATE,2010,2,Q2,8042,28.532967032967,31.110989010989,26.5659340659341,260.0,260.0,436.0,1035.12143611111,2112.37,464.13,15.3384615384615,28.4615384615385,446.42,27.8325274725275,-41.75888177053,0.700439560439566,-0.166666666666667,Neutral,0.633263125763126,-57.798319108491,58.4315822342542
MASBATE,2010,3,Q3,8043,27.3891304347826,29.379347826087,25.8608695652174,816.1,816.1,1117.0,850.473452777778,1698.99,352.28,12.9532608695652,25.2619565217391,795.61,27.1564130434783,2.57538241098026,0.232717391304352,-1.3,La Niña,0.499747880943534,-37.6737519353339,38.1734998162775
MASBATE,2010,4,Q4,8044,26.6478260869565,28.3989130434783,25.4423913043478,688.1,688.1,996.0,817.133519444444,1434.5,295.15,17.3065217391304,31.429347826087,603.94,26.6603260869565,13.9351591217671,-0.0124999999999992,-1.6,La Niña,0.371685910707651,-24.7715241710587,25.1432100817663
MASBATE,2011,1,Q1,8045,25.5255555555556,27.1911111111111,24.4933333333333,576.7,576.7,652.0,737.7036,1409.07,302.91,23.7722222222222,41.8133333333333,318.78,25.84057997558,80.9084635171592,-0.315024420024418,-1.16666666666667,La Niña,0.151408132929875,13.9150308198441,14.066438952774
MASBATE,2011,2,Q2,8046,26.9197802197802,28.7813186813187,25.5659340659341,652.6,652.6,818.0,842.296236111111,1715.78,356.54,16.7802197802198,31.5054945054945,446.42,27.8325274725275,46.1852067559697,-0.912747252747252,-0.566666666666667,La Niña,-0.251888570366829,35.9010529514691,36.1529415218359
MASBATE,2011,3,Q3,8047,27.0369565217391,28.7304347826087,25.7076086956522,822.2,822.2,1054.0,833.006347222222,1674.03,349.23,19.4054347826087,36.8684782608696,795.61,27.1564130434783,3.34208971732382,-0.119456521739131,-0.633333333333333,La Niña,-0.3399320486277,36.0927297780549,36.4326618266826
MASBATE,2011,4,Q4,8048,26.6858695652174,28.4597826086957,25.4880434782609,512.6,512.6,840.0,859.100805555556,1518.56,310.66,18.125,33.4804347826087,603.94,26.6603260869565,-15.124018942279,0.0255434782608716,-1.03333333333333,La Niña,-0.330421179062482,28.8279352620434,29.1583564411059
MASBATE,2012,1,Q1,8049,26.0571428571429,27.9351648351648,24.9087912087912,423.6,423.6,624.0,876.631413888889,1615.57,330.7,21.4758241758242,37.8384615384615,318.78,25.84057997558,32.8816111424807,0.216562881562876,-0.733333333333333,La Niña,-0.197524353665659,16.8212221683738,17.0187465220395
MASBATE,2012,2,Q2,8050,27.5296703296703,29.421978021978,26.0714285714286,484.5,484.5,783.0,915.887494444444,1863.51,386.15,15.3978021978022,29.5835164835165,446.42,27.8325274725275,8.53008377760854,-0.302857142857142,-0.266666666666667,Neutral,-0.0450518261931316,7.40744142378351,7.45249324997664
MASBATE,2012,3,Q3,8051,27.004347826087,28.7521739130435,25.6804347826087,718.8,718.8,1077.0,811.983113888889,1646.54,345.03,18.7521739130435,37.0521739130435,795.61,27.1564130434783,-9.6542275738113,-0.1520652173913,0.333333333333333,Neutral,-0.0532040001061738,4.15836210099973,4.21156610110591
MASBATE,2012,4,Q4,8052,26.7630434782609,28.5076086956522,25.5891304347826,409.1,409.1,562.0,897.559461111111,1585.84,332.7,20.9923913043478,37.6902173913044,603.94,26.6603260869565,-32.2614829287677,0.102717391304349,0.0666666666666666,Neutral,-0.0339105218453044,-0.12600389562245,0.159914417467754
MASBATE,2013,1,Q1,8053,26.0377777777778,27.8677777777778,24.8455555555556,431.8,431.8,433.0,857.522713888889,1632.18,343.0,22.7144444444444,39.47,318.78,25.84057997558,35.4539180626137,0.197197802197802,-0.366666666666667,Neutral,-0.0387517916865728,0.517072834410799,0.555824626097372
MASBATE,2013,2,Q2,8054,27.9186813186813,29.9857142857143,26.367032967033,568.3,568.3,829.0,903.756288888889,1883.23,397.13,14.4175824175824,26.9659340659341,446.42,27.8325274725275,27.3016441915685,0.0861538461538486,-0.366666666666667,Neutral,0.058500955566175,5.20996293790078,5.26846389346696
MASBATE,2013,3,Q3,8055,26.9826086956522,28.7489130434783,25.6239130434783,960.4,960.4,1227.0,769.295216666667,1566.45,328.38,17.1902173913043,33.2978260869565,795.61,27.1564130434783,20.7124093462877,-0.173804347826088,-0.333333333333333,Neutral,0.0530661729574779,12.8016221679255,12.854688340883
MASBATE,2013,4,Q4,8056,26.6304347826087,28.3380434782609,25.4880434782609,390.4,390.4,728.0,906.123594444444,1570.67,322.39,20.1695652173913,36.6217391304348,603.94,26.6603260869565,-35.3578170016889,-0.0298913043478279,-0.233333333333333,Neutral,0.0199139990444337,12.0275386496953,12.0474526487397
MASBATE,2014,1,Q1,8057,25.4633333333333,27.4722222222222,24.1044444444444,211.3,211.3,308.0,850.464983333333,1644.8,363.54,23.0888888888889,40.14,318.78,25.84057997558,-33.7160424116946,-0.377246642246647,-0.4,Neutral,-0.123697112066679,-5.26495146888182,5.38864858094849
MASBATE,2014,2,Q2,8058,27.8593406593407,29.8692307692308,26.2813186813187,577.6,577.6,751.0,951.875380555556,1918.97,400.92,15.3824175824176,28.3032967032967,446.42,27.8325274725275,29.3848841897765,0.026813186813186,0.133333333333333,Neutral,-0.138532276901844,-4.74414146932982,4.88267374623167
MASBATE,2014,3,Q3,8059,27.1336956521739,28.8358695652174,25.8630434782609,955.2,955.2,1047.0,772.582194444444,1609.61,339.18,18.8173913043478,35.4826086956522,795.61,27.1564130434783,20.0588227900605,-0.0227173913043401,0.1,Neutral,-0.100760537771407,-4.90753810838664,5.00829864615805
MASBATE,2014,4,Q4,8060,26.4478260869565,28.0576086956522,25.325,848.1,848.1,850.0,788.019333333333,1400.37,291.24,20.2152173913043,36.6434782608696,603.94,26.6603260869565,40.4278570718946,-0.212499999999998,0.6,El Niño,-0.14641271168445,14.0388804100092,14.1852931216937
MASBATE,2015,1,Q1,8061,25.6577777777778,27.7433333333333,24.2611111111111,177.6,177.6,250.0,927.630319444444,1718.51,374.47,22.2011111111111,38.9,318.78,25.84057997558,-44.2875964615095,-0.182802197802207,0.5,El Niño,-0.0978016005733399,11.3959918975555,11.4937934981288
MASBATE,2015,2,Q2,8062,27.8417582417582,30.0945054945055,26.1450549450549,432.2,432.2,592.0,969.7943,1982.91,421.39,14.5054945054945,26.6703296703297,446.42,27.8325274725275,-3.18534115855024,0.0092307692307684,0.933333333333333,El Niño,-0.102197204968944,3.25343556047382,3.35563276544277
MASBATE,2015,3,Q3,8063,27.3097826086956,29.15,25.9347826086956,637.1,637.1,1053.0,931.485952777778,1745.72,361.37,16.4521739130435,32.454347826087,795.61,27.1564130434783,-19.9230778899209,0.153369565217389,1.86666666666667,El Niño,-0.0581754658385121,-6.74203960952153,6.80021507536004
MASBATE,2015,4,Q4,8064,27.0184782608696,28.8771739130435,25.7358695652174,301.1,301.1,491.0,896.997858333333,1606.45,340.34,20.2260869565217,36.8847826086957,603.94,26.6603260869565,-50.1440540451038,0.358152173913044,2.53333333333333,El Niño,0.0844875776397486,-29.3850173887711,29.4695049664109
MASBATE,2016,1,Q1,8065,26.4208791208791,28.6571428571429,24.9021978021978,102.1,102.1,267.0,947.752780555556,1825.1,385.75,20.9120879120879,36.7021978021978,318.78,25.84057997558,-67.9716418846854,0.580299145299144,2.06666666666667,El Niño,0.275262913415086,-35.3060287445651,35.5812916579802
MASBATE,2016,2,Q2,8066,28.4769230769231,30.9296703296703,26.6010989010989,392.4,392.4,646.0,985.840069444444,1997.78,440.15,15.1384615384615,27.5923076923077,446.42,27.8325274725275,-12.1007123336768,0.644395604395609,0.4,Neutral,0.434054122206296,-37.5348715383467,37.968925660553
MASBATE,2016,3,Q3,8067,27.5913043478261,29.3260869565217,26.225,803.4,803.4,1062.0,833.983663888889,1659.63,350.3,17.0869565217391,33.3076086956522,795.61,27.1564130434783,0.979122937117427,0.434891304347829,-0.5,La Niña,0.504434556988906,-32.3093213315871,32.813755888576
MASBATE,2016,4,Q4,8068,26.7913043478261,28.445652173913,25.654347826087,708.9,708.9,861.0,807.867008333333,1418.96,295.42,19.7402173913043,35.85,603.94,26.6603260869565,17.3792098552836,0.130978260869568,-0.666666666666667,La Niña,0.447641078728037,-15.4285053564903,15.8761464352183
MASBATE,2017,1,Q1,8069,25.4655555555556,27.7511111111111,23.9655555555556,499.0,499.0,784.0,829.881577777778,1530.59,316.02,21.8111111111111,48.1811111111111,318.78,25.84057997558,56.5342869690696,-0.375024420024417,-0.133333333333333,Neutral,0.208810187397147,15.6979768569485,15.9067870443456
MASBATE,2017,2,Q2,8070,27.6175824175824,30.4681318681319,25.4714285714286,458.8,458.8,692.0,986.578586111111,1904.12,394.89,13.5186813186813,32.9945054945055,446.42,27.8325274725275,2.77317324492631,-0.214945054945058,0.266666666666667,Neutral,-0.00602497743801943,19.4164482515992,19.4224732290373
MASBATE,2017,3,Q3,8071,26.9967391304348,29.4586956521739,25.1869565217391,892.4,892.4,1076.0,748.364372222222,1491.77,309.96,13.6673913043478,32.8347826086957,795.61,27.1564130434783,12.1655082263923,-0.15967391304348,-0.133333333333333,Neutral,-0.154666281785847,22.213044573918,22.3677108557038
MASBATE,2017,4,Q4,8072,26.4423913043478,28.5402173913043,25.0119565217391,1022.4,1022.4,1179.0,770.327313888889,1322.2,270.96,18.1010869565217,41.6641304347826,603.94,26.6603260869565,69.2883399013147,-0.217934782608697,-0.833333333333333,La Niña,-0.241894542655413,35.1903270854257,35.4322216280811
MASBATE,2018,1,Q1,8073,25.8055555555556,28.0777777777778,24.2266666666667,523.9,523.9,822.0,821.971788888889,1542.97,311.35,19.2544444444444,43.2388888888889,318.78,25.84057997558,64.3453165192295,-0.0350244200244169,-0.833333333333333,La Niña,-0.156894542655413,37.1430844729657,37.2999790156211
MASBATE,2018,2,Q2,8074,27.6164835164835,30.4142857142857,25.5802197802198,339.7,339.7,653.0,975.192013888889,1884.85,397.36,15.8703296703297,37.6296703296703,446.42,27.8325274725275,-23.9057389901886,-0.216043956043951,-0.233333333333333,Neutral,-0.157169267930136,30.473356414187,30.6305256821171
MASBATE,2018,3,Q3,8075,26.95,29.4315217391304,25.1608695652174,703.7,703.7,1080.0,820.557488888889,1622.17,337.0,17.5684782608696,42.2217391304348,795.61,27.1564130434783,-11.5521423813175,-0.206413043478261,0.266666666666667,Neutral,-0.168854050538831,24.5439437622595,24.7127978127984
MASBATE,2018,4,Q4,8076,26.5184782608696,28.654347826087,24.9586956521739,519.2,519.2,1167.0,899.183780555555,1565.46,318.45,18.1413043478261,41.8771739130435,603.94,26.6603260869565,-14.0311951518363,-0.141847826086956,0.833333333333333,El Niño,-0.149832311408396,3.7140599989718,3.8638923103802
MASBATE,2019,1,Q1,8077,25.5655555555556,28.2855555555556,23.62,158.4,158.4,496.0,945.367302777778,1841.4,389.42,21.2933333333333,47.53,318.78,25.84057997558,-50.3105590062112,-0.275024420024423,0.7,El Niño,-0.209832311408397,-24.9499088823884,25.1597411937968
MASBATE,2019,2,Q2,8078,28.0120879120879,31.121978021978,25.6879120879121,298.1,298.1,654.0,985.3797,1955.95,419.51,14.5384615384615,34.7879120879121,446.42,27.8325274725275,-33.2243179069038,0.17956043956044,0.566666666666667,El Niño,-0.1109312125073,-27.2795536115672,27.3904848240745
MASBATE,2019,3,Q3,8079,27.1695652173913,29.4532608695652,25.4489130434783,646.8,646.8,1039.0,763.217144444445,1557.69,330.15,17.2684782608696,40.879347826087,795.61,27.1564130434783,-18.7038875831123,0.0131521739130455,0.2,Neutral,-0.0560399081594731,-29.0674899120159,29.1235298201754
MASBATE,2019,4,Q4,8080,26.6576086956522,29.0119565217391,24.9445652173913,639.5,639.5,1125.0,881.515969444445,1526.89,313.51,17.3445652173913,40.2369565217391,603.94,26.6603260869565,5.88800211941585,-0.0027173913043441,0.433333333333333,Neutral,-0.0212572994638203,-24.0876905942029,24.1089478936667
MASBATE,2020,1,Q1,8081,25.856043956044,28.2912087912088,24.1142857142857,304.4,304.4,787.0,941.564455555556,1753.21,358.25,20.0868131868132,44.9175824175824,318.78,25.84057997558,-4.51094798920888,0.0154639804639806,0.466666666666667,Neutral,0.0513648006582805,-12.6377878399523,12.6891526406106
MASBATE,2020,2,Q2,8082,27.9835164835165,30.943956043956,25.789010989011,454.6,454.6,753.0,982.605244444444,1941.82,416.1,15.9252747252747,37.0714285714286,446.42,27.8325274725275,1.83235518121949,0.150989010989008,-0.0666666666666666,Neutral,0.0442219435154225,-3.87361956792147,3.91784151143689
MASBATE,2020,3,Q3,8083,27.2771739130435,29.8554347826087,25.2565217391304,870.7,870.7,1115.0,816.713502777778,1604.59,331.68,12.5673913043478,30.3760869565217,795.61,27.1564130434783,9.43804125136688,0.12076086956522,-0.633333333333333,La Niña,0.0711241174284662,3.16186264069834,3.2329867581268
MASBATE,2020,4,Q4,8084,26.5358695652174,28.8065217391304,24.9891304347826,1190.1,1190.1,1380.0,745.472563888889,1319.38,269.84,16.4347826086957,38.8228260869565,603.94,26.6603260869565,97.0559989402921,-0.124456521739123,-1.23333333333333,La Niña,0.0406893348197714,25.9538618459174,25.9945511807372
MASBATE,2021,1,Q1,8085,25.7844444444444,27.9455555555556,24.28,755.2,755.2,1163.0,772.079513888889,1472.99,299.29,18.6277777777778,42.4744444444445,318.78,25.84057997558,136.903193424933,-0.0561355311355349,-0.9,La Niña,0.0227894569198925,61.3073971994528,61.3301866563727
MASBATE,2021,2,Q2,8086,27.3505494505495,29.9516483516484,25.2582417582418,572.0,572.0,943.0,941.138611111111,1804.19,372.49,14.9615384615385,35.2967032967033,446.42,27.8325274725275,28.130460104834,-0.481978021978019,-0.533333333333333,La Niña,-0.135452301321864,67.8819234303564,68.0173757316783
MASBATE,2021,3,Q3,8087,27.3086956521739,29.8728260869565,25.4086956521739,811.7,811.7,1103.0,861.765030555556,1670.12,349.86,15.1467391304348,36.5717391304348,795.61,27.1564130434783,2.02234763263408,0.152282608695657,-0.533333333333333,La Niña,-0.127571866539255,66.0280000256732,66.1555718922124
MASBATE,2021,4,Q4,8088,26.5173913043478,28.85,24.8673913043478,599.7,599.7,1137.0,787.361305555556,1455.65,303.1,18.7391304347826,41.2586956521739,603.94,26.6603260869565,-0.702056495678361,-0.142934782608695,-0.933333333333333,La Niña,-0.132191431756648,41.5884861666806,41.7206775984372
MASBATE,2022,1,Q1,8089,25.9277777777778,28.25,24.2333333333333,304.6,304.6,785.0,849.913138888889,1639.96,334.09,19.7144444444444,42.2111111111111,318.78,25.84057997558,-4.44820879603488,0.0871978021977994,-0.966666666666667,La Niña,-0.0963580984233144,6.25063561143872,6.34699370986203
MASBATE,2022,2,Q2,8090,27.1274725274725,29.7615384615385,24.9230769230769,690.1,690.1,915.0,867.950561111111,1842.78,378.26,15.121978021978,33.6395604395604,446.42,27.8325274725275,54.5853680390664,-0.705054945054943,-1.0,La Niña,-0.152127329192545,12.8643625949968,13.0164899241893
MASBATE,2022,3,Q3,8091,27.0923913043478,30.0369565217391,24.8521739130435,800.0,800.0,1066.0,856.855377777778,1750.1,359.1,13.5760869565217,31.1858695652174,795.61,27.1564130434783,0.551777881122659,-0.0640217391304354,-0.9,La Niña,-0.206203416149068,12.4967201571189,12.702923573268
MASBATE,2022,4,Q4,8092,26.670652173913,28.9739130434783,24.9967391304348,689.8,689.8,1110.0,783.117980555556,1484.23,308.7,18.3315217391304,39.8967391304348,603.94,26.6603260869565,14.2166440374872,0.0103260869565211,-0.9,La Niña,-0.167888198757765,16.2263952904103,16.3942834891681
MASBATE,2023,1,Q1,8093,25.5733333333333,27.8544444444444,23.9233333333333,719.8,719.8,1067.0,735.792888888889,1529.72,313.82,20.3155555555556,43.4777777777778,318.78,25.84057997558,125.798356233139,-0.267246642246647,-0.4,Neutral,-0.256499309868876,48.7880365477037,49.0445358575726
MASBATE,2023,2,Q2,8094,27.7450549450549,30.7274725274725,25.4318681318681,438.9,438.9,739.0,973.577694444445,1939.92,408.46,13.989010989011,32.4021978021978,446.42,27.8325274725275,-1.68451234263697,-0.0874725274725278,0.5,El Niño,-0.102103705473272,34.7205664522779,34.8226701577512
MASBATE,2023,3,Q3,8095,27.6239130434783,30.5760869565217,25.4195652173913,561.6,561.6,918.0,871.556602777778,1809.06,386.01,16.9086956521739,38.2402173913043,795.61,27.1564130434783,-29.4126519274519,0.467500000000001,1.33333333333333,El Niño,0.0307767293093368,27.2294590001343,27.2602357294436
MASBATE,2023,4,Q4,8096,27.1032608695652,29.6902173913043,25.1315217391304,422.2,422.2,975.0,880.802044444444,1629.64,339.32,17.2315217391304,38.2989130434783,603.94,26.6603260869565,-30.0923932841011,0.442934782608699,1.9,El Niño,0.138928903222381,16.1521996697372,16.2911285729596
MASBATE,2024,1,Q1,8097,26.5758241758242,29.5846153846154,24.432967032967,145.9,145.9,604.0,944.599622222222,1864.35,416.24,21.889010989011,46.7934065934066,318.78,25.84057997558,-54.2317585795847,0.7352442002442,1.46666666666667,El Niño,0.389551613845093,-28.8553290334436,29.2448806472887
MASBATE,2024,2,Q2,8098,28.8692307692308,32.5846153846154,26.1582417582418,327.8,327.8,523.0,1001.33854722222,2105.53,481.87,16.8032967032967,37.5461538461538,446.42,27.8325274725275,-26.5713901706913,1.0367032967033,0.433333333333333,Neutral,0.670595569889049,-35.0770484904572,35.7476440603463
MASBATE,2024,3,Q3,8099,27.5478260869565,30.345652173913,25.4423913043478,815.1,815.1,1055.0,829.572841666667,1734.42,364.16,15.4076086956522,34.3945652173913,795.61,27.1564130434783,2.44969268862885,0.391413043478263,-0.1,Neutral,0.651573830758615,-27.111462336437,27.7630361671956
MASBATE,2024,4,Q4,8100,26.83,29.4241758241758,24.9813186813187,781.3,781.3,1099.0,789.08405,1467.49,301.53,16.9659340659341,38.232967032967,603.94,26.6603260869565,29.3671556777164,0.169673913043479,-0.4,Neutral,0.58325861336731,-12.2465750959827,12.82983370935
MASBATE,2025,1,Q1,8101,25.9438202247191,28.3355555555556,24.2144444444444,565.7,565.7,995.0,777.937102777778,1562.96,311.82,19.0677777777778,42.5555555555556,318.78,25.84057997558,77.4578078925905,0.103240249139123,-0.4,Neutral,0.425257625591041,20.6758165220611,21.1010741476522
MASBATE,2025,2,Q2,8102,28.6813186813187,31.9571428571429,26.3263736263736,317.9,14.7,558.0,914.655108333333,1830.58,400.69,13.1252747252747,29.7021978021978,446.42,27.8325274725275,-28.7890327494288,0.848791208791209,-0.1,Neutral,0.378279603613018,20.1214058773767,20.4996854809898
MASBATE,2025,3,Q3,8103,28.3586956521739,30.4065217391304,26.820652173913,680.4,139.5,903.0,693.907722222222,1515.93,327.43,13.9728260869565,30.1532608695652,795.61,27.1564130434783,-14.4807129121052,1.20228260869566,-0.3,Neutral,0.580996994917367,15.8888044771932,16.4698014721106
MASBATE,2025,4,Q4,8104,28.3213114754098,30.916393442623,26.5622950819672,280.9,69.9,408.0,512.431983333333,942.71,205.8,13.4393442622951,28.4967213114754,603.94,26.6603260869565,-53.4887571613074,1.66098538845332,-0.6,La Niña,0.953824863769827,-4.82517373256271,5.77899859633254
MISAMIS OCCIDENTAL,2010,1,Q1,8041,25.9555555555556,28.2338888888889,24.3261111111111,1077.2,1077.2,1756.0,1865.49075,3769.06,718.85,19.3333333333333,32.2544444444444,1486.73,25.941916971917,-27.5456875155543,0.0136385836385848,1.16666666666667,El Niño,0.0136385836385848,-27.5456875155543,27.5593260991929
MISAMIS OCCIDENTAL,2010,2,Q2,8042,27.3873626373626,29.8851648351648,25.4412087912088,713.4,713.4,1362.0,1959.5612,3908.88,778.02,13.5791208791209,23.9846153846154,986.95,27.201978021978,-27.7167029738082,0.185384615384617,-0.166666666666667,Neutral,0.0995115995116009,-27.6311952446812,27.7307068441928
MISAMIS OCCIDENTAL,2010,3,Q3,8043,26.895652173913,29.3989130434783,25.0059782608696,1157.0,1157.0,1574.0,1849.12111666667,3612.0,726.56,11.4489130434783,22.254347826087,1151.34,26.686902173913,0.491601090902781,0.208750000000009,-1.3,La Niña,0.135924399674404,-18.2569297994866,18.392854199161
MISAMIS OCCIDENTAL,2010,4,Q4,8044,26.4173913043478,28.8364130434783,24.6961956521739,1611.2,1611.2,2174.0,1779.84391666667,3153.48,627.46,12.9108695652174,24.4152173913043,1475.64,26.5323913043478,9.18652245805209,-0.115000000000002,-1.6,La Niña,0.0731932997558022,-11.3960667351019,11.4692600348577
MISAMIS OCCIDENTAL,2011,1,Q1,8045,25.5972222222222,27.7483333333333,24.1588888888889,2642.0,2642.0,2938.0,1488.01575833333,3002.62,577.68,19.1355555555556,32.3544444444444,1486.73,25.941916971917,77.7054340734363,-0.344694749694753,-1.16666666666667,La Niña,-0.0163900335775322,14.9167136621458,14.9331036957233
MISAMIS OCCIDENTAL,2011,2,Q2,8046,26.4274725274725,28.7043956043956,24.743956043956,1209.2,1209.2,1696.0,1695.2054,3405.36,672.64,13.6263736263736,25.2483516483516,986.95,27.201978021978,22.5188712700745,-0.774505494505494,-0.566666666666667,La Niña,-0.25636256105006,27.4756072231164,27.7319697841665
MISAMIS OCCIDENTAL,2011,3,Q3,8047,26.4070652173913,28.825,24.754347826087,1004.4,1004.4,1430.0,1706.36902777778,3402.56,690.0,13.2586956521739,25.4641304347826,1151.34,26.686902173913,-12.7625201938611,-0.279836956521738,-0.633333333333333,La Niña,-0.378509300180497,24.1620769019255,24.540586202106
MISAMIS OCCIDENTAL,2011,4,Q4,8048,26.3592391304348,28.6728260869565,24.6472826086957,1516.4,1516.4,2342.0,1699.57246944444,3179.56,628.38,14.4434782608696,26.4967391304348,1475.64,26.5323913043478,2.76219132037624,-0.173152173913046,-1.03333333333333,La Niña,-0.393047343658758,22.5559941175065,22.9490414611653
MISAMIS OCCIDENTAL,2012,1,Q1,8049,25.9538461538462,28.1906593406593,24.3615384615385,1320.2,1320.2,2292.0,1753.559625,3415.36,653.99,17.9923076923077,30.4549450549451,1486.73,25.941916971917,-11.2010923301474,0.0119291819291866,-0.733333333333333,La Niña,-0.303891360752773,0.32936251661057,0.633253877363343
MISAMIS OCCIDENTAL,2012,2,Q2,8050,26.8027472527473,29.2615384615385,24.9917582417582,882.0,882.0,1322.0,1904.79347777778,3712.8,736.57,13.089010989011,24.021978021978,986.95,27.201978021978,-10.633770707736,-0.399230769230766,-0.266666666666667,Neutral,-0.210072679434091,-7.95879797784204,8.16887065727613
MISAMIS OCCIDENTAL,2012,3,Q3,8051,26.4288043478261,28.825,24.7690217391304,992.0,992.0,1484.0,1717.50260555556,3424.7,694.59,14.1673913043478,26.5369565217391,1151.34,26.686902173913,-13.8395261173936,-0.258097826086956,0.333333333333333,Neutral,-0.204637896825395,-8.22804945872518,8.43268735555058
MISAMIS OCCIDENTAL,2012,4,Q4,8052,26.3728260869565,28.6282608695652,24.7146739130435,1369.4,1369.4,2134.0,1780.35090277778,3320.16,653.36,17.1684782608696,30.0815217391304,1475.64,26.5323913043478,-7.19958797538695,-0.159565217391304,0.0666666666666666,Neutral,-0.20124115769496,-10.718494282666,10.9197354403609
MISAMIS OCCIDENTAL,2013,1,Q1,8053,25.9038888888889,28.0222222222222,24.41,1287.4,1287.4,2242.0,1666.23395833333,3347.28,642.31,19.1188888888889,32.6322222222222,1486.73,25.941916971917,-13.4072763716344,-0.0380280830280881,-0.366666666666667,Neutral,-0.213730473934278,-11.2700402930377,11.483770766972
MISAMIS OCCIDENTAL,2013,2,Q2,8054,27.1104395604396,29.4373626373626,25.3043956043956,898.0,898.0,1520.0,1741.60471111111,3535.86,708.12,12.7472527472527,23.2692307692308,986.95,27.201978021978,-9.01261462080146,-0.0915384615384589,-0.366666666666667,Neutral,-0.136807397011202,-10.8647512713041,11.0015586683153
MISAMIS OCCIDENTAL,2013,3,Q3,8055,26.4423913043478,28.8396739130435,24.7103260869565,1128.2,1128.2,1666.0,1731.20413055556,3390.2,686.29,12.7717391304348,24.5728260869565,1151.34,26.686902173913,-2.00983202181804,-0.244510869565218,-0.333333333333333,Neutral,-0.133410657880767,-7.90732774741021,8.04073840529098
MISAMIS OCCIDENTAL,2013,4,Q4,8056,26.2853260869565,28.566847826087,24.6260869565217,1447.4,1447.4,2054.0,1688.61886666667,3147.06,623.25,15.7478260869565,27.9565217391304,1475.64,26.5323913043478,-1.91374590008403,-0.247065217391306,-0.233333333333333,Neutral,-0.155285657880768,-6.58586722858448,6.74115288646525
MISAMIS OCCIDENTAL,2014,1,Q1,8057,25.2155555555556,27.2455555555556,23.71,1900.8,1900.8,2512.0,1586.81000833333,3229.46,623.97,20.7833333333333,35.1533333333333,1486.73,25.941916971917,27.8510556725162,-0.726361416361414,-0.4,Neutral,-0.327368991214099,3.72871578245316,4.05608477366726
MISAMIS OCCIDENTAL,2014,2,Q2,8058,27.0318681318681,29.3813186813187,25.1901098901099,1020.0,1020.0,1610.0,1835.185525,3636.36,724.32,12.4945054945055,22.9714285714286,986.95,27.201978021978,3.34870054207406,-0.170109890109888,0.133333333333333,Neutral,-0.347011848356956,6.81904457317204,7.166056421529
MISAMIS OCCIDENTAL,2014,3,Q3,8059,26.4896739130435,28.8027173913043,24.8179347826087,1027.2,1027.2,1520.0,1642.42715833333,3271.6,670.54,13.9663043478261,26.1086956521739,1151.34,26.686902173913,-10.7822189796237,-0.197228260869561,0.1,Neutral,-0.335191196183042,4.62594783372062,4.96113902990366
MISAMIS OCCIDENTAL,2014,4,Q4,8060,26.25,28.5065217391304,24.5836956521739,1489.4,1489.4,2198.0,1700.02359722222,3088.44,612.35,15.7576086956522,27.9163043478261,1475.64,26.5323913043478,0.932476755848309,-0.282391304347829,0.6,El Niño,-0.344022717922173,5.33750349770371,5.68152621562588
MISAMIS OCCIDENTAL,2015,1,Q1,8061,25.675,27.9572222222222,23.9161111111111,890.4,890.4,2016.0,1890.19583611111,3769.3,730.78,19.2766666666667,32.3744444444444,1486.73,25.941916971917,-40.1101746786572,-0.266916971916974,0.5,El Niño,-0.229161606811063,-11.6528040900896,11.8819656969007
MISAMIS OCCIDENTAL,2015,2,Q2,8062,27.2604395604396,29.7445054945055,25.2406593406593,668.0,668.0,1358.0,1889.850725,3788.24,765.46,13.5010989010989,24.1703296703297,986.95,27.201978021978,-32.3167333704848,0.0584615384615396,0.933333333333333,El Niño,-0.172018749668206,-20.5691625682294,20.7411813178976
MISAMIS OCCIDENTAL,2015,3,Q3,8063,26.5065217391304,28.7538043478261,24.8548913043478,1146.6,1146.6,1468.0,1729.25471388889,3394.18,690.74,14.1239130434783,26.5739130434783,1151.34,26.686902173913,-0.411694199801971,-0.180380434782606,1.86666666666667,El Niño,-0.167806793146467,-17.9765313732739,18.1443381664204
MISAMIS OCCIDENTAL,2015,4,Q4,8064,26.5429347826087,28.8527173913043,24.8586956521739,1075.2,1075.2,1962.0,1884.33688611111,3427.08,676.54,16.445652173913,28.6358695652174,1475.64,26.5323913043478,-27.1367000081321,0.0105434782608639,2.53333333333333,El Niño,-0.094573097494294,-24.993825564269,25.0883986617633
MISAMIS OCCIDENTAL,2016,1,Q1,8065,26.5208791208791,28.9934065934066,24.6406593406593,324.2,324.2,1328.0,1999.85509166667,4040.02,793.83,18.0593406593407,30.3483516483516,1486.73,25.941916971917,-78.1937540777411,0.578962148962148,2.06666666666667,El Niño,0.116896682725486,-34.51472041404,34.6316170967655
MISAMIS OCCIDENTAL,2016,2,Q2,8066,27.6395604395604,30.2324175824176,25.6901098901099,938.0,938.0,1304.0,1940.59287777778,3850.2,782.41,14.0252747252747,25.2857142857143,986.95,27.201978021978,-4.95972440346523,0.437582417582419,0.4,Neutral,0.211676902505706,-27.6754681722851,27.8871450747908
MISAMIS OCCIDENTAL,2016,3,Q3,8067,27.0347826086957,29.495652173913,25.295652173913,924.2,924.2,1388.0,1817.55125277778,3545.16,723.6,13.2815217391304,25.2554347826087,1151.34,26.686902173913,-19.7283165702573,0.34788043478261,-0.5,La Niña,0.34374211989701,-32.5046237648989,32.8483658847959
MISAMIS OCCIDENTAL,2016,4,Q4,8068,26.5451086956522,28.8423913043478,24.9440217391304,1371.8,1371.8,2324.0,1655.00659722222,3057.08,610.75,14.6804347826087,26.7521739130435,1475.64,26.5323913043478,-7.03694668076225,0.0127173913043421,-0.666666666666667,La Niña,0.34428559815788,-27.4796854330565,27.8239710312143
MISAMIS OCCIDENTAL,2017,1,Q1,8069,26.125,27.9527777777778,24.6927777777778,2644.7,2644.7,2370.0,1514.99153333333,2982.29,619.67,20.4077777777778,43.9144444444444,1486.73,25.941916971917,77.8870406866075,0.183083028083026,-0.133333333333333,Neutral,0.245315817938099,11.5405132580307,11.7858290759688
MISAMIS OCCIDENTAL,2017,2,Q2,8070,27.2906593406593,29.7032967032967,25.3467032967033,1715.0,1715.0,1783.0,1826.41196388889,3598.77,725.3,12.6362637362637,30.0208791208791,986.95,27.201978021978,73.7676680682912,0.0886813186813171,0.266666666666667,Neutral,0.158090543212824,31.2223613759698,31.3804519191826
MISAMIS OCCIDENTAL,2017,3,Q3,8071,26.8701086956522,29.2016304347826,25.0222826086957,1416.9,1416.9,1679.0,1676.20964166667,3299.75,668.02,12.4048913043478,30.1744565217391,1151.34,26.686902173913,23.06529782688,0.18320652173913,-0.133333333333333,Neutral,0.116922064951954,41.9207649752541,42.0376870402061
MISAMIS OCCIDENTAL,2017,4,Q4,8072,26.8516304347826,29.0391304347826,25.1608695652174,1853.5,1853.5,2129.0,1581.10378333333,2942.13,604.6,14.0565217391304,34.0467391304348,1475.64,26.5323913043478,25.606516494538,0.319239130434777,-0.833333333333333,La Niña,0.193552499734563,50.0816307690792,50.2751832688137
MISAMIS OCCIDENTAL,2018,1,Q1,8073,26.4538888888889,28.5244444444444,24.7877777777778,1941.9,1941.9,2075.0,1645.75745277778,3242.57,658.35,17.8672222222222,39.5122222222222,1486.73,25.941916971917,30.6155118952332,0.511971916971913,-0.833333333333333,La Niña,0.275774721956784,38.2637485712356,38.5395232931924
MISAMIS OCCIDENTAL,2018,2,Q2,8074,27.3967032967033,29.9098901098901,25.3626373626374,1003.6,1003.6,1569.0,1869.86874444444,3729.55,761.12,13.5164835164835,31.9516483516484,986.95,27.201978021978,1.68701555296621,0.194725274725275,-0.233333333333333,Neutral,0.302285710967774,20.2435854424043,20.5458711533721
MISAMIS OCCIDENTAL,2018,3,Q3,8075,26.7826086956522,29.2434782608696,24.9570652173913,1574.6,1574.6,2158.0,1741.17168055556,3431.63,685.32,14.2913043478261,37.1130434782609,1151.34,26.686902173913,36.7623812253548,0.0957065217391353,0.266666666666667,Neutral,0.280410710967775,23.667856292023,23.9482670029908
MISAMIS OCCIDENTAL,2018,4,Q4,8076,26.7777173913043,28.970652173913,25.0597826086956,1698.7,1698.7,2687.0,1753.22381111111,3268.29,659.3,15.5733695652174,35.2,1475.64,26.5323913043478,15.1161529912445,0.245326086956521,0.833333333333333,El Niño,0.261932450098211,21.0452654161997,21.3071978662979
MISAMIS OCCIDENTAL,2019,1,Q1,8077,26.0183333333333,27.9244444444444,24.3327777777778,838.5,838.5,1739.0,1800.03069444444,3636.34,750.44,21.5827777777778,46.0783333333333,1486.73,25.941916971917,-43.6010573540589,0.0764163614163564,0.7,El Niño,0.153043561209322,2.49112310387664,2.64416666508597
MISAMIS OCCIDENTAL,2019,2,Q2,8078,27.6725274725275,30.3510989010989,25.4483516483517,822.3,822.3,1524.0,1893.76939166667,3794.64,787.68,13.5236263736264,32.256043956044,986.95,27.201978021978,-16.6827093571103,0.470549450549449,0.566666666666667,El Niño,0.221999605165365,-2.10130812364248,2.32330772880785
MISAMIS OCCIDENTAL,2019,3,Q3,8079,27.0114130434783,29.5483695652174,25.0619565217391,1142.3,1142.3,1745.0,1692.40543055556,3467.99,709.81,14.6652173913043,35.854347826087,1151.34,26.686902173913,-0.785172060381813,0.324510869565223,0.2,Neutral,0.279200692121887,-11.4881964450766,11.7673971371985
MISAMIS OCCIDENTAL,2019,4,Q4,8080,26.9217391304348,29.3244565217391,24.9195652173913,1323.4,1323.4,2100.0,1768.68701388889,3325.72,676.27,13.7548913043478,32.6717391304348,1475.64,26.5323913043478,-10.3168794556938,0.389347826086954,0.433333333333333,Neutral,0.315206126904496,-17.8464545568112,18.1616606837157
MISAMIS OCCIDENTAL,2020,1,Q1,8081,26.706043956044,28.7302197802198,25.0417582417582,1022.6,1022.6,1791.0,1900.78227777778,3787.02,773.45,20.2994505494506,43.460989010989,1486.73,25.941916971917,-31.2181768041272,0.764126984126985,0.466666666666667,Neutral,0.487133782582153,-14.7507344193283,15.2378682019104
MISAMIS OCCIDENTAL,2020,2,Q2,8082,27.589010989011,30.093956043956,25.417032967033,1261.6,1261.6,1703.0,1835.67598611111,3756.4,773.14,13.5368131868132,31.682967032967,986.95,27.201978021978,27.8281574547849,0.387032967032965,-0.0666666666666666,Neutral,0.466254661703032,-3.62301771635447,4.0892723780575
MISAMIS OCCIDENTAL,2020,3,Q3,8083,27.1157608695652,29.6766304347826,25.1059782608696,1537.1,1537.1,1910.0,1696.2005,3499.68,711.25,12.1592391304348,29.295652173913,1151.34,26.686902173913,33.5053068598329,0.428858695652174,-0.633333333333333,La Niña,0.49234161822477,4.94960201369921,5.44194363192398
MISAMIS OCCIDENTAL,2020,4,Q4,8084,26.7809782608696,29.1130434782609,25.0135869565217,2122.7,2122.7,2452.0,1581.89921944444,2996.98,608.8,13.7864130434783,32.4630434782609,1475.64,26.5323913043478,43.8494483749424,0.248586956521734,-1.23333333333333,La Niña,0.457151400833465,18.4911839713583,18.9483353721917
MISAMIS OCCIDENTAL,2021,1,Q1,8085,26.4588888888889,28.5133333333333,24.7938888888889,2034.5,2034.5,2494.0,1563.37132222222,3195.03,647.6,17.1522222222222,38.1544444444445,1486.73,25.941916971917,36.8439461099191,0.516971916971915,-0.9,La Niña,0.395362634044697,35.5067146998698,35.9020773339145
MISAMIS OCCIDENTAL,2021,2,Q2,8086,27.2005494505494,29.6247252747253,25.1785714285714,1470.3,1470.3,1940.0,1770.63424444444,3542.44,717.92,13.1230769230769,31.7527472527472,986.95,27.201978021978,48.9741121637368,-0.0014285714285726,-0.533333333333333,La Niña,0.298247249429313,40.7932033771078,41.0914506265371
MISAMIS OCCIDENTAL,2021,3,Q3,8087,27.2163043478261,29.8190217391304,25.145652173913,1164.3,1164.3,1947.0,1772.56918611111,3539.18,720.78,13.0548913043478,32.0173913043478,1151.34,26.686902173913,1.12564490072438,0.529402173913049,-0.533333333333333,La Niña,0.323383118994531,32.6982878873307,33.0216710063252
MISAMIS OCCIDENTAL,2021,4,Q4,8088,26.7048913043478,29.1222826086956,24.8467391304348,2173.9,2173.9,2481.0,1548.91791944444,3104.99,635.05,15.4130434782609,34.4032608695652,1475.64,26.5323913043478,47.3191293269361,0.172499999999996,-0.933333333333333,La Niña,0.304361379864097,33.5657081253291,33.8700695051932
MISAMIS OCCIDENTAL,2022,1,Q1,8089,26.3294444444444,28.6322222222222,24.4527777777778,1704.7,1704.7,2267.0,1603.64330555556,3371.68,681.73,18.7377777777778,39.1133333333333,1486.73,25.941916971917,14.6610346196014,0.38752747252747,-0.966666666666667,La Niña,0.272000268752985,28.0199802527497,28.2919805215027
MISAMIS OCCIDENTAL,2022,2,Q2,8090,26.9983516483516,29.6082417582418,24.917032967033,1943.6,1943.6,1941.0,1702.23021666667,3575.49,724.34,13.4142857142857,29.8307692307692,986.95,27.201978021978,96.9299356603678,-0.203626373626374,-1.0,La Niña,0.221450818203535,40.0089361269074,40.230386945111
MISAMIS OCCIDENTAL,2022,3,Q3,8091,27.0163043478261,29.8788043478261,24.7994565217391,1418.5,1418.5,1783.0,1725.74096388889,3620.09,741.37,12.9630434782609,29.1614130434783,1151.34,26.686902173913,23.2042663331423,0.329402173913049,-0.9,La Niña,0.171450818203535,45.5285914850119,45.7000423032154
MISAMIS OCCIDENTAL,2022,4,Q4,8092,26.6978260869565,29.3423913043478,24.7277173913043,2081.6,2081.6,2315.0,1550.41905277778,3128.17,639.94,14.3173913043478,31.6820652173913,1475.64,26.5323913043478,41.0642162044943,0.165434782608692,-0.9,La Niña,0.169684513855709,43.9648632044014,44.1345477182572
MISAMIS OCCIDENTAL,2023,1,Q1,8093,26.0222222222222,28.1227777777778,24.39,2658.0,2658.0,2764.0,1389.16781944444,3048.09,615.96,19.2705555555556,40.1172222222222,1486.73,25.941916971917,78.7816214107471,0.0803052503052512,-0.4,Neutral,0.0928789583001546,59.9950099021879,60.087888860488
MISAMIS OCCIDENTAL,2023,2,Q2,8094,27.3351648351648,30.1912087912088,25.0769230769231,1623.7,1623.7,1789.0,1793.81243611111,3703.27,757.81,13.4241758241758,30.328021978022,986.95,27.201978021978,64.5169461472212,0.133186813186818,0.5,El Niño,0.177082255003453,51.8917625239012,52.0688447789047
MISAMIS OCCIDENTAL,2023,3,Q3,8095,26.7695652173913,29.8722826086956,24.4809782608696,1860.6,1860.6,1988.0,1699.91611666667,3493.39,710.17,13.5402173913043,32.0940217391304,1151.34,26.686902173913,61.6030017197353,0.0826630434782664,1.33333333333333,El Niño,0.115397472394757,61.4914463705495,61.6068438429442
MISAMIS OCCIDENTAL,2023,4,Q4,8096,27.0576086956522,30.0744565217391,24.6673913043478,1559.2,1559.2,2107.0,1742.22907222222,3430.67,708.71,14.5130434782609,32.491847826087,1475.64,26.5323913043478,5.66262774118348,0.525217391304341,1.9,El Niño,0.205343124568669,52.6410492547218,52.8463923792904
MISAMIS OCCIDENTAL,2024,1,Q1,8097,26.9186813186813,29.4208791208791,24.8675824175824,889.7,889.7,1806.0,1818.82469722222,3725.69,807.0,21.5208791208791,45.817032967033,1486.73,25.941916971917,-40.1572578746645,0.976764346764344,1.46666666666667,El Niño,0.429457898683442,22.9063294333689,23.3357873320523
MISAMIS OCCIDENTAL,2024,2,Q2,8098,28.3664835164835,32.0549450549451,25.4016483516484,756.6,756.6,1187.0,1913.81630555556,4034.09,875.38,14.5252747252747,33.7664835164835,986.95,27.201978021978,-23.3395815390851,1.1645054945055,0.433333333333333,Neutral,0.687287569013113,0.942197511792293,1.62948508080541
MISAMIS OCCIDENTAL,2024,3,Q3,8099,27.0673913043478,30.3326086956522,24.6983695652174,1430.2,1430.2,1784.0,1688.22045833333,3560.13,737.72,13.0510869565217,30.7945652173913,1151.34,26.686902173913,24.2204735351851,0.380489130434782,-0.1,Neutral,0.761744090752241,-8.40343453434525,9.16517862509749
MISAMIS OCCIDENTAL,2024,4,Q4,8100,27.1444444444444,30.6983516483517,24.6296703296703,1789.9,1789.9,1969.0,1636.23533333333,3271.25,691.33,13.5467032967033,31.9071428571429,1475.64,26.5323913043478,21.2965221869833,0.61205314009662,-0.4,Neutral,0.783453027950311,-4.4949609228953,5.27841395084561
MISAMIS OCCIDENTAL,2025,1,Q1,8101,26.5932584269663,29.7555555555556,24.2938888888889,1821.1,1821.1,2315.0,1578.81365277778,3323.0,687.62,16.1911111111111,37.1416666666667,1486.73,25.941916971917,22.490297498537,0.651341455049316,-0.4,Neutral,0.702097305021554,11.1669279204051,11.8690252254266
MISAMIS OCCIDENTAL,2025,2,Q2,8102,27.2494505494505,30.7362637362637,24.756043956044,966.5,10.0,953.0,1619.63974722222,3436.41,718.59,12.0247252747253,28.7593406593407,986.95,27.201978021978,-2.07204012361316,0.0474725274725251,-0.1,Neutral,0.422839063263311,16.4838132742731,16.9066523375364
MISAMIS OCCIDENTAL,2025,3,Q3,8103,25.0608695652174,28.3152173913043,22.8972826086957,1525.4,93.0,1206.0,1439.3148,3151.4,645.07,11.9940217391304,36.908152173913,1151.34,26.686902173913,32.4890996577901,-1.62603260869565,-0.3,Neutral,-0.078791371519297,18.5509698049243,18.6297611764436
MISAMIS OCCIDENTAL,2025,4,Q4,8104,25.0844262295082,28.244262295082,22.9073770491803,764.9,33.4,800.0,967.655113888889,1977.75,397.26,11.1811475409836,35.2081967213115,1475.64,26.5323913043478,-48.1648640589846,-1.44796507483963,-0.6,La Niña,-0.593795925253359,1.18562324343235,1.77941916868571
MISAMIS ORIENTAL,2010,1,Q1,8041,26.8907407407407,29.4881481481481,24.5277777777778,1015.8,1015.8,1523.0,2725.50785277778,5399.42,1081.68,13.5955555555556,29.9396296296296,1834.11,26.5389788359788,-44.6161898686556,0.351761904761908,1.16666666666667,El Niño,0.351761904761908,-44.6161898686556,44.9679517734176
MISAMIS ORIENTAL,2010,2,Q2,8042,28.3919413919414,31.1952380952381,25.9007326007326,2081.8,2081.8,2202.0,2896.36861666667,5807.1,1200.63,10.1025641025641,25.2959706959707,1991.24,28.0085347985348,4.54791988911432,0.38340659340659,-0.166666666666667,Neutral,0.367584249084249,-20.0341349897707,20.4017192388549
MISAMIS ORIENTAL,2010,3,Q3,8043,27.8757246376812,30.5775362318841,25.5688405797101,3496.8,3496.8,3401.0,2704.87264722222,5299.82,1093.96,8.6018115942029,23.1800724637681,1871.22,27.7157608695652,86.8727354346362,0.15996376811594,-1.3,La Niña,0.298377422094813,15.6014884850316,15.8998659071265
MISAMIS ORIENTAL,2010,4,Q4,8044,27.4644927536232,30.2101449275362,25.220652173913,2580.6,2580.6,2861.0,2726.46832777778,4817.64,989.17,9.28297101449275,24.2557971014493,2017.76,27.2589492753623,27.8942986281818,0.205543478260868,-1.6,La Niña,0.275168936136326,18.6746910208192,18.9498599569555
MISAMIS ORIENTAL,2011,1,Q1,8045,26.577037037037,28.9492592592593,24.6974074074074,3311.0,3311.0,3277.0,2257.93513055556,4415.91,886.51,12.4411111111111,29.7255555555556,1834.11,26.5389788359788,80.5235236708813,0.0380582010582095,-1.16666666666667,La Niña,0.196743010210402,49.9596194057034,50.1563624159138
MISAMIS ORIENTAL,2011,2,Q2,8046,27.5362637362637,29.9985347985348,25.4344322344322,2558.6,2558.6,2830.0,2516.28458888889,5048.85,1030.16,10.0879120879121,25.6076923076923,1991.24,28.0085347985348,28.4927984572427,-0.472271062271069,-0.566666666666667,La Niña,-0.017176403709013,55.9458390477355,55.9630154514445
MISAMIS ORIENTAL,2011,3,Q3,8047,27.7836956521739,30.4094202898551,25.5789855072464,1371.4,1371.4,2081.0,2608.15568333333,5122.0,1076.6,10.0391304347826,25.654347826087,1871.22,27.7157608695652,-26.7109158730668,0.0679347826086953,-0.633333333333333,La Niña,-0.0401836500858242,27.5499262208097,27.5901098708956
MISAMIS ORIENTAL,2011,4,Q4,8048,27.4521739130435,29.9742753623188,25.2746376811594,2436.3,2436.3,2502.0,2562.55576666667,4792.31,983.9,10.1275362318841,26.2188405797101,2017.76,27.2589492753623,20.742803901356,0.193224637681162,-1.03333333333333,La Niña,-0.0432633602307506,25.7620525391033,25.805315899334
MISAMIS ORIENTAL,2012,1,Q1,8049,26.9728937728938,29.4875457875458,24.8791208791209,1849.5,1849.5,2229.0,2609.25313333333,5020.9,1012.4,11.8347985347985,28.7267399267399,1834.11,26.5389788359788,0.839099072574715,0.433914936914942,-0.733333333333333,La Niña,0.0557008237334324,5.84094638952666,5.89664721326009
MISAMIS ORIENTAL,2012,2,Q2,8050,27.9802197802198,30.6333333333333,25.6611721611722,1599.1,1599.1,2219.0,2819.00813611111,5511.3,1138.65,9.66703296703297,24.656043956044,1991.24,28.0085347985348,-19.6932564633093,-0.0283150183150198,-0.266666666666667,Neutral,0.166689834722445,-6.20556734061134,6.37225717533379
MISAMIS ORIENTAL,2012,3,Q3,8051,27.743115942029,30.3445652173913,25.5188405797101,1956.5,1956.5,2524.0,2533.15431944444,5156.74,1091.04,10.6235507246377,26.8188405797101,1871.22,27.7157608695652,4.55745449492844,0.027355072463763,0.333333333333333,Neutral,0.156544907186212,1.61152525138746,1.76807015857367
MISAMIS ORIENTAL,2012,4,Q4,8052,27.4463768115942,30.0340579710145,25.2097826086957,1657.6,1657.6,2145.0,2680.13460833333,4947.25,1020.58,11.6326086956522,29.1326086956522,2017.76,27.2589492753623,-17.8494964713345,0.18742753623188,0.0666666666666666,Neutral,0.155095631823891,-8.03654984178517,8.19164547360906
MISAMIS ORIENTAL,2013,1,Q1,8053,26.9137037037037,29.3122222222222,24.817037037037,2046.6,2046.6,2555.0,2446.762675,4815.64,971.24,13.0111111111111,29.7740740740741,1834.11,26.5389788359788,11.5854556160754,0.374724867724872,-0.366666666666667,Neutral,0.140298114526374,-5.34996070591001,5.49025882043638
MISAMIS ORIENTAL,2013,2,Q2,8054,28.2249084249084,30.9326007326007,25.8355311355311,2685.5,2685.5,2761.0,2619.271275,5325.52,1106.54,9.18571428571428,23.8080586080586,1991.24,28.0085347985348,34.8657118177618,0.216373626373624,-0.366666666666667,Neutral,0.201470275698535,8.28978136435776,8.4912516400563
MISAMIS ORIENTAL,2013,3,Q3,8055,27.7025362318841,30.3449275362319,25.4597826086957,2409.4,2409.4,2857.0,2555.65158333333,5086.84,1065.8,9.69927536231884,25.2460144927536,1871.22,27.7157608695652,28.7609153386561,-0.0132246376811622,-0.333333333333333,Neutral,0.191325348162303,14.3406465752897,14.531971923452
MISAMIS ORIENTAL,2013,4,Q4,8056,27.3572463768116,29.9876811594203,25.1329710144928,2198.6,2198.6,2538.0,2577.92903055556,4797.35,988.99,10.8144927536232,27.4333333333333,2017.76,27.2589492753623,8.96241376576006,0.0982971014492761,-0.233333333333333,Neutral,0.169042739466652,21.0436241345633,21.21266687403
MISAMIS ORIENTAL,2014,1,Q1,8057,26.0866666666667,28.2888888888889,24.1318518518518,3208.4,3208.4,2714.0,2242.87280833333,4533.77,900.4,13.9881481481481,31.8166666666667,1834.11,26.5389788359788,74.9295298537165,-0.452312169312169,-0.4,Neutral,-0.0377165197926077,36.8796426939736,36.9173592137662
MISAMIS ORIENTAL,2014,2,Q2,8058,28.1021978021978,30.7421245421245,25.6494505494505,2374.7,2374.7,2585.0,2694.33270277778,5408.69,1114.68,9.4047619047619,24.0135531135531,1991.24,28.0085347985348,19.2573471806512,0.0936630036629999,0.133333333333333,Neutral,-0.0683941754702637,32.977551534696,33.0459457101662
MISAMIS ORIENTAL,2014,3,Q3,8059,27.7601449275362,30.3076086956522,25.4927536231884,1935.9,1935.9,2667.0,2476.78974166667,4989.64,1049.69,10.2271739130435,26.1652173913043,1871.22,27.7157608695652,3.45656844197903,0.0443840579710119,0.1,Neutral,-0.0539920015572202,26.6514648105267,26.7054568120839
MISAMIS ORIENTAL,2014,4,Q4,8060,27.3297101449275,29.7384057971014,25.2304347826087,2458.2,2458.2,2965.0,2517.26761944444,4640.13,951.78,11.0420289855072,27.3130434782609,2017.76,27.2589492753623,21.8281658869241,0.0707608695652126,0.6,El Niño,-0.0608760595282361,29.8679028408177,29.928778900346
MISAMIS ORIENTAL,2015,1,Q1,8061,26.5351851851852,29.0055555555556,24.3103703703704,830.7,830.7,1758.0,2783.20155,5360.87,1064.78,14.132962962963,30.2411111111111,1834.11,26.5389788359788,-54.708278129447,-0.0037936507936464,0.5,El Niño,0.0512535701013945,-2.54154915497315,2.59280272507454
MISAMIS ORIENTAL,2015,2,Q2,8062,28.2772893772894,30.9619047619048,25.6725274725275,1991.7,1991.7,2325.0,2775.23843333333,5600.59,1165.58,10.3296703296703,25.0373626373626,1991.24,28.0085347985348,0.023101183182329,0.268754578754574,0.933333333333333,El Niño,0.0950264638742881,-7.35011065434037,7.44513711821466
MISAMIS ORIENTAL,2015,3,Q3,8063,27.9528985507246,30.4496376811594,25.6597826086957,1796.6,1796.6,2752.0,2650.15638611111,5132.4,1081.96,10.6525362318841,26.8376811594203,1871.22,27.7157608695652,-3.98777268306239,0.237137681159421,1.86666666666667,El Niño,0.14321486967139,-9.21119593560073,9.35441080527212
MISAMIS ORIENTAL,2015,4,Q4,8064,27.645652173913,30.2355072463768,25.2579710144928,1668.7,1668.7,1976.0,2830.92793333333,5150.6,1061.96,11.2659420289855,27.3311594202899,2017.76,27.2589492753623,-17.2993814923479,0.38670289855072,2.53333333333333,El Niño,0.222200376917767,-18.9930827804187,19.2152831573365
MISAMIS ORIENTAL,2016,1,Q1,8065,27.5461538461538,30.4842490842491,24.7604395604396,269.9,269.9,660.0,2977.50076111111,5934.31,1229.32,13.9347985347985,29.8677655677656,1834.11,26.5389788359788,-85.2844158747294,1.00717501017502,2.06666666666667,El Niño,0.474942542159933,-26.6371172167394,27.1120597588993
MISAMIS ORIENTAL,2016,2,Q2,8066,28.86336996337,31.7996336996337,26.1908424908425,2545.1,2545.1,2527.0,2871.88177777778,5633.49,1201.49,10.4391941391941,25.4223443223443,1991.24,28.0085347985348,27.8148289508045,0.854835164835158,0.4,Neutral,0.621462688680079,-19.6891852748338,20.3106479635139
MISAMIS ORIENTAL,2016,3,Q3,8067,28.3373188405797,31.0474637681159,25.9833333333333,1576.0,1576.0,2394.0,2721.01530833333,5343.56,1131.97,10.1594202898551,25.586231884058,1871.22,27.7157608695652,-15.7768728423168,0.621557971014493,-0.5,La Niña,0.717567761143847,-22.6364603146474,23.3540280757913
MISAMIS ORIENTAL,2016,4,Q4,8068,27.486231884058,29.9510869565217,25.3768115942029,2434.6,2434.6,2850.0,2469.3814,4558.62,940.73,9.9981884057971,26.1467391304348,2017.76,27.2589492753623,20.6585520577274,0.227282608695649,-0.666666666666667,La Niña,0.67771268868008,-13.1469769271286,13.8246896158087
MISAMIS ORIENTAL,2017,1,Q1,8069,25.8903703703704,28.1137037037037,23.8692592592593,2348.5,2348.5,2568.0,2243.91846666667,4230.08,857.06,14.2022222222222,33.5748148148148,1834.11,26.5389788359788,28.0457551619041,-0.648608465608461,-0.133333333333333,Neutral,0.26376681973421,15.1855658320298,15.449332651764
MISAMIS ORIENTAL,2017,2,Q2,8070,27.2600732600733,29.7135531135531,25.1421245421245,2111.7,2111.7,2049.0,2691.07226111111,5265.82,1071.48,10.9769230769231,27.1271062271062,1991.24,28.0085347985348,6.04949679596631,-0.748461538461541,0.266666666666667,Neutral,-0.137057356089965,9.74423279332027,9.88129014941023
MISAMIS ORIENTAL,2017,3,Q3,8071,26.9315217391304,29.4557971014493,24.7717391304348,1637.9,1637.9,2188.0,2421.46768611111,4918.16,1008.29,9.60289855072464,25.1800724637681,1871.22,27.7157608695652,-12.4688705764154,-0.784239130434784,-0.133333333333333,Neutral,-0.488506631452284,10.5712333597956,11.0597399912479
MISAMIS ORIENTAL,2017,4,Q4,8072,26.7663043478261,29.293115942029,24.6630434782609,1826.4,1826.4,2251.0,2344.88594166667,4446.74,917.82,11.4351449275362,29.5746376811594,2017.76,27.2589492753623,-9.48378399809688,-0.492644927536229,-0.833333333333333,La Niña,-0.668488515510254,3.03564934583955,3.7041378613498
MISAMIS ORIENTAL,2018,1,Q1,8073,26.2348148148148,28.7644444444444,23.8640740740741,2008.0,2008.0,1952.0,2474.45141666667,4816.74,972.59,13.4907407407407,31.4125925925926,1834.11,26.5389788359788,9.48089264002705,-0.30416402116402,-0.833333333333333,La Niña,-0.582377404399144,-1.60556628462973,2.18794368902887
MISAMIS ORIENTAL,2018,2,Q2,8074,27.5212454212454,30.3509157509157,25.007326007326,1091.8,1091.8,1546.0,2764.55335555556,5577.88,1161.04,11.9300366300366,29.0688644688645,1991.24,28.0085347985348,-45.1698439163536,-0.487289377289379,-0.233333333333333,Neutral,-0.517084364106103,-14.4104014627097,14.9274858268158
MISAMIS ORIENTAL,2018,3,Q3,8075,27.5373188405797,30.6369565217391,24.8340579710145,1290.8,1290.8,2017.0,2577.03579166667,5244.68,1127.56,11.5913043478261,31.3724637681159,1871.22,27.7157608695652,-31.0182661579077,-0.178442028985508,0.266666666666667,Neutral,-0.365635088743784,-19.0477503580828,19.4133854468266
MISAMIS ORIENTAL,2018,4,Q4,8076,26.7514492753623,29.4047101449275,24.4094202898551,1500.2,1500.2,2461.0,2604.56528611111,4934.78,1008.39,12.2007246376812,30.1130434782609,2017.76,27.2589492753623,-25.6502259931805,-0.5075,0.833333333333333,El Niño,-0.369348856859727,-23.0893608568537,23.4587097137134
MISAMIS ORIENTAL,2019,1,Q1,8077,25.7422222222222,28.4788888888889,23.0033333333333,1452.7,1452.7,1565.0,2633.08083055556,5361.63,1091.32,16.4637037037037,35.7918518518519,1834.11,26.5389788359788,-20.795372142347,-0.79675661375661,0.7,El Niño,-0.492497005007874,-30.6584270524472,31.1509240574551
MISAMIS ORIENTAL,2019,2,Q2,8078,27.9278388278388,30.9336996336996,25.2644688644689,872.4,872.4,1647.0,2810.10625,5680.83,1213.05,13.0318681318681,32.0326007326007,1991.24,28.0085347985348,-56.1881038950604,-0.0806959706959702,0.566666666666667,El Niño,-0.390848653359522,-33.4129920471239,33.8038407004834
MISAMIS ORIENTAL,2019,3,Q3,8079,27.5333333333333,30.5550724637681,24.8594202898551,1240.9,1240.9,1720.0,2536.97501666667,5279.98,1134.57,11.4753623188406,29.3434782608696,1871.22,27.7157608695652,-33.6849755774308,-0.182427536231888,0.2,Neutral,-0.391845030171117,-34.0796694020047,34.4715144321758
MISAMIS ORIENTAL,2019,4,Q4,8080,26.8898550724638,29.7463768115942,24.4253623188406,1416.4,1416.4,2247.0,2657.55996944444,5013.84,1029.77,11.870652173913,29.411231884058,2017.76,27.2589492753623,-29.8033462849893,-0.369094202898548,0.433333333333333,Neutral,-0.357243580895754,-35.1179494749568,35.4751930558526
MISAMIS ORIENTAL,2020,1,Q1,8081,26.9538461538462,30.0567765567766,24.0274725274725,939.4,939.4,1420.0,2856.37207222222,5623.34,1194.75,17.1289377289377,37.6135531135531,1834.11,26.5389788359788,-48.7816979352383,0.414867317867326,0.466666666666667,Neutral,-0.05433759798977,-42.1145309231797,42.1688685211695
MISAMIS ORIENTAL,2020,2,Q2,8082,27.9454212454212,30.9128205128205,25.3227106227106,1363.5,1363.5,1998.0,2738.60543611111,5544.85,1190.52,13.025641025641,31.7794871794872,1991.24,28.0085347985348,-31.5250798497419,-0.0631135531135527,-0.0666666666666666,Neutral,-0.0499419935941656,-35.9487749118501,35.9987169054442
MISAMIS ORIENTAL,2020,3,Q3,8083,27.0920289855072,29.779347826087,24.8416666666667,2205.9,2205.9,2564.0,2477.83975555556,5112.01,1045.66,10.1967391304348,26.3797101449275,1871.22,27.7157608695652,17.8856574854908,-0.623731884057975,-0.633333333333333,La Niña,-0.160268080550687,-23.0561166461197,23.2163847266704
MISAMIS ORIENTAL,2020,4,Q4,8084,26.7471014492754,29.3572463768116,24.5764492753623,2409.3,2409.3,2801.0,2315.86225555556,4484.15,918.38,10.4717391304348,27.1634057971015,2017.76,27.2589492753623,19.4046863849021,-0.51184782608696,-1.23333333333333,La Niña,-0.19595648634779,-10.7541084786468,10.9500649649946
MISAMIS ORIENTAL,2021,1,Q1,8085,26.1959259259259,28.6714814814815,23.9037037037037,2398.3,2398.3,2668.0,2326.73776944444,4727.44,952.74,13.0462962962963,31.042962962963,1834.11,26.5389788359788,30.7609685351479,-0.343052910052908,-0.9,La Niña,-0.385436543327849,9.1315581389497,9.51699468227755
MISAMIS ORIENTAL,2021,2,Q2,8086,27.1886446886447,29.8747252747253,24.8040293040293,1807.4,1807.4,2508.0,2624.92138055556,5340.68,1094.11,11.4157509157509,28.6065934065934,1991.24,28.0085347985348,-9.23243807878508,-0.81989010989011,-0.533333333333333,La Niña,-0.574630682521988,14.7047185816889,15.2793492642109
MISAMIS ORIENTAL,2021,3,Q3,8087,27.3851449275362,30.2405797101449,24.8590579710145,1595.3,1595.3,2113.0,2532.51810555556,5253.39,1103.19,10.736231884058,26.7923913043478,1871.22,27.7157608695652,-14.7454601810584,-0.330615942028988,-0.533333333333333,La Niña,-0.501351697014742,6.54693916505163,7.04829086206637
MISAMIS ORIENTAL,2021,4,Q4,8088,26.5507246376812,29.2199275362319,24.3130434782609,2699.5,2699.5,2693.0,2251.14008333333,4549.56,930.36,12.0018115942029,27.7684782608696,2017.76,27.2589492753623,33.7869716913806,-0.708224637681159,-0.933333333333333,La Niña,-0.550445899913291,10.1425104916712,10.6929563915845
MISAMIS ORIENTAL,2022,1,Q1,8089,26.08,28.8074074074074,23.6418518518519,2000.4,2000.4,2263.0,2342.93501388889,4911.98,980.31,13.7811111111111,29.9985185185185,1834.11,26.5389788359788,9.06652272764448,-0.458978835978833,-0.966666666666667,La Niña,-0.579427381394773,4.7188990397954,5.29832642119017
MISAMIS ORIENTAL,2022,2,Q2,8090,26.7318681318681,29.5018315018315,24.3838827838828,2931.5,2931.5,2657.0,2395.98620277778,5152.5,1046.69,11.3131868131868,26.0021978021978,1991.24,28.0085347985348,47.219822823969,-1.27666666666667,-1.0,La Niña,-0.693621520588912,18.8319642654839,19.5255857860728
MISAMIS ORIENTAL,2022,3,Q3,8091,26.8018115942029,29.8047101449275,24.3648550724638,2279.9,2279.9,2304.0,2485.41599166667,5260.33,1073.87,10.5652173913043,24.4489130434783,1871.22,27.7157608695652,21.8402967048236,-0.91394927536232,-0.9,La Niña,-0.839454853922245,27.9784034869544,28.8178583408766
MISAMIS ORIENTAL,2022,4,Q4,8092,26.5659420289855,29.3652173913043,24.2623188405797,3108.3,3108.3,2760.0,2279.12734444444,4595.89,941.59,11.5224637681159,26.2286231884058,2017.76,27.2589492753623,54.0470620886528,-0.693007246376812,-0.9,La Niña,-0.835650506096158,33.0434260862725,33.8790765923686
MISAMIS ORIENTAL,2023,1,Q1,8093,25.7314814814815,28.1588888888889,23.5788888888889,3239.7,3239.7,3274.0,2034.59030555556,4406.16,872.86,13.6322222222222,29.4144444444444,1834.11,26.5389788359788,76.63607962445,-0.80749735449735,-0.4,Neutral,-0.922780135725787,49.9358153104738,50.8585954461996
MISAMIS ORIENTAL,2023,2,Q2,8094,27.3688644688645,30.3684981684982,24.7553113553114,1828.1,1828.1,2110.0,2631.98415555556,5590.23,1152.09,11.5197802197802,26.5142857142857,1991.24,28.0085347985348,-8.19288483557986,-0.639670329670331,0.5,El Niño,-0.763531051476703,36.0826383955866,36.8461694470633
MISAMIS ORIENTAL,2023,3,Q3,8095,27.5971014492754,30.9394927536232,24.7778985507246,1598.4,1598.4,2183.0,2497.29693888889,5309.88,1126.08,11.2286231884058,26.8601449275362,1871.22,27.7157608695652,-14.5797928624106,-0.118659420289855,1.33333333333333,El Niño,-0.564708587708587,26.9776160037781,27.5423245914867
MISAMIS ORIENTAL,2023,4,Q4,8096,27.2166666666667,30.3561594202899,24.5347826086957,1414.3,1414.3,2089.0,2584.81408888889,5044.39,1052.1,11.9815217391304,27.7260869565217,2017.76,27.2589492753623,-29.9074220918246,-0.0422826086956504,1.9,El Niño,-0.402027428288297,5.98899495865873,6.39102238694703
MISAMIS ORIENTAL,2024,1,Q1,8097,26.885347985348,29.9527472527473,23.9091575091575,1010.2,1010.2,1570.0,2689.70695,5524.31,1163.25,16.7879120879121,34.9479853479853,1834.11,26.5389788359788,-44.9215150672533,0.346369149369153,1.46666666666667,El Niño,-0.113560802321671,-24.4004037142671,24.5139645165888
MISAMIS ORIENTAL,2024,2,Q2,8098,28.66336996337,31.9362637362637,25.6490842490842,964.5,964.5,1374.0,2801.56960555556,5942.38,1311.64,14.270695970696,31.7446886446886,1991.24,28.0085347985348,-51.5628452622487,0.654835164835166,0.433333333333333,Neutral,0.210065571304703,-35.2428938209343,35.452959392239
MISAMIS ORIENTAL,2024,3,Q3,8099,27.338768115942,30.4007246376812,24.8557971014493,1841.1,1841.1,2242.0,2457.70355,5279.59,1093.43,10.7336956521739,25.2405797101449,1871.22,27.7157608695652,-1.60964504440954,-0.376992753623192,-0.1,Neutral,0.145482237971369,-32.000356866434,32.1458391044054
MISAMIS ORIENTAL,2024,4,Q4,8100,27.2503703703704,30.7772893772894,24.5575091575092,1840.6,1840.6,2040.0,2415.74923611111,4848.28,1023.38,12.1062271062271,29.0238095238095,2017.76,27.2589492753623,-8.78003330425818,-0.0085789049919462,-0.4,Neutral,0.153908163897295,-26.7185096695424,26.8724178334397
MISAMIS ORIENTAL,2025,1,Q1,8101,26.8093632958802,30.7062962962963,23.767037037037,1668.1,1668.1,2076.0,2298.10473611111,4861.29,1026.43,13.8492592592593,33.2681481481481,1834.11,26.5389788359788,-9.05125646771459,0.270384459901319,-0.4,Neutral,0.134911991530337,-17.7509450196577,17.8858570111881
MISAMIS ORIENTAL,2025,2,Q2,8102,27.7117216117216,31.0787545787546,24.8355311355311,963.8,14.1,1187.0,2595.25666944444,5447.3,1145.08,13.8234432234432,27.4556776556777,1991.24,28.0085347985348,-51.5979992366566,-0.296813186813189,-0.1,Neutral,-0.103000096381752,-17.7597335132597,17.8627336096415
MISAMIS ORIENTAL,2025,3,Q3,8103,26.8985507246377,29.7731884057971,24.7855072463768,1527.8,90.8,1698.0,2333.52281944444,5200.29,1106.74,13.288768115942,32.0268115942029,1871.22,27.7157608695652,-18.3527324419363,-0.81721014492754,-0.3,Neutral,-0.213054444207839,-21.9455053626414,22.1585598068492
MISAMIS ORIENTAL,2025,4,Q4,8104,26.5284153005464,28.8677595628415,24.6972677595628,1444.5,103.8,1579.0,1554.33700833333,3183.77,646.88,12.848087431694,31.0650273224044,2017.76,27.2589492753623,-28.4107128697169,-0.730533974815874,-0.6,La Niña,-0.393543211663821,-26.8531752540061,27.2467184656699
NEGROS OCCIDENTAL,2010,1,Q1,8041,26.2303703703704,29.308024691358,23.689012345679,1562.6,1562.6,3461.0,8380.11804166667,16350.82,3541.59,19.1344444444444,36.3382716049383,3846.96,25.8486798263465,-59.3809137604758,0.381690544023876,1.16666666666667,El Niño,0.381690544023876,-59.3809137604758,59.7626043044997
NEGROS OCCIDENTAL,2010,2,Q2,8042,28.1903540903541,31.4862026862027,25.5114774114774,3939.8,3939.8,5140.0,8977.31483055556,18122.71,3962.37,13.3186813186813,28.5936507936508,5408.15,27.4532478632479,-27.1506892375396,0.737106227106231,-0.166666666666667,Neutral,0.559398385565054,-43.2658014990077,43.8251998845728
NEGROS OCCIDENTAL,2010,3,Q3,8043,26.7636473429952,29.4368357487923,24.6841787439614,8763.4,8763.4,9619.0,7739.96597777778,15583.22,3181.37,11.1368357487923,24.7487922705314,8151.68,26.5000362318841,7.50421998900839,0.263611111111107,-1.3,La Niña,0.460802627413738,-26.3424610030024,26.8032636304161
NEGROS OCCIDENTAL,2010,4,Q4,8044,26.1777777777778,28.711231884058,24.3086956521739,7252.5,7252.5,9095.0,7510.56545277778,13368.69,2713.84,13.9003623188406,28.4235507246377,6265.34,26.3077657004831,15.7558887466602,-0.129987922705318,-1.6,La Niña,0.313104989883974,-15.8178735655867,16.1309785554707
NEGROS OCCIDENTAL,2011,1,Q1,8045,25.3462962962963,27.709012345679,23.670987654321,7127.3,7127.3,8530.0,6577.20566388889,12773.51,2639.37,19.661975308642,37.457037037037,3846.96,25.8486798263465,85.2709672052738,-0.502383530050203,-1.16666666666667,La Niña,0.0920864713654543,20.3450966758507,20.4371831472161
NEGROS OCCIDENTAL,2011,2,Q2,8046,26.4151404151404,28.9455433455433,24.4394383394383,7034.2,7034.2,8271.0,7413.08886111111,15115.51,3089.07,14.2748473748474,29.5942612942613,5408.15,27.4532478632479,30.0666586540684,-1.03810744810745,-0.566666666666667,La Niña,-0.351716947437965,34.6494336487527,35.0011505961907
NEGROS OCCIDENTAL,2011,3,Q3,8047,26.1823671497585,28.594806763285,24.3303140096618,8454.5,8454.5,9928.0,7286.27108333333,14444.2,2936.12,15.9404589371981,33.2292270531401,8151.68,26.5000362318841,3.71481706838345,-0.317669082125605,-0.633333333333333,La Niña,-0.497036995747143,33.7020829185965,34.1991199143436
NEGROS OCCIDENTAL,2011,4,Q4,8048,26.1858695652174,28.7201690821256,24.2595410628019,7237.5,7237.5,8263.0,7564.00615833333,13772.87,2794.85,15.0702898550725,31.1066425120773,6265.34,26.3077657004831,15.516476360421,-0.121896135265704,-1.03333333333333,La Niña,-0.495014048887239,33.6422298220367,34.1372438709239
NEGROS OCCIDENTAL,2012,1,Q1,8049,25.7720390720391,28.3426129426129,23.810989010989,5044.7,5044.7,7029.0,7783.98010555556,14690.92,2980.66,17.5528693528694,34.7417582417582,3846.96,25.8486798263465,31.1347141639112,-0.076640754307423,-0.733333333333333,La Niña,-0.388578354951544,20.108166561696,20.4967449166476
NEGROS OCCIDENTAL,2012,2,Q2,8050,26.7919413919414,29.486568986569,24.6473748473748,5434.2,5434.2,7633.0,8111.16708055556,16365.91,3343.8,13.3068376068376,28.4581196581197,5408.15,27.4532478632479,0.481680426763314,-0.661306471306471,-0.266666666666667,Neutral,-0.294378110751301,12.7119220048697,13.006300115621
NEGROS OCCIDENTAL,2012,3,Q3,8051,26.1863526570048,28.6152173913043,24.3496376811594,8052.9,8052.9,10424.0,7208.32422777778,14480.14,2948.96,16.3846618357488,34.0462560386473,8151.68,26.5000362318841,-1.21177475072624,-0.313683574879231,0.333333333333333,Neutral,-0.293381733939707,11.4802740500923,11.773655784032
NEGROS OCCIDENTAL,2012,4,Q4,8052,26.1857487922705,28.7062801932367,24.2138888888889,4937.0,4937.0,6695.0,7920.66355277778,14398.46,2948.51,17.41461352657,34.8562801932367,6265.34,26.3077657004831,-21.2014032757999,-0.122016908212565,0.0666666666666666,Neutral,-0.293411927176423,2.30080414103711,2.59421606821353
NEGROS OCCIDENTAL,2013,1,Q1,8053,25.8056790123457,28.3098765432099,23.8433333333333,4667.4,4667.4,5878.0,7503.30725,14568.19,3009.44,19.4437037037037,36.6374074074074,3846.96,25.8486798263465,21.3269698671158,-0.0430008140008126,-0.366666666666667,Neutral,-0.28500194209977,-0.151131933161741,0.436133875261511
NEGROS OCCIDENTAL,2013,2,Q2,8054,27.2885225885226,30.0286935286935,25.0978021978022,6778.6,6778.6,7669.0,7917.83244722222,16330.45,3391.41,11.9308913308913,26.2311355311355,5408.15,27.4532478632479,25.3404583822564,-0.164725274725271,-0.366666666666667,Neutral,-0.16085664295447,6.06356255571154,6.22441919866601
NEGROS OCCIDENTAL,2013,3,Q3,8055,26.2346618357488,28.6913043478261,24.3650966183575,8959.2,8959.2,10682.0,6981.39738333333,14089.83,2884.04,14.5462560386473,30.7713768115942,8151.68,26.5000362318841,9.90617884902254,-0.265374396135268,-0.333333333333333,Neutral,-0.148779348268479,8.84305095564873,8.99183030391721
NEGROS OCCIDENTAL,2013,4,Q4,8056,26.075,28.5704106280193,24.1902173913043,5721.3,5721.3,7746.0,7855.94430555556,14027.94,2832.01,16.3799516908213,33.0381642512077,6265.34,26.3077657004831,-8.68332764063882,-0.232765700483096,-0.233333333333333,Neutral,-0.176466546336112,11.972569864439,12.1490364107751
NEGROS OCCIDENTAL,2014,1,Q1,8057,25.0972839506173,27.5995061728395,23.1240740740741,5094.1,5094.1,5469.0,7302.49050555556,14335.53,2998.45,20.3982716049383,38.3974074074074,3846.96,25.8486798263465,32.4188450100859,-0.751395875729216,-0.4,Neutral,-0.353565311768213,14.7455386501815,15.0991039619497
NEGROS OCCIDENTAL,2014,2,Q2,8058,27.1356532356532,29.7776556776557,24.9562881562882,6746.1,6746.1,7414.0,8155.62225555556,16343.27,3360.99,12.7689865689866,27.0893772893773,5408.15,27.4532478632479,24.7395135120143,-0.317594627594623,0.133333333333333,Neutral,-0.391782649985551,14.595302432621,14.9870850826065
NEGROS OCCIDENTAL,2014,3,Q3,8059,26.2277777777778,28.5937198067633,24.3811594202899,8894.9,8894.9,10274.0,6803.73790277778,13979.41,2863.39,15.706038647343,32.4910628019324,8151.68,26.5000362318841,9.11738439192902,-0.272258454106289,0.1,Neutral,-0.393503664478306,14.3981038183476,14.7916074828259
NEGROS OCCIDENTAL,2014,4,Q4,8060,26.0202898550725,28.4236714975845,24.1841787439614,7322.4,7322.4,8562.0,7291.07893611111,13160.42,2694.85,16.6064009661836,32.8830917874396,6265.34,26.3077657004831,16.8715504665349,-0.287475845410633,0.6,El Niño,-0.40718120071019,20.786823345141,21.1940045458512
NEGROS OCCIDENTAL,2015,1,Q1,8061,25.6628395061728,28.5344444444444,23.311975308642,1553.9,1553.9,3632.0,8457.99984166667,16139.43,3429.2,19.5632098765432,36.4297530864198,3846.96,25.8486798263465,-59.6070663588912,-0.185840320173654,0.5,El Niño,-0.2657923118213,-2.21965449710323,2.48544680892453
NEGROS OCCIDENTAL,2015,2,Q2,8062,27.5626373626374,30.5537240537241,25.1809523809524,4887.3,4887.3,6706.0,8505.10800555556,17281.91,3678.94,12.6606837606838,27.0114774114774,5408.15,27.4532478632479,-9.6308349435574,0.109389499389501,0.933333333333333,El Niño,-0.159046280075269,-10.8122416109962,10.9712878910714
NEGROS OCCIDENTAL,2015,3,Q3,8063,26.417270531401,28.7794685990338,24.5707729468599,8227.0,8227.0,10009.0,7747.07514444444,14882.23,3037.86,15.4938405797101,32.0557971014493,8151.68,26.5000362318841,0.923981314281224,-0.0827657004830904,1.86666666666667,El Niño,-0.111673091669469,-12.8605923804081,12.9722654720776
NEGROS OCCIDENTAL,2015,4,Q4,8064,26.4316425120773,28.9835748792271,24.4149758454106,3656.9,3656.9,6114.0,8226.43411666667,14769.16,3035.21,16.7466183574879,33.2091787439614,6265.34,26.3077657004831,-41.6328563174544,0.123876811594201,2.53333333333333,El Niño,-0.00883492741826065,-27.4866940764054,27.4955290038237
NEGROS OCCIDENTAL,2016,1,Q1,8065,26.5161172161172,29.646398046398,23.9438339438339,1277.4,1277.4,2889.0,8765.23861666667,17169.15,3644.58,18.2842490842491,34.8847374847375,3846.96,25.8486798263465,-66.7945598602533,0.667437389770722,2.06666666666667,El Niño,0.204484500067833,-29.283567451746,29.4880519518138
NEGROS OCCIDENTAL,2016,2,Q2,8066,28.0216117216117,31.0797313797314,25.5655677655678,5955.8,5955.8,6615.0,8616.76725833333,17309.41,3743.65,12.8070818070818,27.5444444444444,5408.15,27.4532478632479,10.1263833288648,0.568363858363863,0.4,Neutral,0.319228089811424,-24.3442628836404,24.6634909734519
NEGROS OCCIDENTAL,2016,3,Q3,8067,26.7722222222222,29.1942028985507,24.9099033816425,7901.1,7901.1,9797.0,7471.47450833333,14743.53,3026.41,14.7972222222222,31.2961352657005,8151.68,26.5000362318841,-3.07396757478213,0.272185990338166,-0.5,La Niña,0.407966012516738,-25.3437501059063,25.751716118423
NEGROS OCCIDENTAL,2016,4,Q4,8068,26.2659420289855,28.6774154589372,24.4685990338164,7689.4,7689.4,8922.0,7180.14709722222,13033.75,2664.68,15.2642512077295,31.5919082125604,6265.34,26.3077657004831,22.729173516521,-0.0418236714975854,-0.666666666666667,La Niña,0.366540891743791,-9.2532426474124,9.61978353915619
NEGROS OCCIDENTAL,2017,1,Q1,8069,25.8530864197531,28.4069135802469,23.8807407407407,5234.2,5234.2,6763.0,6991.76432222222,13462.52,2910.73,20.2713580246914,42.4293827160494,3846.96,25.8486798263465,36.0606816811196,0.0044065934065926,-0.133333333333333,Neutral,0.200783192652759,16.4605677379308,16.6613509305836
NEGROS OCCIDENTAL,2017,2,Q2,8070,27.4251526251526,30.2151404151404,25.1802197802198,5316.7,5316.7,6739.0,8397.47112222222,16387.67,3417.06,12.8564102564103,30.3984126984127,5408.15,27.4532478632479,-1.6909664118044,-0.0280952380952328,0.266666666666667,Neutral,0.051668418537985,13.5062303027635,13.5578987213015
NEGROS OCCIDENTAL,2017,3,Q3,8071,26.6541062801932,29.1167874396135,24.7934782608696,7962.3,7962.3,9382.0,6768.36106666667,13832.77,2848.45,13.099154589372,30.5878019323671,8151.68,26.5000362318841,-2.32320208840386,0.15407004830918,-0.133333333333333,Neutral,0.0221394330307385,13.6939216743581,13.7160611073888
NEGROS OCCIDENTAL,2017,4,Q4,8072,26.4812801932367,28.8995169082126,24.638768115942,8068.5,8068.5,8640.0,6935.17260833333,12615.96,2636.63,16.0565217391304,36.637922705314,6265.34,26.3077657004831,28.7799225580735,0.173514492753622,-0.833333333333333,La Niña,0.0759739740935403,15.2066089347462,15.2825829088397
NEGROS OCCIDENTAL,2018,1,Q1,8073,26.1892592592593,28.85,24.0351851851852,5233.7,5233.7,6404.0,7485.100025,14469.63,3037.83,18.4755555555556,39.5679012345679,3846.96,25.8486798263465,36.0476844053486,0.340579432912765,-0.833333333333333,La Niña,0.160017183970083,15.2033596158035,15.3633767997735
NEGROS OCCIDENTAL,2018,2,Q2,8074,27.6345543345543,30.6118437118437,25.2216117216117,4100.8,4100.8,6351.0,8419.94811666667,16595.47,3554.55,14.4614163614164,33.5887667887668,5408.15,27.4532478632479,-24.1737008034171,0.18130647130647,-0.233333333333333,Neutral,0.212367611320509,9.58267601790029,9.7950436292208
NEGROS OCCIDENTAL,2018,3,Q3,8075,26.6076086956522,29.0118357487923,24.7958937198068,7699.5,7699.5,11164.0,7318.58717222222,14600.68,3022.01,17.1571256038647,39.5382850241546,8151.68,26.5000362318841,-5.54707741226349,0.107572463768111,0.266666666666667,Neutral,0.200743215185242,8.77670718693539,8.97745040212063
NEGROS OCCIDENTAL,2018,4,Q4,8076,26.588768115942,29.2199275362319,24.462077294686,5704.6,5704.6,8356.0,7896.0797,14538.79,3042.89,16.412922705314,36.4929951690821,6265.34,26.3077657004831,-8.9498734306518,0.281002415458932,0.833333333333333,El Niño,0.22761519586157,-0.655741810245928,0.883357006107498
NEGROS OCCIDENTAL,2019,1,Q1,8077,26.0138271604938,29.1877777777778,23.2469135802469,1674.3,1674.3,4099.0,8285.56135,16532.02,3639.82,20.8782716049383,42.5369135802469,3846.96,25.8486798263465,-56.4773223532348,0.165147334147335,0.7,El Niño,0.183757171170212,-23.7869934998918,23.970750671062
NEGROS OCCIDENTAL,2019,2,Q2,8078,28.0669108669109,31.2151404151404,25.3979242979243,3888.0,3888.0,6839.0,8611.65596944444,17143.51,3749.93,14.7142857142857,34.0948717948718,5408.15,27.4532478632479,-28.1085029076486,0.613663003663007,0.566666666666667,El Niño,0.291846304259346,-24.7706940259497,25.062540330209
NEGROS OCCIDENTAL,2019,3,Q3,8079,26.954347826087,29.4373188405797,25.0159420289855,6602.0,6602.0,9242.0,7104.07736666667,14706.9,3114.27,16.7658212560386,37.587077294686,8151.68,26.5000362318841,-19.0105597864489,0.454311594202899,0.2,Neutral,0.378531086868043,-28.136564619496,28.5150957063641
NEGROS OCCIDENTAL,2019,4,Q4,8080,26.6653381642512,29.3490338164251,24.506038647343,5063.3,5063.3,8588.0,7932.67701111111,14365.44,2997.37,15.6368357487923,35.2751207729469,6265.34,26.3077657004831,-19.1855509836657,0.357572463768115,0.433333333333333,Neutral,0.397673598945339,-30.6954840077495,31.0931576066948
NEGROS OCCIDENTAL,2020,1,Q1,8081,26.6964590964591,29.8998778998779,24.0273504273504,2050.1,2050.1,5488.0,8484.97430277778,16447.74,3667.61,20.1398046398046,42.1334554334554,3846.96,25.8486798263465,-46.7085698837524,0.847779270112603,0.466666666666667,Neutral,0.568331582936656,-28.2532958903789,28.8216274733156
NEGROS OCCIDENTAL,2020,2,Q2,8082,28.2157509157509,31.5130647130647,25.4406593406593,5069.5,5069.5,7084.0,8399.55490277778,16989.81,3774.26,14.7279609279609,33.9647130647131,5408.15,27.4532478632479,-6.26184554792304,0.76250305250306,-0.0666666666666666,Neutral,0.605541595146669,-22.7916315504475,23.3971731455942
NEGROS OCCIDENTAL,2020,3,Q3,8083,26.9417874396135,29.5358695652174,24.8762077294686,7271.1,7271.1,9644.0,7393.78871666667,14864.31,3047.58,12.2031400966184,28.9115942028985,8151.68,26.5000362318841,-10.8024358169114,0.441751207729464,-0.633333333333333,La Niña,0.602401498528311,-20.7396005580631,21.3420020565914
NEGROS OCCIDENTAL,2020,4,Q4,8084,26.5682367149758,29.0671497584541,24.6664251207729,8471.4,8471.4,10057.0,6832.28091111111,12798.81,2651.25,15.2202898550725,34.4242753623188,6265.34,26.3077657004831,35.2105392524588,0.260471014492751,-1.23333333333333,La Niña,0.57812613620947,-7.140577999032,7.71870413524147
NEGROS OCCIDENTAL,2021,1,Q1,8085,26.0235802469136,28.541975308642,23.9861728395062,7069.3,7069.3,8920.0,6952.60583333333,13809.41,2863.87,17.7482716049383,38.4655555555556,3846.96,25.8486798263465,83.763283215838,0.174900420567084,-0.9,La Niña,0.40990642382309,25.4773852758656,25.8872916996887
NEGROS OCCIDENTAL,2021,2,Q2,8086,27.2050061050061,29.9006105006105,24.9504273504274,6347.0,6347.0,8544.0,7956.20383888889,15966.14,3341.59,14.6032967032967,33.2257631257631,5408.15,27.4532478632479,17.3599105054409,-0.248241758241758,-0.533333333333333,La Niña,0.157220221136885,31.3828242892066,31.5400445103434
NEGROS OCCIDENTAL,2021,3,Q3,8087,27.0073671497585,29.5660628019324,24.9605072463768,6999.8,6999.8,9428.0,7596.87808333333,15177.07,3169.85,14.2969806763285,32.8978260869565,8151.68,26.5000362318841,-14.1305841249902,0.507330917874391,-0.533333333333333,La Niña,0.173615148673117,30.5507872121869,30.72440236086
NEGROS OCCIDENTAL,2021,4,Q4,8088,26.429347826087,29.0481884057971,24.4117149758454,7932.7,7932.7,8988.0,6828.353675,13299.8,2790.97,17.5481884057971,36.5014492753623,6265.34,26.3077657004831,26.6124424213211,0.121582125603865,-0.933333333333333,La Niña,0.138892926450896,28.4012630044024,28.5401559308533
NEGROS OCCIDENTAL,2022,1,Q1,8089,26.2604938271605,29.1381481481482,23.9472839506173,4466.9,4466.9,6776.0,7365.99628888889,15016.03,3176.89,18.5004938271605,37.292962962963,3846.96,25.8486798263465,16.1150622829455,0.411814000813997,-0.966666666666667,La Niña,0.198121321512624,11.4892077711793,11.6873290926919
NEGROS OCCIDENTAL,2022,2,Q2,8090,26.8692307692308,29.7124542124542,24.5164835164835,8795.1,8795.1,8116.0,7506.65683611111,16018.3,3298.0,13.9503052503052,29.9225885225885,5408.15,27.4532478632479,62.6267762543569,-0.584017094017089,-1.0,La Niña,0.114177487568791,22.8059242084083,22.9201016959771
NEGROS OCCIDENTAL,2022,3,Q3,8091,26.6756038647343,29.4652173913043,24.5095410628019,7910.1,7910.1,8773.0,7253.82386944444,15529.79,3163.08,13.3014492753623,28.617270531401,8151.68,26.5000362318841,-2.96356088560886,0.175567632850242,-0.9,La Niña,0.0312366663127541,25.5976800182536,25.6289166845664
NEGROS OCCIDENTAL,2022,4,Q4,8092,26.4590579710145,29.1227053140097,24.3626811594203,8001.1,8001.1,9027.0,6849.74682222222,13523.56,2817.51,16.2101449275362,33.6967391304348,6265.34,26.3077657004831,27.7041629025719,0.151292270531396,-0.9,La Niña,0.0386642025446368,25.8706101385664,25.909274341111
NEGROS OCCIDENTAL,2023,1,Q1,8093,25.8592592592593,28.5055555555556,23.731975308642,6952.8,6952.8,8651.0,6632.51142777778,14053.08,2943.68,19.8743209876543,39.13,3846.96,25.8486798263465,80.7349179611953,0.0105794329127668,-0.4,Neutral,-0.0616444394306708,42.0255740581288,42.0872184975595
NEGROS OCCIDENTAL,2023,2,Q2,8094,27.4102564102564,30.4838827838828,24.8912087912088,5772.4,5772.4,7255.0,8095.52770833333,17062.6,3593.01,14.552380952381,31.2013431013431,5408.15,27.4532478632479,6.73520519955992,-0.0429914529914512,0.5,El Niño,0.0736119708257385,28.0526812944296,28.1262932652553
NEGROS OCCIDENTAL,2023,3,Q3,8095,27.0311594202899,29.8190821256039,24.8776570048309,7135.1,7135.1,9166.0,7396.26765555556,15695.48,3300.77,16.393115942029,35.0106280193237,8151.68,26.5000362318841,-12.4708035644186,0.531123188405793,1.33333333333333,El Niño,0.162500859714626,25.6758706247271,25.8383714844418
NEGROS OCCIDENTAL,2023,4,Q4,8096,27.0414251207729,30.0539855072464,24.6231884057971,4798.3,4798.3,7363.0,7863.21664166667,15114.94,3184.83,15.8885265700483,33.5795893719807,6265.34,26.3077657004831,-23.4151698072251,0.73365942028985,1.9,El Niño,0.30809264715424,12.8960374472779,13.2041300944321
NEGROS OCCIDENTAL,2024,1,Q1,8097,27.4854395604396,31.1553571428571,24.4325549450549,1360.4,1360.4,3939.0,7588.56750833333,15010.5,3528.36,19.8137362637363,39.4361263736264,3846.96,25.8486798263465,-64.6370120822675,1.63675973409307,1.46666666666667,El Niño,0.714637722449315,-23.4469450635878,24.1615827860372
NEGROS OCCIDENTAL,2024,2,Q2,8098,29.2166208791209,33.1745879120879,25.8337912087912,4211.3,4211.3,5073.0,7750.18593333333,16244.58,3715.8,15.1855769230769,32.7340659340659,5408.15,27.4532478632479,-22.1304882445938,1.76337301587302,0.433333333333333,Neutral,1.16622883966543,-30.6633684246263,31.8295972642917
NEGROS OCCIDENTAL,2024,3,Q3,8099,27.2876358695652,30.2747282608696,25.0815217391304,9004.6,9004.6,8256.0,6269.29682777778,13462.93,2815.9,13.7572010869565,29.9993206521739,8151.68,26.5000362318841,10.4631192588522,0.787599637681154,-0.1,Neutral,1.23034795198427,-24.9298877188086,26.1602356707929
NEGROS OCCIDENTAL,2024,4,Q4,8100,27.0166666666667,30.1142857142857,24.6824175824176,6723.8,6723.8,7314.0,6360.277875,12191.62,2571.73,15.0909340659341,32.3740384615385,6265.34,26.3077657004831,7.31740017301535,0.70890096618357,-0.4,Neutral,1.2241583384577,-17.2467452237485,18.4709035622062
NEGROS OCCIDENTAL,2025,1,Q1,8101,26.7276685393258,29.9498611111111,24.2395833333333,5440.2,5440.2,6910.0,6547.52566111111,12897.75,2768.52,17.1448611111111,35.9531944444444,3846.96,25.8486798263465,41.415559298771,0.878988712979346,-0.4,Neutral,1.03471558317927,9.26639762151117,10.3011132046904
NEGROS OCCIDENTAL,2025,2,Q2,8102,28.2107448107448,31.453724053724,25.6327228327228,4186.5,64.6,5120.0,8130.41571111111,17144.11,3693.89,13.982905982906,28.882905982906,5408.15,27.4532478632479,-22.589055407117,0.75749694749695,-0.1,Neutral,0.783246566085255,9.15175583088037,9.93500239696562
NEGROS OCCIDENTAL,2025,3,Q3,8103,27.2559178743961,29.2886473429952,25.6461352657005,7924.8,964.5,8275.0,6846.51490277778,15137.86,3209.86,15.9987922705314,30.2757246376812,8151.68,26.5000362318841,-2.78322995995918,0.755881642512076,-0.3,Neutral,0.775317067292986,5.84016852617753,6.61548559347052
NEGROS OCCIDENTAL,2025,4,Q4,8104,27.2285974499089,29.2781420765027,25.6591985428051,6528.3,954.8,5930.0,4610.33213333333,9481.54,1971.08,14.5446265938069,28.2393442622951,6265.34,26.3077657004831,4.19705873903092,0.92083174942583,-0.6,La Niña,0.82829976310355,5.06008316768142,5.88838293078497
NUEVA ECIJA,2010,1,Q1,8041,25.4393333333333,30.548,21.0704444444444,229.0,229.0,527.0,4719.83056666667,8703.17,1932.94,13.8017777777778,34.002,794.22,25.1054117216117,-71.1666792576364,0.333921611721607,1.16666666666667,El Niño,0.333921611721607,-71.1666792576364,71.500600869358
NUEVA ECIJA,2010,2,Q2,8042,27.8024175824176,32.7393406593407,24.0134065934066,2198.6,2198.6,2085.0,4877.86694722222,9698.22,2159.02,10.9518681318681,29.601978021978,2655.15,27.5396923076923,-17.1948854113704,0.262725274725273,-0.166666666666667,Neutral,0.29832344322344,-44.1807823345034,44.4791057777268
NUEVA ECIJA,2010,3,Q3,8043,25.9823913043478,29.8328260869565,23.2628260869565,4090.9,4090.9,4269.0,4057.49766944444,8074.89,1655.74,9.01347826086956,26.9723913043478,5253.53,25.7691086956522,-22.1304532381085,0.21328260869565,-1.3,La Niña,0.269976498380843,-36.8306726357051,37.1006491340859
NUEVA ECIJA,2010,4,Q4,8044,25.2815217391304,29.2265217391304,22.3132608695652,2192.4,2192.4,2428.0,4150.10413611111,7109.35,1466.19,10.4886956521739,30.2739130434783,2193.93,25.5739130434783,-0.0697378676621289,-0.292391304347824,-1.6,La Niña,0.129384547698677,-27.6404389436943,27.769823491393
NUEVA ECIJA,2011,1,Q1,8045,24.2517777777778,28.5328888888889,20.8306666666667,1402.4,1402.4,1415.0,4322.16226388889,7892.78,1677.21,14.1026666666667,35.8557777777778,794.22,25.1054117216117,76.5757598650248,-0.853633943833952,-1.16666666666667,La Niña,-0.167504341190213,9.29517083697096,9.46267517816117
NUEVA ECIJA,2011,2,Q2,8046,26.3472527472527,30.5153846153846,23.1259340659341,3420.1,3420.1,3244.0,4252.10954444444,8535.07,1832.8,11.0395604395604,30.7072527472527,2655.15,27.5396923076923,28.8100483965124,-1.19243956043957,-0.566666666666667,La Niña,-0.531295549981423,20.7964042889417,21.3276998389231
NUEVA ECIJA,2011,3,Q3,8047,25.2547826086957,28.7063043478261,22.9460869565217,5099.4,5099.4,5155.0,3486.12053055556,7036.76,1423.41,10.9208695652174,32.0228260869565,5253.53,25.7691086956522,-2.93383686778225,-0.514326086956522,-0.633333333333333,La Niña,-0.713197723894466,25.5955583815232,26.3087561054177
NUEVA ECIJA,2011,4,Q4,8048,25.1360869565217,28.9489130434783,22.1652173913043,2648.1,2648.1,2864.0,4018.04015277778,7014.71,1447.28,11.0758695652174,31.7454347826087,2193.93,25.5739130434783,20.701207422297,-0.437826086956523,-1.03333333333333,La Niña,-0.749556419546641,30.788294704013,31.5378511235596
NUEVA ECIJA,2012,1,Q1,8049,24.7837362637363,29.0483516483516,21.3248351648352,1299.2,1299.2,1579.0,4338.32086666667,7925.4,1663.51,12.9784615384615,34.1815384615385,794.22,25.1054117216117,63.5818790763265,-0.321675457875461,-0.733333333333333,La Niña,-0.616566798057018,27.5398245068384,28.1563913048954
NUEVA ECIJA,2012,2,Q2,8050,26.4103296703297,30.6237362637363,23.2973626373626,2659.7,2659.7,3349.0,4389.06973333333,8699.7,1826.09,10.6547252747253,30.2637362637363,2655.15,27.5396923076923,0.171365082951989,-1.12936263736263,-0.266666666666667,Neutral,-0.600797567287785,20.3801536784483,20.9809512457361
NUEVA ECIJA,2012,3,Q3,8051,25.2471739130435,28.6708695652174,22.929347826087,5708.3,5708.3,5584.0,3480.773075,6957.95,1408.33,10.5978260869565,31.320652173913,5253.53,25.7691086956522,8.65646527192192,-0.521934782608696,0.333333333333333,Neutral,-0.602699741200828,23.2777292133743,23.8804289545752
NUEVA ECIJA,2012,4,Q4,8052,25.2828260869565,29.3976086956522,21.9319565217391,1398.4,1398.4,1698.0,4417.70983055556,7638.98,1599.67,11.6671739130435,31.4471739130435,2193.93,25.5739130434783,-36.2605005629168,-0.291086956521745,0.0666666666666666,Neutral,-0.566014958592134,9.0373022170709,9.60331717566304
NUEVA ECIJA,2013,1,Q1,8053,25.2842222222222,29.8011111111111,21.5215555555556,845.4,845.4,1022.0,4419.78190555556,8077.15,1768.59,13.5904444444444,34.4857777777778,794.22,25.1054117216117,6.44405832137191,0.178810500610499,-0.366666666666667,Neutral,-0.440893468970644,-5.24715297166774,5.68804644063838
NUEVA ECIJA,2013,2,Q2,8054,27.3663736263736,31.7942857142857,23.9806593406593,2523.9,2523.9,2745.0,4463.59303888889,8889.37,1933.7,9.81692307692308,27.7795604395604,2655.15,27.5396923076923,-4.94322354669228,-0.17331868131868,-0.366666666666667,Neutral,-0.201882479959655,-6.5258001290788,6.72768260903846
NUEVA ECIJA,2013,3,Q3,8055,25.4413043478261,28.979347826087,22.9989130434783,5331.4,5331.4,5339.0,3441.53117777778,7064.53,1444.65,9.95,29.774347826087,5253.53,25.7691086956522,1.48224146431064,-0.327804347826088,-0.333333333333333,Neutral,-0.153349871264004,-8.31935608098162,8.47270595224563
NUEVA ECIJA,2013,4,Q4,8056,25.0091304347826,28.8063043478261,22.0215217391304,1962.3,1962.3,2309.0,4267.59612777778,7182.03,1474.16,11.199347826087,30.4776086956522,2193.93,25.5739130434783,-10.5577662003801,-0.564782608695655,-0.233333333333333,Neutral,-0.221773784307481,-1.89367249034747,2.11544627465495
NUEVA ECIJA,2014,1,Q1,8057,24.2164444444444,28.9044444444444,20.1811111111111,682.7,682.7,808.0,4511.75238611111,8363.71,1780.76,12.9095555555556,32.7373333333333,794.22,25.1054117216117,-14.0414494724384,-0.888967277167279,-0.4,Neutral,-0.488718228751925,-7.01504943880003,7.50376766755196
NUEVA ECIJA,2014,2,Q2,8058,27.3685714285714,31.9410989010989,23.9026373626374,2325.7,2325.7,2636.0,4733.19325555555,9118.95,1974.98,10.0637362637363,28.3364835164835,2655.15,27.5396923076923,-12.4079618853925,-0.171120879120878,0.133333333333333,Neutral,-0.488168778202475,-8.8812340234751,9.36940280167758
NUEVA ECIJA,2014,3,Q3,8059,25.6269565217391,29.1073913043478,23.1247826086957,4989.0,4989.0,4988.0,3659.12128333333,7395.86,1507.86,10.83,30.5802173913043,5253.53,25.7691086956522,-5.03528103960576,-0.142152173913047,0.1,Neutral,-0.441755734724214,-10.5106146494542,10.9523703841784
NUEVA ECIJA,2014,4,Q4,8060,25.2167391304348,29.1715217391304,22.0513043478261,1784.7,1784.7,2055.0,4280.22422777778,7370.11,1539.68,11.1545652173913,30.6097826086957,2193.93,25.5739130434783,-18.6528284858678,-0.357173913043479,0.6,El Niño,-0.38985356081117,-12.5343802208261,12.9242337816373
NUEVA ECIJA,2015,1,Q1,8061,24.3268888888889,29.1522222222222,20.2124444444444,484.4,484.4,645.0,4644.02980555556,8500.26,1818.54,13.7308888888889,33.8755555555556,794.22,25.1054117216117,-39.0093424995593,-0.778522832722835,0.5,El Niño,-0.36224244970006,-18.7763534776064,19.1385959273064
NUEVA ECIJA,2015,2,Q2,8062,27.6956043956044,32.6024175824176,23.94,1673.7,1673.7,1979.0,4910.29269166667,9649.95,2135.61,10.8228571428571,29.4301098901099,2655.15,27.5396923076923,-36.9640133325801,0.155912087912085,0.933333333333333,El Niño,-0.280484207941819,-24.9153663394032,25.1958505473451
NUEVA ECIJA,2015,3,Q3,8063,25.8421739130435,29.5130434782609,23.2671739130435,4081.9,4081.9,4760.0,3977.70518055556,7806.11,1590.68,10.1276086956522,29.6139130434783,5253.53,25.7691086956522,-22.3017666216811,0.0730652173913064,1.86666666666667,El Niño,-0.22667986011573,-29.2319877349221,29.4586675950378
NUEVA ECIJA,2015,4,Q4,8064,25.5628260869565,29.6773913043478,22.1884782608696,2898.4,2898.4,1749.0,4423.23309166667,7622.34,1602.73,12.6989130434783,33.8045652173913,2193.93,25.5739130434783,32.1099579293779,-0.0110869565217441,2.53333333333333,El Niño,-0.140158120985297,-16.5412911311106,16.6814492520959
NUEVA ECIJA,2016,1,Q1,8065,25.6457142857143,30.3021978021978,21.8226373626374,219.0,219.0,710.0,4627.30235277778,8225.6,1830.02,13.3602197802198,32.9421978021978,794.22,25.1054117216117,-72.4257762332855,0.540302564102561,2.06666666666667,El Niño,0.189548228221052,-24.8953995645422,25.0849477927632
NUEVA ECIJA,2016,2,Q2,8066,27.9459340659341,32.7443956043956,24.3846153846154,2074.5,2074.5,2297.0,4780.38746666667,9338.09,2093.59,10.9518681318681,30.1874725274725,2655.15,27.5396923076923,-21.8688209705666,0.406241758241755,0.4,Neutral,0.25213064580347,-21.1216014740388,21.3737321198423
NUEVA ECIJA,2016,3,Q3,8067,25.9732608695652,29.5721739130435,23.5723913043478,4627.1,4627.1,4821.0,3724.05827222222,7451.83,1522.54,10.0958695652174,30.4382608695652,5253.53,25.7691086956522,-11.9239825412627,0.204152173913044,-0.5,La Niña,0.284902384933904,-18.5271554539342,18.8120578388681
NUEVA ECIJA,2016,4,Q4,8068,25.5269565217391,29.3095652173913,22.5897826086956,2908.1,2908.1,2807.0,4001.57682777778,6875.65,1439.15,12.0078260869565,32.5021739130435,2193.93,25.5739130434783,32.5520868942947,-0.0469565217391334,-0.666666666666667,La Niña,0.275934993629557,-18.416623212705,18.6925582063346
NUEVA ECIJA,2017,1,Q1,8069,25.3442222222222,29.6262222222222,22.0357777777778,1248.9,1248.9,1462.0,4340.56498333333,8077.55,1855.59,17.49,37.6186666666667,794.22,25.1054117216117,57.2486212888117,0.238810500610498,-0.133333333333333,Neutral,0.200561977756541,14.0019761678193,14.2025381455758
NUEVA ECIJA,2017,2,Q2,8070,27.9852747252747,32.8298901098901,24.718021978022,3205.2,3205.2,2665.0,4832.65157222222,9418.49,2124.86,13.3918681318681,31.8068131868132,2655.15,27.5396923076923,20.7163437093949,0.445582417582415,0.266666666666667,Neutral,0.210397142591706,24.6482673378096,24.8586644804014
NUEVA ECIJA,2017,3,Q3,8071,26.4080434782609,30.2789130434783,23.9902173913043,5151.9,5151.9,4633.0,3863.96963888889,7699.05,1598.34,12.205652173913,30.9358695652174,5253.53,25.7691086956522,-1.93450879694227,0.638934782608697,-0.133333333333333,Neutral,0.319092794765619,27.1456357738898,27.4647285686554
NUEVA ECIJA,2017,4,Q4,8072,26.1208695652174,29.8215217391304,23.4667391304348,2581.7,2581.7,2601.0,3980.64498055556,7013.92,1567.0,14.839347826087,34.7832608695652,2193.93,25.5739130434783,17.6746751263714,0.546956521739133,-0.833333333333333,La Niña,0.467571055635186,23.4262828319089,23.8938538875441
NUEVA ECIJA,2018,1,Q1,8073,25.9613333333333,30.4726666666667,22.5273333333333,1080.3,1080.3,1188.0,4471.15695833333,8334.22,1953.22,16.5824444444444,35.7735555555556,794.22,25.1054117216117,36.0202462793684,0.855921611721612,-0.833333333333333,La Niña,0.621848833412964,18.1191890795481,18.7410379129611
NUEVA ECIJA,2018,2,Q2,8074,28.3221978021978,33.343956043956,24.8518681318681,2750.1,2750.1,2903.0,4691.09703055555,9092.08,2137.29,14.4252747252747,34.5338461538462,2655.15,27.5396923076923,3.57606914863566,0.782505494505489,-0.233333333333333,Neutral,0.706079602643733,13.8341204393583,14.540200042002
NUEVA ECIJA,2018,3,Q3,8075,25.8260869565217,29.3969565217391,23.6008695652174,7422.7,7422.7,6660.0,3364.53881666667,7074.22,1448.3,13.7117391304348,33.5252173913044,5253.53,25.7691086956522,41.2897613604567,0.0569782608695632,0.266666666666667,Neutral,0.56059047220895,24.640187978708,25.200778450917
NUEVA ECIJA,2018,4,Q4,8076,26.344347826087,30.7115217391304,22.9947826086957,1860.1,1860.1,2297.0,4413.76939166667,8135.04,1833.0,15.1717391304348,33.9847826086957,2193.93,25.5739130434783,-15.2160734389885,0.770434782608696,0.833333333333333,El Niño,0.61646003742634,16.4175008373681,17.0339608747944
NUEVA ECIJA,2019,1,Q1,8077,25.8004444444444,30.9393333333333,21.5493333333333,450.9,450.9,853.0,4735.76728888889,9135.23,2159.81,18.5406666666667,39.6006666666667,794.22,25.1054117216117,-43.2273173679837,0.695032722832721,0.7,El Niño,0.576237815204117,-3.39439007446996,3.97062788967408
NUEVA ECIJA,2019,2,Q2,8078,28.152967032967,33.2804395604396,24.6432967032967,3720.0,3720.0,3715.0,4683.75856944445,9392.26,2142.65,13.8402197802198,32.1665934065934,2655.15,27.5396923076923,40.1050788091068,0.613274725274728,0.566666666666667,El Niño,0.533930122896427,5.73786234064783,6.27179246354426
NUEVA ECIJA,2019,3,Q3,8079,26.0889130434783,29.6736956521739,23.7641304347826,6032.7,6032.7,6318.0,3600.34363888889,7364.22,1515.95,13.5782608695652,33.469347826087,5253.53,25.7691086956522,14.8313610086932,0.319804347826086,0.2,Neutral,0.599636644635558,-0.876737747293039,1.4763743919286
NUEVA ECIJA,2019,4,Q4,8080,26.2578260869565,30.5995652173913,22.9704347826087,1705.1,1705.1,2600.0,4361.34301111111,7951.54,1744.12,13.7060869565217,31.9660869565217,2193.93,25.5739130434783,-22.2810208165256,0.68391304347826,0.433333333333333,Neutral,0.578006209852949,-2.64297459167732,3.22098080153027
NUEVA ECIJA,2020,1,Q1,8081,26.5136263736264,31.8450549450549,22.3197802197802,367.4,367.4,1002.0,4792.48275555556,9164.6,2253.88,18.9351648351648,40.8336263736264,794.22,25.1054117216117,-53.7407771146534,1.40821465201465,0.466666666666667,Neutral,0.756301692148432,-5.27133952834474,6.02764122049317
NUEVA ECIJA,2020,2,Q2,8082,28.5002197802198,33.7072527472527,24.6850549450549,3181.8,3181.8,2900.0,4857.83988333333,9710.56,2266.94,14.2325274725275,33.0720879120879,2655.15,27.5396923076923,19.835037568499,0.96052747252747,-0.0666666666666666,Neutral,0.843114878961617,-10.3388498384967,11.1819647174583
NUEVA ECIJA,2020,3,Q3,8083,26.9080434782609,31.1586956521739,23.9963043478261,4622.9,4622.9,4631.0,4155.12315555556,8448.04,1780.87,11.1178260869565,27.670652173913,5253.53,25.7691086956522,-12.0039287869299,1.1389347826087,-0.633333333333333,La Niña,1.04789748765727,-17.0476722874025,18.0955697750598
NUEVA ECIJA,2020,4,Q4,8084,26.0597826086956,29.8567391304348,23.3054347826087,4834.7,4834.7,4263.0,3746.12901666667,6899.49,1487.25,13.8258695652174,33.3260869565217,2193.93,25.5739130434783,120.367103781798,0.485869565217385,-1.23333333333333,La Niña,0.998386618092051,18.6143588621784,19.6127454802705
NUEVA ECIJA,2021,1,Q1,8085,25.8695555555556,30.4148888888889,22.4866666666667,1713.6,1713.6,1949.0,4300.509025,8167.82,1871.32,15.754,34.8866666666667,794.22,25.1054117216117,115.758857747224,0.764143833943834,-0.9,La Niña,0.837368913574347,60.9892675776477,61.826636491222
NUEVA ECIJA,2021,2,Q2,8086,28.4520879120879,33.9857142857143,24.4942857142857,2636.9,2636.9,3033.0,4841.75518611111,9726.44,2310.83,15.2863736263736,35.2318681318681,2655.15,27.5396923076923,-0.687343464587688,0.912395604395606,-0.533333333333333,La Niña,0.82533594654138,55.858672319376,56.6840082659174
NUEVA ECIJA,2021,3,Q3,8087,26.5580434782609,30.5880434782609,23.8923913043478,5384.5,5384.5,5457.0,3956.25658888889,8018.25,1679.19,12.5119565217391,32.0295652173913,5253.53,25.7691086956522,2.49299042738881,0.788934782608695,-0.533333333333333,La Niña,0.73783594654138,59.4829021229557,60.2207380694971
NUEVA ECIJA,2021,4,Q4,8088,26.3608695652174,30.7417391304348,23.2378260869565,2666.4,2666.4,2506.0,3983.31706388889,7628.31,1745.94,15.3923913043478,33.0973913043478,2193.93,25.5739130434783,21.535327015903,0.786956521739128,-0.933333333333333,La Niña,0.813107685671816,34.7749579314819,35.5880656171538
NUEVA ECIJA,2022,1,Q1,8089,26.3124444444444,31.4293333333333,22.5877777777778,1349.2,1349.2,1485.0,4494.4574,8744.43,2025.79,17.314,36.2128888888889,794.22,25.1054117216117,69.8773639545718,1.20703272283272,-0.966666666666667,La Niña,0.923829907894038,23.304584483319,24.228414391213
NUEVA ECIJA,2022,2,Q2,8090,27.6063736263736,33.0876923076923,23.9452747252747,3616.8,3616.8,3218.0,4499.50188611111,9432.39,2137.38,14.9668131868132,33.0364835164835,2655.15,27.5396923076923,36.2182927518219,0.0666813186813151,-1.0,La Niña,0.712401336465465,32.5309935374214,33.2433948738868
NUEVA ECIJA,2022,3,Q3,8091,26.0536956521739,30.5945652173913,23.315652173913,7439.3,7439.3,5149.0,3608.41016944444,8201.67,1686.85,13.100652173913,29.504347826087,5253.53,25.7691086956522,41.6057393790461,0.284586956521739,-0.9,La Niña,0.586314379943726,42.3091807753357,42.8954951552794
NUEVA ECIJA,2022,4,Q4,8092,26.3136956521739,30.614347826087,23.2519565217391,2881.2,2881.2,2620.0,4011.43457777778,7618.89,1701.66,14.8869565217391,32.1347826086957,2193.93,25.5739130434783,31.3259766719996,0.739782608695648,-0.9,La Niña,0.574520901682856,44.7568431893598,45.3313640910427
NUEVA ECIJA,2023,1,Q1,8093,26.3695555555556,31.6873333333333,22.434,1315.3,1315.3,1406.0,4322.954325,8598.47,2108.14,18.6568888888889,38.8144444444444,794.22,25.1054117216117,65.6090252071214,1.26414383394383,-0.4,Neutral,0.588798679460634,43.6897585024973,44.2785571819579
NUEVA ECIJA,2023,2,Q2,8094,27.923956043956,33.7048351648352,24.2081318681319,4096.4,4096.4,3529.0,4606.72755833333,9719.26,2205.27,14.9050549450549,33.3767032967033,2655.15,27.5396923076923,54.2813023746304,0.384263736263733,0.5,El Niño,0.668194283856239,48.2055109081994,48.8737051920556
NUEVA ECIJA,2023,3,Q3,8095,26.4786956521739,30.9536956521739,23.72,6476.4,6476.4,5118.0,3788.28834444444,8451.72,1753.15,14.0552173913043,31.4204347826087,5253.53,25.7691086956522,23.2771108188208,0.70958695652174,1.33333333333333,El Niño,0.774444283856239,43.6233537681431,44.3977980519993
NUEVA ECIJA,2023,4,Q4,8096,26.9013043478261,31.5891304347826,23.5176086956522,1855.5,1855.5,2025.0,4365.36510555556,8175.11,1860.08,14.9928260869565,31.98,2193.93,25.5739130434783,-15.4257428450315,1.32739130434782,1.9,El Niño,0.921346457769283,31.9354238888853,32.8567703466546
NUEVA ECIJA,2024,1,Q1,8097,26.6202197802198,32.1382417582418,22.4235164835165,334.9,334.9,829.0,4696.83603333333,8850.57,2182.6,19.483956043956,40.2795604395604,794.22,25.1054117216117,-57.8328422855128,1.51480805860806,1.46666666666667,El Niño,0.984012513935339,1.07495701572673,2.05896952966207
NUEVA ECIJA,2024,2,Q2,8098,29.3151648351648,35.158021978022,25.1863736263736,2625.5,2625.5,2474.0,4865.34485277778,10221.45,2415.97,15.0701098901099,33.4026373626374,2655.15,27.5396923076923,-1.11669773835753,1.77547252747253,0.433333333333333,Neutral,1.33181471173754,-12.7745430125203,14.1063577242578
NUEVA ECIJA,2024,3,Q3,8099,27.0267391304348,31.2886956521739,24.3336956521739,6115.4,6115.4,4888.0,3726.90165833333,8194.17,1725.75,12.6023913043478,29.505,5253.53,25.7691086956522,16.4055406555211,1.25763043478261,-0.1,Neutral,1.46882558130275,-14.4924355533452,15.9612611346479
NUEVA ECIJA,2024,4,Q4,8100,26.4293333333333,30.3582417582418,23.6057142857143,3050.9,3050.9,2734.0,3652.11466944444,6915.75,1528.95,15.5762637362637,32.26,2193.93,25.5739130434783,39.0609545427612,0.855420289855072,-0.4,Neutral,1.35083282767957,-0.870761206397016,2.22159403407658
NUEVA ECIJA,2025,1,Q1,8101,26.0462921348315,30.51,22.7573333333333,1516.7,1516.7,1953.0,4071.47231944444,7770.05,1838.92,18.1155555555556,36.2006666666667,794.22,25.1054117216117,90.9672382966936,0.940880413219738,-0.4,Neutral,1.20735091633249,36.3292589391546,37.5366098554871
NUEVA ECIJA,2025,2,Q2,8102,28.6318681318681,34.1863736263736,24.4076923076923,2081.4,45.2,2140.0,4591.03685277778,9762.52,2260.14,14.3817582417582,27.7125274725275,2655.15,27.5396923076923,-21.6089486469691,1.09217582417582,-0.1,Neutral,1.03652674050831,31.2061962120017,32.24272295251
NUEVA ECIJA,2025,3,Q3,8103,26.805652173913,30.5158695652174,24.2108695652174,4950.5,315.7,4519.0,3170.14501111111,7418.34,1557.0,12.4963043478261,27.805,5253.53,25.7691086956522,-5.76812162488842,1.03654347826087,-0.3,Neutral,0.981255001377876,25.6627806418993,26.6440356432772
NUEVA ECIJA,2025,4,Q4,8104,26.9704918032787,31.2977049180328,23.7708196721312,1759.9,540.6,1489.0,2565.84917222222,5110.09,1083.59,12.2711475409836,27.3009836065574,2193.93,25.5739130434783,-19.7832200662738,1.39657875980042,-0.6,La Niña,1.11654461886421,10.9517369896406,12.0682816085048
ORIENTAL MINDORO,2010,1,Q1,8041,24.9088888888889,27.7811111111111,22.4077777777778,330.5,330.5,878.0,957.144611111111,1856.82,352.38,14.5566666666667,35.6766666666667,1187.18,24.7042124542125,-72.1609191529507,0.204676434676433,1.16666666666667,El Niño,0.204676434676433,-72.1609191529507,72.3655955876271
ORIENTAL MINDORO,2010,2,Q2,8042,27.7868131868132,30.7318681318681,25.043956043956,379.3,379.3,561.0,1041.50995833333,2107.89,430.52,11.3340659340659,29.2483516483516,579.18,27.4095604395604,-34.5108601816361,0.377252747252744,-0.166666666666667,Neutral,0.290964590964588,-53.3358896672934,53.626854258258
ORIENTAL MINDORO,2010,3,Q3,8043,26.9478260869565,29.7108695652174,24.6989130434783,968.4,968.4,1079.0,878.157669444444,1718.0,348.44,9.24130434782609,26.2782608695652,1031.25,26.9876086956522,-6.09454545454546,-0.0397826086956492,-1.3,La Niña,0.180715524411176,-37.5887749297108,37.7694904541219
ORIENTAL MINDORO,2010,4,Q4,8044,25.4641304347826,27.8217391304348,23.7478260869565,994.2,994.2,1497.0,771.769466666667,1356.01,260.95,12.2260869565217,33.1739130434783,1860.3,25.7502173913043,-46.5570069343654,-0.286086956521739,-1.6,La Niña,0.064014904177947,-39.8308329308744,39.8948478350524
ORIENTAL MINDORO,2011,1,Q1,8045,24.1833333333333,26.5233333333333,22.4288888888889,843.9,843.9,1536.0,829.575861111111,1503.22,282.61,16.7655555555556,40.1511111111111,1187.18,24.7042124542125,-28.9155814619518,-0.520879120879123,-1.16666666666667,La Niña,-0.117373984710942,-29.0194985081247,29.1368724928356
ORIENTAL MINDORO,2011,2,Q2,8046,26.4725274725275,29.1978021978022,24.0021978021978,672.1,672.1,842.0,895.220977777778,1830.72,365.66,10.9714285714286,30.5142857142857,579.18,27.4095604395604,16.0433716633862,-0.937032967032973,-0.566666666666667,La Niña,-0.445945413282371,-16.3809405468691,16.8268859601515
ORIENTAL MINDORO,2011,3,Q3,8047,27.0978260869565,29.829347826087,24.8173913043478,698.0,698.0,893.0,845.416927777778,1671.02,347.19,10.1217391304348,32.0739130434783,1031.25,26.9876086956522,-32.3151515151515,0.110217391304353,-0.633333333333333,La Niña,-0.408445413282371,-22.9360920620207,23.344537475303
ORIENTAL MINDORO,2011,4,Q4,8048,25.5641304347826,27.9934782608696,23.7847826086957,1047.5,1047.5,1478.0,832.681805555556,1441.72,276.48,13.0260869565217,35.6478260869565,1860.3,25.7502173913043,-43.6918776541418,-0.186086956521738,-1.03333333333333,La Niña,-0.38344541328237,-22.2198097419648,22.6032551552471
ORIENTAL MINDORO,2012,1,Q1,8049,24.7505494505495,27.1527472527473,22.9153846153846,837.8,837.8,1317.0,851.860036111111,1553.15,290.95,14.6593406593407,37.1505494505494,1187.18,24.7042124542125,-29.4294041341667,0.046336996336997,-0.733333333333333,La Niña,-0.24164138397834,-22.3482654100185,22.5899067939968
ORIENTAL MINDORO,2012,2,Q2,8050,27.3164835164835,30.1395604395604,24.8318681318681,462.0,462.0,720.0,966.151633333333,1902.41,386.7,9.98901098901099,28.3087912087912,579.18,27.4095604395604,-20.2320522117477,-0.093076923076925,-0.266666666666667,Neutral,-0.0306523729893282,-31.4171213788019,31.4477737517912
ORIENTAL MINDORO,2012,3,Q3,8051,26.7619565217391,29.4239130434783,24.6673913043478,1270.7,1270.7,1158.0,748.375758333333,1517.77,316.07,9.67826086956522,31.6184782608696,1031.25,26.9876086956522,23.2193939393939,-0.225652173913041,0.333333333333333,Neutral,-0.114619764293677,-17.5334850151655,17.6481047794592
ORIENTAL MINDORO,2012,4,Q4,8052,25.7054347826087,28.2641304347826,23.629347826087,759.8,759.8,1260.0,903.323575,1601.67,307.41,13.2347826086957,35.7239130434783,1860.3,25.7502173913043,-59.1571251948611,-0.0447826086956517,0.0666666666666666,Neutral,-0.0792936773371551,-21.3997969003454,21.4790905776825
ORIENTAL MINDORO,2013,1,Q1,8053,24.8355555555556,27.4488888888889,22.6477777777778,553.2,553.2,1134.0,909.982961111111,1710.14,323.17,15.5288888888889,37.7477777777778,1187.18,24.7042124542125,-53.4021799558618,0.131343101343099,-0.366666666666667,Neutral,-0.0580421510856297,-27.3929908557691,27.4510330068548
ORIENTAL MINDORO,2013,2,Q2,8054,27.5703296703297,30.3824175824176,25.0450549450549,511.0,511.0,780.0,941.073261111111,1898.13,389.18,10.6054945054945,28.6417582417582,579.18,27.4095604395604,-11.7718153251148,0.160769230769226,-0.366666666666667,Neutral,0.00541938737590808,-25.2779316341109,25.2833510214868
ORIENTAL MINDORO,2013,3,Q3,8055,26.6891304347826,29.2826086956522,24.6271739130435,1040.5,1040.5,1229.0,727.274911111111,1502.66,309.42,9.63152173913043,30.320652173913,1031.25,26.9876086956522,0.896969696969697,-0.298478260869562,-0.333333333333333,Neutral,-0.0127871343632222,-30.858537694717,30.8713248290802
ORIENTAL MINDORO,2013,4,Q4,8056,25.575,28.0108695652174,23.6684782608696,768.2,768.2,1293.0,892.588061111111,1490.94,287.41,13.6597826086957,35.6380434782609,1860.3,25.7502173913043,-58.7055851206795,-0.175217391304347,-0.233333333333333,Neutral,-0.045395830015396,-30.7456526761716,30.791048506187
ORIENTAL MINDORO,2014,1,Q1,8057,24.0655555555556,26.7388888888889,21.7911111111111,438.7,438.7,1015.0,907.015705555556,1708.52,323.01,15.5666666666667,37.3288888888889,1187.18,24.7042124542125,-63.046884213009,-0.638656898656901,-0.4,Neutral,-0.237895830015396,-33.1568287404584,33.3947245704738
ORIENTAL MINDORO,2014,2,Q2,8058,27.7285714285714,30.7054945054945,25.0318681318681,396.7,396.7,592.0,994.977025,1991.53,409.55,10.3450549450549,28.7252747252747,579.18,27.4095604395604,-31.5066127974032,0.319010989010987,0.133333333333333,Neutral,-0.198335390454956,-38.0905281085305,38.2888634989854
ORIENTAL MINDORO,2014,3,Q3,8059,27.1380434782609,29.8597826086956,24.820652173913,1108.5,1108.5,920.0,773.279475,1598.69,334.9,9.92717391304348,30.2423913043478,1031.25,26.9876086956522,7.49090909090909,0.150434782608698,0.1,Neutral,-0.0861071295853906,-36.4420432600456,36.528150389631
ORIENTAL MINDORO,2014,4,Q4,8060,25.2510869565217,27.6228260869565,23.4891304347826,1165.7,1165.7,1537.0,815.094308333333,1420.7,271.51,13.4358695652174,35.9228260869565,1860.3,25.7502173913043,-37.3380637531581,-0.499130434782607,0.6,El Niño,-0.167085390454956,-31.1001629181653,31.2672483086203
ORIENTAL MINDORO,2015,1,Q1,8061,24.05,26.7311111111111,21.6266666666667,423.0,423.0,956.0,917.367575,1730.69,324.16,15.1555555555556,35.2266666666667,1187.18,24.7042124542125,-64.369345844775,-0.654212454212455,0.5,El Niño,-0.170974279343844,-31.4307783261068,31.6017526054507
ORIENTAL MINDORO,2015,2,Q2,8062,27.6340659340659,30.5989010989011,24.9175824175824,311.3,311.3,572.0,1042.044675,2088.7,427.28,10.3483516483516,27.2714285714286,579.18,27.4095604395604,-46.2515970855347,0.22450549450549,0.933333333333333,El Niño,-0.194600652970219,-35.1170243981397,35.3116250511099
ORIENTAL MINDORO,2015,3,Q3,8063,27.4173913043478,30.3304347826087,25.1130434782609,709.6,709.6,852.0,897.88595,1757.15,364.83,8.93586956521739,28.4434782608696,1031.25,26.9876086956522,-31.190303030303,0.429782608695657,1.86666666666667,El Niño,-0.124763696448479,-44.7873274284427,44.9120911248912
ORIENTAL MINDORO,2015,4,Q4,8064,25.8521739130435,28.3608695652174,23.8521739130435,787.6,787.6,1314.0,884.201263888889,1577.39,303.92,13.9021739130435,36.8467391304348,1860.3,25.7502173913043,-57.6627425684029,0.101956521739133,2.53333333333333,El Niño,0.025508042681956,-49.8684971322539,49.8940051749359
ORIENTAL MINDORO,2016,1,Q1,8065,25.0582417582418,27.5934065934066,22.8516483516484,596.9,596.9,995.0,934.282158333333,1757.93,331.46,14.0758241758242,34.0747252747253,1187.18,24.7042124542125,-49.7211880254047,0.354029304029304,2.06666666666667,El Niño,0.277568482242396,-46.2064576774114,46.4840261596538
ORIENTAL MINDORO,2016,2,Q2,8066,27.6054945054945,30.4010989010989,24.9978021978022,543.0,543.0,762.0,987.328422222222,1996.79,405.9,11.0879120879121,28.4450549450549,579.18,27.4095604395604,-6.24676266445666,0.195934065934061,0.4,Neutral,0.270425625099539,-36.2052490721418,36.4756746972414
ORIENTAL MINDORO,2016,3,Q3,8067,27.5380434782609,30.3032608695652,25.304347826087,675.7,675.7,871.0,862.07885,1693.56,353.65,9.43695652173913,30.3728260869565,1031.25,26.9876086956522,-34.4775757575757,0.550434782608701,-0.5,La Niña,0.3005886685778,-37.02706725396,37.3276559225378
ORIENTAL MINDORO,2016,4,Q4,8068,25.8195652173913,28.1717391304348,24.0565217391304,1512.6,1512.6,1573.0,776.630416666667,1366.19,265.3,13.5608695652174,36.6989130434783,1860.3,25.7502173913043,-18.6905337848734,0.0693478260869575,-0.666666666666667,La Niña,0.292436494664756,-27.2840150580776,27.5764515527424
ORIENTAL MINDORO,2017,1,Q1,8069,24.9811111111111,26.8822222222222,23.4633333333333,3722.1,3722.1,1591.0,747.171891666667,1281.66,259.97,14.4066666666667,36.9022222222222,1187.18,24.7042124542125,213.524486598494,0.276898656898656,-0.133333333333333,Neutral,0.273153832882094,38.527403597897,38.8005574307791
ORIENTAL MINDORO,2017,2,Q2,8070,27.3395604395604,29.6835164835165,25.1340659340659,1032.9,1032.9,851.0,970.405169444444,1833.45,373.69,10.410989010989,28.2285714285714,579.18,27.4095604395604,78.338340412307,-0.0700000000000038,0.266666666666667,Neutral,0.206670316398577,59.673679367088,59.8803496834865
ORIENTAL MINDORO,2017,3,Q3,8071,26.9739130434783,29.1695652173913,25.0184782608696,1086.5,1086.5,1099.0,765.643197222222,1519.59,311.01,9.41630434782609,27.1445652173913,1031.25,26.9876086956522,5.35757575757576,-0.0136956521739115,-0.133333333333333,Neutral,0.0656377077029244,69.6324672458758,69.6981049535787
ORIENTAL MINDORO,2017,4,Q4,8072,26.0271739130435,27.8717391304348,24.6728260869565,6445.2,6445.2,1764.0,638.309236111111,1102.26,228.27,13.1597826086957,36.4065217391304,1860.3,25.7502173913043,246.460248347041,0.276956521739134,-0.833333333333333,La Niña,0.117539881615969,135.920162778854,136.03770266047
ORIENTAL MINDORO,2018,1,Q1,8073,25.2322222222222,27.1677777777778,23.6966666666667,3050.5,3050.5,1661.0,670.002513888889,1263.15,257.4,13.5155555555556,34.9977777777778,1187.18,24.7042124542125,156.953452719891,0.528009768009767,-0.833333333333333,La Niña,0.180317659393746,121.777404309204,121.957721968597
ORIENTAL MINDORO,2018,2,Q2,8074,27.0769230769231,29.4934065934066,24.9186813186813,993.5,993.5,1195.0,946.021375,1839.74,372.34,11.0131868131868,29.2142857142857,579.18,27.4095604395604,71.5356193238717,-0.332637362637364,-0.233333333333333,Neutral,0.114658318734406,120.076724037095,120.191382355829
ORIENTAL MINDORO,2018,3,Q3,8075,26.5021739130435,28.604347826087,24.6173913043478,1516.8,1516.8,1457.0,697.031891666667,1450.52,292.97,9.6554347826087,27.9369565217391,1031.25,26.9876086956522,47.0836363636364,-0.485434782608696,0.266666666666667,Neutral,-0.00327646387428968,130.50823918861,130.511515652484
ORIENTAL MINDORO,2018,4,Q4,8076,26.0826086956522,28.1391304347826,24.5423913043478,2956.0,2956.0,1879.0,774.276091666667,1322.38,266.65,12.4902173913043,35.2989130434783,1860.3,25.7502173913043,58.8991022953287,0.332391304347826,0.833333333333333,El Niño,0.0105822317778834,83.6179526756819,83.6285349074598
ORIENTAL MINDORO,2019,1,Q1,8077,24.9766666666667,27.5522222222222,22.7788888888889,1075.2,1075.2,1269.0,909.687427777778,1698.24,334.5,13.5544444444444,35.05,1187.18,24.7042124542125,-9.43243653026498,0.27245421245421,0.7,El Niño,-0.0533066571110057,42.0214803631429,42.0747870202539
ORIENTAL MINDORO,2019,2,Q2,8078,27.5648351648352,30.1241758241758,25.1604395604396,490.0,490.0,851.0,994.192416666667,1952.89,399.53,10.778021978022,29.343956043956,579.18,27.4095604395604,-15.3976311336718,0.155274725274722,0.566666666666667,El Niño,0.0686713648670159,20.2881677487571,20.3568391136241
ORIENTAL MINDORO,2019,3,Q3,8079,26.8097826086956,28.8065217391304,24.8510869565217,1237.8,1237.8,1221.0,693.513313888889,1462.32,298.52,9.58586956521739,27.1532608695652,1031.25,26.9876086956522,20.0290909090909,-0.177826086956521,0.2,Neutral,0.145573538780059,13.5245313851207,13.6701049239008
ORIENTAL MINDORO,2019,4,Q4,8080,26.1608695652174,28.3076086956522,24.4521739130435,2166.2,2166.2,1632.0,808.899986111111,1355.34,277.02,12.620652173913,34.1717391304348,1860.3,25.7502173913043,16.4435843681127,0.41065217391305,0.433333333333333,Neutral,0.165138756171365,2.91065190331671,3.07579065948807
ORIENTAL MINDORO,2020,1,Q1,8081,25.2802197802198,27.4604395604396,23.4714285714286,2314.0,2314.0,1595.0,825.409180555556,1505.15,299.57,14.1263736263736,35.9714285714286,1187.18,24.7042124542125,94.9156825418218,0.576007326007325,0.466666666666667,Neutral,0.241027034559644,28.9976816713384,29.2387087058981
ORIENTAL MINDORO,2020,2,Q2,8082,27.6934065934066,30.2692307692308,25.3582417582418,742.6,742.6,1117.0,974.602227777778,1954.26,399.41,10.8736263736264,29.2769230769231,579.18,27.4095604395604,28.2157533063987,0.283846153846152,-0.0666666666666666,Neutral,0.273169891702501,39.901027781356,40.1741976730585
ORIENTAL MINDORO,2020,3,Q3,8083,27.1608695652174,29.4195652173913,25.029347826087,824.1,824.1,1010.0,814.311172222222,1649.95,337.18,9.75434782608696,26.7565217391304,1031.25,26.9876086956522,-20.0872727272727,0.173260869565226,-0.633333333333333,La Niña,0.360941630832938,29.8719368722651,30.232878503098
ORIENTAL MINDORO,2020,4,Q4,8084,26.2521739130435,28.3521739130435,24.6695652173913,3341.6,3341.6,1727.0,655.3742,1192.72,248.37,13.3228260869565,36.4108695652174,1860.3,25.7502173913043,79.6269418910928,0.501956521739128,-1.23333333333333,La Niña,0.383767717789458,45.6677762530102,46.0515439707996
ORIENTAL MINDORO,2021,1,Q1,8085,25.3255555555556,27.35,23.8322222222222,2591.7,2591.7,1775.0,696.849205555556,1322.1,266.36,13.0322222222222,35.0811111111111,1187.18,24.7042124542125,118.30724911134,0.621343101343104,-0.9,La Niña,0.395101661623403,51.5156678953896,51.910769557013
ORIENTAL MINDORO,2021,2,Q2,8086,27.2879120879121,29.7021978021978,25.0538461538462,849.0,849.0,1148.0,974.308930555556,1894.87,384.4,10.7637362637363,29.7274725274725,579.18,27.4095604395604,46.5865534030871,-0.121648351648357,-0.533333333333333,La Niña,0.293728035249775,56.1083679195617,56.4020959548115
ORIENTAL MINDORO,2021,3,Q3,8087,26.975,29.2173913043478,24.9913043478261,1257.6,1257.6,1378.0,778.022058333333,1587.01,323.11,10.0130434782609,28.8130434782609,1031.25,26.9876086956522,21.9490909090909,-0.0126086956521689,-0.533333333333333,La Niña,0.247260643945427,66.6174588286526,66.864719472598
ORIENTAL MINDORO,2021,4,Q4,8088,25.9717391304348,28.2228260869565,24.3684782608696,2584.3,2584.3,1721.0,650.962705555556,1229.57,255.06,13.5282608695652,33.0858695652174,1860.3,25.7502173913043,38.9184540127936,0.221521739130438,-0.933333333333333,La Niña,0.177151948293254,56.4403368590778,56.617488807371
ORIENTAL MINDORO,2022,1,Q1,8089,25.5455555555556,27.9611111111111,23.5944444444444,1310.8,1310.8,1439.0,783.802588888889,1532.32,305.05,13.4766666666667,33.38,1187.18,24.7042124542125,10.4129112687208,0.841343101343103,-0.966666666666667,La Niña,0.232151948293254,29.4667523984231,29.6989043467164
ORIENTAL MINDORO,2022,2,Q2,8090,26.9956043956044,29.7076923076923,24.5846153846154,977.4,977.4,953.0,892.933886111111,1892.86,384.88,11.5868131868132,29.2538461538462,579.18,27.4095604395604,68.755827203978,-0.413956043956045,-1.0,La Niña,0.159075025216332,35.0090708486459,35.1681458738622
ORIENTAL MINDORO,2022,3,Q3,8091,26.9239130434783,29.2815217391304,24.7467391304348,988.6,988.6,1041.0,737.201016666667,1602.36,326.55,9.96086956521739,26.2173913043478,1031.25,26.9876086956522,-4.13575757575757,-0.0636956521739087,-0.9,La Niña,0.146303286085897,28.4878587274337,28.6341620135196
ORIENTAL MINDORO,2022,4,Q4,8092,26.0119565217391,28.3434782608696,24.3184782608696,2142.1,2142.1,1715.0,639.150511111111,1254.99,258.17,12.8478260869565,32.2902173913043,1860.3,25.7502173913043,15.1480943933774,0.261739130434783,-0.9,La Niña,0.156357633911983,22.5452688225797,22.7016264564917
ORIENTAL MINDORO,2023,1,Q1,8093,24.9911111111111,27.1944444444444,23.3555555555556,2677.1,2677.1,1606.0,641.739922222222,1343.08,270.79,14.0044444444444,34.5333333333333,1187.18,24.7042124542125,125.500766522347,0.286898656898654,-0.4,Neutral,0.0177465228008708,51.3172326359862,51.3349791587871
ORIENTAL MINDORO,2023,2,Q2,8094,27.3197802197802,29.8714285714286,24.9230769230769,839.5,839.5,918.0,946.241772222222,1917.34,389.35,10.9527472527473,28.4032967032967,579.18,27.4095604395604,44.9463033944542,-0.0897802197802235,0.5,El Niño,0.0987904788448262,45.3648516836053,45.4636421624501
ORIENTAL MINDORO,2023,3,Q3,8095,27.6195652173913,30.4663043478261,24.9380434782609,662.7,662.7,854.0,862.427508333333,1787.68,371.9,9.94239130434783,26.720652173913,1031.25,26.9876086956522,-35.7381818181818,0.631956521739134,1.33333333333333,El Niño,0.272703522323087,37.4642456229992,37.7369491453223
ORIENTAL MINDORO,2023,4,Q4,8096,26.4326086956522,29.1402173913044,24.4608695652174,2311.5,2311.5,1632.0,746.656355555555,1391.65,286.99,12.9054347826087,30.4663043478261,1860.3,25.7502173913043,24.2541525560394,0.682391304347824,1.9,El Niño,0.377866565801347,39.7407601636647,40.1186267294661
ORIENTAL MINDORO,2024,1,Q1,8097,25.6274725274725,28.5,23.3648351648352,1309.4,1309.4,1458.0,821.796319444444,1636.16,333.1,13.9296703296703,33.1725274725275,1187.18,24.7042124542125,10.2949847537863,0.923260073260071,1.46666666666667,El Niño,0.536956919891701,10.9393147215245,11.4762716414162
ORIENTAL MINDORO,2024,2,Q2,8098,28.2263736263736,31.6065934065934,25.2186813186813,445.9,445.9,736.0,1000.23513055556,2120.64,453.34,12.6494505494505,31.2516483516484,579.18,27.4095604395604,-23.0118443316413,0.816813186813182,0.433333333333333,Neutral,0.763605271540053,-6.05022220999936,6.81382748153942
ORIENTAL MINDORO,2024,3,Q3,8099,27.1554347826087,29.8402173913043,24.8271739130435,1096.5,1096.5,1033.0,765.073163888889,1626.75,334.67,9.95,26.004347826087,1031.25,26.9876086956522,6.32727272727273,0.167826086956527,-0.1,Neutral,0.647572662844401,4.46614142636427,5.11371408920867
ORIENTAL MINDORO,2024,4,Q4,8100,26.2722222222222,29.0835164835165,24.2593406593407,2655.7,2655.7,1455.0,691.676622222222,1318.25,269.78,12.767032967033,30.1252747252747,1860.3,25.7502173913043,42.7565446433371,0.522004830917879,-0.4,Neutral,0.607476044486915,9.0917394481887,9.69921549267562
ORIENTAL MINDORO,2025,1,Q1,8101,25.2415730337079,27.9611111111111,23.3633333333333,2670.2,2670.2,1595.0,669.889830555556,1365.95,267.97,13.4155555555556,32.9055555555556,1187.18,24.7042124542125,124.91955727017,0.537360579495409,-0.4,Neutral,0.511001171045749,37.7478825772845,38.2588837483303
ORIENTAL MINDORO,2025,2,Q2,8102,27.1758241758242,31.0230769230769,24.078021978022,362.9,7.9,434.0,811.542297222222,1686.07,357.52,11.421978021978,25.5989010989011,579.18,27.4095604395604,-37.3424496702234,-0.233736263736272,-0.1,Neutral,0.248363808408386,34.165231242639,34.4135950510474
ORIENTAL MINDORO,2025,3,Q3,8103,25.6195652173913,27.9521739130435,23.9228260869565,548.5,147.9,596.0,521.334947222222,1150.07,236.37,8.35978260869565,23.0619565217391,1031.25,26.9876086956522,-46.8121212121212,-1.36804347826087,-0.3,Neutral,-0.135603582895962,20.8803827577905,21.0159863406865
ORIENTAL MINDORO,2025,4,Q4,8104,24.6590163934426,26.9737704918033,23.0704918032787,604.2,86.3,702.0,420.097308333333,726.6,140.89,10.5196721311475,30.7311475409836,1860.3,25.7502173913043,-67.5213675213675,-1.09120099786172,-0.6,La Niña,-0.538905040090863,-6.68909528338562,7.22800032347649
PALAWAN,2010,1,Q1,8041,26.9022222222222,29.6355555555556,24.7388888888889,137.8,137.8,337.0,949.864844444444,1929.67,408.09,18.31,40.5911111111111,383.28,26.2681257631258,-64.0471717804216,0.634096459096455,1.16666666666667,El Niño,0.634096459096455,-64.0471717804216,64.6812682395181
PALAWAN,2010,2,Q2,8042,28.5241758241758,31.2076923076923,26.3417582417582,413.0,413.0,622.0,1004.51609166667,1995.2,426.76,13.0450549450549,30.8021978021978,501.85,27.723956043956,-17.7044933745143,0.800219780219777,-0.166666666666667,Neutral,0.717158119658116,-40.875832577468,41.5929906971261
PALAWAN,2010,3,Q3,8043,27.3608695652174,29.4597826086957,25.7228260869565,713.2,713.2,962.0,865.662947222222,1730.16,352.47,10.0978260869565,25.6304347826087,666.19,27.0777173913044,7.05654542998244,0.283152173913038,-1.3,La Niña,0.572489471076423,-24.8983732416512,25.4708627127276
PALAWAN,2010,4,Q4,8044,26.4771739130435,28.4641304347826,25.1065217391304,926.6,926.6,1383.0,704.467097222222,1340.78,268.66,11.970652173913,29.8141304347826,710.57,26.6464130434783,30.4023530405168,-0.169239130434786,-1.6,La Niña,0.387057320698621,-11.0731916711092,11.4602489918078
PALAWAN,2011,1,Q1,8045,25.9977777777778,27.87,24.6544444444444,843.1,843.1,1132.0,783.399430555556,1473.86,303.46,18.0855555555556,41.3511111111111,383.28,26.2681257631258,119.969734919641,-0.270347985347985,-1.16666666666667,La Niña,0.160946209587511,34.9310350039065,35.091981213494
PALAWAN,2011,2,Q2,8046,27.0879120879121,29.2032967032967,25.4604395604396,619.9,619.9,970.0,864.353333333333,1734.27,352.24,11.4395604395604,29.0065934065934,501.85,27.723956043956,23.5229650293912,-0.636043956043956,-0.566666666666667,La Niña,-0.198119724478422,45.2378996048829,45.4360193293613
PALAWAN,2011,3,Q3,8047,27.0,29.1619565217391,25.4086956521739,707.5,707.5,1017.0,779.710769444444,1635.43,336.1,12.6152173913043,33.9086956521739,666.19,27.0777173913044,6.20093366757231,-0.0777173913043505,-0.633333333333333,La Niña,-0.288337115782769,45.0239966642803,45.3123337800631
PALAWAN,2011,4,Q4,8048,26.6141304347826,28.6532608695652,25.1760869565217,780.6,780.6,1260.0,823.241222222222,1502.29,298.86,13.8913043478261,34.8858695652174,710.57,26.6464130434783,9.85546814529182,-0.032282608695656,-1.03333333333333,La Niña,-0.254097985347987,39.8872754404741,40.1413734258221
PALAWAN,2012,1,Q1,8049,26.3901098901099,28.5252747252747,24.8769230769231,753.8,753.8,998.0,888.692022222222,1655.17,330.2,15.9769230769231,36.8989010989011,383.28,26.2681257631258,96.6708411605093,0.121984126984124,-0.733333333333333,La Niña,-0.15601495726496,34.0625520006912,34.2185669579561
PALAWAN,2012,2,Q2,8050,27.3615384615385,29.4791208791209,25.6769230769231,481.7,481.7,889.0,900.531136111111,1758.13,358.92,11.1824175824176,29.743956043956,501.85,27.723956043956,-4.01514396732092,-0.362417582417578,-0.266666666666667,Neutral,-0.0876083638583651,27.1780247515131,27.2656331153715
PALAWAN,2012,3,Q3,8051,26.9695652173913,29.0445652173913,25.4695652173913,657.5,657.5,1079.0,828.361680555555,1645.67,337.48,13.65,36.2641304347826,666.19,27.0777173913044,-1.3044326693586,-0.108152173913048,0.333333333333333,Neutral,-0.0952170595105395,25.3016831672804,25.3969002267909
PALAWAN,2012,4,Q4,8052,26.854347826087,28.9065217391304,25.2880434782609,489.9,489.9,857.0,909.693366666667,1650.5,331.0,15.095652173913,36.4336956521739,710.57,26.6464130434783,-31.0553499303376,0.207934782608692,0.0666666666666666,Neutral,-0.0351627116844524,15.073978648373,15.1091413600575
PALAWAN,2013,1,Q1,8053,26.6266666666667,28.8722222222222,24.8877777777778,358.7,358.7,526.0,914.359733333333,1778.17,365.55,17.3866666666667,39.5111111111111,383.28,26.2681257631258,-6.4130661657274,0.358540903540902,-0.366666666666667,Neutral,0.0239764824547422,-10.6969981831861,10.7209746656409
PALAWAN,2013,2,Q2,8054,27.7142857142857,29.8076923076923,26.0021978021978,684.1,684.1,956.0,889.955055555556,1763.77,361.22,10.7274725274725,28.2241758241758,501.85,27.723956043956,36.3156321610043,-0.0096703296703282,-0.366666666666667,Neutral,0.112163295641555,-0.614304151104833,0.726467446746388
PALAWAN,2013,3,Q3,8055,26.9434782608696,29.0065217391304,25.4489130434783,841.1,841.1,1104.0,767.498766666667,1577.18,324.82,12.2510869565217,33.3902173913043,666.19,27.0777173913044,26.2552725198517,-0.134239130434782,-0.333333333333333,Neutral,0.105641556511121,6.27562214619774,6.38126370270886
PALAWAN,2013,4,Q4,8056,26.5489130434783,28.595652173913,25.0923913043478,659.3,659.3,1090.0,867.932872222222,1571.1,309.86,13.7152173913043,33.6771739130435,710.57,26.6464130434783,-7.21533416834372,-0.0975000000000037,-0.233333333333333,Neutral,0.0292828608589471,12.2356260866962,12.2649089475552
PALAWAN,2014,1,Q1,8057,25.8766666666667,28.0955555555556,24.1566666666667,338.0,338.0,586.0,909.347197222222,1755.26,353.92,16.4966666666667,37.75,383.28,26.2681257631258,-11.8138175746191,-0.391459096459098,-0.4,Neutral,-0.158217139141053,10.8854382344733,11.0436553736143
PALAWAN,2014,2,Q2,8058,27.9065934065934,30.2076923076923,25.9582417582418,462.9,462.9,797.0,947.739233333333,1881.65,388.64,10.5307692307692,26.8604395604396,501.85,27.723956043956,-7.76128325196773,0.182637362637362,0.133333333333333,Neutral,-0.11014021606413,-0.133790618769709,0.243930834833839
PALAWAN,2014,3,Q3,8059,27.170652173913,29.2097826086957,25.579347826087,631.7,631.7,1052.0,837.805658333333,1676.51,343.14,12.1532608695652,33.2,666.19,27.0777173913044,-5.17720169921494,0.0929347826086903,0.1,Neutral,-0.0533467378032624,-7.99190917353637,8.04525591133963
PALAWAN,2014,4,Q4,8060,26.7108695652174,28.7391304347826,25.2315217391304,674.7,674.7,1038.0,840.036675,1541.56,309.17,13.7260869565217,32.3586956521739,710.57,26.6464130434783,-5.04806000816245,0.0644565217391317,0.6,El Niño,-0.0128576073684786,-7.45009063349105,7.46294824085953
PALAWAN,2015,1,Q1,8061,26.1977777777778,28.6055555555556,24.3588888888889,124.3,124.3,322.0,976.744816666667,1897.15,388.61,17.2555555555556,38.1277777777778,383.28,26.2681257631258,-67.5694009601336,-0.0703479853479862,0.5,El Niño,0.0674201704092993,-21.3889864798697,21.456406650279
PALAWAN,2015,2,Q2,8062,28.1923076923077,30.6186813186813,26.2,311.6,311.6,689.0,997.047969444444,1970.24,414.13,11.3417582417582,27.2241758241758,501.85,27.723956043956,-37.9097339842582,0.46835164835165,0.933333333333333,El Niño,0.138848741837871,-28.9260991629423,29.0649479047802
PALAWAN,2015,3,Q3,8063,27.1760869565217,29.1847826086956,25.670652173913,831.7,831.7,1037.0,842.638613888889,1675.68,342.97,12.4271739130435,32.3228260869565,666.19,27.0777173913044,24.8442636485087,0.0983695652173857,1.86666666666667,El Niño,0.140207437490045,-21.4207328260114,21.5609402635014
PALAWAN,2015,4,Q4,8064,27.1380434782609,29.1847826086956,25.5478260869565,441.8,441.8,836.0,935.417308333333,1690.09,340.43,14.7021739130435,34.8586956521739,710.57,26.6464130434783,-37.824563378696,0.491630434782603,2.53333333333333,El Niño,0.247000915750913,-29.6148586686448,29.8618595843957
PALAWAN,2016,1,Q1,8065,27.2967032967033,30.0758241758242,25.1318681318681,60.6,60.6,274.0,1000.53284444444,2004.81,424.31,16.9505494505494,37.5186813186813,383.28,26.2681257631258,-84.1891045710707,1.02857753357753,2.06666666666667,El Niño,0.521732295482292,-33.7697845713791,34.2915168668614
PALAWAN,2016,2,Q2,8066,28.4846153846154,30.9648351648352,26.4769230769231,598.5,598.5,783.0,967.169675,1914.7,407.8,11.8494505494505,28.5175824175824,501.85,27.723956043956,19.2587426521869,0.760659340659341,0.4,Neutral,0.594809218559215,-19.4776654122678,20.072474630827
PALAWAN,2016,3,Q3,8067,27.4760869565217,29.5826086956522,25.9358695652174,736.5,736.5,1103.0,848.081544444444,1700.17,347.88,12.3826086956522,34.0434782608696,666.19,27.0777173913044,10.5540461429922,0.39836956521739,-0.5,La Niña,0.669809218559216,-23.0502197886469,23.7200290072061
PALAWAN,2016,4,Q4,8068,26.8728260869565,28.9021739130435,25.420652173913,833.0,833.0,1191.0,758.407016666667,1438.73,290.77,12.8978260869565,33.0,710.57,26.6464130434783,17.229829573441,0.22641304347826,-0.666666666666667,La Niña,0.60350487073313,-9.28662155061264,9.89012642134577
PALAWAN,2017,1,Q1,8069,25.9366666666667,28.4433333333333,23.7777777777778,445.8,445.8,818.0,885.581111111111,1670.76,326.21,14.5277777777778,41.5766666666667,383.28,26.2681257631258,16.3118346900438,-0.331459096459099,-0.133333333333333,Neutral,0.263495713223973,15.838613264666,16.10210897789
PALAWAN,2017,2,Q2,8070,27.1934065934066,30.078021978022,24.767032967033,548.1,548.1,805.0,921.257355555556,1739.27,353.17,9.45714285714286,29.4263736263736,501.85,27.723956043956,9.21590116568696,-0.530549450549447,0.266666666666667,Neutral,-0.0593064845782241,13.327902893041,13.3872093776192
PALAWAN,2017,3,Q3,8071,26.7891304347826,29.6978260869565,24.5413043478261,617.5,617.5,843.0,775.094944444444,1503.19,308.24,7.83478260869565,28.0195652173913,666.19,27.0777173913044,-7.30872573890332,-0.288586956521744,-0.133333333333333,Neutral,-0.231045615013008,8.86220992256713,9.09325553758014
PALAWAN,2017,4,Q4,8072,26.2847826086957,28.6652173913043,24.5119565217391,1102.2,1102.2,1256.0,666.920261111111,1256.73,251.01,11.1619565217391,35.5858695652174,710.57,26.6464130434783,55.1149077501161,-0.361630434782615,-0.833333333333333,La Niña,-0.378056484578226,18.3334794667359,18.7115359513141
PALAWAN,2018,1,Q1,8073,25.8422222222222,28.3988888888889,23.7277777777778,640.3,640.3,917.0,874.532666666667,1621.33,315.95,13.2766666666667,39.5466666666667,383.28,26.2681257631258,67.0580254644124,-0.425903540903544,-0.833333333333333,La Niña,-0.401667595689338,31.0200271603281,31.4216947560174
PALAWAN,2018,2,Q2,8074,27.1186813186813,29.9791208791209,24.6791208791209,475.9,475.9,815.0,938.851075,1762.94,356.57,9.55824175824176,31.443956043956,501.85,27.723956043956,-5.17086778918004,-0.605274725274725,-0.233333333333333,Neutral,-0.420348914370657,27.4233349216113,27.843683835982
PALAWAN,2018,3,Q3,8075,26.8847826086957,29.829347826087,24.4815217391304,460.0,460.0,937.0,809.305575,1610.78,330.9,8.93260869565217,34.975,666.19,27.0777173913044,-30.9506297002357,-0.192934782608699,0.266666666666667,Neutral,-0.396435870892396,21.5128589312782,21.9092948021706
PALAWAN,2018,4,Q4,8076,26.5086956521739,29.0565217391304,24.4315217391304,714.1,714.1,1104.0,826.203383333333,1546.97,303.78,11.7141304347826,35.3021739130435,710.57,26.6464130434783,0.496784271781821,-0.137717391304346,0.833333333333333,El Niño,-0.340457610022828,7.85832806169463,8.19878567171746
PALAWAN,2019,1,Q1,8077,25.6144444444444,28.5466666666667,22.6911111111111,130.4,130.4,436.0,962.578169444444,1944.49,378.64,15.5088888888889,42.9922222222222,383.28,26.2681257631258,-65.9778751826341,-0.653681318681318,0.7,El Niño,-0.397402054467272,-25.400647100067,25.7980491545343
PALAWAN,2019,2,Q2,8078,27.656043956044,30.9131868131868,24.878021978022,422.8,422.8,795.0,957.24855,1823.61,377.5,9.80989010989011,31.4956043956044,501.85,27.723956043956,-15.7517186410282,-0.067912087912088,0.566666666666667,El Niño,-0.263061395126613,-28.045859813029,28.3089212081557
PALAWAN,2019,3,Q3,8079,27.0065217391304,30.0989130434783,24.5467391304348,465.2,465.2,865.0,812.717636111111,1647.26,337.39,9.23369565217391,33.5326086956522,666.19,27.0777173913044,-30.1700716011949,-0.0711956521739161,0.2,Neutral,-0.232626612517917,-27.8507202882688,28.0833469007868
PALAWAN,2019,4,Q4,8080,26.454347826087,29.2152173913043,24.1945652173913,483.5,483.5,989.0,879.563511111111,1585.83,313.83,10.8945652173913,33.9391304347826,710.57,26.6464130434783,-31.9560352956077,-0.192065217391306,0.433333333333333,Neutral,-0.246213569039657,-35.9639251801162,36.2101387491559
PALAWAN,2020,1,Q1,8081,26.2252747252747,28.9868131868132,23.7076923076923,221.0,221.0,695.0,982.310416666667,1909.66,373.11,15.0384615384615,41.9747252747253,383.28,26.2681257631258,-42.3398037987894,-0.0428510378510402,0.466666666666667,Neutral,-0.0935059988320876,-30.0544073341551,30.1479133329871
PALAWAN,2020,2,Q2,8082,27.7318681318681,30.9164835164835,24.9868131868132,378.9,378.9,812.0,954.203025,1844.64,381.49,10.8153846153846,32.0648351648352,501.85,27.723956043956,-24.4993523961343,0.0079120879120857,-0.0666666666666666,Neutral,-0.0745499548760442,-32.2413157729316,32.3158657278076
PALAWAN,2020,3,Q3,8083,26.9673913043478,29.95,24.5565217391304,697.1,697.1,958.0,817.034638888889,1609.6,329.09,9.05217391304348,28.4652173913043,666.19,27.0777173913044,4.63981746949068,-0.110326086956526,-0.633333333333333,La Niña,-0.0843325635716967,-23.5388435052602,23.6231760688319
PALAWAN,2020,4,Q4,8084,26.4326086956522,29.0782608695652,24.4858695652174,821.2,821.2,1240.0,747.530430555556,1378.06,273.56,10.2978260869565,33.2434782608696,710.57,26.6464130434783,15.5691909312242,-0.213804347826095,-1.23333333333333,La Niña,-0.0897673461803938,-11.6575369485522,11.7473042947326
PALAWAN,2021,1,Q1,8085,25.9988888888889,28.7044444444444,23.7222222222222,506.1,506.1,974.0,849.337833333333,1599.96,314.84,12.6777777777778,37.4288888888889,383.28,26.2681257631258,32.0444583594239,-0.269236874236878,-0.9,La Niña,-0.146363805276853,6.93852859100114,7.08489239627799
PALAWAN,2021,2,Q2,8086,27.0076923076923,29.8197802197802,24.6813186813187,481.0,481.0,1009.0,889.395230555556,1693.1,341.57,9.28021978021978,29.8362637362637,501.85,27.723956043956,-4.15462787685564,-0.716263736263741,-0.533333333333333,La Niña,-0.32740776132081,12.0247097208208,12.3521174821416
PALAWAN,2021,3,Q3,8087,27.0554347826087,30.095652173913,24.8228260869565,818.1,818.1,909.0,842.521188888889,1641.18,336.45,8.90217391304348,30.0076086956522,666.19,27.0777173913044,22.8028040048635,-0.0222826086956544,-0.533333333333333,La Niña,-0.305396891755592,16.565456354664,16.8708532464196
PALAWAN,2021,4,Q4,8088,26.3065217391304,29.0978260869565,24.2076086956522,906.1,906.1,1117.0,703.367030555556,1446.74,288.62,12.2804347826087,35.7130434782609,710.57,26.6464130434783,27.5173452298859,-0.339891304347834,-0.933333333333333,La Niña,-0.336918630886027,19.5524949293294,19.8894135602154
PALAWAN,2022,1,Q1,8089,26.0333333333333,28.7688888888889,23.67,474.6,474.6,759.0,843.663230555556,1723.11,337.1,14.0755555555556,38.4044444444445,383.28,26.2681257631258,23.8259236067627,-0.234792429792435,-0.966666666666667,La Niña,-0.328307519774916,17.4978612411641,17.826168760939
PALAWAN,2022,2,Q2,8090,26.8626373626374,29.9076923076923,24.3945054945055,562.4,562.4,848.0,857.763136111111,1755.37,354.64,10.0769230769231,28.889010989011,501.85,27.723956043956,12.0653581747534,-0.861318681318682,-1.0,La Niña,-0.364571256038651,21.5528577540664,21.917429010105
PALAWAN,2022,3,Q3,8091,26.7010869565217,29.8510869565217,24.3065217391304,689.7,689.7,932.0,741.327194444444,1580.9,323.15,7.7695652173913,24.7913043478261,666.19,27.0777173913044,3.52902325162491,-0.376630434782612,-0.9,La Niña,-0.453158212560391,16.7344125657567,17.1875707783171
PALAWAN,2022,4,Q4,8092,26.2510869565217,28.9554347826087,24.1989130434783,771.4,771.4,1220.0,686.975025,1402.86,278.98,10.8217391304348,31.6326086956522,710.57,26.6464130434783,8.56073293271599,-0.395326086956526,-0.9,La Niña,-0.467016908212564,11.9952594914643,12.4622763996768
PALAWAN,2023,1,Q1,8093,25.8866666666667,28.6577777777778,23.4833333333333,478.8,478.8,763.0,817.660247222222,1705.5,332.24,14.0888888888889,38.6788888888889,383.28,26.2681257631258,24.9217282404509,-0.381459096459096,-0.4,Neutral,-0.503683574879229,12.2692106498863,12.7728942247655
PALAWAN,2023,2,Q2,8094,27.2934065934066,30.5450549450549,24.6,679.7,679.7,836.0,853.547436111111,1742.13,359.42,8.71648351648352,26.6494505494505,501.85,27.723956043956,35.4388761582146,-0.430549450549453,0.5,El Niño,-0.395991267186922,18.1125901457516,18.5085814129385
PALAWAN,2023,3,Q3,8095,27.1304347826087,30.4630434782609,24.6641304347826,660.5,660.5,911.0,840.4838,1718.16,353.61,8.87826086956522,27.3445652173913,666.19,27.0777173913044,-0.854110689142745,0.0527173913043412,1.33333333333333,El Niño,-0.288654310665184,17.0168066605597,17.3054609712249
PALAWAN,2023,4,Q4,8096,26.8989130434783,29.8923913043478,24.5858695652174,566.3,566.3,901.0,879.110502777778,1706.45,338.63,10.7478260869565,29.7717391304348,710.57,26.6464130434783,-20.3034183824254,0.252499999999994,1.9,El Niño,-0.126697788926053,9.80076883177434,9.92746662070039
PALAWAN,2024,1,Q1,8097,26.6153846153846,29.7450549450549,24.0208791208791,133.0,133.0,412.0,991.149936111111,2043.08,408.15,14.7747252747253,37.2846153846154,383.28,26.2681257631258,-65.2995199332081,0.34725885225885,1.46666666666667,El Niño,0.0554816982534332,-12.7545432116404,12.8100249098938
PALAWAN,2024,2,Q2,8098,28.3274725274725,31.867032967033,25.4285714285714,421.0,421.0,642.0,935.867152777778,1966.41,415.29,11.0197802197802,29.8725274725275,501.85,27.723956043956,-16.1103915512603,0.603516483516486,0.433333333333333,Neutral,0.313998181769918,-25.6418601390091,25.9558583207791
PALAWAN,2024,3,Q3,8099,27.0119565217391,30.1119565217391,24.7141304347826,746.6,746.6,928.0,748.213377777778,1592.85,328.78,9.37391304347826,27.1923913043478,666.19,27.0777173913044,12.0701301430523,-0.0657608695652207,-0.1,Neutral,0.284378616552527,-22.4107999309604,22.6951785475129
PALAWAN,2024,4,Q4,8100,26.5811111111111,29.7054945054945,24.4428571428571,870.1,870.1,983.0,746.002097222222,1489.4,298.86,9.27692307692308,27.5637362637363,710.57,26.6464130434783,22.4509900502414,-0.0653019323671486,-0.4,Neutral,0.204928133460742,-11.7221978227937,11.9271259562544
PALAWAN,2025,1,Q1,8101,26.0539325842697,29.1611111111111,23.8811111111111,799.6,799.6,880.0,839.840847222222,1698.7,333.06,11.5677777777778,32.6466666666667,383.28,26.2681257631258,108.620329785014,-0.214193178856103,-0.4,Neutral,0.0645651256820035,31.7577646067617,31.8223297324437
PALAWAN,2025,2,Q2,8102,27.7516483516484,31.1,25.3010989010989,250.3,19.0,506.0,833.896647222222,1691.25,359.76,11.5043956043956,31.0340659340659,501.85,27.723956043956,-50.1245392049417,0.0276923076923125,-0.1,Neutral,-0.07939091827404,23.2542276933414,23.3336186116154
PALAWAN,2025,3,Q3,8103,26.7163043478261,29.4489130434783,24.7586956521739,420.9,73.4,571.0,734.358886111111,1569.17,326.28,11.4760869565217,39.5347826086957,666.19,27.0777173913044,-36.8198261757156,-0.361413043478262,-0.3,Neutral,-0.1533039617523,11.0317386136494,11.1850425754017
PALAWAN,2025,4,Q4,8104,26.3622950819672,28.8311475409836,24.6967213114754,393.2,83.5,454.0,406.669527777778,859.37,175.98,9.82295081967213,34.2901639344262,710.57,26.6464130434783,-44.6641428712161,-0.284117961511054,-0.6,La Niña,-0.208007969038277,-5.74704461671496,5.95505258575324
PAMPANGA,2010,1,Q1,8041,25.5025925925926,29.717037037037,21.9677777777778,222.3,222.3,610.0,2826.98015,5248.19,1133.78,14.9640740740741,34.3,735.53,25.0413186813187,-69.7768955719005,0.46127391127391,1.16666666666667,El Niño,0.46127391127391,-69.7768955719005,70.2381694831744
PAMPANGA,2010,2,Q2,8042,28.014652014652,32.0765567765568,24.7831501831502,1193.5,1193.5,1352.0,2977.37965833333,5937.48,1305.89,11.343956043956,29.3172161172161,1384.33,27.6539926739927,-13.7850079099637,0.360659340659339,-0.166666666666667,Neutral,0.410966625966624,-41.7809517409321,42.1919183668987
PAMPANGA,2010,3,Q3,8043,26.4195652173913,29.4851449275362,24.1311594202899,2367.5,2367.5,2542.0,2448.433875,4914.14,1010.65,9.46413043478261,26.3467391304348,2584.27,26.2373188405797,-8.38805542764494,0.182246376811598,-1.3,La Niña,0.334726542914949,-30.6499863031697,30.9847128460847
PAMPANGA,2010,4,Q4,8044,25.4978260869565,28.5094202898551,23.0960144927536,1580.3,1580.3,1939.0,2454.27506944444,4268.4,864.89,10.8960144927536,29.7329710144928,1569.21,25.6448913043478,0.706725039988269,-0.147065217391304,-1.6,La Niña,0.214278602838386,-22.8108084673802,23.0250870702186
PAMPANGA,2011,1,Q1,8045,24.2551851851852,27.7840740740741,21.3507407407407,1400.0,1400.0,1395.0,2486.99009166667,4632.7,952.92,15.61,36.7162962962963,735.53,25.0413186813187,90.3389392682827,-0.786133496133498,-1.16666666666667,La Niña,-0.0975732490134664,17.2181502426656,17.3157234916791
PAMPANGA,2011,2,Q2,8046,26.5567765567766,29.9736263736264,23.9388278388278,1855.9,1855.9,2063.0,2574.00209444444,5157.46,1094.66,11.9230769230769,30.6930402930403,1384.33,27.6539926739927,34.0648544783397,-1.09721611721611,-0.566666666666667,La Niña,-0.46204211348233,29.1806158397414,29.6426579532238
PAMPANGA,2011,3,Q3,8047,25.9601449275362,28.6166666666667,24.0286231884058,2693.1,2693.1,2782.0,2114.11190833333,4316.16,894.06,11.7471014492754,32.756884057971,2584.27,26.2373188405797,4.21124727679383,-0.277173913043477,-0.633333333333333,La Niña,-0.576897185946098,32.3304415158511,32.9073387017972
PAMPANGA,2011,4,Q4,8048,25.3840579710145,28.3130434782609,22.9891304347826,1882.4,1882.4,2100.0,2462.070675,4285.3,864.43,11.8394927536232,31.7855072463768,1569.21,25.6448913043478,19.9584504304714,-0.260833333333334,-1.03333333333333,La Niña,-0.605339214931606,37.1433728634719,37.7487120784035
PAMPANGA,2012,1,Q1,8049,24.9531135531136,28.4542124542125,22.0373626373626,1013.0,1013.0,1444.0,2643.817725,4847.02,986.89,13.9208791208791,34.7435897435897,735.53,25.0413186813187,37.7238181991217,-0.088205128205125,-0.733333333333333,La Niña,-0.430857122949512,23.9895925961817,24.4204497191312
PAMPANGA,2012,2,Q2,8050,26.947619047619,30.2842490842491,24.4157509157509,1423.9,1423.9,2008.0,2664.83374444444,5321.04,1119.42,11.2677655677656,29.8516483516484,1384.33,27.6539926739927,2.85842248596795,-0.706373626373622,-0.266666666666667,Neutral,-0.33314650023889,16.1879845980887,16.5211310983276
PAMPANGA,2012,3,Q3,8051,25.895652173913,28.5619565217391,23.9949275362319,2876.6,2876.6,2930.0,2118.92565277778,4271.82,887.81,11.7532608695652,32.0586956521739,2584.27,26.2373188405797,11.311898524535,-0.341666666666669,0.333333333333333,Neutral,-0.349269688644687,17.963147410024,18.3124170986687
PAMPANGA,2012,4,Q4,8052,25.5974637681159,28.8492753623188,22.8489130434783,920.8,920.8,1315.0,2661.78003055556,4671.4,959.15,12.8778985507246,32.7079710144927,1569.21,25.6448913043478,-41.3207919908744,-0.0474275362318827,0.0666666666666666,Neutral,-0.295918239369325,2.64333680468756,2.93925504405689
PAMPANGA,2013,1,Q1,8053,25.4166666666667,29.2233333333333,22.2907407407407,710.2,710.2,941.0,2656.26169722222,4908.36,1051.19,15.2796296296296,35.7448148148148,735.53,25.0413186813187,-3.44377523690399,0.375347985347986,-0.366666666666667,Neutral,-0.180029960981047,-7.64856155431887,7.82859151529991
PAMPANGA,2013,2,Q2,8054,27.7234432234432,31.3395604395604,24.9223443223443,1547.0,1547.0,1907.0,2702.17469722222,5413.08,1171.01,10.2238095238095,27.1692307692308,1384.33,27.6539926739927,11.750810861572,0.0694505494505506,-0.366666666666667,Neutral,0.0139260829749963,-5.42546446041785,5.43939054339284
PAMPANGA,2013,3,Q3,8055,25.975,28.7275362318841,23.9518115942029,2928.1,2928.1,3095.0,2076.68194444444,4303.26,894.02,10.9844202898551,30.6376811594203,2584.27,26.2373188405797,13.3047243515577,-0.262318840579706,-0.333333333333333,Neutral,0.033763039496737,-4.92725800366217,4.9610210431589
PAMPANGA,2013,4,Q4,8056,25.4076086956522,28.4105072463768,22.9652173913043,1218.1,1218.1,1649.0,2635.14161111111,4448.96,900.09,12.5489130434783,31.7036231884058,1569.21,25.6448913043478,-22.374953001829,-0.237282608695647,-0.233333333333333,Neutral,-0.0137007286192041,-0.190798256400808,0.204498985020012
PAMPANGA,2014,1,Q1,8057,24.5407407407407,28.4281481481481,21.2766666666667,708.4,708.4,917.0,2658.63486388889,4978.88,1063.7,15.9011111111111,36.3188888888889,735.53,25.0413186813187,-3.68849673024894,-0.500577940577941,-0.4,Neutral,-0.232682210100686,-0.251978629737044,0.48466083983773
PAMPANGA,2014,2,Q2,8058,27.7142857142857,31.4351648351648,24.9131868131868,1672.0,1672.0,1813.0,2816.90827777778,5462.27,1181.73,10.7380952380952,28.4285714285714,1384.33,27.6539926739927,20.7804497482537,0.0602930402930432,0.133333333333333,Neutral,-0.234971587390063,2.00543109193337,2.24040267932343
PAMPANGA,2014,3,Q3,8059,26.2018115942029,28.9778985507246,24.1699275362319,2697.6,2697.6,2688.0,2161.21243333333,4400.59,918.3,11.4554347826087,30.8047101449275,2584.27,26.2373188405797,4.38537768886378,-0.0355072463768095,0.1,Neutral,-0.178268688839339,-0.22440557374011,0.402674262579448
PAMPANGA,2014,4,Q4,8060,25.3942028985507,28.4119565217391,22.9126811594203,1605.3,1605.3,1639.0,2529.26326944444,4407.63,900.42,12.3807971014493,31.2731884057971,1569.21,25.6448913043478,2.29988338080945,-0.250688405797099,0.6,El Niño,-0.181620138114702,5.94430352191949,6.12592366003419
PAMPANGA,2015,1,Q1,8061,24.5577777777778,28.457037037037,21.2840740740741,275.6,275.6,663.0,2798.68306666667,5153.39,1086.44,15.2151851851852,34.7311111111111,735.53,25.0413186813187,-62.5304202411866,-0.483540903540902,0.5,El Niño,-0.177360878855442,-8.76617735581493,8.94353823467037
PAMPANGA,2015,2,Q2,8062,28.0080586080586,32.0838827838828,24.8769230769231,922.5,922.5,1370.0,2971.58924166667,5810.79,1287.6,11.3882783882784,29.303663003663,1384.33,27.6539926739927,-33.3612650162895,0.354065934065936,0.933333333333333,El Niño,-0.103917655412219,-22.3016060469507,22.4055237023629
PAMPANGA,2015,3,Q3,8063,26.4778985507246,29.3920289855072,24.3778985507246,2018.2,2018.2,2564.0,2413.46023333333,4756.48,991.32,10.8557971014493,29.6442028985507,2584.27,26.2373188405797,-21.9044449689854,0.240579710144928,1.86666666666667,El Niño,-0.0348959162817844,-28.874061711413,28.9089576276948
PAMPANGA,2015,4,Q4,8064,25.9025362318841,29.0539855072464,23.2536231884058,1820.0,1820.0,1355.0,2643.762875,4634.23,958.64,13.3826086956522,33.7594202898551,1569.21,25.6448913043478,15.9819272117817,0.257644927536237,2.53333333333333,El Niño,0.0921874170515497,-25.45355075367,25.5457381707215
PAMPANGA,2016,1,Q1,8065,25.5600732600733,29.2058608058608,22.5139194139194,255.5,255.5,734.0,2815.40535833333,5050.97,1071.08,13.8747252747253,32.3655677655678,735.53,25.0413186813187,-65.2631435835384,0.518754578754578,2.06666666666667,El Niño,0.34276128762542,-26.1367315892579,26.4794928768833
PAMPANGA,2016,2,Q2,8066,28.2,32.1641025641026,25.1611721611722,1321.5,1321.5,1553.0,2914.13064722222,5690.13,1267.25,11.1849816849817,29.6062271062271,1384.33,27.6539926739927,-4.53865769000166,0.546007326007331,0.4,Neutral,0.390746635610768,-18.9310797576859,19.3218263932967
PAMPANGA,2016,3,Q3,8067,26.6119565217391,29.3836956521739,24.613768115942,2344.7,2344.7,2679.0,2236.75115833333,4491.69,938.9,10.8286231884058,30.695652173913,2584.27,26.2373188405797,-9.27031618213268,0.37463768115942,-0.5,La Niña,0.424261128364392,-15.7725475609728,16.1968086893371
PAMPANGA,2016,4,Q4,8068,25.8166666666667,28.6826086956522,23.4713768115942,1906.4,1906.4,2021.0,2427.79032222222,4188.76,861.85,12.725,32.563768115942,1569.21,25.6448913043478,21.4878824376597,0.17177536231884,-0.666666666666667,La Niña,0.402793737060042,-14.3960587545033,14.7988524915633
PAMPANGA,2017,1,Q1,8069,24.8174074074074,28.6377777777778,21.7744444444444,1315.5,1315.5,1502.0,2503.77853333333,4522.79,968.6,15.6281481481481,35.7422222222222,735.53,25.0413186813187,78.85062471959,-0.223911273911273,-0.133333333333333,Neutral,0.217127273893579,21.6323833212788,21.8495105951724
PAMPANGA,2017,2,Q2,8070,27.5692307692308,31.7304029304029,24.3849816849817,1462.6,1462.6,1866.0,2925.37612777778,5539.68,1208.06,12.7930402930403,31.1326007326007,1384.33,27.6539926739927,5.65399868528458,-0.0847619047619048,0.266666666666667,Neutral,0.0594349662012705,24.1805474151004,24.2399823813017
PAMPANGA,2017,3,Q3,8071,26.2728260869565,29.6188405797101,23.870652173913,2786.6,2786.6,2887.0,2305.71147222222,4710.13,967.44,12.0786231884058,30.5844202898551,2584.27,26.2373188405797,7.82929028313605,0.0355072463768166,-0.133333333333333,Neutral,-0.0253476424943804,28.4554490314176,28.480796673912
PAMPANGA,2017,4,Q4,8072,25.6510869565217,28.7789855072464,23.3072463768116,2120.5,2120.5,2252.0,2360.96473055556,4026.54,853.49,13.9228260869565,35.0615942028985,1569.21,25.6448913043478,35.1316904684523,0.0061956521739148,-0.833333333333333,La Niña,-0.0667425700306117,31.8664010391157,31.9331436091463
PAMPANGA,2018,1,Q1,8073,25.5977777777778,29.6966666666667,22.4588888888889,1081.4,1081.4,1335.0,2603.11410833333,4680.17,1047.23,15.0418518518519,34.7440740740741,735.53,25.0413186813187,47.0232349462293,0.55645909645909,-0.833333333333333,La Niña,0.128350022561979,23.9095535957755,24.0379036183375
PAMPANGA,2018,2,Q2,8074,27.6952380952381,32.0340659340659,24.4128205128205,1191.5,1191.5,2005.0,2848.91063333333,5390.16,1202.37,13.0945054945055,32.7868131868132,1384.33,27.6539926739927,-13.9294821321506,0.0412454212454242,-0.233333333333333,Neutral,0.159851854063811,19.0136833914168,19.1735352454806
PAMPANGA,2018,3,Q3,8075,26.1347826086957,29.4731884057971,23.6847826086956,2523.4,2523.4,3393.0,2247.52660833333,4642.09,972.19,13.7282608695652,34.754347826087,2584.27,26.2373188405797,-2.35540404059947,-0.102536231884056,0.266666666666667,Neutral,0.125340984498593,16.4675098104829,16.5928507949815
PAMPANGA,2018,4,Q4,8076,25.931884057971,29.7594202898551,22.9307971014493,1293.6,1293.6,2063.0,2617.73271666667,4608.57,994.28,13.979347826087,33.9072463768116,1569.21,25.6448913043478,-17.563614812549,0.286992753623188,0.833333333333333,El Niño,0.195540259860912,3.29368349023256,3.48922375009347
PAMPANGA,2019,1,Q1,8077,25.2118518518519,29.82,21.1877777777778,373.4,373.4,1041.0,2814.82723888889,5161.02,1134.55,16.1637037037037,35.5822222222222,735.53,25.0413186813187,-49.2338857694452,0.170533170533169,0.7,El Niño,0.0990587783794314,-20.770596688686,20.8696554670655
PAMPANGA,2019,2,Q2,8078,28.1106227106227,32.7435897435897,24.5901098901099,1252.9,1252.9,2211.0,2888.22566111111,5591.96,1264.41,13.1344322344322,32.0369963369963,1384.33,27.6539926739927,-9.49412351101254,0.456630036630038,0.566666666666667,El Niño,0.202904932225585,-19.6617570334015,19.8646619656271
PAMPANGA,2019,3,Q3,8079,26.4235507246377,29.7735507246377,23.936231884058,2606.9,2606.9,3447.0,2223.47884722222,4664.92,984.95,13.6677536231884,34.4014492753623,2584.27,26.2373188405797,0.875682494476201,0.186231884057971,0.2,Neutral,0.275096961211092,-18.8539853996326,19.1290823608437
PAMPANGA,2019,4,Q4,8080,25.8655797101449,29.6228260869565,23.0442028985507,1344.7,1344.7,2231.0,2610.16913055556,4589.36,965.37,12.8695652173913,31.9409420289855,1569.21,25.6448913043478,-14.3071991639105,0.220688405797102,0.433333333333333,Neutral,0.25852087425457,-18.039881487473,18.2984023617276
PAMPANGA,2020,1,Q1,8081,25.9846153846154,30.8307692307692,22.0369963369963,433.0,433.0,1269.0,2868.08880555556,5193.14,1196.59,16.6871794871795,37.4296703296703,735.53,25.0413186813187,-41.130885212024,0.943296703296703,0.466666666666667,Neutral,0.451711757445453,-16.0141313481177,16.4658431055632
PAMPANGA,2020,2,Q2,8082,28.0772893772894,32.621978021978,24.4824175824176,1857.8,1857.8,2198.0,2918.65181111111,5671.06,1276.72,13.3923076923077,32.4014652014652,1384.33,27.6539926739927,34.2021049894173,0.423296703296707,-0.0666666666666666,Neutral,0.443378424112121,-5.09007422301026,5.53345264712238
PAMPANGA,2020,3,Q3,8083,26.6586956521739,30.331884057971,23.8608695652174,2437.5,2437.5,2897.0,2501.58954722222,5077.49,1053.81,11.5416666666667,28.5333333333333,2584.27,26.2373188405797,-5.67936012877911,0.421376811594207,-0.633333333333333,La Niña,0.50216465599618,-6.72883487882408,7.23099953482026
PAMPANGA,2020,4,Q4,8084,25.7630434782609,28.9898550724638,23.3898550724638,2802.6,2802.6,3132.0,2231.09337222222,4062.03,840.46,13.7188405797101,34.3018115942029,1569.21,25.6448913043478,78.5994226394173,0.118152173913049,-1.23333333333333,La Niña,0.476530598025167,16.4978205720079,16.974351170033
PAMPANGA,2021,1,Q1,8085,25.2237037037037,29.047037037037,22.2577777777778,1387.8,1387.8,2021.0,2495.87976666667,4615.64,981.01,14.0396296296296,32.7233333333333,735.53,25.0413186813187,88.6802713689448,0.182385022385024,-0.9,La Niña,0.286302677797247,48.9506097172501,49.2369123950473
PAMPANGA,2021,2,Q2,8086,27.8271062271062,32.4652014652015,24.1608058608059,1225.9,1225.9,2204.0,2918.51586111111,5689.53,1282.01,13.7512820512821,33.1978021978022,1384.33,27.6539926739927,-11.4445255105358,0.173113553113556,-0.533333333333333,La Niña,0.223756890251459,37.5389520922618,37.7627089825133
PAMPANGA,2021,3,Q3,8087,26.4981884057971,29.868115942029,23.9898550724638,2628.4,2628.4,3300.0,2411.83295833333,4869.62,1010.63,12.4996376811594,32.1021739130435,2584.27,26.2373188405797,1.70763890769928,0.260869565217394,-0.533333333333333,La Niña,0.183630078657256,39.3857018513814,39.5693319300387
PAMPANGA,2021,4,Q4,8088,25.593115942029,29.2032608695652,22.9474637681159,2110.3,2110.3,2314.0,2318.84123888889,4358.13,914.59,13.8858695652174,31.0916666666667,1569.21,25.6448913043478,34.4816818653972,-0.051775362318839,-0.933333333333333,La Niña,0.141148194599284,28.3562666578764,28.4974148524757
PAMPANGA,2022,1,Q1,8089,25.5996296296296,30.1285185185185,22.1277777777778,1027.9,1027.9,1566.0,2626.06537777778,4986.5,1074.01,15.372962962963,33.1614814814815,735.53,25.0413186813187,39.749568338477,0.558310948310947,-0.966666666666667,La Niña,0.235129676080764,16.1235909002594,16.3587205763402
PAMPANGA,2022,2,Q2,8090,26.981684981685,31.614652014652,23.5644688644689,2319.5,2319.5,2402.0,2703.217,5603.18,1205.74,14.16336996337,31.7959706959707,1384.33,27.6539926739927,67.5539791812646,-0.67230769230769,-1.0,La Niña,0.0237743647254529,35.8732170732095,35.896991437935
PAMPANGA,2022,3,Q3,8091,26.0648550724638,29.7992753623188,23.3764492753623,3427.3,3427.3,3019.0,2227.88637222222,4933.78,1008.04,12.4605072463768,28.379347826087,2584.27,26.2373188405797,32.6215913971837,-0.172463768115939,-0.9,La Niña,-0.0845589686078805,43.6017051955807,43.6862641641885
PAMPANGA,2022,4,Q4,8092,25.7467391304348,29.3539855072464,23.0376811594203,1981.1,1981.1,2346.0,2392.48200277778,4498.01,939.61,13.8847826086957,31.0721014492754,1569.21,25.6448913043478,26.2482395600334,0.10184782608696,-0.9,La Niña,-0.0461531715064307,41.5433446192397,41.5894977907461
PAMPANGA,2023,1,Q1,8093,25.5674074074074,30.2751851851852,21.9225925925926,1187.9,1187.9,1553.0,2497.41485277778,4820.2,1088.61,15.9951851851852,34.4414814814815,735.53,25.0413186813187,61.5025899691379,0.526088726088727,-0.4,Neutral,-0.0542087270619858,46.9816000269049,47.0358087539669
PAMPANGA,2023,2,Q2,8094,27.5838827838828,32.4996336996337,23.9809523809524,1561.3,1561.3,2169.0,2823.61213055556,5803.26,1279.22,13.5736263736264,30.9860805860806,1384.33,27.6539926739927,12.7838015502084,-0.0701098901098866,0.5,El Niño,0.0963407234874651,33.2890556191409,33.3853963426283
PAMPANGA,2023,3,Q3,8095,26.8402173913043,30.8876811594203,23.9021739130435,2308.0,2308.0,2737.0,2436.67377777778,5302.4,1120.49,13.2826086956522,30.4525362318841,2584.27,26.2373188405797,-10.6904464316809,0.602898550724635,1.33333333333333,El Niño,0.290181303197609,22.4610461619247,22.7512274651223
PAMPANGA,2023,4,Q4,8096,26.270652173913,30.306884057971,23.2050724637681,1331.3,1331.3,1874.0,2644.16633888889,4851.24,1018.31,12.4014492753623,28.3619565217391,1569.21,25.6448913043478,-15.1611320345907,0.625760869565216,1.9,El Niño,0.421159564067173,12.1087032632687,12.5298628273359
PAMPANGA,2024,1,Q1,8097,26.6721611721612,31.8058608058608,22.4626373626374,177.7,177.7,420.0,2882.42536111111,5363.65,1266.59,18.1483516483516,36.8234432234432,735.53,25.0413186813187,-75.8405503514472,1.63084249084249,1.46666666666667,El Niño,0.697348005255614,-22.2270818168776,22.9244298221332
PAMPANGA,2024,2,Q2,8098,29.2835164835165,34.4417582417582,25.4362637362637,1162.4,1162.4,1480.0,2937.68598888889,6176.14,1446.06,15.4,33.2608058608059,1384.33,27.6539926739927,-16.03158206497,1.62952380952381,0.433333333333333,Neutral,1.12225643016404,-29.4309277206722,30.5531841508363
PAMPANGA,2024,3,Q3,8099,26.8061594202898,30.3144927536232,24.3188405797101,3851.3,3851.3,3285.0,2211.39318611111,4857.36,1010.28,13.0735507246377,29.1978260869565,2584.27,26.2373188405797,49.0285457788853,0.568840579710145,-0.1,Neutral,1.11374193741042,-14.5011796680307,15.6149216054411
PAMPANGA,2024,4,Q4,8100,26.4222222222222,29.8424908424908,23.6827838827839,1311.0,1311.0,1485.0,2352.67658055556,4421.85,927.83,13.0637362637363,29.1798534798535,1569.21,25.6448913043478,-16.4547766073375,0.777330917874398,-0.4,Neutral,1.15163444948771,-14.8245908112174,15.9762252607051
PAMPANGA,2025,1,Q1,8101,26.4996254681648,30.9448148148148,22.9751851851852,594.1,594.1,922.0,2633.65714722222,4929.66,1120.18,15.1507407407407,35.0574074074074,735.53,25.0413186813187,-19.2283115576523,1.45830678684612,-0.4,Neutral,1.10850052348862,-0.671531112768615,1.78003163625723
PAMPANGA,2025,2,Q2,8102,28.1684981684982,32.5498168498168,24.9307692307692,955.3,25.7,1632.0,2780.43746111111,5707.88,1268.87,12.4358974358974,27.2120879120879,1384.33,27.6539926739927,-30.9918877724242,0.514505494505496,-0.1,Neutral,0.829745944734039,-4.41160753963215,5.24135348436619
PAMPANGA,2025,3,Q3,8103,26.5945652173913,28.9858695652174,24.8945652173913,1784.8,304.6,2367.0,2023.07226111111,4598.33,980.56,12.6213768115942,32.2286231884058,2584.27,26.2373188405797,-30.9360090083467,0.357246376811595,-0.3,Neutral,0.776847394009401,-24.4027462364402,25.1795936304496
PAMPANGA,2025,4,Q4,8104,26.5644808743169,29.0868852459016,24.7704918032787,1456.0,231.8,1637.0,1560.62134166667,3007.52,625.34,13.9125683060109,34.2469945355191,1569.21,25.6448913043478,-7.21445823057462,0.919589569969123,-0.6,La Niña,0.812412057033082,-22.0926666422494,22.9050786992825
PANGASINAN,2010,1,Q1,8041,24.6074074074074,28.2525925925926,21.5981481481481,577.5,577.5,1266.0,2666.63351111111,4927.26,1032.34,13.7144444444444,32.6955555555556,994.25,24.5004171754172,-41.9160170983153,0.106990231990231,1.16666666666667,El Niño,0.106990231990231,-41.9160170983153,42.0230073303055
PANGASINAN,2010,2,Q2,8042,27.1732600732601,30.9139194139194,24.2498168498168,1627.9,1627.9,1587.0,2856.83813888889,5666.08,1212.84,11.1468864468864,28.5065934065934,1676.45,27.0034432234432,-2.89600047719884,0.169816849816851,-0.166666666666667,Neutral,0.138403540903541,-22.4060087877571,22.5444123286606
PANGASINAN,2010,3,Q3,8043,26.1608695652174,29.4083333333333,23.6510869565217,2324.8,2324.8,2260.0,2466.63018888889,4974.24,1030.13,10.1641304347826,26.288768115942,2741.55,25.9813405797101,-15.2012547646404,0.179528985507247,-1.3,La Niña,0.15211202243811,-20.0044241133849,20.156536135823
PANGASINAN,2010,4,Q4,8044,25.086231884058,27.9739130434783,22.8934782608696,1905.8,1905.8,2249.0,2382.26601111111,4082.61,840.46,11.0648550724638,28.1507246376812,1777.82,25.2205434782609,7.19870403077926,-0.134311594202899,-1.6,La Niña,0.0805061182778574,-13.2036420773438,13.2841481956217
PANGASINAN,2011,1,Q1,8045,23.7325925925926,26.7192592592593,21.4655555555556,1676.6,1676.6,2393.0,2270.03105555556,4117.01,864.34,12.6977777777778,30.9896296296296,994.25,24.5004171754172,68.6296203168217,-0.767824582824584,-1.16666666666667,La Niña,-0.138197585425846,14.4327672764404,14.5709648618663
PANGASINAN,2011,2,Q2,8046,26.0520146520146,29.403663003663,23.418315018315,2042.8,2042.8,1947.0,2545.626275,5136.39,1081.04,11.9750915750916,29.9956043956044,1676.45,27.0034432234432,21.8527245071431,-0.951428571428576,-0.566666666666667,La Niña,-0.418508940737203,20.6199485225259,21.0384574632631
PANGASINAN,2011,3,Q3,8047,25.654347826087,28.7141304347826,23.3141304347826,2896.8,2896.8,2799.0,2207.95953611111,4513.04,927.15,11.2572463768116,30.2728260869565,2741.55,25.9813405797101,5.66285495431416,-0.326992753623184,-0.633333333333333,La Niña,-0.545139375519811,25.8359759522646,26.3811153277844
PANGASINAN,2011,4,Q4,8048,24.9996376811594,27.829347826087,22.8188405797101,2176.6,2176.6,2315.0,2285.77989444444,3976.62,818.49,11.3460144927536,29.5518115942029,1777.82,25.2205434782609,22.4308422674961,-0.220905797101452,-1.03333333333333,La Niña,-0.566787926244449,29.6440105114438,30.2107984376882
PANGASINAN,2012,1,Q1,8049,24.5457875457875,27.6794871794872,22.1608058608059,1240.6,1240.6,1973.0,2514.79099722222,4471.77,929.12,12.2967032967033,31.5161172161172,994.25,24.5004171754172,24.7774704551169,0.0453703703703709,-0.733333333333333,La Niña,-0.36348918794571,18.6809730460176,19.0444622339633
PANGASINAN,2012,2,Q2,8050,26.4128205128205,29.8992673992674,23.7087912087912,1664.6,1664.6,2027.0,2673.908125,5319.61,1107.66,10.6728937728938,28.474358974359,1676.45,27.0034432234432,-0.706850785886852,-0.590622710622707,-0.266666666666667,Neutral,-0.273287722744243,13.0410792227601,13.3143669455043
PANGASINAN,2012,3,Q3,8051,25.6768115942029,28.7224637681159,23.3221014492754,2764.0,2764.0,2745.0,2248.64754444444,4530.23,927.94,11.2050724637681,30.4481884057971,2741.55,25.9813405797101,0.81887983075267,-0.304528985507243,0.333333333333333,Neutral,-0.267671780715258,11.8300854418697,12.097757222585
PANGASINAN,2012,4,Q4,8052,25.0764492753623,28.1184782608696,22.6673913043478,1318.5,1318.5,1791.0,2515.49122222222,4300.45,893.59,11.7826086956522,30.345652173913,1777.82,25.2205434782609,-25.8361363917607,-0.14409420289855,0.0666666666666666,Neutral,-0.248468882164532,-0.236659222944493,0.485128105109025
PANGASINAN,2013,1,Q1,8053,24.597037037037,27.7862962962963,22.0848148148148,1283.4,1283.4,1728.0,2472.60502777778,4488.45,936.78,12.7114814814815,31.167037037037,994.25,24.5004171754172,29.0822227809907,0.0966198616198639,-0.366666666666667,Neutral,-0.235656509352159,0.839528858523956,1.07518536787612
PANGASINAN,2013,2,Q2,8054,26.8216117216117,30.2912087912088,24.1333333333333,1702.5,1702.5,1854.0,2669.71177777778,5364.07,1131.06,10.3981684981685,26.9201465201465,1676.45,27.0034432234432,1.55387873184407,-0.1818315018315,-0.366666666666667,Neutral,-0.133458707154357,1.40471123795669,1.53816994511104
PANGASINAN,2013,3,Q3,8055,25.8728260869565,28.970652173913,23.4692028985507,2217.4,2217.4,2463.0,2222.96329166667,4572.77,951.63,11.2920289855072,29.9594202898551,2741.55,25.9813405797101,-19.1187466943882,-0.108514492753624,-0.333333333333333,Neutral,-0.0844550839659526,-3.57969539332853,3.66415047729449
PANGASINAN,2013,4,Q4,8056,24.7713768115942,27.554347826087,22.5717391304348,1783.8,1783.8,2285.0,2374.83708888889,4009.29,833.65,12.5355072463768,31.1025362318841,1777.82,25.2205434782609,0.33636701128347,-0.44916666666667,-0.233333333333333,Neutral,-0.160723199907983,2.96343045743251,3.12415365734049
PANGASINAN,2014,1,Q1,8057,23.6696296296296,26.9218518518519,21.0492592592593,1071.8,1071.8,1646.0,2500.19026111111,4528.61,937.88,13.0551851851852,31.302962962963,994.25,24.5004171754172,7.79984913251194,-0.830787545787548,-0.4,Neutral,-0.392575051759835,-2.35716295468718,2.74973800644702
PANGASINAN,2014,2,Q2,8058,26.8871794871795,30.5227106227106,24.0952380952381,1600.8,1600.8,1756.0,2795.04269722222,5500.58,1161.56,10.23663003663,26.5065934065934,1676.45,27.0034432234432,-4.51251155715948,-0.116263736263736,0.133333333333333,Neutral,-0.376183110367895,-3.87376052693807,4.24994363730596
PANGASINAN,2014,3,Q3,8059,26.0184782608696,29.0923913043478,23.5717391304348,2654.7,2654.7,2399.0,2326.38945833333,4737.68,978.0,11.2880434782609,29.6036231884058,2741.55,25.9813405797101,-3.16791595994968,0.0371376811594252,0.1,Neutral,-0.339770066889632,0.113947156671563,0.453717223561196
PANGASINAN,2014,4,Q4,8060,25.0057971014493,27.9521739130435,22.6985507246377,1533.0,1533.0,2085.0,2399.28086666667,4119.36,858.55,11.511231884058,28.5855072463768,1777.82,25.2205434782609,-13.7707979435488,-0.214746376811597,0.6,El Niño,-0.281164994425864,-3.41284408203652,3.69400907646238
PANGASINAN,2015,1,Q1,8061,23.932962962963,27.397037037037,21.112962962963,716.9,716.9,1523.0,2579.30126666667,4703.62,988.89,13.8292592592593,32.3007407407407,994.25,24.5004171754172,-27.8953985416143,-0.567454212454216,0.5,El Niño,-0.215331661092531,-12.3366560005681,12.5519876616606
PANGASINAN,2015,2,Q2,8062,27.1989010989011,31.0010989010989,24.1835164835165,1211.8,1211.8,1430.0,2933.15962777778,5811.52,1246.74,11.118315018315,28.2062271062271,1676.45,27.0034432234432,-27.7163052879597,0.195457875457876,0.933333333333333,El Niño,-0.137401258162128,-18.1376044332681,18.2750056914303
PANGASINAN,2015,3,Q3,8063,26.1481884057971,29.2090579710145,23.6641304347826,2600.3,2600.3,2432.0,2413.65543333333,4772.25,987.64,11.4123188405797,30.0561594202898,2741.55,25.9813405797101,-5.15219492622786,0.166847826086958,1.86666666666667,El Niño,-0.104973721930245,-18.6336741748377,18.7386478967679
PANGASINAN,2015,4,Q4,8064,25.3692028985507,28.4097826086957,22.879347826087,1650.4,1650.4,1726.0,2547.46022777778,4354.46,899.76,12.2952898550725,30.6507246376812,1777.82,25.2205434782609,-7.1672047788865,0.148659420289853,2.53333333333333,El Niño,-0.0141222726548822,-16.9827758836721,16.996898156327
PANGASINAN,2016,1,Q1,8065,24.7454212454212,28.2117216117216,22.0018315018315,713.2,713.2,1460.0,2621.05707222222,4678.05,990.68,13.9271062271062,32.2728937728938,994.25,24.5004171754172,-28.2675383454865,0.245004070004068,2.06666666666667,El Niño,0.188992297959689,-17.0758108346401,17.2648031325998
PANGASINAN,2016,2,Q2,8066,27.4282051282051,31.2564102564102,24.496336996337,1560.6,1560.6,1629.0,2890.75147777778,5662.82,1225.85,11.3901098901099,28.6875457875458,1676.45,27.0034432234432,-6.91043574219333,0.424761904761905,0.4,Neutral,0.246318305285696,-11.8743434481986,12.1206617534843
PANGASINAN,2016,3,Q3,8067,26.3757246376812,29.475,23.9945652173913,2715.9,2715.9,2482.0,2346.18823611111,4756.39,982.83,10.3916666666667,28.8025362318841,2741.55,25.9813405797101,-0.935602122886691,0.394384057971017,-0.5,La Niña,0.303202363256711,-10.8201952473633,11.12339761062
PANGASINAN,2016,4,Q4,8068,25.4786231884058,28.3521739130435,23.2865942028986,2182.2,2182.2,2354.0,2314.11521388889,3954.89,828.8,11.8510869565217,30.3166666666667,1777.82,25.2205434782609,22.7458347864238,0.258079710144926,-0.666666666666667,La Niña,0.330557435720479,-3.34193535603569,3.67249279175617
PANGASINAN,2017,1,Q1,8069,24.8174074074074,28.5981481481481,22.0433333333333,1338.4,1338.4,1764.0,2316.82695555556,4265.94,968.71,15.9037037037037,33.2896296296296,994.25,24.5004171754172,34.6140306763892,0.316990231990232,-0.133333333333333,Neutral,0.34855397621702,12.3784568994333,12.7270108756503
PANGASINAN,2017,2,Q2,8070,27.1076923076923,31.2549450549451,24.1457875457875,2049.4,2049.4,1996.0,2781.86048333333,5581.72,1204.83,13.018315018315,28.8399267399267,1676.45,27.0034432234432,22.2464135524471,0.104249084249083,0.266666666666667,Neutral,0.268425771088815,19.6676692230934,19.9360949941822
PANGASINAN,2017,3,Q3,8071,26.1753623188406,29.7478260869565,23.7666666666667,2784.7,2784.7,2681.0,2321.22246666667,4883.01,998.98,13.1670289855072,29.2844202898551,2741.55,25.9813405797101,1.57392715799455,0.194021739130434,-0.133333333333333,Neutral,0.218335191378669,20.2950515433137,20.5133867346924
PANGASINAN,2017,4,Q4,8072,25.3673913043478,28.5086956521739,23.1474637681159,1879.1,1879.1,2233.0,2132.81457777778,3859.57,823.8,14.1333333333333,31.1326086956522,1777.82,25.2205434782609,5.69686469946337,0.146847826086955,-0.833333333333333,La Niña,0.190527220364176,16.0328090215736,16.2233362419378
PANGASINAN,2018,1,Q1,8073,25.0803703703704,29.0166666666667,22.1140740740741,711.9,711.9,1395.0,2378.16261111111,4459.69,1001.79,15.4585185185185,31.9351851851852,994.25,24.5004171754172,-28.3982901684687,0.579953194953195,-0.833333333333333,La Niña,0.256267961104917,0.279728810359093,0.53599677146401
PANGASINAN,2018,2,Q2,8074,27.5241758241758,32.1611721611722,24.3970695970696,1448.3,1448.3,1918.0,2767.01928055556,5590.92,1240.04,13.914652014652,31.2908424908425,1676.45,27.0034432234432,-13.6091144978973,0.5207326007326,-0.233333333333333,Neutral,0.360388840225796,-8.68415320222703,9.04454204245283
PANGASINAN,2018,3,Q3,8075,25.6833333333333,29.0264492753623,23.4481884057971,3554.7,3554.7,4011.0,2137.176325,4599.66,924.64,15.1246376811594,32.4050724637681,2741.55,25.9813405797101,29.6602287027411,-0.298007246376809,0.266666666666667,Neutral,0.237381593848985,-1.66257781604038,1.89995940988937
PANGASINAN,2018,4,Q4,8076,25.6275362318841,29.406884057971,22.7572463768116,1495.7,1495.7,2071.0,2565.89380555556,4672.07,993.57,13.7992753623188,29.2942028985507,1777.82,25.2205434782609,-15.8688731142635,0.406992753623182,0.833333333333333,El Niño,0.302417825733042,-7.05401226947211,7.35643009520515
PANGASINAN,2019,1,Q1,8077,25.2755555555556,29.9240740740741,21.4277777777778,612.2,612.2,1150.0,2705.86581666667,5185.5,1163.28,15.9559259259259,33.4162962962963,994.25,24.5004171754172,-38.4259492079457,0.775138380138376,0.7,El Niño,0.351214122029337,-9.56092702934136,9.91214115137069
PANGASINAN,2019,2,Q2,8078,27.4285714285714,31.870695970696,24.2619047619048,1855.8,1855.8,2540.0,2762.40995555556,5591.72,1217.63,13.3421245421245,29.5915750915751,1676.45,27.0034432234432,10.6982015568612,0.425128205128203,0.566666666666667,El Niño,0.327313023128238,-3.48409801565172,3.81141103877995
PANGASINAN,2019,3,Q3,8079,26.0474637681159,29.4927536231884,23.5742753623188,2902.2,2902.2,3364.0,2289.43175,4853.53,983.14,15.1036231884058,32.2634057971014,2741.55,25.9813405797101,5.8598238222903,0.0661231884058004,0.2,Neutral,0.418345631823891,-9.43419923576443,9.85254486758832
PANGASINAN,2019,4,Q4,8080,25.4231884057971,29.0673913043478,22.6764492753623,1853.1,1853.1,2300.0,2494.09945277778,4510.79,937.33,13.6934782608696,29.7474637681159,1777.82,25.2205434782609,4.23439943301345,0.20264492753623,0.433333333333333,Neutral,0.367258675302153,-4.40838109894518,4.77563977424733
PANGASINAN,2020,1,Q1,8081,25.5798534798535,30.2106227106227,21.9912087912088,459.4,459.4,1313.0,2769.59040277778,5169.78,1180.14,16.985347985348,35.0739926739927,994.25,24.5004171754172,-53.7943173246166,1.0794363044363,0.466666666666667,Neutral,0.443333156376634,-8.2504731281129,8.69380628448953
PANGASINAN,2020,2,Q2,8082,27.8842490842491,32.5857142857143,24.4212454212454,1996.2,1996.2,2209.0,2852.50244444444,5806.08,1306.26,14.1611721611722,31.1135531135531,1676.45,27.0034432234432,19.073041247875,0.880805860805861,-0.0666666666666666,Neutral,0.557252570296049,-6.15676320535946,6.71401577565551
PANGASINAN,2020,3,Q3,8083,26.6202898550725,30.5594202898551,23.8228260869565,2518.8,2518.8,2786.0,2544.91619444444,5320.9,1100.78,12.1934782608696,27.6532608695652,2741.55,25.9813405797101,-8.12496580401598,0.638949275362322,-0.633333333333333,La Niña,0.700459092035179,-9.65296061193603,10.3534197039712
PANGASINAN,2020,4,Q4,8084,25.5333333333333,28.7898550724638,23.1746376811594,2759.6,2759.6,2942.0,2152.35328888889,3975.04,828.36,14.2967391304348,31.3163043478261,1777.82,25.2205434782609,55.2238134344309,0.312789855072459,-1.23333333333333,La Niña,0.727995323919236,3.09439288841834,3.82238821233758
PANGASINAN,2021,1,Q1,8085,24.9459259259259,28.7740740740741,22.0803703703704,1310.0,1310.0,2115.0,2380.34451111111,4501.91,969.99,14.5422222222222,31.0103703703704,994.25,24.5004171754172,31.7576062358562,0.445508750508747,-0.9,La Niña,0.569513435437347,24.4823737785365,25.0518872139739
PANGASINAN,2021,2,Q2,8086,27.452380952381,31.9992673992674,24.0534798534799,1754.7,1754.7,2225.0,2812.46333888889,5753.11,1286.3,14.5956043956044,31.7644688644689,1676.45,27.0034432234432,4.66760118106714,0.448937728937732,-0.533333333333333,La Niña,0.461546402470315,20.8810137618346,21.3425601643049
PANGASINAN,2021,3,Q3,8087,26.4894927536232,30.2626811594203,23.7952898550725,2764.8,2764.8,3120.0,2425.27900833333,5112.46,1051.69,12.8442028985507,29.131884057971,2741.55,25.9813405797101,0.848060403786179,0.508152173913047,-0.533333333333333,La Niña,0.428847127107996,23.1242703137851,23.5531174408931
PANGASINAN,2021,4,Q4,8088,25.5326086956522,29.356884057971,22.7735507246377,2038.3,2038.3,2093.0,2328.23710277778,4460.03,955.07,14.4344202898551,29.8130434782609,1777.82,25.2205434782609,14.6516520232644,0.312065217391304,-0.933333333333333,La Niña,0.428665967687707,12.9812299609935,13.4098959286812
PANGASINAN,2022,1,Q1,8089,25.32,29.7992592592593,22.0785185185185,1438.2,1438.2,1816.0,2527.6154,5012.05,1084.53,15.1318518518519,30.8540740740741,994.25,24.5004171754172,44.6517475484033,0.819582824582824,-0.966666666666667,La Niña,0.522184486206227,16.2047652891303,16.7269497753365
PANGASINAN,2022,2,Q2,8090,26.5417582417582,31.0384615384615,23.4098901098901,2807.9,2807.9,2412.0,2573.39274722222,5643.41,1194.73,13.5377289377289,29.1014652014652,1676.45,27.0034432234432,67.4908288347401,-0.461684981684982,-1.0,La Niña,0.294528808550548,31.9105722025485,32.2051010110991
PANGASINAN,2022,3,Q3,8091,25.9467391304348,30.0438405797101,23.1985507246377,3318.1,3318.1,2722.0,2298.0478,5233.99,1065.33,13.4789855072464,28.5554347826087,2741.55,25.9813405797101,21.0300742280826,-0.0346014492753568,-0.9,La Niña,0.158840402753447,36.9560756586226,37.1149160613761
PANGASINAN,2022,4,Q4,8092,25.5148550724638,29.2300724637681,22.7778985507246,2310.5,2310.5,2371.0,2229.86599722222,4403.79,933.97,14.4297101449275,29.6960144927536,1777.82,25.2205434782609,29.9625383897132,0.294311594202899,-0.9,La Niña,0.154401996956346,40.7837972502348,40.9381992471912
PANGASINAN,2023,1,Q1,8093,25.1603703703704,29.6392592592593,21.7722222222222,1202.8,1202.8,1713.0,2343.302225,4845.87,1086.97,16.4625925925926,33.0785185185185,994.25,24.5004171754172,20.9756097560976,0.659953194953193,-0.4,Neutral,0.114494589548938,34.8647628021584,34.9792573917073
PANGASINAN,2023,2,Q2,8094,27.1278388278388,32.0399267399267,23.7234432234432,2251.7,2251.7,2346.0,2712.24093611111,5801.83,1264.72,14.5630036630037,30.9479853479853,1676.45,27.0034432234432,34.3135792895702,0.124395604395602,0.5,El Niño,0.261014736069084,26.5704504158659,26.831465151935
PANGASINAN,2023,3,Q3,8095,26.1072463768116,29.9967391304348,23.481884057971,3699.2,3699.2,3164.0,2203.664525,5041.3,1027.13,14.4195652173913,29.6405797101449,2741.55,25.9813405797101,34.9309697069176,0.125905797101453,1.33333333333333,El Niño,0.301141547663287,30.0456742855746,30.3468158332379
PANGASINAN,2023,4,Q4,8096,26.1550724637681,30.320652173913,23.1050724637681,1294.1,1294.1,1757.0,2481.75801944444,4754.13,1023.18,13.6905797101449,27.9829710144928,1777.82,25.2205434782609,-27.2086037956599,0.934528985507249,1.9,El Niño,0.461195895489374,15.7528887392314,16.2140846347207
PANGASINAN,2024,1,Q1,8097,26.7161172161172,32.1956043956044,22.6446886446886,244.3,244.3,752.0,2790.87806388889,5344.76,1311.28,17.7139194139194,35.4102564102564,994.25,24.5004171754172,-75.4287151118934,2.21570004070004,1.46666666666667,El Niño,0.850132606926085,-8.34819247776636,9.19832508469245
PANGASINAN,2024,2,Q2,8098,29.5003663003663,35.240293040293,25.4717948717949,1619.3,1619.3,1512.0,2952.36115277778,6260.37,1466.3,15.2677655677656,32.118315018315,1676.45,27.0034432234432,-3.40898923320112,2.49692307692308,0.433333333333333,Neutral,1.44326447505795,-17.7788346084592,19.2220990835172
PANGASINAN,2024,3,Q3,8099,27.1170289855072,31.2539855072464,24.4572463768116,3735.7,3735.7,3074.0,2207.99385833333,5004.42,1047.09,13.7083333333333,29.3380434782609,2741.55,25.9813405797101,36.2623333515712,1.1356884057971,-0.1,Neutral,1.69571012723187,-17.4459936972958,19.1417038245277
PANGASINAN,2024,4,Q4,8100,26.4662962962963,30.2344322344322,23.8065934065934,2209.5,2209.5,1841.0,2190.51857222222,4140.45,916.11,16.0904761904762,32.1648351648352,1777.82,25.2205434782609,24.2814233161962,1.24575281803542,-0.4,Neutral,1.77351608536391,-4.57348691933178,6.34700300469569
PANGASINAN,2025,1,Q1,8101,26.1865168539326,30.7866666666667,22.9785185185185,998.2,998.2,1378.0,2360.61991666667,4656.67,1120.02,17.4362962962963,34.9762962962963,994.25,24.5004171754172,0.397284385214991,1.68609967851541,-0.4,Neutral,1.64111599481775,14.3830129549453,16.0241289497631
PANGASINAN,2025,2,Q2,8102,27.5904761904762,32.5868131868132,24.0194139194139,1349.2,40.3,1409.0,2699.21494166667,5754.45,1276.02,15.1128205128205,29.0527472527473,1676.45,27.0034432234432,-19.5204151629932,0.587032967032965,-0.1,Neutral,1.16364346734523,10.3551564724973,11.5187999398425
PANGASINAN,2025,3,Q3,8103,25.0278985507246,28.3010869565217,22.3829710144928,2927.0,433.3,2509.0,1936.33973888889,4360.3,874.27,11.9952898550725,27.8597826086957,2741.55,25.9813405797101,6.7644215863289,-0.953442028985503,-0.3,Neutral,0.641360858649573,2.98067853118672,3.6220393898363
PANGASINAN,2025,4,Q4,8104,24.9327868852459,28.4601092896175,22.2622950819672,1565.1,384.6,1369.0,1451.36005277778,2742.91,557.99,12.0612021857923,28.2311475409836,1777.82,25.2205434782609,-11.9652158261241,-0.287756593014972,-0.6,La Niña,0.257983505886974,-6.08098125439337,6.33896476028035
QUEZON,2010,1,Q1,8041,25.8055555555556,28.51,23.9588888888889,186.0,186.0,594.0,951.494808333333,1746.35,386.94,28.78,42.6144444444444,293.53,25.3210341880342,-36.6333935202535,0.484521367521371,1.16666666666667,El Niño,0.484521367521371,-36.6333935202535,37.1179148877748
QUEZON,2010,2,Q2,8042,28.3054945054945,31.3934065934066,26.021978021978,201.8,201.8,486.0,1053.02924166667,2116.0,462.9,18.8637362637363,29.8362637362637,371.53,27.7704395604396,-45.6840631981267,0.535054945054949,-0.166666666666667,Neutral,0.50978815628816,-41.1587283591901,41.6685165154782
QUEZON,2010,3,Q3,8043,27.0217391304348,29.7858695652174,25.1717391304348,850.9,850.9,1149.0,876.811366666667,1716.41,347.36,17.5358695652174,28.1434782608696,769.01,27.0298913043478,10.6487561930274,-0.008152173913043,-1.3,La Niña,0.337141379554425,-23.8895668417842,24.2267082213387
QUEZON,2010,4,Q4,8044,26.004347826087,28.1945652173913,24.6902173913043,963.8,963.8,1469.0,779.911211111111,1305.34,274.5,27.6228260869565,41.3228260869565,836.54,26.1504347826087,15.2126616778636,-0.146086956521739,-1.6,La Niña,0.216334295535384,-14.1140097118723,14.3303440074077
QUEZON,2011,1,Q1,8045,24.8611111111111,26.9177777777778,23.5022222222222,390.7,390.7,977.0,833.094813888889,1422.11,327.79,35.4044444444444,52.37,293.53,25.3210341880342,33.1039416754676,-0.459923076923079,-1.16666666666667,La Niña,-0.0197768155757281,3.32032408705797,3.3401009026337
QUEZON,2011,2,Q2,8046,26.7263736263736,29.3450549450549,24.7978021978022,628.2,628.2,846.0,876.945644444444,1778.91,374.37,22.289010989011,35.1505494505494,371.53,27.7704395604396,69.0845961295185,-1.04406593406593,-0.566666666666667,La Niña,-0.414557035355949,32.0124889189693,32.4270459543252
QUEZON,2011,3,Q3,8047,26.825,29.5510869565217,25.0380434782609,565.5,565.5,922.0,862.868411111111,1702.42,349.09,20.3347826086957,33.3576086956522,769.01,27.0298913043478,-26.4638951379046,-0.204891304347825,-0.633333333333333,La Niña,-0.463741817964644,22.7343260862363,23.1980679042009
QUEZON,2011,4,Q4,8048,26.0239130434783,28.2010869565217,24.6032608695652,842.7,842.7,1465.0,817.50095,1378.77,284.36,28.5673913043478,43.2902173913043,836.54,26.1504347826087,0.736366461854793,-0.126521739130439,-1.03333333333333,La Niña,-0.458850513616819,19.1152522822341,19.5741027958509
QUEZON,2012,1,Q1,8049,25.4659340659341,27.6197802197802,24.0857142857143,602.6,602.6,1104.0,836.722702777778,1486.99,314.42,29.7417582417582,43.7483516483517,293.53,25.3210341880342,105.294177767179,0.144899877899878,-0.733333333333333,La Niña,-0.30764477491108,37.1628113051619,37.470456080073
QUEZON,2012,2,Q2,8050,27.4131868131868,30.1703296703297,25.3769230769231,288.4,288.4,650.0,990.223705555556,1951.39,401.08,17.8010989010989,28.6395604395604,371.53,27.7704395604396,-22.3750437380562,-0.357252747252748,-0.266666666666667,Neutral,-0.135941478207783,14.2979013382682,14.433842816476
QUEZON,2012,3,Q3,8051,26.5532608695652,29.2478260869565,24.8478260869565,881.2,881.2,1023.0,777.439927777778,1563.58,321.37,19.8728260869565,33.2880434782609,769.01,27.0298913043478,14.588887010572,-0.47663043478261,0.333333333333333,Neutral,-0.20387626081648,24.5610968753874,24.7649731362039
QUEZON,2012,4,Q4,8052,26.3010869565217,28.6173913043478,24.6858695652174,530.7,530.7,1020.0,898.435461111111,1531.71,326.31,26.6532608695652,40.4380434782609,836.54,26.1504347826087,-36.5601166710498,0.150652173913038,0.0666666666666666,Neutral,-0.134582782555611,15.2369760921612,15.3715588747168
QUEZON,2013,1,Q1,8053,25.5333333333333,27.8433333333333,24.0088888888889,360.4,360.4,870.0,897.171969444444,1620.75,351.58,30.67,45.46,293.53,25.3210341880342,22.7813170715089,0.212299145299141,-0.366666666666667,Neutral,-0.117732965705795,-5.39123908175626,5.50897204746205
QUEZON,2013,2,Q2,8054,27.7725274725275,30.5406593406593,25.6813186813187,482.0,482.0,803.0,959.949855555556,1915.24,401.35,18.1582417582418,28.5868131868132,371.53,27.7704395604396,29.7338034613625,0.0020879120879158,-0.366666666666667,Neutral,-0.0278978008706288,7.6359727180984,7.66387051896903
QUEZON,2013,3,Q3,8055,26.6315217391304,29.2554347826087,24.954347826087,858.3,858.3,1212.0,751.867080555556,1535.66,313.79,19.6021739130435,32.3858695652174,769.01,27.0298913043478,11.6110323662891,-0.39836956521739,-0.333333333333333,Neutral,-0.00833258347932377,6.89150905702767,6.89984164050699
QUEZON,2013,4,Q4,8056,26.0119565217391,28.2021739130435,24.5576086956522,651.1,651.1,1215.0,874.9945,1421.57,301.42,28.4728260869565,43.2054347826087,836.54,26.1504347826087,-22.1674994620699,-0.138478260869569,-0.233333333333333,Neutral,-0.0806151921749754,10.4896633592726,10.5702785514476
QUEZON,2014,1,Q1,8057,24.8277777777778,27.3444444444444,23.0822222222222,192.1,192.1,596.0,904.392172222222,1613.81,375.7,31.6488888888889,47.2411111111111,293.53,25.3210341880342,-34.5552413722618,-0.493256410256411,-0.4,Neutral,-0.257004081063863,-3.84447625167004,4.1014803327339
QUEZON,2014,2,Q2,8058,27.9956043956044,30.9604395604396,25.8098901098901,242.5,242.5,612.0,1003.22539722222,2000.82,432.82,18.6813186813187,30.0065934065934,371.53,27.7704395604396,-34.7293623664307,0.22516483516484,0.133333333333333,Neutral,-0.201234850294632,-19.9602677086183,20.161502558913
QUEZON,2014,3,Q3,8059,26.9945652173913,29.7173913043478,25.1489130434783,799.1,799.1,835.0,804.795988888889,1646.32,343.3,20.8565217391304,33.395652173913,769.01,27.0298913043478,3.91282298019532,-0.0353260869565197,0.1,Neutral,-0.110473980729415,-21.8848200551418,21.9952940358712
QUEZON,2014,4,Q4,8060,25.8728260869565,27.9663043478261,24.5130434782609,936.7,936.7,1409.0,817.711588888889,1351.78,292.39,31.2413043478261,46.7434782608696,836.54,26.1504347826087,11.9731274057427,-0.277608695652173,0.6,El Niño,-0.145256589425066,-13.3496633381886,13.4949199276137
QUEZON,2015,1,Q1,8061,24.7866666666667,27.1833333333333,23.08,289.5,289.5,556.0,894.860075,1623.21,364.27,30.6677777777778,45.6355555555556,293.53,25.3210341880342,-1.3729431403945,-0.534367521367521,0.5,El Niño,-0.155534367202844,-5.05408878022179,5.20962314742464
QUEZON,2015,2,Q2,8062,27.9626373626374,31.0197802197802,25.6318681318681,221.9,221.9,534.0,1033.00113888889,2083.19,450.81,19.2802197802198,29.6230769230769,371.53,27.7704395604396,-40.2740020994267,0.192197802197803,0.933333333333333,El Niño,-0.163776125444603,-6.44024871347079,6.60402483891539
QUEZON,2015,3,Q3,8063,27.2771739130435,30.2054347826087,25.3673913043478,446.2,446.2,781.0,943.76455,1812.0,373.96,18.7434782608696,30.5673913043478,769.01,27.0298913043478,-41.9773474987321,0.247282608695656,1.86666666666667,El Niño,-0.0931239515315588,-17.9127913332027,18.0059152847342
QUEZON,2015,4,Q4,8064,26.4489130434783,28.6586956521739,24.9760869565217,876.4,876.4,1205.0,873.961397222222,1514.0,319.86,29.0630434782609,43.9673913043478,836.54,26.1504347826087,4.76486480024865,0.298478260869565,2.53333333333333,El Niño,0.0508977875988758,-19.7148569845762,19.765754772175
QUEZON,2016,1,Q1,8065,25.7032967032967,28.0989010989011,24.0010989010989,362.7,362.7,788.0,925.060086111111,1657.84,351.13,27.8582417582418,41.7263736263736,293.53,25.3210341880342,23.5648826355058,0.382262515262514,2.06666666666667,El Niño,0.280055296756385,-13.4804005406011,13.7604558373575
QUEZON,2016,2,Q2,8066,28.010989010989,30.8065934065934,25.9362637362637,418.9,418.9,804.0,997.241130555556,1998.37,422.46,18.2483516483516,28.5846153846154,371.53,27.7704395604396,12.7499798132048,0.240549450549452,0.4,Neutral,0.292143208844297,-0.224405062443225,0.516548271287522
QUEZON,2016,3,Q3,8067,27.3260869565217,30.0923913043478,25.5597826086956,512.4,512.4,871.0,877.547783333333,1715.82,356.23,18.2336956521739,30.9967391304348,769.01,27.0298913043478,-33.368876867661,0.296195652173914,-0.5,La Niña,0.304371469713861,1.92771259532456,2.23208406503842
QUEZON,2016,4,Q4,8068,26.304347826087,28.420652173913,24.9739130434783,1209.7,1209.7,1609.0,779.059677777778,1329.5,281.6,29.3771739130435,44.5913043478261,836.54,26.1504347826087,44.6075501470342,0.153913043478262,-0.666666666666667,La Niña,0.268230165366035,11.888383932021,12.156614097387
QUEZON,2017,1,Q1,8069,25.2711111111111,27.5866666666667,23.7022222222222,217.6,217.6,453.0,847.911397222222,1485.61,332.12,25.2188888888889,52.5755555555556,293.53,25.3210341880342,-25.8678840322965,-0.0499230769230791,-0.133333333333333,Neutral,0.160183767319637,-0.469807734929617,0.629991502249254
QUEZON,2017,2,Q2,8070,27.743956043956,30.678021978022,25.4098901098901,490.6,490.6,672.0,1004.95038888889,1910.47,404.64,14.9186813186813,34.1516483516484,371.53,27.7704395604396,32.048555971254,-0.0264835164835162,0.266666666666667,Neutral,0.0934255255613952,4.35483630458267,4.44826183014407
QUEZON,2017,3,Q3,8071,27.2119565217391,29.8728260869565,25.1804347826087,1134.1,1134.1,991.0,783.287841666667,1589.65,334.52,14.45,34.1358695652174,769.01,27.0298913043478,47.4753254183951,0.182065217391305,-0.133333333333333,Neutral,0.0648929168657428,24.5658868760967,24.6307797929624
QUEZON,2017,4,Q4,8072,26.1130434782609,28.2336956521739,24.7108695652174,1004.5,1004.5,1106.0,742.694658333333,1222.06,261.81,22.6684782608696,47.4402173913044,836.54,26.1504347826087,20.077940086547,-0.0373913043478282,-0.833333333333333,La Niña,0.0170668299092203,18.4334843609749,18.4505511908841
QUEZON,2018,1,Q1,8073,25.4833333333333,27.8888888888889,23.8311111111111,243.4,243.4,472.0,820.225936111111,1464.66,326.92,24.3266666666667,50.3177777777778,293.53,25.3210341880342,-17.0783224883317,0.162299145299141,-0.833333333333333,La Niña,0.0701223854647752,20.6308747469661,20.7009971324309
QUEZON,2018,2,Q2,8074,27.7395604395604,30.8538461538462,25.3802197802198,293.3,293.3,612.0,984.704661111111,1883.32,414.94,17.378021978022,38.8197802197802,371.53,27.7704395604396,-21.0561731219552,-0.0308791208791205,-0.233333333333333,Neutral,0.0690234843658741,7.3546924736638,7.42371595802968
QUEZON,2018,3,Q3,8075,27.1652173913043,29.7402173913043,25.2054347826087,857.4,857.4,939.0,767.616633333333,1612.21,348.25,16.9695652173913,37.929347826087,769.01,27.0298913043478,11.4939987776492,0.135326086956521,0.266666666666667,Neutral,0.0573387017571783,-1.64063918652267,1.69797788827985
QUEZON,2018,4,Q4,8076,26.2097826086957,28.5489130434783,24.5673913043478,639.3,639.3,1181.0,869.402872222222,1459.52,307.51,22.5597826086956,47.3467391304348,836.54,26.1504347826087,-23.578071580558,0.0593478260869524,0.833333333333333,El Niño,0.0815234843658734,-12.5546421032989,12.6361655876648
QUEZON,2019,1,Q1,8077,25.4722222222222,28.6755555555556,23.1722222222222,90.3,90.3,475.0,953.627163888889,1761.98,387.46,22.0077777777778,46.4922222222222,293.53,25.3210341880342,-69.2365345961231,0.151188034188031,0.7,El Niño,0.0787457065880961,-25.5941951302468,25.6729408368349
QUEZON,2019,2,Q2,8078,28.0340659340659,31.2747252747253,25.3769230769231,447.7,447.7,765.0,1009.59527777778,1954.52,417.85,13.9230769230769,32.467032967033,371.53,27.7704395604396,20.5017091486555,0.263626373626369,0.566666666666667,El Niño,0.152372080214469,-15.2047245625941,15.3570966428086
QUEZON,2019,3,Q3,8079,27.2923913043478,29.7391304347826,25.3076086956522,785.0,785.0,973.0,741.762608333333,1562.06,338.59,16.2402173913043,37.5369565217391,769.01,27.0298913043478,2.0792967581696,0.262500000000003,0.2,Neutral,0.184165558475339,-17.558400067464,17.7425656259393
QUEZON,2019,4,Q4,8080,26.2141304347826,28.645652173913,24.5673913043478,710.5,710.5,1216.0,865.757263888889,1450.84,301.56,21.0663043478261,44.9532608695652,836.54,26.1504347826087,-15.0668228656131,0.0636956521739087,0.433333333333333,Neutral,0.185252514997078,-15.4305878887278,15.6158404037248
QUEZON,2020,1,Q1,8081,25.4681318681319,28.132967032967,23.5604395604396,267.1,267.1,766.0,931.620158333333,1664.67,351.72,22.8450549450549,47.2978021978022,293.53,25.3210341880342,-9.00419037236397,0.147097680097673,0.466666666666667,Neutral,0.184229926474488,-0.372501832787986,0.556731759262474
QUEZON,2020,2,Q2,8082,28.0153846153846,31.1307692307692,25.5604395604396,573.2,573.2,858.0,997.595997222222,1939.51,419.79,16.0626373626374,35.8692307692308,371.53,27.7704395604396,54.2809463569564,0.244945054945052,-0.0666666666666666,Neutral,0.179559596804159,8.07230746928722,8.25186706609138
QUEZON,2020,3,Q3,8083,27.3815217391304,30.1380434782609,25.1652173913043,950.4,950.4,1021.0,828.737716666667,1668.35,346.5,13.0521739130435,30.5902173913043,769.01,27.0298913043478,23.5874696037763,0.35163043478261,-0.633333333333333,La Niña,0.201842205499811,13.4493506806889,13.6511928861887
QUEZON,2020,4,Q4,8084,26.2369565217391,28.5565217391304,24.7239130434783,1576.3,1576.3,1474.0,703.393155555555,1248.32,260.49,22.1032608695652,46.7608695652174,836.54,26.1504347826087,88.4309178281971,0.0865217391304327,-1.23333333333333,La Niña,0.207548727238942,39.3237858541414,39.5313345813804
QUEZON,2021,1,Q1,8085,25.3733333333333,27.7455555555556,23.72,558.7,558.7,1044.0,821.235311111111,1481.58,313.6,23.7322222222222,49.3522222222222,293.53,25.3210341880342,90.3382959152387,0.0522991452991412,-0.9,La Niña,0.183849093539309,64.1594074260421,64.3432565195814
QUEZON,2021,2,Q2,8086,27.7307692307692,30.9901098901099,25.1648351648352,452.8,452.8,786.0,1000.84654166667,1931.53,417.74,16.9835164835165,38.632967032967,371.53,27.7704395604396,21.8744112184749,-0.0396703296703293,-0.533333333333333,La Niña,0.112695247385464,56.0577736414217,56.1704688888072
QUEZON,2021,3,Q3,8087,27.2565217391304,29.8945652173913,25.2739130434783,986.0,986.0,1129.0,804.842372222222,1589.42,337.72,15.9673913043478,36.8902173913043,769.01,27.0298913043478,28.2167982210895,0.22663043478261,-0.533333333333333,La Niña,0.0814452473854636,57.21510579575,57.2965510431355
QUEZON,2021,4,Q4,8088,26.2369565217391,28.7739130434783,24.5282608695652,538.2,538.2,1082.0,776.963861111111,1398.76,308.12,23.0097826086957,46.4663043478261,836.54,26.1504347826087,-35.6635665957396,0.0865217391304327,-0.933333333333333,La Niña,0.0814452473854636,26.1914846897659,26.2729299371513
QUEZON,2022,1,Q1,8089,25.8811111111111,28.7688888888889,23.8388888888889,217.5,217.5,641.0,883.590561111111,1640.41,357.18,22.35,45.0088888888889,293.53,25.3210341880342,-25.9019521002964,0.560076923076927,-0.966666666666667,La Niña,0.20838969182991,-2.86857731411789,3.0769670059478
QUEZON,2022,2,Q2,8090,27.1956043956044,30.3032967032967,24.7021978021978,613.3,613.3,957.0,910.581011111111,1883.79,395.91,15.9857142857143,34.4263736263736,371.53,27.7704395604396,65.0741528274971,-0.574835164835161,-1.0,La Niña,0.0745984830387023,7.93135808813764,8.00595657117634
QUEZON,2022,3,Q3,8091,27.0380434782609,30.0086956521739,24.7978260869565,1044.3,1044.3,1071.0,770.848483333333,1647.77,342.57,14.1315217391304,30.9804347826087,769.01,27.0298913043478,35.7979740185433,0.0081521739130465,-0.9,La Niña,0.0199789178213114,9.8266520375011,9.84663095532241
QUEZON,2022,4,Q4,8092,26.2586956521739,28.8065217391304,24.4978260869565,716.2,716.2,993.0,785.556016666667,1395.48,300.55,22.695652173913,45.5771739130435,836.54,26.1504347826087,-14.3854448083774,0.108260869565221,-0.9,La Niña,0.0254137004300085,15.1461824843417,15.1715961847717
QUEZON,2023,1,Q1,8093,25.2366666666667,27.7922222222222,23.4733333333333,435.9,435.9,812.0,795.799241666667,1563.03,341.67,25.7211111111111,51.0333333333333,293.53,25.3210341880342,48.502708411406,-0.0843675213675219,-0.4,Neutral,-0.135697410681104,33.7473476122673,33.8830450229484
QUEZON,2023,2,Q2,8094,27.6659340659341,30.8857142857143,25.0769230769231,533.9,533.9,687.0,990.883455555556,1935.96,417.42,16.389010989011,35.1593406593407,371.53,27.7704395604396,43.7030657012892,-0.104505494505496,0.5,El Niño,-0.0181149930986875,28.4045758307153,28.422690823814
QUEZON,2023,3,Q3,8095,27.9771739130435,31.3152173913043,25.4141304347826,626.5,626.5,735.0,920.800422222222,1835.78,402.25,16.7586956521739,35.45,769.01,27.0298913043478,-18.5316185745309,0.947282608695655,1.33333333333333,El Niño,0.216667615596965,14.8221776824467,15.0388452980437
QUEZON,2023,4,Q4,8096,26.5847826086957,29.3978260869565,24.7673913043478,417.7,417.7,1002.0,843.154255555556,1440.81,318.06,24.4130434782609,46.8467391304348,836.54,26.1504347826087,-50.0681378057236,0.434347826086952,1.9,El Niño,0.298189354727397,5.90150443311019,6.19969378783759
QUEZON,2024,1,Q1,8097,27.5373626373626,32.0857142857143,24.0549450549451,86.5,86.5,356.0,957.797375,1910.32,495.89,24.5582417582418,45.5208791208791,293.53,25.3210341880342,-70.5311211801179,2.21632844932845,1.46666666666667,El Niño,0.873363347401391,-23.8569529647708,24.7303163121722
QUEZON,2024,2,Q2,8098,29.7362637362637,34.8208791208791,25.6923076923077,469.7,469.7,547.0,962.422,2058.97,535.34,18.7835164835165,36.8021978021978,371.53,27.7704395604396,26.4231690576804,1.96582417582418,0.433333333333333,Neutral,1.39094576498381,-28.176927125673,29.5678728906568
QUEZON,2024,3,Q3,8099,26.8934782608696,30.2989130434783,24.4717391304348,882.7,882.7,961.0,795.118294444444,1708.7,358.19,19.4826086956522,36.9804347826087,769.01,27.0298913043478,14.7839429916386,-0.13641304347826,-0.1,Neutral,1.12002185194033,-19.8480367341306,20.9680585860709
QUEZON,2024,4,Q4,8100,26.3644444444444,30.2186813186813,23.9087912087912,783.8,783.8,911.0,765.707302777778,1489.97,307.68,17.2362637362637,34.4692307692308,836.54,26.1504347826087,-6.30454012958136,0.21400966183575,-0.4,Neutral,1.06493731087753,-8.90713731509506,9.97207462597259
QUEZON,2025,1,Q1,8101,26.1202247191011,30.0311111111111,23.6055555555556,591.7,591.7,753.0,833.330641666667,1644.72,343.37,19.8755555555556,39.7988888888889,293.53,25.3210341880342,101.580758355194,0.79919053106693,-0.4,Neutral,0.710652831312149,34.1208325687328,34.831485400045
QUEZON,2025,2,Q2,8102,28.4747252747253,31.6725274725275,25.9637362637363,284.8,1.1,390.0,879.323922222222,1914.92,422.18,14.3153846153846,27.332967032967,371.53,27.7704395604396,-23.3440099049875,0.704285714285717,-0.1,Neutral,0.395268215927534,21.6790378280659,22.0743060439934
QUEZON,2025,3,Q3,8103,26.6836956521739,30.2521739130435,23.9510869565217,635.3,63.7,743.0,600.913552777778,1441.44,307.05,14.4641304347826,31.4913043478261,769.01,27.0298913043478,-17.3872901522737,-0.346195652173908,-0.3,Neutral,0.342822563753622,13.6362295420878,13.9790521058414
QUEZON,2025,4,Q4,8104,26.5377049180328,30.0426229508197,23.9475409836066,312.0,76.0,470.0,480.921852777778,906.45,189.15,14.2475409836066,33.0459016393443,836.54,26.1504347826087,-62.7035168670954,0.387270135424089,-0.6,La Niña,0.386137682150707,-0.46351464229072,0.849652324441427
RIZAL,2010,1,Q1,8041,25.2022222222222,29.8766666666667,21.2733333333333,17.6,17.6,65.0,955.838611111111,1746.95,377.93,14.5211111111111,35.7611111111111,109.15,24.8002710622711,-83.8754008245534,0.401951159951164,1.16666666666667,El Niño,0.401951159951164,-83.8754008245534,84.2773519845045
RIZAL,2010,2,Q2,8042,27.9307692307692,32.6285714285714,24.4604395604396,563.7,563.7,437.0,1002.33388611111,2008.35,442.11,11.7791208791209,31.7252747252747,573.46,27.7461538461538,-1.7019495692812,0.184615384615384,-0.166666666666667,Neutral,0.293283272283274,-42.7886751969173,43.0819584692006
RIZAL,2010,3,Q3,8043,26.2978260869565,30.0054347826087,23.8586956521739,989.0,989.0,921.0,816.521136111111,1622.36,331.59,9.45760869565218,28.0391304347826,1279.05,26.0430434782609,-22.67698682616,0.254782608695653,-1.3,La Niña,0.280449717754067,-36.0847790733315,36.3652287910856
RIZAL,2010,4,Q4,8044,25.4086956521739,28.9880434782609,22.8478260869565,443.6,443.6,464.0,834.503744444444,1406.92,286.71,11.5239130434783,32.3423913043478,463.13,25.6198913043478,-4.21695852136548,-0.211195652173917,-1.6,La Niña,0.157538375272071,-28.11782393534,28.2753623106121
RIZAL,2011,1,Q1,8045,24.0488888888889,27.9522222222222,21.0711111111111,202.3,202.3,175.0,897.671075,1618.49,335.07,15.9355555555556,39.3677777777778,109.15,24.8002710622711,85.3412734768667,-0.751382173382172,-1.16666666666667,La Niña,-0.130794958061263,14.186344640015,14.3171395980763
RIZAL,2011,2,Q2,8046,26.5725274725275,30.5846153846154,23.5945054945055,718.9,718.9,618.0,881.604719444445,1784.14,379.37,12.0153846153846,32.6802197802198,573.46,27.7461538461538,25.3618386635511,-1.17362637362637,-0.566666666666667,La Niña,-0.470355397621702,20.9522916982231,21.4226470958448
RIZAL,2011,3,Q3,8047,25.6065217391304,28.9760869565217,23.5326086956522,1302.9,1302.9,1123.0,696.308886111111,1406.91,284.77,11.075,33.7989130434783,1279.05,26.0430434782609,1.86466518118917,-0.436521739130431,-0.633333333333333,La Niña,-0.643181484578223,27.0877047000604,27.7308861846386
RIZAL,2011,4,Q4,8048,25.2815217391304,28.7402173913043,22.7032608695652,634.9,634.9,618.0,800.820819444445,1383.62,282.37,12.1423913043478,33.945652173913,463.13,25.6198913043478,37.0889383110574,-0.338369565217388,-1.03333333333333,La Niña,-0.674974962839091,37.4141789081661,38.0891538710052
RIZAL,2012,1,Q1,8049,24.6956043956044,28.5483516483516,21.6626373626374,228.9,228.9,245.0,876.388255555556,1594.33,326.61,13.9549450549451,35.8274725274725,109.15,24.8002710622711,109.711406321576,-0.104666666666663,-0.733333333333333,La Niña,-0.513296086160214,43.5067121193433,44.0200082055036
RIZAL,2012,2,Q2,8050,26.721978021978,30.8395604395604,23.8472527472527,690.9,690.9,727.0,906.604333333333,1804.07,375.79,11.0769230769231,31.2626373626374,573.46,27.7461538461538,20.4791964565968,-1.02417582417582,-0.266666666666667,Neutral,-0.475933448797576,42.2860515676048,42.7619850164024
RIZAL,2012,3,Q3,8051,25.5880434782609,28.9489130434783,23.5054347826087,1467.0,1467.0,1218.0,704.037997222222,1388.51,281.31,10.5228260869565,32.1086956521739,1279.05,26.0430434782609,14.6944998240882,-0.455000000000002,0.333333333333333,Neutral,-0.480553014014969,45.4935102283295,45.9740632423445
RIZAL,2012,4,Q4,8052,25.4347826086956,29.2565217391304,22.4434782608696,226.5,226.5,295.0,895.462297222222,1536.56,317.41,12.345652173913,32.7347826086957,463.13,25.6198913043478,-51.0936454127351,-0.185108695652179,0.0666666666666666,Neutral,-0.442237796623667,23.4478642973814,23.8901020940051
RIZAL,2013,1,Q1,8053,25.1422222222222,29.2933333333333,21.7622222222222,70.3,70.3,106.0,914.874922222222,1643.56,351.13,14.8355555555556,37.1066666666667,109.15,24.8002710622711,-35.5932203389831,0.341951159951161,-0.366666666666667,Neutral,-0.330583339969211,-12.8782923677583,13.2088757077275
RIZAL,2013,2,Q2,8054,27.7604395604396,32.0164835164835,24.5989010989011,528.9,528.9,530.0,927.761733333333,1849.01,400.09,10.3351648351648,29.0791208791209,573.46,27.7461538461538,-7.7703763122101,0.014285714285716,-0.366666666666667,Neutral,-0.0709679553538258,-19.94068555996,20.0116535153138
RIZAL,2013,3,Q3,8055,25.8195652173913,29.1934782608696,23.6510869565217,1365.3,1365.3,1195.0,685.984811111111,1402.95,286.84,9.89565217391304,30.5782608695652,1279.05,26.0430434782609,6.74328603260232,-0.223478260869566,-0.333333333333333,Neutral,-0.0130875205712169,-21.9284890078315,21.9415765284027
RIZAL,2013,4,Q4,8056,25.1695652173913,28.6369565217391,22.5532608695652,439.8,439.8,446.0,860.654966666667,1433.17,290.31,11.8532608695652,31.9336956521739,463.13,25.6198913043478,-5.03746248353594,-0.450326086956522,-0.233333333333333,Neutral,-0.0793918683973027,-10.4144432755317,10.493835143929
RIZAL,2014,1,Q1,8057,23.9288888888889,28.2888888888889,20.2533333333333,54.8,54.8,73.0,936.284086111111,1720.37,355.71,14.0322222222222,34.9322222222222,109.15,24.8002710622711,-49.7938616582684,-0.871382173382173,-0.4,Neutral,-0.382725201730636,-13.964603605353,14.3473288070837
RIZAL,2014,2,Q2,8058,27.7087912087912,32.1604395604396,24.4340659340659,528.9,528.9,521.0,984.353291666667,1893.88,408.29,10.8736263736264,29.778021978022,573.46,27.7461538461538,-7.7703763122101,-0.0373626373626372,0.133333333333333,Neutral,-0.395637289642725,-13.964603605353,14.3602408949958
RIZAL,2014,3,Q3,8059,26.0597826086956,29.4836956521739,23.7858695652174,1206.1,1206.1,1088.0,745.211863888889,1493.31,304.93,10.9652173913043,31.5597826086956,1279.05,26.0430434782609,-5.70345178061843,0.0167391304347788,0.1,Neutral,-0.335582941816639,-17.0762880586582,17.4118710004749
RIZAL,2014,4,Q4,8060,25.2934782608696,28.9076086956522,22.4880434782609,383.3,383.3,337.0,871.672147222222,1476.69,304.53,12.054347826087,32.4673913043478,463.13,25.6198913043478,-17.2370608684387,-0.326413043478261,0.6,El Niño,-0.304604680947073,-20.1261876548839,20.430792335831
RIZAL,2015,1,Q1,8061,23.8677777777778,28.23,20.2377777777778,92.2,92.2,98.0,937.271138888889,1705.56,351.84,14.5922222222222,36.0255555555556,109.15,24.8002710622711,-15.5290884104443,-0.932493284493283,0.5,El Niño,-0.319882458724851,-11.5599943429279,11.8798768016527
RIZAL,2015,2,Q2,8062,27.8285714285714,32.5076923076923,24.3318681318681,343.2,343.2,347.0,1010.57061388889,2009.23,436.98,11.6549450549451,30.9131868131868,573.46,27.7461538461538,-40.1527569490462,0.0824175824175839,0.933333333333333,El Niño,-0.289937403779795,-19.6555895021369,19.9455269059167
RIZAL,2015,3,Q3,8063,26.295652173913,30.0119565217391,23.8652173913043,995.9,995.9,1014.0,808.910225,1598.27,326.62,10.0108695652174,30.2554347826087,1279.05,26.0430434782609,-22.1375239435519,0.252608695652171,1.86666666666667,El Niño,-0.230970012475447,-23.7641075428703,23.9950775553457
RIZAL,2015,4,Q4,8064,25.7369565217391,29.4858695652174,22.7217391304348,711.5,711.5,342.0,880.756386111111,1506.03,313.01,13.6586956521739,35.9445652173913,463.13,25.6198913043478,53.6285708116512,0.117065217391303,2.53333333333333,El Niño,-0.120100447258056,-6.0476996228478,6.16780007010585
RIZAL,2016,1,Q1,8065,25.1604395604396,29.1945054945055,21.9527472527473,49.4,49.4,166.0,912.222447222222,1599.66,339.79,13.5,33.4571428571429,109.15,24.8002710622711,-54.7411818598259,0.360168498168498,2.06666666666667,El Niño,0.203064998407389,-15.8507229851932,16.0537879836006
RIZAL,2016,2,Q2,8066,28.0736263736264,32.6428571428571,24.7956043956044,501.8,501.8,447.0,985.033172222222,1932.74,426.41,11.6186813186813,31.8065934065934,573.46,27.7461538461538,-12.4960764482266,0.327472527472526,0.4,Neutral,0.264328734671125,-8.93655285998829,9.20088159465942
RIZAL,2016,3,Q3,8067,26.2728260869565,29.8021739130435,24.1217391304348,1229.5,1229.5,1091.0,733.161894444444,1480.39,302.32,9.9554347826087,31.1902173913043,1279.05,26.0430434782609,-3.87396896133849,0.22978260869565,-0.5,La Niña,0.258622212931995,-4.37066411443495,4.62928632736695
RIZAL,2016,4,Q4,8068,25.7173913043478,29.1782608695652,23.1228260869565,649.8,649.8,518.0,821.027394444444,1378.98,284.53,13.3847826086957,35.4869565217391,463.13,25.6198913043478,40.3061775311468,0.0974999999999965,-0.666666666666667,La Niña,0.253730908584168,-7.70126243456106,7.95499334314522
RIZAL,2017,1,Q1,8069,24.9244444444444,29.14,21.4266666666667,159.6,159.6,166.0,896.811152777778,1729.05,379.98,18.2211111111111,35.59,109.15,24.8002710622711,46.2207970682547,0.124173382173382,-0.133333333333333,Neutral,0.194732129585389,17.5392322974591,17.7339644270445
RIZAL,2017,2,Q2,8070,28.1758241758242,32.8857142857143,24.8032967032967,541.9,541.9,470.0,991.535313888889,1926.1,431.63,12.2813186813187,28.6868131868132,573.46,27.7461538461538,-5.50343528755276,0.429670329670326,0.266666666666667,Neutral,0.220281580134839,19.2873925876275,19.5076741677624
RIZAL,2017,3,Q3,8071,26.5641304347826,30.1358695652174,24.1728260869565,1009.9,1009.9,984.0,775.787516666667,1519.64,316.17,11.7141304347826,29.5902173913043,1279.05,26.0430434782609,-21.0429615730425,0.521086956521739,-0.133333333333333,Neutral,0.293107667091361,14.9951444347015,15.2882521017929
RIZAL,2017,4,Q4,8072,25.9934782608696,29.5032608695652,23.25,495.7,495.7,428.0,806.130055555556,1434.35,317.51,15.9826086956522,33.0576086956522,463.13,25.6198913043478,7.03258264418198,0.373586956521741,-0.833333333333333,La Niña,0.362129406221797,6.67674571296035,7.03887511918215
RIZAL,2018,1,Q1,8073,25.66,30.0944444444444,22.0555555555556,150.0,150.0,133.0,913.678675,1722.63,391.68,16.7277777777778,33.0,109.15,24.8002710622711,37.4255611543747,0.859728937728939,-0.833333333333333,La Niña,0.546018295110686,4.47793673449036,5.02395502960105
RIZAL,2018,2,Q2,8074,28.3912087912088,33.1054945054945,24.9175824175824,531.5,531.5,566.0,937.765294444444,1803.53,423.83,13.9516483516484,31.9098901098901,573.46,27.7461538461538,-7.31698810727863,0.645054945054945,-0.233333333333333,Neutral,0.599864448956841,4.02454852955889,4.62441297851573
RIZAL,2018,3,Q3,8075,25.8304347826087,29.1076086956522,23.7771739130435,1646.8,1646.8,1494.0,622.924138888889,1336.54,274.3,13.3380434782609,32.8271739130435,1279.05,26.0430434782609,28.751807982487,-0.212608695652175,0.266666666666667,Neutral,0.416440535913362,16.4732409184413,16.8896814543546
RIZAL,2018,4,Q4,8076,26.1086956521739,30.1695652173913,22.7228260869565,335.9,335.9,386.0,888.663666666667,1652.81,368.32,16.1032608695652,32.8423913043478,463.13,25.6198913043478,-27.4717681860385,0.48880434782609,0.833333333333333,El Niño,0.445244883739449,7.84715321088615,8.2923980946256
RIZAL,2019,1,Q1,8077,25.3722222222222,30.3288888888889,20.9877777777778,66.4,66.4,120.0,956.935647222222,1888.4,420.85,17.8688888888889,35.1611111111111,109.15,24.8002710622711,-39.1662849289968,0.571951159951162,0.7,El Niño,0.373300439295005,-11.3008083099567,11.6741087492517
RIZAL,2019,2,Q2,8078,28.2978021978022,33.2725274725275,24.7472527472527,784.9,784.9,717.0,948.275608333333,1893.67,424.04,11.9032967032967,27.8582417582418,573.46,27.7461538461538,36.8709238656576,0.551648351648353,0.566666666666667,El Niño,0.349948790943357,-0.253830316722676,0.603779107666034
RIZAL,2019,3,Q3,8079,26.095652173913,29.4184782608696,23.9586956521739,1578.1,1578.1,1469.0,681.165030555556,1380.39,284.31,13.0467391304348,32.904347826087,1279.05,26.0430434782609,23.3806340643446,0.0526086956521751,0.2,Neutral,0.416253138769445,-1.59662379625827,2.01287693502772
RIZAL,2019,4,Q4,8080,26.054347826087,30.1586956521739,22.620652173913,310.3,310.3,420.0,873.078911111111,1592.31,344.14,14.3652173913043,30.3152173913043,463.13,25.6198913043478,-32.9993738259236,0.434456521739133,0.433333333333333,Neutral,0.402666182247706,-2.97852520622955,3.38119138847726
RIZAL,2020,1,Q1,8081,25.9637362637363,31.0813186813187,21.6989010989011,43.4,43.4,174.0,972.634477777778,1902.04,439.03,18.4791208791209,37.1340659340659,109.15,24.8002710622711,-60.2382043060009,1.1634652014652,0.466666666666667,Neutral,0.550544692626216,-8.24650505048058,8.7970497431068
RIZAL,2020,2,Q2,8082,28.4769230769231,33.3021978021978,24.6714285714286,580.6,580.6,510.0,1003.25150277778,1972.21,447.22,12.6813186813187,28.8384615384615,573.46,27.7461538461538,1.24507376277334,0.730769230769234,-0.0666666666666666,Neutral,0.595324912406436,-17.1529675762016,17.7482924886081
RIZAL,2020,3,Q3,8083,27.0673913043478,30.9836956521739,24.1228260869565,806.4,806.4,928.0,826.661191666667,1665.74,351.09,10.1336956521739,25.870652173913,1279.05,26.0430434782609,-36.9532074586607,1.02434782608695,-0.633333333333333,La Niña,0.838259695015131,-32.236427956953,33.0746876519681
RIZAL,2020,4,Q4,8084,26.0576086956522,29.6836956521739,23.2554347826087,1061.9,1061.9,801.0,744.965958333333,1368.41,297.36,14.8576086956522,31.9467391304348,463.13,25.6198913043478,129.287673007579,0.437717391304343,-1.23333333333333,La Niña,0.839074912406433,8.33533375142265,9.17440866382908
RIZAL,2021,1,Q1,8085,25.5255555555556,29.8133333333333,22.0622222222222,194.1,194.1,277.0,879.712388888889,1681.56,374.84,16.2966666666667,33.1711111111111,109.15,24.8002710622711,77.8286761337609,0.725284493284498,-0.9,La Niña,0.729529735361257,42.8520538613631,43.5815835967243
RIZAL,2021,2,Q2,8086,28.8483516483516,34.3505494505495,24.667032967033,426.0,426.0,485.0,999.658825,2007.53,477.66,15.0527472527473,32.8010989010989,573.46,27.7461538461538,-25.7140864227671,1.1021978021978,-0.533333333333333,La Niña,0.822386878218398,36.112263814978,36.9346506931964
RIZAL,2021,3,Q3,8087,26.6195652173913,30.345652173913,24.0608695652174,1057.9,1057.9,1151.0,773.316102777778,1557.34,325.63,12.2152173913043,30.470652173913,1279.05,26.0430434782609,-17.2901763027247,0.576521739130435,-0.533333333333333,La Niña,0.710430356479269,41.028021603962,41.7384519604413
RIZAL,2021,4,Q4,8088,26.4554347826087,30.5434782608696,23.2641304347826,388.5,388.5,401.0,812.607641666667,1530.09,355.59,16.6717391304348,32.470652173913,463.13,25.6198913043478,-16.114265972837,0.835543478260867,-0.933333333333333,La Niña,0.8098868782184,4.67753685885803,5.48742373707643
RIZAL,2022,1,Q1,8089,26.2033333333333,30.95,22.4611111111111,155.0,155.0,194.0,919.311861111111,1758.94,406.97,17.7055555555556,34.4977777777778,109.15,24.8002710622711,42.0064131928539,1.40306227106228,-0.966666666666667,La Niña,0.979331322662844,-4.27802887636872,5.25736019903156
RIZAL,2022,2,Q2,8090,28.0813186813187,33.4736263736264,24.2131868131868,579.4,579.4,526.0,931.418055555556,1931.89,447.2,14.4813186813187,31.1604395604396,573.46,27.7461538461538,1.03581766818958,0.335164835164836,-1.0,La Niña,0.787573080904603,2.40944714637044,3.19702022727505
RIZAL,2022,3,Q3,8091,26.2239130434783,30.3728260869565,23.5423913043478,1402.1,1402.1,1075.0,697.367102777778,1598.25,330.61,12.2869565217391,27.4923913043478,1279.05,26.0430434782609,9.62042140651264,0.180869565217389,-0.9,La Niña,0.688660037426342,9.13709657367977,9.82575661110611
RIZAL,2022,4,Q4,8092,26.4967391304348,30.6152173913043,23.3282608695652,381.9,381.9,360.0,812.167211111111,1521.43,348.27,16.1445652173913,31.7739130434783,463.13,25.6198913043478,-17.5393518018699,0.876847826086951,-0.9,La Niña,0.698986124382863,8.78082511642155,9.47981124080441
RIZAL,2023,1,Q1,8093,26.3788888888889,31.6777777777778,22.2366666666667,72.1,72.1,144.0,893.629125,1792.07,444.04,19.8833333333333,38.5422222222222,109.15,24.8002710622711,-33.9441136051306,1.57861782661783,-0.4,Neutral,0.74287501327175,-10.2068065830746,10.9496815963463
RIZAL,2023,2,Q2,8094,28.3186813186813,33.9857142857143,24.532967032967,581.0,581.0,606.0,946.273213888889,1969.2,453.83,14.9417582417582,31.8989010989011,573.46,27.7461538461538,1.31482579430125,0.572527472527476,0.5,El Niño,0.80221567261241,-10.1370545515466,10.939270224159
RIZAL,2023,3,Q3,8095,26.5880434782609,30.754347826087,23.8945652173913,1322.8,1322.8,1031.0,759.949608333333,1682.46,347.76,13.6347826086957,29.7413043478261,1279.05,26.0430434782609,3.42050740784176,0.544999999999998,1.33333333333333,El Niño,0.893248281308063,-11.6870330512144,12.5802813325224
RIZAL,2023,4,Q4,8096,26.7826086956522,31.1076086956522,23.4586956521739,208.4,208.4,324.0,865.240611111111,1599.56,369.37,17.1402173913044,32.7184782608696,463.13,25.6198913043478,-55.0018353378101,1.16271739130435,1.9,El Niño,0.964715672612412,-21.0526539351994,22.0173696078118
RIZAL,2024,1,Q1,8097,26.6142857142857,31.9087912087912,22.5087912087912,24.9,24.9,58.0,957.36425,1877.85,464.67,21.0406593406593,40.6725274725275,109.15,24.8002710622711,-77.1873568483738,1.81401465201466,1.46666666666667,El Niño,1.02356487896162,-31.8634647460102,32.8870296249718
RIZAL,2024,2,Q2,8098,29.0692307692308,34.6516483516484,24.9549450549451,547.9,547.9,478.0,949.9042,2008.59,469.55,13.5846153846154,28.8087912087912,573.46,27.7461538461538,-4.45715481463399,1.32307692307693,0.433333333333333,Neutral,1.21120224159898,-33.306459898244,34.517662139843
RIZAL,2024,3,Q3,8099,26.620652173913,30.5652173913043,24.0597826086956,1356.7,1356.7,1053.0,729.459180555555,1601.86,333.02,12.1010869565217,27.6434782608696,1279.05,26.0430434782609,6.07091200500372,0.577608695652174,-0.1,Neutral,1.21935441551203,-32.6438587489535,33.8632131644656
RIZAL,2024,4,Q4,8100,26.3566666666667,30.3318681318681,23.4076923076923,459.0,459.0,388.0,741.438838888889,1430.03,320.36,16.1549450549451,31.521978021978,463.13,25.6198913043478,-0.891758253622092,0.736775362318838,-0.4,Neutral,1.11286890826565,-19.1163394779065,20.2292083861722
RIZAL,2025,1,Q1,8101,25.661797752809,29.8877777777778,22.5377777777778,235.4,235.4,233.0,836.6182,1613.84,365.06,17.6388888888889,34.2355555555556,109.15,24.8002710622711,115.666513971599,0.861526690537929,-0.4,Neutral,0.874746917896466,29.0971282270866,29.9718751449831
RIZAL,2025,2,Q2,8102,29.2076923076923,34.5230769230769,25.1945054945055,349.6,9.5,391.0,929.463883333333,1916.94,445.55,11.043956043956,22.8098901098901,573.46,27.7461538461538,-39.0367244445994,1.46153846153846,-0.1,Neutral,0.909362302511851,20.4522358195952,21.3615981221071
RIZAL,2025,3,Q3,8103,27.75,31.2173913043478,25.304347826087,1287.1,170.4,1092.0,574.65925,1338.89,287.72,10.6869565217391,25.5576086956522,1279.05,26.0430434782609,0.62937336304288,1.70695652173913,-0.3,Neutral,1.19169925903359,19.091851159105,20.2835504181386
RIZAL,2025,4,Q4,8104,28.0590163934426,32.6327868852459,24.7508196721311,386.4,153.9,242.0,513.1652,996.39,220.86,12.6229508196721,26.444262295082,463.13,25.6198913043478,-16.5677023729838,2.4391250890948,-0.6,La Niña,1.61728669072758,15.1728651292646,16.7901518199922
SAMAR,2010,1,Q1,8041,26.5027777777778,29.6116666666667,24.3516666666667,215.9,215.9,537.0,1841.267025,3239.37,737.32,18.5116666666667,36.9266666666667,709.7,26.034032967033,-69.5786952233338,0.468744810744813,1.16666666666667,El Niño,0.468744810744813,-69.5786952233338,70.0474400340786
SAMAR,2010,2,Q2,8042,28.4582417582418,31.7318681318681,26.056043956044,606.9,606.9,806.0,2024.95835555556,3920.72,860.05,12.7423076923077,28.8395604395604,944.82,27.7739010989011,-35.7655426430431,0.684340659340656,-0.166666666666667,Neutral,0.576542735042734,-52.6721189331885,53.2486616682312
SAMAR,2010,3,Q3,8043,27.158152173913,29.725,25.3353260869565,1512.5,1512.5,1797.0,1659.77560555556,3337.62,685.21,11.3842391304348,26.2342391304348,1735.36,27.095,-12.8422920892495,0.0631521739130462,-1.3,La Niña,0.405412547999505,-39.3955099852088,39.8009225332083
SAMAR,2010,4,Q4,8044,26.5592391304348,29.0701086956522,24.9663043478261,1232.2,1232.2,1662.0,1581.421325,2719.48,565.73,14.5048913043478,29.4016304347826,1221.66,26.6684782608696,0.862760506196484,-0.109239130434784,-1.6,La Niña,0.276749628390933,-29.3309423623575,29.6076919907484
SAMAR,2011,1,Q1,8045,25.56,27.77,24.2205555555556,1422.6,1422.6,1651.0,1310.78868055556,2502.79,549.97,20.8905555555556,40.4783333333333,709.7,26.034032967033,100.450894744258,-0.474032967032965,-1.16666666666667,La Niña,0.0410551839464883,13.1764551295405,13.217510313487
SAMAR,2011,2,Q2,8046,26.7884615384615,29.2159340659341,24.9956043956044,1532.9,1532.9,1573.0,1633.20903055556,3166.7,665.99,15.3675824175824,32.2307692307692,944.82,27.7739010989011,62.2425435532694,-0.985439560439559,-0.566666666666667,La Niña,-0.376389870998565,37.6784766786186,38.0548665496172
SAMAR,2011,3,Q3,8047,26.8255434782609,28.729347826087,25.2722826086957,1609.0,1609.0,2273.0,1603.34181666667,3246.94,666.96,18.0630434782609,38.4413043478261,1735.36,27.095,-7.28148626221648,-0.26945652173913,-0.633333333333333,La Niña,-0.459542044911609,39.0686781353769,39.5282201802885
SAMAR,2011,4,Q4,8048,26.5494565217391,29.0369565217391,24.9190217391304,972.2,972.2,1488.0,1625.87081111111,2790.81,582.5,15.3423913043478,32.170652173913,1221.66,26.6684782608696,-20.4197567244569,-0.119021739130432,-1.03333333333333,La Niña,-0.461987697085521,33.7480488277135,34.2100365247991
SAMAR,2012,1,Q1,8049,26.0994505494506,28.6214285714286,24.4835164835165,836.2,836.2,1247.0,1660.36026666667,2910.72,620.12,18.1296703296703,35.7565934065934,709.7,26.034032967033,17.8244328589545,0.065417582417588,-0.733333333333333,La Niña,-0.327125059722883,13.0914333563876,13.4185584161105
SAMAR,2012,2,Q2,8050,27.3126373626374,29.8467032967033,25.3747252747253,1168.7,1168.7,1538.0,1799.69405277778,3576.88,741.5,13.4791208791209,29.3565934065934,944.82,27.7739010989011,23.695518723143,-0.461263736263739,-0.266666666666667,Neutral,-0.196081103678928,3.45467714885604,3.65075825253497
SAMAR,2012,3,Q3,8051,26.7989130434783,28.7005434782609,25.3184782608696,1639.7,1639.7,2291.0,1527.68154444444,3172.25,660.0,17.7945652173913,38.4369565217391,1735.36,27.095,-5.51240088511893,-0.296086956521737,0.333333333333333,Neutral,-0.20273871237458,3.89694849313043,4.09968720550501
SAMAR,2012,4,Q4,8052,26.65,29.0467391304348,24.9907608695652,1005.0,1005.0,1267.0,1715.33617222222,2936.19,626.9,18.1983695652174,36.8576086956522,1221.66,26.6684782608696,-17.7348853199745,-0.0184782608695641,0.0666666666666666,Neutral,-0.177602842809363,4.56816634425103,4.74576918706039
SAMAR,2013,1,Q1,8053,26.1505555555556,28.6316666666667,24.4944444444444,1035.9,1035.9,1112.0,1607.24805833333,2910.41,639.37,19.7955555555556,38.3333333333333,709.7,26.034032967033,45.9630829928139,0.116522588522596,-0.366666666666667,Neutral,-0.164826591283111,11.6028288777159,11.767655468999
SAMAR,2013,2,Q2,8054,27.8098901098901,30.6983516483517,25.6835164835165,1125.1,1125.1,1327.0,1758.55541388889,3556.27,757.57,12.1631868131868,26.5302197802198,944.82,27.7739010989011,19.0808831311784,0.0359890109890095,-0.366666666666667,Neutral,-0.040513404469924,10.4491699797247,10.4896833841946
SAMAR,2013,3,Q3,8055,26.7402173913043,28.9163043478261,25.0336956521739,2057.1,2057.1,2407.0,1530.49755833333,3072.49,636.14,15.4054347826087,33.7907608695652,1735.36,27.095,18.5402452517057,-0.35478260869565,-0.333333333333333,Neutral,-0.0551873175134023,16.4623315139309,16.5175188314443
SAMAR,2013,4,Q4,8056,26.5141304347826,28.829347826087,25.004347826087,1026.5,1026.5,1451.0,1711.700825,2865.18,599.28,17.6005434782609,35.5266304347826,1221.66,26.6684782608696,-15.9749848566704,-0.154347826086951,-0.233333333333333,Neutral,-0.0891547088177491,16.9023066297569,16.9914613385746
SAMAR,2014,1,Q1,8057,25.515,28.0694444444444,23.7227777777778,802.7,802.7,901.0,1580.510925,2856.25,655.67,21.9111111111111,41.8794444444444,709.7,26.034032967033,13.1041285050021,-0.519032967032963,-0.4,Neutral,-0.248043597706639,8.68756800780394,8.93561160551058
SAMAR,2014,2,Q2,8058,27.6565934065934,30.3005494505495,25.6093406593407,1029.2,1029.2,1379.0,1827.17908611111,3522.22,740.05,13.056043956044,28.4906593406593,944.82,27.7739010989011,8.9308016341737,-0.117307692307694,0.133333333333333,Neutral,-0.286367773530815,6.15004763355277,6.43641540708358
SAMAR,2014,3,Q3,8059,26.8809782608696,28.7516304347826,25.3521739130435,2212.1,2212.1,2182.0,1496.50847777778,3087.25,644.79,17.5836956521739,36.8244565217391,1735.36,27.095,27.4721095334686,-0.21402173913043,0.1,Neutral,-0.25117755613951,8.38301370399349,8.634191260133
SAMAR,2014,4,Q4,8060,26.4097826086957,28.6847826086956,24.8586956521739,1670.8,1670.8,1723.0,1567.919725,2662.58,563.89,18.1380434782609,35.9798913043478,1221.66,26.6684782608696,36.7647299575987,-0.258695652173912,0.6,El Niño,-0.27726451266125,21.5679424075608,21.845206920222
SAMAR,2015,1,Q1,8061,25.7583333333333,28.4977777777778,23.8405555555556,497.6,497.6,634.0,1816.25261944444,3135.4,703.77,19.9994444444444,38.7038888888889,709.7,26.034032967033,-29.8858672678597,-0.275699633699631,0.5,El Niño,-0.216431179327917,10.8204434643453,11.0368746436732
SAMAR,2015,2,Q2,8062,27.8192307692308,30.8692307692308,25.5615384615385,721.0,721.0,993.0,1935.44100277778,3713.36,806.46,12.6587912087912,27.4813186813187,944.82,27.7739010989011,-23.6891683071908,0.0453296703296715,0.933333333333333,El Niño,-0.175771838668576,2.66545097900419,2.84122281767277
SAMAR,2015,3,Q3,8063,27.041847826087,29.1625,25.3885869565217,1332.9,1332.9,2103.0,1822.75715277778,3468.88,707.63,16.2440217391304,34.4364130434783,1735.36,27.095,-23.1917296699244,-0.0531521739130411,1.86666666666667,El Niño,-0.135554447364228,-10.000508821844,10.1360632692083
SAMAR,2015,4,Q4,8064,27.0336956521739,29.5255434782609,25.2548913043478,559.0,559.0,983.0,1781.60783611111,3037.87,663.62,17.9717391304348,36.2271739130435,1221.66,26.6684782608696,-54.2425879540953,0.365217391304348,2.53333333333333,El Niño,0.020423813505337,-32.7523382997675,32.7727621132729
SAMAR,2016,1,Q1,8065,26.6708791208791,29.8252747252747,24.4467032967033,248.1,248.1,607.0,1902.660025,3368.31,744.19,17.7225274725275,34.8538461538461,709.7,26.034032967033,-65.0415668592363,0.636846153846157,2.06666666666667,El Niño,0.248560260391784,-41.5412631976117,41.7898234580035
SAMAR,2016,2,Q2,8066,28.3208791208791,31.3961538461538,26.0752747252747,916.0,916.0,1126.0,1900.11425833333,3694.71,813.76,12.6934065934066,27.9038461538462,944.82,27.7739010989011,-3.05031646239496,0.54697802197802,0.4,Neutral,0.373972348303871,-36.3815502364127,36.7555225847166
SAMAR,2016,3,Q3,8067,27.3271739130435,29.3804347826087,25.7233695652174,1930.6,1930.6,2166.0,1598.98066388889,3226.12,672.08,16.1548913043478,34.7548913043478,1735.36,27.095,11.2506914991702,0.232173913043482,-0.5,La Niña,0.445303870043002,-27.7709449441391,28.2162488141821
SAMAR,2016,4,Q4,8068,26.7260869565217,28.9532608695652,25.2125,1323.0,1323.0,1668.0,1553.92298611111,2663.96,567.02,17.1875,35.0880434782609,1221.66,26.6684782608696,8.29527036982466,0.0576086956521777,-0.666666666666667,La Niña,0.368401696129959,-12.1364803631591,12.5048820592891
SAMAR,2017,1,Q1,8069,25.975,28.8683333333333,24.0577777777778,1100.4,1100.4,1226.0,1590.63246388889,2883.37,650.59,20.5205555555556,46.3677777777778,709.7,26.034032967033,55.051430181767,-0.0590329670329623,-0.133333333333333,Neutral,0.194431915910179,17.8867688970917,18.0812008130019
SAMAR,2017,2,Q2,8070,27.6554945054945,30.4961538461538,25.4307692307692,969.6,969.6,1444.0,1914.69761388889,3728.62,776.88,12.9208791208791,33.6527472527473,944.82,27.7739010989011,2.62272178827713,-0.118406593406597,0.266666666666667,Neutral,0.0280857620640251,19.3050284597597,19.3331142218238
SAMAR,2017,3,Q3,8071,27.2239130434783,29.4978260869565,25.4907608695652,2038.8,2038.8,2239.0,1457.37913055556,3057.94,638.77,13.416847826087,34.3228260869565,1735.36,27.095,17.4857090171492,0.12891304347826,-0.133333333333333,Neutral,0.0022705446727196,20.8637828392545,20.8660533839272
SAMAR,2017,4,Q4,8072,26.6565217391304,29.2929347826087,24.8690217391304,2105.0,2105.0,1826.0,1492.67701944444,2642.52,566.81,17.0635869565217,41.0875,1221.66,26.6684782608696,72.3065337327898,-0.0119565217391226,-0.833333333333333,La Niña,-0.0151207596751055,36.8665986799958,36.8817194396709
SAMAR,2018,1,Q1,8073,26.2383333333333,29.2666666666667,24.1877777777778,731.4,731.4,1179.0,1631.30500555556,3009.45,651.21,17.9311111111111,41.4472222222222,709.7,26.034032967033,3.05762998450048,0.204300366300366,-0.833333333333333,La Niña,0.0507125736582266,23.8681486306792,23.9188612043374
SAMAR,2018,2,Q2,8074,27.7417582417582,30.7697802197802,25.3769230769231,750.8,750.8,1454.0,1877.36708888889,3637.52,781.46,13.9225274725275,35.7659340659341,944.82,27.7739010989011,-20.5351283842425,-0.0321428571428583,-0.233333333333333,Neutral,0.0722785077241612,18.0786860875492,18.1509645952734
SAMAR,2018,3,Q3,8075,27.3413043478261,29.3239130434783,25.7532608695652,1399.8,1399.8,2688.0,1585.12875555556,3249.51,696.87,18.5163043478261,44.5847826086956,1735.36,27.095,-19.3366217960538,0.24630434782609,0.266666666666667,Neutral,0.101626333811119,8.87310338424848,8.9747297180596
SAMAR,2018,4,Q4,8076,26.7228260869565,29.7358695652174,24.6021739130435,1322.5,1322.5,1688.0,1774.21113333333,3117.7,665.84,16.4527173913044,39.2239130434783,1221.66,26.6684782608696,8.2543424520734,0.0543478260869605,0.833333333333333,El Niño,0.11820242076764,-7.13994443593062,7.25814685669826
SAMAR,2019,1,Q1,8077,25.87,29.7372222222222,23.0588888888889,206.2,206.2,759.0,1869.59999444444,3507.82,791.01,19.33,43.1794444444444,709.7,26.034032967033,-70.9454699168663,-0.164032967032963,0.7,El Niño,0.0261190874343074,-25.6407194112723,25.6668384987066
SAMAR,2019,2,Q2,8078,28.1758241758242,31.4104395604396,25.4681318681319,628.0,628.0,1518.0,1894.51996666667,3812.48,832.88,14.1714285714286,35.7571428571429,944.82,27.7739010989011,-33.5323130331703,0.401923076923072,0.566666666666667,El Niño,0.13463557095079,-28.8900155735043,29.0246511444551
SAMAR,2019,3,Q3,8079,27.6119565217391,29.5673913043478,25.9880434782609,1621.1,1621.1,2259.0,1487.70393055556,3174.99,698.62,18.2755434782609,42.8559782608696,1735.36,27.095,-6.58422459893048,0.516956521739132,0.2,Neutral,0.202298614429051,-25.7019162742234,25.9042148886525
SAMAR,2019,4,Q4,8080,26.8630434782609,29.8163043478261,24.7798913043478,1000.4,1000.4,1601.0,1763.602575,3135.58,664.28,16.5782608695652,39.4048913043478,1221.66,26.6684782608696,-18.111422163286,0.194565217391307,0.433333333333333,Neutral,0.237352962255137,-32.2933574280633,32.5307103903184
SAMAR,2020,1,Q1,8081,26.4708791208791,30.104945054945,23.8868131868132,407.7,407.7,1005.0,1894.2737,3493.35,781.98,18.3697802197802,42.7076923076923,709.7,26.034032967033,-42.5531914893617,0.436846153846154,0.466666666666667,Neutral,0.387572742474917,-25.1952878211871,25.5828605636621
SAMAR,2020,2,Q2,8082,28.1274725274725,31.467032967033,25.4598901098901,1020.0,1020.0,1618.0,1894.95629444444,3717.78,811.01,13.9082417582418,35.5346153846154,944.82,27.7739010989011,7.95707118816282,0.353571428571428,-0.0666666666666666,Neutral,0.375484830387006,-14.8229417658538,15.1984265962409
SAMAR,2020,3,Q3,8083,27.4054347826087,29.8880434782609,25.4201086956522,1502.6,1502.6,2218.0,1647.02657222222,3282.94,677.97,12.5875,32.3896739130435,1735.36,27.095,-13.4127789046653,0.310434782608699,-0.633333333333333,La Niña,0.323854395604397,-16.5300803422876,16.853934737892
SAMAR,2020,4,Q4,8084,26.7086956521739,29.2940217391304,24.9092391304348,1925.5,1925.5,2221.0,1445.01323888889,2625.87,547.83,15.4815217391304,37.3798913043478,1221.66,26.6684782608696,57.6134112600887,0.040217391304349,-1.23333333333333,La Niña,0.285267439082657,2.40112801355613,2.68639545263879
SAMAR,2021,1,Q1,8085,26.0788888888889,28.8627777777778,24.0877777777778,1663.8,1663.8,1887.0,1550.95979166667,2897.87,611.79,16.8522222222222,39.9094444444444,709.7,26.034032967033,134.437086092715,0.0448559218559232,-0.9,La Niña,0.1872698810851,46.6486974090754,46.8359672901605
SAMAR,2021,2,Q2,8086,27.4527472527473,30.2972527472527,25.1675824175824,1258.5,1258.5,1885.0,1852.56845555556,3630.43,760.02,14.4379120879121,36.2043956043956,944.82,27.7739010989011,33.1999745983362,-0.321153846153848,-0.533333333333333,La Niña,0.0185885624037807,52.9594232616187,52.9780118240225
SAMAR,2021,3,Q3,8087,27.5559782608696,29.9315217391304,25.725,1445.6,1445.6,2146.0,1663.34984444444,3387.6,726.77,15.2277173913043,37.4695652173913,1735.36,27.095,-16.69739996312,0.46097826086957,-0.533333333333333,La Niña,0.0562244319689986,52.138267997005,52.194492428974
SAMAR,2021,4,Q4,8088,26.566847826087,29.504347826087,24.5461956521739,1233.8,1233.8,1768.0,1493.06055277778,2831.13,603.69,17.5217391304348,38.820652173913,1221.66,26.6684782608696,0.993729843000497,-0.101630434782603,-0.933333333333333,La Niña,0.0207624754472606,37.983347642733,38.0041101181802
SAMAR,2022,1,Q1,8089,26.05,29.2266666666667,23.8311111111111,838.2,838.2,1322.0,1597.16583611111,3131.55,667.08,17.26,38.015,709.7,26.034032967033,18.1062420741158,0.0159670329670369,-0.966666666666667,La Niña,0.013540253225039,8.90063663808311,8.91417689130815
SAMAR,2022,2,Q2,8090,27.0697802197802,30.1082417582418,24.7225274725275,1437.4,1437.4,1796.0,1689.32450555556,3565.62,738.46,13.9813186813187,32.182967032967,944.82,27.7739010989011,52.134798162613,-0.704120879120879,-1.0,La Niña,-0.0822015050167186,13.6343425291523,13.716544034169
SAMAR,2022,3,Q3,8091,27.1527173913043,29.7021739130435,25.1228260869565,1854.6,1854.6,2319.0,1593.11005833333,3415.49,703.46,13.8695652173913,31.8635869565217,1735.36,27.095,6.8711967545639,0.0577173913043509,-0.9,La Niña,-0.183016722408023,19.5264917085733,19.7095084309813
SAMAR,2022,4,Q4,8092,26.7423913043478,29.670652173913,24.6407608695652,1496.7,1496.7,1736.0,1495.14003055556,2921.93,622.98,16.35,35.7755434782609,1221.66,26.6684782608696,22.5136289966112,0.0739130434782637,-0.9,La Niña,-0.139130852842807,24.906466496976,25.0455973498188
SAMAR,2023,1,Q1,8093,25.975,29.0561111111111,23.8405555555556,1628.4,1628.4,1725.0,1475.78869722222,3033.69,653.04,18.7711111111111,39.885,709.7,26.034032967033,129.44906298436,-0.0590329670329623,-0.4,Neutral,-0.157880852842807,52.7421717245369,52.9000525773797
SAMAR,2023,2,Q2,8094,27.5456043956044,30.593956043956,25.1857142857143,1052.4,1052.4,1672.0,1829.47991111111,3787.68,795.63,14.4230769230769,33.1395604395604,944.82,27.7739010989011,11.3862958023751,-0.228296703296699,0.5,El Niño,-0.0389248088867617,42.5550461344774,42.5939709433642
SAMAR,2023,3,Q3,8095,27.7402173913043,30.0532608695652,25.8336956521739,1397.8,1397.8,2029.0,1692.85796388889,3647.5,781.95,18.304347826087,40.0978260869565,1735.36,27.095,-19.451871657754,0.64521739130435,1.33333333333333,El Niño,0.107950191113238,35.974279031398,36.0822292225112
SAMAR,2023,4,Q4,8096,27.1282608695652,30.483152173913,24.8010869565217,836.7,836.7,1384.0,1755.52885277778,3221.91,691.39,15.8413043478261,35.1858695652174,1221.66,26.6684782608696,-31.5112224350474,0.459782608695658,1.9,El Niño,0.204417582417586,22.4680661734833,22.6724837559009
SAMAR,2024,1,Q1,8097,27.2021978021978,31.371978021978,24.178021978022,239.3,239.3,662.0,1889.842375,3571.21,870.7,20.0543956043956,42.289010989011,709.7,26.034032967033,-66.2815274059462,1.16816483516484,1.46666666666667,El Niño,0.511217032967036,-26.4645814240931,26.9757984570602
SAMAR,2024,2,Q2,8098,28.6417582417582,32.4692307692308,25.5879120879121,850.5,850.5,1371.0,1960.28454166667,4017.82,900.02,14.8351648351648,34.2274725274725,944.82,27.7739010989011,-9.98285387692894,0.867857142857144,0.433333333333333,Neutral,0.785255494505497,-31.8068688439191,32.5921243384246
SAMAR,2024,3,Q3,8099,27.6548913043478,30.1407608695652,25.6972826086957,2001.6,2001.6,2210.0,1630.92068055556,3454.82,728.82,16.0538043478261,35.6766304347826,1735.36,27.095,15.3420615895261,0.559891304347826,-0.1,Neutral,0.763923972766366,-23.1083855320991,23.8723095048655
SAMAR,2024,4,Q4,8100,26.8372222222222,29.693956043956,24.8532967032967,1781.5,1781.5,1675.0,1499.22114444444,2873.86,603.08,16.6989010989011,36.9851648351648,1221.66,26.6684782608696,45.8261709477269,0.168743961352657,-0.4,Neutral,0.691164310930616,-3.77403718640554,4.46520149733616
SAMAR,2025,1,Q1,8101,26.026404494382,29.14,23.9088888888889,1199.4,1199.4,1563.0,1542.80526111111,3004.2,616.14,16.8227777777778,36.8066666666667,709.7,26.034032967033,69.0009863322531,-0.0076284726509427,-0.4,Neutral,0.397215983976671,30.0465912481443,30.4438072321209
SAMAR,2025,2,Q2,8102,28.5494505494506,32.1543956043956,25.7879120879121,816.1,12.3,1299.0,1729.94288333333,3658.88,789.64,11.3313186813187,24.7296703296703,944.82,27.7739010989011,-13.6237590228827,0.775549450549452,-0.1,Neutral,0.374139060899748,29.1363649616558,29.5105040225556
SAMAR,2025,3,Q3,8103,28.5103260869565,29.8847826086957,27.3429347826087,2240.9,320.9,2167.0,1491.30125,3477.43,735.12,12.870652173913,25.1179347826087,1735.36,27.095,29.131707541951,1.41532608695652,-0.3,Neutral,0.587997756551922,32.5837764497621,33.171774206314
SAMAR,2025,4,Q4,8104,28.2319672131148,30.0106557377049,26.8983606557377,1336.0,181.6,1251.0,990.26465,2081.32,437.23,11.605737704918,24.5508196721311,1221.66,26.6684782608696,9.35939623135733,1.5634889522452,-0.6,La Niña,0.936684004275057,23.4670827706697,24.4037667749447
SOUTH COTABATO,2010,1,Q1,8041,26.1233333333333,30.3288888888889,22.7091666666667,728.85,728.85,858.0,1383.08531527778,2716.645,561.16,8.39583333333333,29.9672222222222,1028.66,25.7169539072039,-29.1877432122888,0.406379426129426,1.16666666666667,El Niño,0.406379426129426,-29.1877432122888,29.5941226384182
SOUTH COTABATO,2010,2,Q2,8042,26.7813186813187,30.7282967032967,23.8162087912088,1141.35,1141.35,1225.0,1363.49296666667,2611.42,540.405,7.67060439560439,25.9263736263736,1220.735,26.3556043956044,-5.58390142305871,0.425714285714291,-0.166666666666667,Neutral,0.416046855921858,-17.3858223176738,17.8018691735956
SOUTH COTABATO,2010,3,Q3,8043,25.8578804347826,29.6396739130435,23.0970108695652,1223.25,1223.25,1410.5,1311.53001944444,2534.045,513.73,7.27391304347826,24.6932065217391,977.055,25.6709239130435,28.9686863427317,0.186956521739132,-1.3,La Niña,0.339683411194283,-1.93431943087193,2.27400284206621
SOUTH COTABATO,2010,4,Q4,8044,25.626902173913,29.4021739130435,22.8671195652174,1221.0,1221.0,1419.5,1325.43986805556,2377.96,481.475,7.32391304347826,25.85,1134.6,25.7266032608696,6.66339646862976,-0.0997010869565251,-1.6,La Niña,0.229837286656581,0.215109544003494,0.444946830660075
SOUTH COTABATO,2011,1,Q1,8045,25.0519444444445,28.6958333333333,22.4336111111111,1846.0,1846.0,1519.0,1173.33709861111,2259.095,452.73,7.16638888888889,27.7472222222222,1028.66,25.7169539072039,79.9546304472642,-0.665009462759459,-1.16666666666667,La Niña,-0.0380099355656403,27.5007029588917,27.5387128944574
SOUTH COTABATO,2011,2,Q2,8046,25.5980769230769,29.132967032967,23.1467032967033,1548.3,1548.3,1574.0,1183.42880138889,2331.195,470.785,7.77802197802198,26.2502747252747,1220.735,26.3556043956044,26.1118041462341,-0.757527472527471,-0.566666666666667,La Niña,-0.333820375126081,35.4246293512149,35.758449726341
SOUTH COTABATO,2011,3,Q3,8047,25.3127717391304,28.8383152173913,22.873097826087,854.5,854.5,1276.0,1280.15470277778,2450.295,488.405,8.73369565217391,28.091847826087,977.055,25.6709239130435,-14.0115821905934,-0.358152173913041,-0.633333333333333,La Niña,-0.470097549039124,24.6795622178837,25.1496597669228
SOUTH COTABATO,2011,4,Q4,8048,25.4834239130435,29.0942934782609,22.7584239130435,1162.5,1162.5,1325.0,1234.33722638889,2342.805,473.785,7.22309782608696,26.65,1134.6,25.7266032608696,1.35148900915748,-0.243179347826091,-1.03333333333333,La Niña,-0.505967114256515,23.3515853530156,23.8575524672721
SOUTH COTABATO,2012,1,Q1,8049,25.2118131868132,28.8373626373626,22.3832417582418,1339.3,1339.3,1423.0,1259.11570138889,2381.45,477.865,7.90989010989011,29.514010989011,1028.66,25.7169539072039,29.7611629609403,-0.505140720390722,-0.733333333333333,La Niña,-0.465999928664331,10.8032184814346,11.269218410099
SOUTH COTABATO,2012,2,Q2,8050,25.7335164835165,29.3777472527473,23.0835164835165,1145.05,1145.05,1313.0,1301.19567222222,2487.155,501.76,7.98708791208791,26.4590659340659,1220.735,26.3556043956044,-7.1209505207341,-0.62208791208791,-0.266666666666667,Neutral,-0.432140038554441,2.49502981469257,2.92716985324701
SOUTH COTABATO,2012,3,Q3,8051,25.3804347826087,28.8,22.9277173913043,980.0,980.0,1395.0,1271.68795277778,2462.33,491.315,9.09211956521739,28.8361413043478,977.055,25.6709239130435,-0.8554865888218,-0.290489130434784,0.333333333333333,Neutral,-0.415224277684877,5.78405371513547,6.19927799282035
SOUTH COTABATO,2012,4,Q4,8052,25.5464673913043,29.0842391304348,22.8399456521739,1291.0,1291.0,1355.0,1302.98400972222,2377.25,479.695,7.8383152173913,30.2092391304348,1134.6,25.7266032608696,14.8310110559148,-0.180135869565218,0.0666666666666666,Neutral,-0.399463408119658,9.15393422682482,9.55339763494448
SOUTH COTABATO,2013,1,Q1,8053,25.4013888888889,29.0025,22.585,1462.75,1462.75,1398.5,1197.297775,2373.36,479.15,7.63833333333333,28.8525,1028.66,25.7169539072039,42.177596631298,-0.31556501831502,-0.366666666666667,Neutral,-0.352069482600733,12.2580426444142,12.610112127015
SOUTH COTABATO,2013,2,Q2,8054,26.0923076923077,29.7368131868132,23.4230769230769,1376.2,1376.2,1436.5,1232.06290277778,2417.91,493.06,7.57225274725275,25.0211538461538,1220.735,26.3556043956044,11.7128460351386,-0.263296703296703,-0.366666666666667,Neutral,-0.262371680402931,16.9664917833824,17.2288634637853
SOUTH COTABATO,2013,3,Q3,8055,25.3483695652174,28.8402173913043,22.90625,1339.4,1339.4,1481.5,1212.44925555556,2390.96,480.01,8.32853260869565,27.4584239130435,977.055,25.6709239130435,37.1113953981829,-0.322554347826083,-0.333333333333333,Neutral,-0.270387984750756,26.4582122801336,26.7286002648843
SOUTH COTABATO,2013,4,Q4,8056,25.3820652173913,28.8809782608696,22.8122282608696,1263.2,1263.2,1435.0,1256.95632638889,2296.98,462.555,8.09483695652174,28.9847826086957,1134.6,25.7266032608696,11.1397506956481,-0.344538043478261,-0.233333333333333,Neutral,-0.311488528229017,25.5353971900669,25.8468857182959
SOUTH COTABATO,2014,1,Q1,8057,25.2958333333333,28.9016666666667,22.3852777777778,1192.6,1192.6,1180.5,1247.45690694444,2439.315,490.465,7.655,27.8391666666667,1028.66,25.7169539072039,16.0730238381915,-0.421120573870571,-0.4,Neutral,-0.337877417117904,19.0092539917903,19.3471314089082
SOUTH COTABATO,2014,2,Q2,8058,26.3167582417582,29.9840659340659,23.6436813186813,1056.4,1056.4,1261.0,1319.44311388889,2558.815,522.36,7.50082417582418,24.4068681318681,1220.735,26.3556043956044,-14.1574156239827,-0.0388461538461549,0.133333333333333,Neutral,-0.281764779755267,12.54168857701,12.8234533567652
SOUTH COTABATO,2014,3,Q3,8059,25.5239130434783,28.8820652173913,23.0978260869565,1013.8,1013.8,1286.5,1245.29740555556,2451.0,491.09,9.11630434782609,27.8942934782609,977.055,25.6709239130435,4.14242487617205,-0.147010869565218,0.1,Neutral,-0.237878910190051,4.29944594650723,4.53732485669728
SOUTH COTABATO,2014,4,Q4,8060,25.6614130434783,29.2274456521739,23.0695652173913,967.25,967.25,1254.0,1314.3690125,2408.93,486.11,8.27228260869565,27.2336956521739,1134.6,25.7266032608696,-14.5226327906026,-0.0651902173913079,0.6,El Niño,-0.168041953668313,-2.11614992505543,2.28419187872375
SOUTH COTABATO,2015,1,Q1,8061,25.9069444444444,29.9608333333333,22.6125,586.2,586.2,838.0,1411.15283888889,2707.065,557.71,8.24833333333333,28.4647222222222,1028.66,25.7169539072039,-42.4379247174518,0.189990537240538,0.5,El Niño,-0.0152641758905357,-16.7438870639663,16.7591512398568
SOUTH COTABATO,2015,2,Q2,8062,26.7181318681319,30.5881868131868,23.95,950.3,950.3,1218.0,1352.88759583333,2589.935,538.2,8.00906593406593,25.4192307692308,1220.735,26.3556043956044,-21.4892218222319,0.362527472527475,0.933333333333333,El Niño,0.0850792307028718,-18.5768386135286,18.6619178442314
SOUTH COTABATO,2015,3,Q3,8063,25.6070652173913,28.9282608695652,23.1777173913043,771.0,771.0,1164.0,1333.41927361111,2529.91,504.64,9.3,29.7788043478261,977.055,25.6709239130435,-18.9633207073821,-0.063858695652172,1.86666666666667,El Niño,0.105867274181133,-24.3532750094171,24.4591422835982
SOUTH COTABATO,2015,4,Q4,8064,25.9774456521739,29.6986413043478,23.1771739130435,755.8,755.8,1050.0,1422.91185277778,2547.675,515.58,8.17717391304348,28.7241847826087,1134.6,25.7266032608696,-32.4348054817581,0.250842391304346,2.53333333333333,El Niño,0.184875426355047,-28.831318182206,29.016193608561
SOUTH COTABATO,2016,1,Q1,8065,27.5046703296703,32.5065934065934,23.5098901098901,170.65,170.65,389.5,1476.97841388889,2870.97,637.285,9.82692307692308,30.8368131868132,1028.66,25.7169539072039,-83.2446433993833,1.78771642246642,2.06666666666667,El Niño,0.584306897661517,-39.0329978526889,39.6173047503504
SOUTH COTABATO,2016,2,Q2,8066,27.3601648351648,31.5233516483516,24.4173076923077,1222.4,1222.4,1204.5,1333.67195,2593.175,556.11,8.24203296703297,26.5747252747253,1220.735,26.3556043956044,0.281921821917179,1.00456043956044,0.4,Neutral,0.744815139419759,-33.5902119416516,34.3350270810713
SOUTH COTABATO,2016,3,Q3,8067,26.1347826086957,29.6679347826087,23.6236413043478,949.65,949.65,1172.0,1344.10383611111,2580.09,522.82,8.41005434782609,27.8858695652174,977.055,25.6709239130435,-1.8541111848922,0.463858695652174,-0.5,La Niña,0.876744487245846,-29.3129095610291,30.189654048275
SOUTH COTABATO,2016,4,Q4,8068,25.7152173913043,29.1815217391304,23.2951086956522,1748.2,1748.2,1595.5,1190.24932361111,2197.335,446.185,7.32038043478261,26.4774456521739,1134.6,25.7266032608696,51.920472189782,-0.0113858695652187,-0.666666666666667,La Niña,0.811187422028455,-8.22409014314407,9.03527756517253
SOUTH COTABATO,2017,1,Q1,8069,25.3833333333333,28.4097222222222,22.9583333333333,1382.75,1382.75,1226.0,1199.90489722222,2275.2,464.54,10.0794444444444,27.4133333333333,1028.66,25.7169539072039,33.7763362465593,-0.333620573870576,-0.133333333333333,Neutral,0.280853172944206,21.0311547683416,21.3120079412858
SOUTH COTABATO,2017,2,Q2,8070,26.0752747252747,29.125,23.7414835164835,1665.7,1665.7,1492.0,1315.70037083333,2468.235,501.46,8.86565934065934,23.8620879120879,1220.735,26.3556043956044,37.0036146253295,-0.280329670329669,0.266666666666667,Neutral,-0.0403693545283224,30.2115779691946,30.251947323723
SOUTH COTABATO,2017,3,Q3,8071,25.6782608695652,28.7089673913043,23.3657608695652,1074.95,1074.95,1211.5,1212.63994583333,2351.405,477.23,8.66603260869565,23.5252717391304,977.055,25.6709239130435,8.53734153996485,0.00733695652173871,-0.133333333333333,Neutral,-0.154499789310931,32.8094411504089,32.9639409397198
SOUTH COTABATO,2017,4,Q4,8072,25.7146739130435,28.6994565217391,23.4260869565217,1076.8,1076.8,1244.0,1197.4026625,2239.55,457.37,9.35244565217391,26.5285326086957,1134.6,25.7266032608696,-7.10646295799738,-0.0119293478260864,-0.833333333333333,La Niña,-0.154635658876148,18.0527073634641,18.2073430223402
SOUTH COTABATO,2018,1,Q1,8073,25.6636111111111,28.9166666666667,22.9330555555556,936.05,936.05,1024.5,1277.24729444444,2473.16,505.38,9.79083333333334,25.41,1028.66,25.7169539072039,-9.53777122471037,-0.0533427960927995,-0.833333333333333,La Niña,-0.0845662144317041,7.22418049564665,7.30874671007835
SOUTH COTABATO,2018,2,Q2,8074,26.281043956044,29.6799450549451,23.6505494505495,993.3,993.3,1251.0,1335.28851944444,2575.345,531.23,8.91016483516484,23.8925824175824,1220.735,26.3556043956044,-18.5228789423536,-0.0745604395604378,-0.233333333333333,Neutral,-0.0331239067393962,-6.65744289627412,6.69056680301351
SOUTH COTABATO,2018,3,Q3,8075,25.8730978260869,29.1921195652174,23.2584239130435,818.35,818.35,1077.5,1330.32307638889,2614.855,539.43,9.71711956521739,27.7673913043478,977.055,25.6709239130435,-19.8848222490236,0.202173913043476,0.266666666666667,Neutral,0.015585332391038,-13.7629838435212,13.7785691759123
SOUTH COTABATO,2018,4,Q4,8076,25.9089673913043,29.26875,23.2029891304348,957.95,957.95,1378.5,1356.89970555556,2556.635,525.0,9.42554347826087,25.0152173913043,1134.6,25.7266032608696,-14.7265769135416,0.182364130434781,0.833333333333333,El Niño,0.0641587019562548,-15.6680123324073,15.7321710343635
SOUTH COTABATO,2019,1,Q1,8077,25.6266666666667,29.4455555555556,22.3463888888889,641.45,641.45,977.0,1336.19166527778,2634.535,561.61,11.7358333333333,29.0833333333333,1028.66,25.7169539072039,-37.3346675704189,-0.0902872405372381,0.7,El Niño,0.0549225908451452,-22.6172364188344,22.6721590096796
SOUTH COTABATO,2019,2,Q2,8078,26.5994505494506,30.1848901098901,23.7582417582418,1108.35,1108.35,1378.5,1380.33893333333,2676.58,562.79,9.58516483516484,25.1695054945055,1220.735,26.3556043956044,-8.2358182962584,0.243846153846157,0.566666666666667,El Niño,0.134524239196794,-20.0454712573106,20.1799954965074
SOUTH COTABATO,2019,3,Q3,8079,25.9926630434783,29.3815217391304,23.1967391304348,745.65,745.65,1091.5,1304.95426388889,2635.235,549.315,9.97146739130435,26.1298913043478,977.055,25.6709239130435,-23.1905252363384,0.321739130434784,0.2,Neutral,0.164415543544621,-20.8718970041393,21.0363125476839
SOUTH COTABATO,2019,4,Q4,8080,26.2494565217391,29.8453804347826,23.3616847826087,902.3,902.3,1230.0,1378.99030694444,2563.325,539.14,9.33288043478261,25.579347826087,1134.6,25.7266032608696,-17.1156412752325,0.522853260869562,0.433333333333333,Neutral,0.249537826153316,-21.469163094562,21.7187009207153
SOUTH COTABATO,2020,1,Q1,8081,26.4406593406593,30.5252747252747,23.1054945054945,692.55,692.55,1062.0,1404.31077916667,2737.83,602.355,11.8653846153846,28.5282967032967,1028.66,25.7169539072039,-31.7041812135835,0.723705433455436,0.466666666666667,Neutral,0.453035994651485,-20.0615415053532,20.5145775000047
SOUTH COTABATO,2020,2,Q2,8082,26.9233516483517,30.8090659340659,23.8945054945055,1272.55,1272.55,1463.5,1281.50113888889,2589.865,560.225,9.88076923076923,25.4758241758242,1220.735,26.3556043956044,7.34035235602346,0.567747252747257,-0.0666666666666666,Neutral,0.53401126937676,-16.1674988422827,16.7015101116595
SOUTH COTABATO,2020,3,Q3,8083,26.0339673913044,29.358152173913,23.3777173913044,1334.8,1334.8,1493.5,1263.53357638889,2512.455,515.51,8.89864130434783,24.4119565217391,977.055,25.6709239130435,40.1210545462553,0.363043478260874,-0.633333333333333,La Niña,0.544337356333282,-0.339603896634323,0.883941252967605
SOUTH COTABATO,2020,4,Q4,8084,25.7722826086957,28.8877717391304,23.2983695652174,1221.55,1221.55,1449.0,1202.68774583333,2267.31,464.095,8.43641304347826,23.6385869565217,1134.6,25.7266032608696,8.84201404081188,0.045679347826086,-1.23333333333333,La Niña,0.425043878072413,6.14980993237677,6.57485381044919
SOUTH COTABATO,2021,1,Q1,8085,25.4283333333333,28.7025,22.7316666666667,1111.15,1111.15,1365.0,1185.29433472222,2366.97,483.895,9.64138888888889,25.4141666666667,1028.66,25.7169539072039,8.54282613451445,-0.288620573870574,-0.9,La Niña,0.171962376240911,16.2115617694013,16.3835241456422
SOUTH COTABATO,2021,2,Q2,8086,25.9288461538462,29.1489010989011,23.3565934065934,1653.9,1653.9,1607.0,1276.56366944444,2532.705,515.175,8.79285714285714,24.7717032967033,1220.735,26.3556043956044,35.9509819732308,-0.42675824175824,-0.533333333333333,La Niña,-0.0766639973854635,23.3642191737031,23.4408831710886
SOUTH COTABATO,2021,3,Q3,8087,25.9858695652174,29.2679347826087,23.3641304347826,1205.7,1205.7,1380.5,1295.44943611111,2561.55,525.0,8.75788043478261,24.06875,977.055,25.6709239130435,29.1982744818101,0.314945652173915,-0.533333333333333,La Niña,-0.0886884539072033,20.6335241575918,20.722212611499
SOUTH COTABATO,2021,4,Q4,8088,25.5883152173913,29.1165760869565,22.964402173913,1346.55,1346.55,1221.5,1175.49222916667,2386.7,486.47,9.75597826086956,24.6513586956522,1134.6,25.7266032608696,19.8898181080511,-0.138288043478262,-0.933333333333333,La Niña,-0.13468030173329,23.3954751744016,23.5301554761349
SOUTH COTABATO,2022,1,Q1,8089,25.3119444444444,28.9441666666667,22.5411111111111,1481.2,1481.2,1235.0,1202.62135,2459.215,499.925,10.5894444444444,26.0533333333333,1028.66,25.7169539072039,44.9147470465465,-0.405009462759462,-0.966666666666667,La Niña,-0.163777523955512,32.4884554024096,32.6522329263651
SOUTH COTABATO,2022,2,Q2,8090,25.5717032967033,28.957967032967,22.9983516483517,1945.25,1945.25,1505.5,1175.564225,2489.935,501.85,9.26098901098901,24.1302197802198,1220.735,26.3556043956044,61.0843301730321,-0.783901098901094,-1.0,La Niña,-0.253063238241226,38.77179245236,39.0248556906012
SOUTH COTABATO,2022,3,Q3,8091,25.5739130434783,29.1652173913043,22.814402173913,1581.0,1581.0,1272.0,1267.21236805556,2631.64,530.405,9.41385869565217,23.7146739130435,977.055,25.6709239130435,61.5329522092457,-0.0970108695652154,-0.9,La Niña,-0.356052368676008,46.8554618842189,47.2115142528949
SOUTH COTABATO,2022,4,Q4,8092,25.4586956521739,28.9369565217391,22.8910326086957,1781.8,1781.8,1293.5,1182.63369305556,2370.37,479.34,9.38940217391304,24.1853260869565,1134.6,25.7266032608696,54.4732769744347,-0.267907608695655,-0.9,La Niña,-0.388457259980357,55.5013266008148,55.8897838607951
SOUTH COTABATO,2023,1,Q1,8093,25.085,28.6466666666667,22.4422222222222,1401.15,1401.15,1333.5,1126.82609583333,2385.925,480.28,10.0547222222222,25.0047222222222,1028.66,25.7169539072039,37.2160453280144,-0.631953907203906,-0.4,Neutral,-0.445193371091468,53.5766511711817,54.0218445422732
SOUTH COTABATO,2023,2,Q2,8094,26.0728021978022,29.7557692307692,23.3972527472528,1449.05,1449.05,1249.5,1262.08901111111,2639.075,538.145,9.64478021978022,24.2211538461538,1220.735,26.3556043956044,17.0279137719035,-0.282802197802193,0.5,El Niño,-0.319918645816742,42.5625470708996,42.8824657167163
SOUTH COTABATO,2023,3,Q3,8095,25.9472826086957,29.4527173913043,23.320652173913,1545.4,1545.4,1267.0,1284.68212361111,2654.995,542.69,9.88695652173913,24.7551630434783,977.055,25.6709239130435,53.6737622656076,0.276358695652176,1.33333333333333,El Niño,-0.226576254512394,40.59774958499,40.8243258395024
SOUTH COTABATO,2023,4,Q4,8096,26.1961956521739,29.9453804347826,23.264402173913,1042.75,1042.75,1097.0,1352.676025,2625.475,538.325,9.25135869565217,23.7279891304348,1134.6,25.7266032608696,-6.59974893938004,0.469592391304346,1.9,El Niño,-0.0422012545123942,25.3294931065364,25.3716943610488
SOUTH COTABATO,2024,1,Q1,8097,26.3351648351648,30.4857142857143,23.0027472527473,711.15,711.15,923.5,1353.62879583333,2764.395,587.98,11.3736263736264,27.3159340659341,1028.66,25.7169539072039,-29.0373457081346,0.618210927960929,1.46666666666667,El Niño,0.270339954278815,8.76614534749911,9.03648530177792
SOUTH COTABATO,2024,2,Q2,8098,27.2604395604396,31.6381868131868,24.0244505494506,1430.45,1430.45,1186.5,1319.48248194444,2759.27,598.895,10.3381868131868,25.0947802197802,1220.735,26.3556043956044,20.1160866006344,0.904835164835166,0.433333333333333,Neutral,0.567249294938154,9.53818855468184,10.10543784962
SOUTH COTABATO,2024,3,Q3,8099,25.9834239130435,29.4366847826087,23.43125,1300.55,1300.55,1299.5,1235.67802222222,2568.345,523.325,9.50489130434783,23.7402173913043,977.055,25.6709239130435,34.6110055693287,0.3125,-0.1,Neutral,0.57628462102511,4.77249938061211,5.34878400163722
SOUTH COTABATO,2024,4,Q4,8100,26.1325,29.9376373626374,23.4472527472527,1308.85,1308.85,1230.0,1237.15439444444,2453.07,509.365,9.42664835164835,24.2593406593407,1134.6,25.7266032608696,17.3977848433165,0.405896739130434,-0.4,Neutral,0.560360707981632,10.7718828262862,11.3322435342679
SOUTH COTABATO,2025,1,Q1,8101,25.6974719101124,29.5522222222222,22.9866666666667,1520.95,1520.95,1331.5,1182.25282361111,2412.555,498.99,9.75638888888889,25.4522222222222,1028.66,25.7169539072039,51.6497275717301,-0.0194819970915461,-0.4,Neutral,0.400937476718513,30.9436511462524,31.3445886229709
SOUTH COTABATO,2025,2,Q2,8102,26.9958791208791,31.5151098901099,23.6406593406593,655.25,8.35,818.0,1240.09222083333,2650.355,561.02,8.09725274725275,20.9348901098901,1220.735,26.3556043956044,-48.559661525579,0.640274725274725,-0.1,Neutral,0.334797366828403,13.7747141146991,14.1095114815275
SOUTH COTABATO,2025,3,Q3,8103,26.2097826086957,30.5722826086957,22.9027173913043,809.2,9.9,813.5,1188.68727638889,2587.215,537.1,8.18016304347826,23.3195652173913,977.055,25.6709239130435,-21.0903181507478,0.538858695652175,-0.3,Neutral,0.391387040741447,-0.150616815320036,0.542003856061483
SOUTH COTABATO,2025,4,Q4,8104,26.3897540983607,30.6803278688525,23.2327868852459,519.4,2.3,598.5,793.070363888889,1660.435,345.03,8.22622950819672,23.2696721311475,1134.6,25.7266032608696,-56.4937059567232,0.663150837491088,-0.6,La Niña,0.455700565331611,-18.62348951533,19.0791900806616
SOUTHERN LEYTE,2010,1,Q1,8041,27.1977777777778,29.8511111111111,24.9544444444444,212.8,212.8,478.0,915.641058333333,1742.56,363.31,13.7033333333333,31.8155555555556,520.68,26.7260366300366,-59.1303679803334,0.471741147741152,1.16666666666667,El Niño,0.471741147741152,-59.1303679803334,59.6021091280746
SOUTHERN LEYTE,2010,2,Q2,8042,29.0505494505495,31.8362637362637,26.5153846153846,352.4,352.4,489.0,1023.23108333333,2092.25,446.53,10.4769230769231,26.7582417582418,503.91,28.3415384615385,-30.0668770216904,0.709010989010991,-0.166666666666667,Neutral,0.590376068376072,-44.5986225010119,45.188998569388
SOUTHERN LEYTE,2010,3,Q3,8043,28.1282608695652,30.7119565217391,26.0847826086957,950.5,950.5,1121.0,893.521691666667,1835.2,379.38,9.89673913043478,24.3271739130435,852.76,27.8389130434783,11.4616070172147,0.28934782608696,-1.3,La Niña,0.490033320946368,-25.9118793282697,26.4019126492161
SOUTHERN LEYTE,2010,4,Q4,8044,27.625,30.1434782608696,25.7347826086956,715.9,715.9,996.0,872.922025,1548.58,320.35,10.1684782608696,26.0891304347826,678.53,27.4319565217391,5.5074941417476,0.193043478260869,-1.6,La Niña,0.415785860274993,-18.0570359607654,18.4728218210404
SOUTHERN LEYTE,2011,1,Q1,8045,26.6877777777778,28.9166666666667,25.0444444444444,1048.4,1048.4,1024.0,690.561755555555,1374.11,286.41,14.3888888888889,33.5744444444444,520.68,26.7260366300366,101.352078051778,-0.0382588522588491,-1.16666666666667,La Niña,0.288285860274993,22.0635755472626,22.3518614075376
SOUTHERN LEYTE,2011,2,Q2,8046,27.8747252747253,30.1747252747253,25.9802197802198,728.9,728.9,953.0,839.899002777778,1730.94,359.1,11.4450549450549,28.6505494505494,503.91,28.3415384615385,44.6488460240916,-0.466813186813184,-0.566666666666667,La Niña,-0.00567018368105109,40.7425063087081,40.7481764923891
SOUTHERN LEYTE,2011,3,Q3,8047,27.9076086956522,30.2184782608696,26.0347826086957,795.4,795.4,1086.0,878.730236111111,1809.66,373.76,13.9413043478261,33.2347826086957,852.76,27.8389130434783,-6.72639429616774,0.0686956521739148,-0.633333333333333,La Niña,-0.0608332271593124,36.1955059803625,36.2563392075218
SOUTHERN LEYTE,2011,4,Q4,8048,27.6630434782609,30.079347826087,25.8489130434783,666.2,666.2,938.0,855.051022222222,1549.93,321.12,11.9195652173913,29.7532608695652,678.53,27.4319565217391,-1.81716357419715,0.231086956521739,-1.03333333333333,La Niña,-0.0513223575940946,34.3643415513763,34.4156639089704
SOUTHERN LEYTE,2012,1,Q1,8049,27.1505494505494,29.6076923076923,25.2692307692308,640.6,640.6,771.0,868.237441666667,1626.83,335.85,13.556043956044,32.8186813186813,520.68,26.7260366300366,23.0314204501805,0.42451282051282,-0.733333333333333,La Niña,0.0643705605988227,14.7841771509768,14.8485477115756
SOUTHERN LEYTE,2012,2,Q2,8050,28.267032967033,30.7505494505495,26.1142857142857,501.2,501.2,819.0,969.843636111111,1942.93,401.74,11.1,26.9967032967033,503.91,28.3415384615385,-0.537794447421174,-0.074505494505491,-0.266666666666667,Neutral,0.162447483675746,3.48751703309861,3.64996451677436
SOUTHERN LEYTE,2012,3,Q3,8051,27.8913043478261,30.1282608695652,26.0163043478261,847.1,847.1,1100.0,843.569747222222,1776.37,369.17,14.9239130434783,34.3967391304348,852.76,27.8389130434783,-0.663727191706924,0.0523913043478287,0.333333333333333,Neutral,0.158371396719224,5.00318380921382,5.16155520593304
SOUTHERN LEYTE,2012,4,Q4,8052,27.6065217391304,30.0608695652174,25.6739130434783,504.4,504.4,787.0,877.124330555556,1593.19,332.04,14.0597826086957,34.1532608695652,678.53,27.4319565217391,-25.6628299411964,0.174565217391308,0.0666666666666666,Neutral,0.144240961936616,-0.958232782535995,1.10247374447261
SOUTHERN LEYTE,2013,1,Q1,8053,27.2533333333333,29.7544444444444,25.2833333333333,707.1,707.1,759.0,824.919330555555,1604.84,336.71,13.7577777777778,33.2733333333333,520.68,26.7260366300366,35.8031804563263,0.527296703296702,-0.366666666666667,Neutral,0.169936932632587,2.23470721900046,2.40464415163304
SOUTHERN LEYTE,2013,2,Q2,8054,28.7725274725275,31.5307692307692,26.5208791208791,637.0,637.0,729.0,920.211741666667,1933.9,410.42,10.0835164835165,25.3912087912088,503.91,28.3415384615385,26.4114623643111,0.430989010989016,-0.366666666666667,Neutral,0.296310559006214,8.97202142193352,9.26833198093973
SOUTHERN LEYTE,2013,3,Q3,8055,27.9934782608696,30.3565217391304,26.1413043478261,974.7,974.7,1214.0,839.078386111111,1705.71,358.37,12.9663043478261,30.9347826086956,852.76,27.8389130434783,14.2994511937708,0.154565217391308,-0.333333333333333,Neutral,0.321854037267084,12.712816018303,13.03467005557
SOUTHERN LEYTE,2013,4,Q4,8056,27.6282608695652,30.0445652173913,25.770652173913,573.1,573.1,893.0,887.111544444444,1577.87,326.46,13.3304347826087,32.154347826087,678.53,27.4319565217391,-15.5380012674458,0.196304347826089,-0.233333333333333,Neutral,0.327288819875779,15.2440231867406,15.5713120066164
SOUTHERN LEYTE,2014,1,Q1,8057,26.5022222222222,28.91,24.4488888888889,825.6,825.6,730.0,776.108377777778,1544.93,323.56,15.9366666666667,35.7833333333333,520.68,26.7260366300366,58.5618806176538,-0.223814407814409,-0.4,Neutral,0.139511042098001,20.9336982270725,21.0732092691705
SOUTHERN LEYTE,2014,2,Q2,8058,28.5186813186813,31.1351648351648,26.2307692307692,561.1,561.1,762.0,931.575819444445,1926.79,400.96,10.2659340659341,26.0340659340659,503.91,28.3415384615385,11.3492488738068,0.177142857142861,0.133333333333333,Neutral,0.0760495036364626,17.1681448544464,17.2441943580829
SOUTHERN LEYTE,2014,3,Q3,8059,27.7739130434783,29.9434782608696,25.8586956521739,1152.8,1152.8,1170.0,791.933647222222,1666.68,347.65,14.6804347826087,32.7086956521739,852.76,27.8389130434783,35.1845771377644,-0.0650000000000012,0.1,Neutral,0.0211581992886352,22.3894263404448,22.4105845397335
SOUTHERN LEYTE,2014,4,Q4,8060,27.5032608695652,29.8510869565217,25.6728260869565,972.6,972.6,999.0,817.816197222222,1482.83,311.06,13.3804347826087,32.5478260869565,678.53,27.4319565217391,43.3392775558929,0.0713043478260893,0.6,El Niño,-0.0100918007113648,37.1087460462795,37.1188378469909
SOUTHERN LEYTE,2015,1,Q1,8061,26.76,29.3622222222222,24.5188888888889,193.0,193.0,461.0,905.970833333333,1746.85,364.78,15.0544444444444,32.8166666666667,520.68,26.7260366300366,-62.9330875009603,0.0339633699633736,0.5,El Niño,0.0543526437330808,6.73500401662597,6.78935666035905
SOUTHERN LEYTE,2015,2,Q2,8062,28.5406593406593,31.1043956043956,26.1021978021978,502.7,502.7,654.0,955.912655555556,1993.86,418.62,10.156043956044,25.0879120879121,503.91,28.3415384615385,-0.240122244051524,0.19912087912088,0.933333333333333,El Niño,0.0598471492275854,3.83766123716138,3.89750838638897
SOUTHERN LEYTE,2015,3,Q3,8063,28.0663043478261,30.3434782608696,26.1076086956522,846.7,846.7,1141.0,949.022738888889,1849.74,382.57,14.1989130434783,32.2989130434783,852.76,27.8389130434783,-0.710633707021899,0.227391304347826,1.86666666666667,El Niño,0.132944975314542,-5.1361414740352,5.26908644934974
SOUTHERN LEYTE,2015,4,Q4,8064,27.8869565217391,30.3260869565217,25.795652173913,362.2,362.2,721.0,922.697836111111,1660.84,348.32,13.5228260869565,32.0695652173913,678.53,27.4319565217391,-46.6198988990907,0.454999999999998,2.53333333333333,El Niño,0.228868888358019,-27.6259355877811,27.8548044761391
SOUTHERN LEYTE,2016,1,Q1,8065,27.5164835164835,30.3175824175824,25.0318681318681,156.5,156.5,367.0,971.252655555556,1889.6,395.68,12.9065934065934,30.8043956043956,520.68,26.7260366300366,-69.943151263732,0.790446886446894,2.06666666666667,El Niño,0.417989767478899,-29.378451528474,29.7964412959529
SOUTHERN LEYTE,2016,2,Q2,8066,28.9714285714286,31.8,26.3989010989011,564.1,564.1,670.0,982.775533333333,2002.62,429.54,10.510989010989,25.8824175824176,503.91,28.3415384615385,11.9445932805461,0.629890109890113,0.4,Neutral,0.525682075171208,-26.3322726473246,26.8579547224958
SOUTHERN LEYTE,2016,3,Q3,8067,28.3152173913043,30.6576086956522,26.3086956521739,961.4,961.4,1131.0,891.981783333333,1809.56,377.86,13.5402173913043,31.7967391304348,852.76,27.8389130434783,12.7398095595478,0.476304347826087,-0.5,La Niña,0.587910336040773,-22.9696618306822,23.557572166723
SOUTHERN LEYTE,2016,4,Q4,8068,27.6641304347826,30.0445652173913,25.8282608695652,901.0,901.0,1030.0,829.672597222222,1488.65,310.97,12.579347826087,30.8423913043478,678.53,27.4319565217391,32.7870543675298,0.232173913043475,-0.666666666666667,La Niña,0.532203814301642,-3.11792351402707,3.65012732832871
SOUTHERN LEYTE,2017,1,Q1,8069,26.0044444444444,28.1844444444444,24.3766666666667,572.9,572.9,715.0,756.585688888889,1462.76,300.67,17.92,39.4344444444444,520.68,26.7260366300366,10.0291925942997,-0.721592185592183,-0.133333333333333,Neutral,0.154194046291873,16.8751624504809,17.0293564967727
SOUTHERN LEYTE,2017,2,Q2,8070,27.6296703296703,29.8703296703297,25.778021978022,435.7,435.7,752.0,948.326447222222,1807.38,371.22,13.4692307692308,30.4637362637363,503.91,28.3415384615385,-13.5361473278959,-0.711868131868126,0.266666666666667,Neutral,-0.181245514147687,10.5049772983704,10.6862228125181
SOUTHERN LEYTE,2017,3,Q3,8071,27.2945652173913,29.1521739130435,25.6771739130435,838.6,838.6,1132.0,811.512147222222,1612.54,326.59,12.8684782608696,31.5913043478261,852.76,27.8389130434783,-1.66049064215019,-0.544347826086955,-0.133333333333333,Neutral,-0.436408557625947,6.90490224794588,7.34131080557182
SOUTHERN LEYTE,2017,4,Q4,8072,26.9163043478261,28.9576086956522,25.3315217391304,913.9,913.9,877.0,779.140708333333,1401.46,292.16,15.8336956521739,37.195652173913,678.53,27.4319565217391,34.6882230704611,-0.515652173913043,-0.833333333333333,La Niña,-0.623365079365077,7.38019442367871,8.00355950304379
SOUTHERN LEYTE,2018,1,Q1,8073,26.3466666666667,28.6866666666667,24.5077777777778,646.1,646.1,618.0,811.418141666667,1537.85,313.06,15.7566666666667,35.7477777777778,520.68,26.7260366300366,24.0877314281324,-0.379369963369964,-0.833333333333333,La Niña,-0.537809523809522,10.8948291321369,11.4326386559464
SOUTHERN LEYTE,2018,2,Q2,8074,27.6802197802198,29.9824175824176,25.7186813186813,460.8,460.8,732.0,937.783855555556,1825.64,378.64,13.9637362637363,32.6043956043956,503.91,28.3415384615385,-8.55509912484372,-0.661318681318679,-0.233333333333333,Neutral,-0.52517216117216,12.1400911828999,12.6652633440721
SOUTHERN LEYTE,2018,3,Q3,8075,27.3967391304348,29.0728260869565,25.9054347826087,637.3,637.3,1084.0,894.18745,1744.03,353.46,16.179347826087,41.3119565217391,852.76,27.8389130434783,-25.2661944744125,-0.442173913043479,0.266666666666667,Neutral,-0.499628682911291,6.23866522483434,6.73829390774563
SOUTHERN LEYTE,2018,4,Q4,8076,26.7989130434783,29.0945652173913,25.0141304347826,571.7,571.7,994.0,885.933588888889,1566.36,319.28,14.7467391304348,34.9619565217391,678.53,27.4319565217391,-15.7443296538104,-0.63304347826087,0.833333333333333,El Niño,-0.528976508998248,-6.36947295623356,6.89844946523181
SOUTHERN LEYTE,2019,1,Q1,8077,25.8411111111111,28.6333333333333,23.6044444444444,203.8,203.8,440.0,920.788766666667,1767.27,366.58,17.4422222222222,37.7044444444444,520.68,26.7260366300366,-60.8588768533456,-0.88492551892552,0.7,El Niño,-0.655365397887137,-27.6061250266031,28.2614904244902
SOUTHERN LEYTE,2019,2,Q2,8078,28.1098901098901,30.7868131868132,25.9516483516484,295.2,295.2,715.0,984.105311111111,1972.28,421.51,15.1362637362637,35.0769230769231,503.91,28.3415384615385,-41.418110376853,-0.231648351648349,0.566666666666667,El Niño,-0.547947815469555,-35.8218778396054,36.369825655075
SOUTHERN LEYTE,2019,3,Q3,8079,27.6217391304348,29.3326086956522,26.004347826087,523.1,523.1,969.0,826.505255555556,1707.29,356.69,16.7413043478261,40.1260869565217,852.76,27.8389130434783,-38.6580045968385,-0.217173913043481,0.2,Neutral,-0.491697815469555,-39.1698303702119,39.6615281856815
SOUTHERN LEYTE,2019,4,Q4,8080,27.0271739130435,29.229347826087,25.2184782608696,604.3,604.3,1034.0,898.805569444444,1580.15,321.78,13.8847826086957,33.5521739130435,678.53,27.4319565217391,-10.9398257998909,-0.404782608695651,0.433333333333333,Neutral,-0.434632598078251,-37.968704406732,38.4033370048103
SOUTHERN LEYTE,2020,1,Q1,8081,26.6868131868132,29.5681318681319,24.4736263736264,135.5,135.5,515.0,967.003336111111,1832.98,388.12,17.7835164835165,39.110989010989,520.68,26.7260366300366,-73.9763386340939,-0.0392234432234452,0.466666666666667,Neutral,-0.223207079152732,-41.2480698519191,41.4712769310718
SOUTHERN LEYTE,2020,2,Q2,8082,28.2582417582418,31.132967032967,25.9494505494505,330.2,330.2,698.0,965.369716666667,1928.44,421.16,15.056043956044,33.8901098901099,503.91,28.3415384615385,-34.4724256315612,-0.0832967032966998,-0.0666666666666666,Neutral,-0.186119167064819,-39.5116486655961,39.697767832661
SOUTHERN LEYTE,2020,3,Q3,8083,27.525,29.5847826086957,25.7195652173913,699.5,699.5,1191.0,872.374313888889,1691.11,344.36,12.2271739130435,30.1358695652174,852.76,27.8389130434783,-17.9722313429335,-0.313913043478262,-0.633333333333333,La Niña,-0.210303949673515,-34.3402053521199,34.5505093017934
SOUTHERN LEYTE,2020,4,Q4,8084,27.0163043478261,29.1195652173913,25.4467391304348,770.3,770.3,1161.0,800.379297222222,1445.81,294.51,14.3097826086957,34.0228260869565,678.53,27.4319565217391,13.5248257262022,-0.415652173913042,-1.23333333333333,La Niña,-0.213021340977862,-28.2240424705966,28.4370638115745
SOUTHERN LEYTE,2021,1,Q1,8085,26.44,28.7877777777778,24.6333333333333,813.8,813.8,1003.0,818.299044444444,1548.76,315.11,14.7266666666667,34.0766666666667,520.68,26.7260366300366,56.2956134285933,-0.286036630036627,-0.9,La Niña,-0.274724637681158,4.34394554507521,4.61867018275637
SOUTHERN LEYTE,2021,2,Q2,8086,27.3395604395604,29.4461538461538,25.5428571428571,726.4,726.4,1111.0,923.553036111111,1762.54,357.31,13.8186813186813,33.4362637362637,503.91,28.3415384615385,44.1527256851422,-1.00197802197802,-0.533333333333333,La Niña,-0.504394967351487,24.0002333742511,24.5046283416025
SOUTHERN LEYTE,2021,3,Q3,8087,27.579347826087,29.3782608695652,25.920652173913,831.9,831.9,1133.0,894.033580555556,1733.62,357.7,13.9978260869565,33.920652173913,852.76,27.8389130434783,-2.44617477367607,-0.259565217391302,-0.533333333333333,La Niña,-0.490808010829747,27.8817475165654,28.3725555273952
SOUTHERN LEYTE,2021,4,Q4,8088,26.8173913043478,29.0967391304348,25.05,848.9,848.9,964.0,767.246355555556,1448.92,299.96,15.095652173913,33.6228260869565,678.53,27.4319565217391,25.1086908463885,-0.614565217391309,-0.933333333333333,La Niña,-0.540536271699314,30.777713796612,31.3182500683113
SOUTHERN LEYTE,2022,1,Q1,8089,26.3322222222222,28.8811111111111,24.4277777777778,491.2,491.2,771.0,816.900405555555,1621.01,329.67,16.4477777777778,34.7766666666667,520.68,26.7260366300366,-5.66182684182225,-0.393814407814403,-0.966666666666667,La Niña,-0.567480716143758,15.2883537290081,15.8558344451519
SOUTHERN LEYTE,2022,2,Q2,8090,27.2868131868132,29.5857142857143,25.3582417582418,985.9,985.9,905.0,849.7732,1797.56,370.11,14.8340659340659,31.8384615384615,503.91,28.3415384615385,95.6500168680915,-1.05472527472527,-1.0,La Niña,-0.580667529330571,28.1626765247454,28.743344054076
SOUTHERN LEYTE,2022,3,Q3,8091,27.3489130434783,29.4630434782609,25.475,1000.5,1000.5,1184.0,885.00145,1820.29,367.18,13.245652173913,29.3695652173913,852.76,27.8389130434783,17.3249214315868,-0.490000000000002,-0.9,La Niña,-0.638276224982746,33.1054505760612,33.7437268010439
SOUTHERN LEYTE,2022,4,Q4,8092,26.8652173913043,29.1652173913043,25.0869565217391,891.2,891.2,1039.0,769.395402777778,1513.53,308.85,15.3130434782609,33.1304347826087,678.53,27.4319565217391,31.3427556629773,-0.566739130434783,-0.9,La Niña,-0.626319703243615,34.6639667802084,35.290286483452
SOUTHERN LEYTE,2023,1,Q1,8093,26.0211111111111,28.4366666666667,24.1911111111111,740.4,740.4,951.0,716.788697222222,1493.77,302.62,15.3011111111111,33.1,520.68,26.7260366300366,42.1986632864715,-0.704925518925517,-0.4,Neutral,-0.704097481021393,46.6290893122818,47.3331867933032
SOUTHERN LEYTE,2023,2,Q2,8094,27.7208791208791,29.9868131868132,25.6725274725275,645.3,645.3,929.0,950.147552777778,1920.38,393.56,13.0978021978022,29.7362637362637,503.91,28.3415384615385,28.0585818896231,-0.620659340659341,0.5,El Niño,-0.595580997504911,29.7312305676647,30.3268115651696
SOUTHERN LEYTE,2023,3,Q3,8095,27.6369565217391,29.6804347826087,25.779347826087,721.6,721.6,1040.0,888.397622222222,1885.02,390.49,15.9369565217391,36.6619565217391,852.76,27.8389130434783,-15.380646371781,-0.201956521739131,1.33333333333333,El Niño,-0.523570127939693,21.5548386168227,22.0784087447624
SOUTHERN LEYTE,2023,4,Q4,8096,27.2369565217391,29.7576086956522,25.1891304347826,593.1,593.1,820.0,891.377338888889,1672.01,343.75,13.325,31.4695652173913,678.53,27.4319565217391,-12.5904528908081,-0.195,1.9,El Niño,-0.430635345330997,10.5715364783764,11.0021718237074
SOUTHERN LEYTE,2024,1,Q1,8097,27.0010989010989,31.4351648351648,23.9230769230769,89.0,89.0,331.0,959.628936111111,1907.39,493.76,27.6582417582418,51.1967032967033,520.68,26.7260366300366,-82.9069678113237,0.275062271062271,1.46666666666667,El Niño,-0.18563839783405,-20.7048712960724,20.8905096939065
SOUTHERN LEYTE,2024,2,Q2,8098,29.1483516483516,34.1384615384615,25.3989010989011,360.2,360.2,544.0,954.995266666667,2033.27,520.79,18.0769230769231,36.2538461538462,503.91,28.3415384615385,-28.5189815641682,0.806813186813191,0.433333333333333,Neutral,0.171229734034083,-34.8492621595202,35.0204918935543
SOUTHERN LEYTE,2024,3,Q3,8099,26.5,29.7923913043478,24.0423913043478,1045.8,1045.8,1038.0,760.841988888889,1636.3,337.28,15.4076086956522,31.7032608695652,852.76,27.8389130434783,22.637084291008,-1.33891304347826,-0.1,Neutral,-0.1130093964007,-25.344829493823,25.4578388902237
SOUTHERN LEYTE,2024,4,Q4,8100,26.0888888888889,29.4516483516484,23.843956043956,652.4,652.4,872.0,743.225575,1462.19,302.56,17.556043956044,35.7065934065934,678.53,27.4319565217391,-3.8509719540772,-1.34306763285024,-0.4,Neutral,-0.40002630461326,-23.1599592596403,23.5599855642535
SOUTHERN LEYTE,2025,1,Q1,8101,26.0011235955056,29.5077777777778,23.7811111111111,382.5,382.5,682.0,834.079230555556,1654.91,358.34,22.8833333333333,46.0266666666667,520.68,26.7260366300366,-26.5383728969809,-0.724913034531014,-0.4,Neutral,-0.650020131011582,-9.06781053105457,9.71783066206615
SOUTHERN LEYTE,2025,2,Q2,8102,28.4912087912088,30.3054945054945,26.9989010989011,318.0,0.2,638.0,944.367155555556,1941.16,394.53,13.8230769230769,27.1054945054945,503.91,28.3415384615385,-36.8934928856343,0.149670329670329,-0.1,Neutral,-0.814305845297297,-11.1614383614211,11.9757442067184
SOUTHERN LEYTE,2025,3,Q3,8103,29.5021739130435,30.3445652173913,28.6771739130435,670.2,69.6,778.0,815.869505555556,1788.69,382.2,11.7130434782609,20.3630434782609,852.76,27.8389130434783,-21.4081335897556,1.66326086956521,-0.3,Neutral,-0.0637623670364285,-22.172742831612,22.2365051986484
SOUTHERN LEYTE,2025,4,Q4,8104,29.3491803278689,30.2934426229508,28.4245901639344,480.5,106.2,530.0,546.348422222222,1100.73,235.36,11.6950819672131,21.644262295082,678.53,27.4319565217391,-29.1851502512785,1.91722380612972,-0.6,La Niña,0.751310492708562,-28.5062874059123,29.2575978986209
SURIGAO DEL SUR,2010,1,Q1,8041,25.6733333333333,28.13,23.8088888888889,338.1,338.1,902.0,900.238983333333,1646.61,338.52,19.3522222222222,36.2933333333333,778.9,25.4889194139194,-56.5926306329439,0.184413919413917,1.16666666666667,El Niño,0.184413919413917,-56.5926306329439,56.7770445523578
SURIGAO DEL SUR,2010,2,Q2,8042,27.3813186813187,29.9978021978022,25.4010989010989,277.2,277.2,818.0,1031.77637222222,1990.81,407.32,16.1857142857143,32.0054945054945,544.76,27.0591208791209,-49.1152066965269,0.322197802197806,-0.166666666666667,Neutral,0.253305860805861,-52.8539186647354,53.1072245255413
SURIGAO DEL SUR,2010,3,Q3,8043,26.7923913043478,29.5608695652174,24.8097826086956,663.7,663.7,1012.0,894.672994444444,1728.34,348.24,13.2771739130435,27.5934782608696,634.24,27.0158695652174,4.64492936427851,-0.223478260869562,-1.3,La Niña,0.0943778202473868,-33.6876359883974,33.7820138086448
SURIGAO DEL SUR,2010,4,Q4,8044,26.0271739130435,28.5663043478261,24.3173913043478,754.3,754.3,1358.0,828.694102777778,1416.17,281.93,13.9532608695652,28.6902173913043,849.58,26.2025,-11.214953271028,-0.175326086956524,-1.6,La Niña,0.0269518434464091,-28.0694653090551,28.0964171525015
SURIGAO DEL SUR,2011,1,Q1,8045,25.0444444444444,27.2766666666667,23.5911111111111,1399.6,1399.6,1627.0,638.611108333333,1230.03,250.78,20.8311111111111,38.3711111111111,778.9,25.4889194139194,79.6893054307356,-0.444474969474967,-1.16666666666667,La Niña,-0.130270378775812,6.0010187068648,6.13128908564061
SURIGAO DEL SUR,2011,2,Q2,8046,26.3076923076923,28.7846153846154,24.4626373626374,798.1,798.1,1115.0,807.856547222222,1609.7,323.73,15.9373626373626,31.2747252747253,544.76,27.0591208791209,46.5048828842059,-0.751428571428569,-0.566666666666667,La Niña,-0.398676972182406,29.906041102048,30.3047180742304
SURIGAO DEL SUR,2011,3,Q3,8047,26.8510869565217,29.7434782608696,24.7108695652174,511.8,511.8,747.0,869.609594444444,1751.66,360.83,12.8434782608696,29.779347826087,634.24,27.0158695652174,-19.3049949545913,-0.164782608695649,-0.633333333333333,La Niña,-0.384003059138927,23.9185600223305,24.3025630814695
SURIGAO DEL SUR,2011,4,Q4,8048,25.9532608695652,28.4054347826087,24.2815217391304,816.6,816.6,1352.0,847.232194444444,1444.73,284.73,15.870652173913,32.6217391304348,849.58,26.2025,-3.88191812424962,-0.249239130434788,-1.03333333333333,La Niña,-0.402481320008493,25.7518188090252,26.1543001290336
SURIGAO DEL SUR,2012,1,Q1,8049,25.3692307692308,27.6186813186813,23.8417582417582,898.7,898.7,1502.0,823.494611111111,1502.89,293.76,19.6681318681319,36.7802197802198,778.9,25.4889194139194,15.3806650404416,-0.119688644688644,-0.733333333333333,La Niña,-0.321284738811912,9.67465871145165,9.99594345026356
SURIGAO DEL SUR,2012,2,Q2,8050,26.8659340659341,29.6087912087912,24.7835164835165,429.7,429.7,877.0,946.533472222222,1860.28,373.9,13.632967032967,28.1142857142857,544.76,27.0591208791209,-21.1212276966003,-0.193186813186813,-0.266666666666667,Neutral,-0.181724299251473,-7.23186893374991,7.41359323300138
SURIGAO DEL SUR,2012,3,Q3,8051,26.8608695652174,29.6641304347826,24.8032608695652,596.3,596.3,778.0,855.097688888889,1725.33,358.63,14.0,30.4163043478261,634.24,27.0158695652174,-5.98196266397579,-0.155000000000001,0.333333333333333,Neutral,-0.179278647077561,-3.90111086109603,4.08038950817359
SURIGAO DEL SUR,2012,4,Q4,8052,25.9934782608696,28.3576086956522,24.329347826087,872.1,872.1,1252.0,847.543791666667,1471.84,295.85,18.7978260869565,36.8358695652174,849.58,26.2025,2.65072153299278,-0.209021739130435,0.0666666666666666,Neutral,-0.169224299251473,-2.26795094678543,2.4371752460369
SURIGAO DEL SUR,2013,1,Q1,8053,25.5722222222222,27.8722222222222,23.9333333333333,798.1,798.1,1265.0,801.556938888889,1491.21,304.33,20.1644444444444,37.6411111111111,778.9,25.4889194139194,2.46501476441136,0.0833028083028111,-0.366666666666667,Neutral,-0.118476436003609,-5.496863515793,5.61533995179661
SURIGAO DEL SUR,2013,2,Q2,8054,27.0593406593407,29.656043956044,25.1230769230769,600.4,600.4,1016.0,889.936083333333,1808.52,369.07,14.7043956043956,29.5395604395604,544.76,27.0591208791209,10.2136720757765,0.0002197802197834,-0.366666666666667,Neutral,-0.0701247876519604,2.33686142730121,2.40698621495317
SURIGAO DEL SUR,2013,3,Q3,8055,26.570652173913,29.2739130434783,24.6521739130435,718.6,718.6,1049.0,816.978230555556,1625.77,331.95,14.070652173913,29.8902173913044,634.24,27.0158695652174,13.3009586276488,-0.445217391304347,-0.333333333333333,Neutral,-0.142679135478047,7.15759175020737,7.30027088568541
SURIGAO DEL SUR,2013,4,Q4,8056,26.0097826086957,28.4847826086956,24.3369565217391,729.5,729.5,1282.0,862.149283333333,1492.78,297.66,17.3326086956522,34.4163043478261,849.58,26.2025,-14.1340427034535,-0.192717391304353,-0.233333333333333,Neutral,-0.138603048521526,2.96140069109581,3.10000373961733
SURIGAO DEL SUR,2014,1,Q1,8057,24.9966666666667,27.45,23.1855555555556,973.6,973.6,1033.0,750.777316666667,1433.42,303.41,21.6055555555556,39.4455555555556,778.9,25.4889194139194,24.9967903453588,-0.492252747252749,-0.4,Neutral,-0.282491937410416,8.59434458633268,8.87683652374309
SURIGAO DEL SUR,2014,2,Q2,8058,27.0208791208791,29.6835164835165,25.0186813186813,579.5,579.5,1003.0,935.562561111111,1836.6,368.44,13.9186813186813,27.7813186813187,544.76,27.0591208791209,6.37712019972098,-0.0382417582417531,0.133333333333333,Neutral,-0.2921073220258,7.6352066173188,7.9273139393446
SURIGAO DEL SUR,2014,3,Q3,8059,26.7739130434783,29.5108695652174,24.7141304347826,800.1,800.1,881.0,797.436102777778,1633.92,339.97,13.3217391304348,28.7478260869565,634.24,27.0158695652174,26.1509838546922,-0.24195652173913,0.1,Neutral,-0.241292104634496,10.8477129240796,11.0890050287141
SURIGAO DEL SUR,2014,4,Q4,8060,25.970652173913,28.4119565217391,24.2847826086957,1116.6,1116.6,1238.0,778.67945,1382.7,282.55,17.504347826087,33.895652173913,849.58,26.2025,31.4296475905742,-0.231847826086959,0.6,El Niño,-0.251074713330148,22.2386354975866,22.4897102109167
SURIGAO DEL SUR,2015,1,Q1,8061,25.3133333333333,27.8788888888889,23.3288888888889,407.6,407.6,887.0,900.577655555556,1632.23,340.95,19.4388888888889,35.93,778.9,25.4889194139194,-47.6697907305174,-0.175586080586079,0.5,El Niño,-0.17190804666348,4.0719902286175,4.24389827528098
SURIGAO DEL SUR,2015,2,Q2,8062,27.0747252747253,29.8703296703297,24.9835164835165,387.5,387.5,858.0,970.235075,1902.58,389.57,13.9901098901099,28.0571428571429,544.76,27.0591208791209,-28.8677582788751,0.0156043956044058,0.933333333333333,El Niño,-0.158446508201941,-4.73922939103152,4.89767589923346
SURIGAO DEL SUR,2015,3,Q3,8063,27.075,29.9923913043478,24.9913043478261,524.8,524.8,739.0,947.430205555556,1827.6,377.11,12.7489130434783,28.6847826086956,634.24,27.0158695652174,-17.255297679112,0.0591304347826096,1.86666666666667,El Niño,-0.0831747690715056,-15.5907997744826,15.6739745435541
SURIGAO DEL SUR,2015,4,Q4,8064,26.3130434782609,28.7217391304348,24.5826086956522,437.6,437.6,1130.0,907.806511111111,1577.99,318.0,16.9304347826087,33.9423913043478,849.58,26.2025,-48.492196143977,0.110543478260873,2.53333333333333,El Niño,0.0024230570154522,-35.5712607081204,35.5736837651358
SURIGAO DEL SUR,2016,1,Q1,8065,25.8032967032967,28.2945054945055,23.9131868131868,370.7,370.7,945.0,957.324505555556,1747.86,348.92,18.6285714285714,35.0967032967033,778.9,25.4889194139194,-52.4072409808705,0.314377289377294,2.06666666666667,El Niño,0.124913899506295,-36.7556232707086,36.8805371702149
SURIGAO DEL SUR,2016,2,Q2,8066,27.2197802197802,29.778021978022,25.3692307692308,510.9,510.9,1109.0,965.560525,1869.05,379.12,15.7802197802198,31.3153846153846,544.76,27.0591208791209,-6.21558117336075,0.160659340659343,0.4,Neutral,0.16117763577003,-31.0925789943301,31.2537566301001
SURIGAO DEL SUR,2016,3,Q3,8067,27.2402173913043,30.0467391304348,25.1989130434783,697.8,697.8,825.0,888.100230555556,1744.39,360.26,13.3271739130435,29.4445652173913,634.24,27.0158695652174,10.0214429868819,0.224347826086959,-0.5,La Niña,0.202481983596117,-24.2733938278316,24.4758758114277
SURIGAO DEL SUR,2016,4,Q4,8068,26.2076086956522,28.6315217391304,24.6130434782609,879.7,879.7,1350.0,790.046030555555,1370.36,277.95,16.5467391304348,32.9228260869565,849.58,26.2025,3.54528119776832,0.0051086956521686,-0.666666666666667,La Niña,0.176123287943941,-11.2640244923952,11.4401477803392
SURIGAO DEL SUR,2017,1,Q1,8069,25.69,28.3011111111111,23.7466666666667,1193.6,1193.6,1214.0,719.287219444445,1333.99,280.39,14.6966666666667,37.5455555555556,778.9,25.4889194139194,53.2417511875722,0.20108058608059,-0.133333333333333,Neutral,0.147799112119765,15.1482235497154,15.2960226618352
SURIGAO DEL SUR,2017,2,Q2,8070,27.1384615384615,29.7549450549451,24.9956043956044,888.1,888.1,1129.0,916.779691666667,1782.83,357.26,11.4769230769231,31.0868131868132,544.76,27.0591208791209,63.0259196710478,0.0793406593406587,0.266666666666667,Neutral,0.127469441790094,32.4585987608176,32.5860682026077
SURIGAO DEL SUR,2017,3,Q3,8071,27.0717391304348,30.2358695652174,24.7086956521739,727.6,727.6,913.0,792.835122222222,1611.63,334.23,9.18152173913044,27.7489130434783,634.24,27.0158695652174,14.7199798183653,0.0558695652173959,-0.133333333333333,Neutral,0.0853498765727032,33.6332329686884,33.7185828452611
SURIGAO DEL SUR,2017,4,Q4,8072,26.4021739130435,29.2021739130435,24.4152173913043,1352.0,1352.0,1246.0,721.176488888889,1294.88,270.42,12.775,34.9521739130435,849.58,26.2025,59.1374561548059,0.199673913043476,-0.833333333333333,La Niña,0.13399118092053,47.5312767079478,47.6652678888683
SURIGAO DEL SUR,2018,1,Q1,8073,25.97,28.7933333333333,23.9388888888889,1052.7,1052.7,1148.0,755.461291666667,1437.66,295.46,13.1844444444444,34.8277777777778,778.9,25.4889194139194,35.152137629991,0.481080586080587,-0.833333333333333,La Niña,0.203991180920529,43.0088733185525,43.212864499473
SURIGAO DEL SUR,2018,2,Q2,8074,27.1307692307692,30.1285714285714,24.6428571428571,512.6,512.6,1001.0,917.318102777778,1786.79,364.37,10.7516483516484,30.1296703296703,544.76,27.0591208791209,-5.90351714516484,0.0716483516483563,-0.233333333333333,Neutral,0.202068103997454,25.7765141144993,25.9785822184968
SURIGAO DEL SUR,2018,3,Q3,8075,27.3934782608696,30.8326086956522,24.7532608695652,452.1,452.1,737.0,866.700505555556,1713.2,362.42,10.7554347826087,32.5967391304348,634.24,27.0158695652174,-28.7178355196771,0.377608695652174,0.266666666666667,Neutral,0.282502886606148,14.9170602799888,15.1995631665949
SURIGAO DEL SUR,2018,4,Q4,8076,26.3913043478261,29.2597826086957,24.1847826086956,839.8,839.8,1387.0,838.277211111111,1472.75,302.14,11.7673913043478,34.0010869565217,849.58,26.2025,-1.15115704230325,0.188804347826085,0.833333333333333,El Niño,0.279785495301801,-0.155093019288541,0.434878514590342
SURIGAO DEL SUR,2019,1,Q1,8077,25.4566666666667,28.6733333333333,22.6388888888889,356.3,356.3,759.0,898.299441666667,1676.35,345.47,14.5611111111111,35.4244444444444,778.9,25.4889194139194,-54.256002054179,-0.0322527472527447,0.7,El Niño,0.151452161968468,-22.507127940331,22.6585801022995
SURIGAO DEL SUR,2019,2,Q2,8078,27.3923076923077,30.2505494505495,24.9054945054945,463.6,463.6,1024.0,952.780661111111,1881.22,383.07,12.2989010989011,31.9120879120879,544.76,27.0591208791209,-14.8983038402232,0.333186813186813,0.566666666666667,El Niño,0.216836777353082,-24.7558246140956,24.9726613914487
SURIGAO DEL SUR,2019,3,Q3,8079,27.529347826087,30.8315217391304,24.9173913043478,649.6,649.6,829.0,799.56015,1675.86,358.15,10.8021739130435,30.5891304347826,634.24,27.0158695652174,2.42179616548941,0.513478260869565,0.2,Neutral,0.25080416865743,-16.970916692804,17.2217208614614
SURIGAO DEL SUR,2019,4,Q4,8080,26.7565217391304,30.05,24.4086956521739,697.6,697.6,1105.0,873.337663888889,1542.86,321.52,11.7369565217391,32.5260869565217,849.58,26.2025,-17.8888391911297,0.55402173913043,0.433333333333333,Neutral,0.342108516483516,-21.1553372300106,21.4974457464941
SURIGAO DEL SUR,2020,1,Q1,8081,26.1945054945055,29.1769230769231,23.7769230769231,319.6,319.6,1047.0,943.100144444444,1695.53,349.36,14.4813186813187,36.5296703296703,778.9,25.4889194139194,-58.9677750674027,0.705586080586077,0.466666666666667,Neutral,0.526568223443221,-22.3332804833166,22.8598487067598
SURIGAO DEL SUR,2020,2,Q2,8082,27.4945054945055,30.354945054945,25.1450549450549,592.2,592.2,1253.0,945.717347222222,1847.19,378.9,13.1065934065934,33.5076923076923,544.76,27.0591208791209,8.70842205741979,0.435384615384617,-0.0666666666666666,Neutral,0.552117673992672,-16.4315990089058,16.9837166828985
SURIGAO DEL SUR,2020,3,Q3,8083,27.1152173913043,30.1304347826087,24.7054347826087,681.5,681.5,1044.0,831.215025,1645.24,337.42,9.68804347826087,28.3282608695652,634.24,27.0158695652174,7.45143794147326,0.0993478260869586,-0.633333333333333,La Niña,0.448585065297021,-15.1741885649099,15.6227736302069
SURIGAO DEL SUR,2020,4,Q4,8084,26.5271739130435,29.2804347826087,24.6032608695652,1171.2,1171.2,1419.0,727.540452777778,1318.83,270.51,10.7858695652174,31.0304347826087,849.58,26.2025,37.8563525506721,0.324673913043476,-1.23333333333333,La Niña,0.391248108775282,-1.23789062945939,1.62913873823468
SURIGAO DEL SUR,2021,1,Q1,8085,25.95,28.5744444444444,23.9322222222222,1259.3,1259.3,1470.0,749.487877777778,1404.23,285.82,12.6944444444444,34.7044444444444,778.9,25.4889194139194,61.6767235845423,0.461080586080587,-0.9,La Niña,0.33012173514891,28.9232340335269,29.2533557686758
SURIGAO DEL SUR,2021,2,Q2,8086,27.0659340659341,30.1076923076923,24.6087912087912,716.8,716.8,1121.0,905.962227777778,1777.4,363.51,11.2549450549451,30.4395604395604,544.76,27.0591208791209,31.5808796534254,0.0068131868131899,-0.533333333333333,La Niña,0.222978878006053,34.6413484325283,34.8643273105343
SURIGAO DEL SUR,2021,3,Q3,8087,27.2978260869565,30.4358695652174,24.9119565217391,757.6,757.6,1012.0,840.429569444444,1688.83,355.1,10.795652173913,30.1989130434783,634.24,27.0158695652174,19.4500504540868,0.281956521739133,-0.533333333333333,La Niña,0.268631051919097,37.6410015606816,37.9096326126007
SURIGAO DEL SUR,2021,4,Q4,8088,26.1369565217391,29.0597826086956,24.0619565217391,1179.5,1179.5,1290.0,662.663519444444,1316.86,272.52,12.429347826087,31.5380434782609,849.58,26.2025,38.8333058687822,-0.0655434782608743,-0.933333333333333,La Niña,0.171076704093009,37.8852398902092,38.0563165943022
SURIGAO DEL SUR,2022,1,Q1,8089,25.6755555555556,28.5855555555556,23.5255555555556,1030.1,1030.1,1191.0,692.01595,1464.65,296.45,13.7766666666667,32.9388888888889,778.9,25.4889194139194,32.2506098343818,0.18663614163615,-0.966666666666667,La Niña,0.1024655929819,30.528711452669,30.6311770456509
SURIGAO DEL SUR,2022,2,Q2,8090,26.6758241758242,29.5230769230769,24.3318681318681,1018.2,1018.2,1151.0,814.269569444445,1738.59,350.5,13.1549450549451,31.4,544.76,27.0591208791209,86.9079961818048,-0.383296703296704,-1.0,La Niña,0.00493812045442612,44.3604905847639,44.3654287052183
SURIGAO DEL SUR,2022,3,Q3,8091,27.004347826087,30.5467391304348,24.4336956521739,900.2,900.2,882.0,842.958711111111,1762.36,361.17,9.7,25.9728260869565,634.24,27.0158695652174,41.933652875883,-0.0115217391304298,-0.9,La Niña,-0.0684314447629646,49.981391190213,50.0498226349759
SURIGAO DEL SUR,2022,4,Q4,8092,26.2836956521739,29.2184782608696,24.1184782608696,1091.1,1091.1,1357.0,695.755269444444,1389.38,284.23,11.5478260869565,29.2532608695652,849.58,26.2025,28.4281645048141,0.081195652173907,-0.9,La Niña,-0.0317466621542692,47.3801058492209,47.4118525113752
SURIGAO DEL SUR,2023,1,Q1,8093,25.5633333333333,28.5033333333333,23.4455555555556,1417.0,1417.0,1233.0,655.347694444445,1391.91,284.58,12.8144444444444,31.7555555555556,778.9,25.4889194139194,81.9232250609834,0.0744139194139208,-0.4,Neutral,-0.0598022177098265,59.7982596558713,59.8580618735812
SURIGAO DEL SUR,2023,2,Q2,8094,27.2065934065934,30.8285714285714,24.4197802197802,568.5,568.5,810.0,897.444694444444,1905.62,391.91,10.9967032967033,27.9450549450549,544.76,27.0591208791209,4.35788237021808,0.147472527472534,0.5,El Niño,0.0728900899824829,39.1607312029747,39.2336212929571
SURIGAO DEL SUR,2023,3,Q3,8095,27.3760869565217,31.2141304347826,24.5065217391304,783.5,783.5,873.0,824.403169444445,1786.01,375.59,11.1836956521739,28.1695652173913,634.24,27.0158695652174,23.5336781029263,0.360217391304349,1.33333333333333,El Niño,0.165824872591178,34.5607375097355,34.7265623823267
SURIGAO DEL SUR,2023,4,Q4,8096,26.6304347826087,30.0576086956522,24.1010869565217,761.9,761.9,1053.0,851.337822222222,1594.87,324.94,11.0489130434783,28.0847826086957,849.58,26.2025,-10.3203936062525,0.427934782608688,1.9,El Niño,0.252509655199873,24.8735979819688,25.1261076371687
SURIGAO DEL SUR,2024,1,Q1,8097,26.4351648351648,29.956043956044,23.521978021978,239.1,239.1,755.0,922.826766666667,1771.83,374.2,15.1582417582418,34.0076923076923,778.9,25.4889194139194,-69.3028630119399,0.946245421245425,1.46666666666667,El Niño,0.470467530657749,-12.932924036262,13.4033915669197
SURIGAO DEL SUR,2024,2,Q2,8098,27.9934065934066,31.2604395604396,25.0340659340659,453.0,453.0,850.0,967.876413888889,2016.02,424.73,14.832967032967,33.9285714285714,544.76,27.0591208791209,-16.8441148395624,0.934285714285721,0.433333333333333,Neutral,0.667170827361046,-18.2334233387071,18.9005941660682
SURIGAO DEL SUR,2024,3,Q3,8099,27.3391304347826,31.0260869565217,24.6521739130435,901.8,901.8,937.0,808.818722222222,1755.63,366.42,11.0065217391304,27.0326086956522,634.24,27.0158695652174,42.1859233097881,0.323260869565217,-0.1,Neutral,0.657931696926263,-13.5703620369917,14.2282937339179
SURIGAO DEL SUR,2024,4,Q4,8100,26.5988888888889,30.143956043956,24.110989010989,1053.0,1053.0,1047.0,746.043788888889,1449.03,301.07,12.0131868131868,29.0813186813187,849.58,26.2025,23.9435956590315,0.396388888888886,-0.4,Neutral,0.650045223496313,-5.00436472067067,5.65440994416698
SURIGAO DEL SUR,2025,1,Q1,8101,25.7831460674157,28.6155555555556,23.58,1138.4,1138.4,1321.0,689.363261111111,1434.28,284.12,12.7033333333333,29.1166666666667,778.9,25.4889194139194,46.1548337398896,0.294226653496317,-0.4,Neutral,0.487040531559035,23.8600594672867,24.3470999988457
SURIGAO DEL SUR,2025,2,Q2,8102,27.0472527472527,30.1010989010989,24.4901098901099,408.1,4.6,770.0,829.381041666667,1609.47,325.83,8.93736263736264,24.1626373626374,544.76,27.0591208791209,-25.0862765254424,-0.0118681318681268,-0.1,Neutral,0.250502070020573,21.7995190458167,22.0500211158373
SURIGAO DEL SUR,2025,3,Q3,8103,27.4380434782609,31.4586956521739,24.329347826087,263.9,54.7,386.0,741.040113888889,1591.55,343.68,9.56847826086956,24.6826086956522,634.24,27.0158695652174,-58.3911453077699,0.422173913043487,-0.3,Neutral,0.275230330890141,-3.3447481085728,3.61997843946294
SURIGAO DEL SUR,2025,4,Q4,8104,26.6836065573771,29.7770491803279,24.2311475409836,419.3,26.3,545.0,484.97945,875.64,181.01,9.21311475409836,25.0393442622951,849.58,26.2025,-50.6462016525813,0.481106557377046,-0.6,La Niña,0.296409748012181,-21.992197436476,22.2886071844882
ZAMBALES,2010,1,Q1,8041,27.28,30.9177777777778,24.3811111111111,16.8,16.8,71.0,960.858752777778,1782.06,425.43,16.3888888888889,33.8555555555556,67.95,26.7774932844933,-75.2759381898455,0.502506715506719,1.16666666666667,El Niño,0.502506715506719,-75.2759381898455,75.7784449053522
ZAMBALES,2010,2,Q2,8042,29.1296703296703,31.9692307692308,26.767032967033,295.7,295.7,468.0,1002.82457777778,2009.64,445.83,12.6252747252747,26.610989010989,579.37,28.6508791208791,-48.9618033381086,0.478791208791208,-0.166666666666667,Neutral,0.490648962148963,-62.1188707639771,62.609519726126
ZAMBALES,2010,3,Q3,8043,27.4880434782609,29.4826086956522,25.8478260869565,911.0,911.0,1086.0,845.637666666667,1623.13,334.73,13.070652173913,28.5,1464.91,26.9751086956522,-37.8118792280754,0.512934782608696,-1.3,La Niña,0.498077568968874,-54.0165402520099,54.5146178209787
ZAMBALES,2010,4,Q4,8044,27.1217391304348,29.5130434782609,25.4163043478261,450.8,450.8,581.0,821.634911111111,1384.49,307.93,15.3967391304348,34.5673913043478,406.34,27.2494565217391,10.9415760200817,-0.127717391304351,-1.6,La Niña,0.341628828900568,-37.777011183987,38.1186400128875
ZAMBALES,2011,1,Q1,8045,26.2277777777778,29.3688888888889,24.0955555555556,134.6,134.6,169.0,923.787175,1611.98,392.03,20.3055555555556,41.8377777777778,67.95,26.7774932844933,98.0868285504047,-0.549715506715508,-1.16666666666667,La Niña,0.0785732733450111,5.56368050107557,5.64225377442058
ZAMBALES,2011,2,Q2,8046,27.7945054945055,30.2934065934066,25.7307692307692,900.6,900.6,674.0,897.672413888889,1759.54,386.68,14.9340659340659,32.1527472527473,579.37,28.6508791208791,55.444707181939,-0.856373626373628,-0.566666666666667,La Niña,-0.255217935446198,31.6653081310875,31.9205260665337
ZAMBALES,2011,3,Q3,8047,26.5967391304348,28.1445652173913,25.3978260869565,1241.9,1241.9,1409.0,691.418216666667,1359.58,271.21,17.1108695652174,35.5282608695652,1464.91,26.9751086956522,-15.223460826945,-0.37836956521739,-0.633333333333333,La Niña,-0.478044022402719,37.3124127313701,37.7904567537728
ZAMBALES,2011,4,Q4,8048,26.9815217391304,29.2989130434783,25.1945652173913,482.6,482.6,622.0,831.236741666667,1412.54,313.82,16.3728260869565,36.0934782608696,406.34,27.2494565217391,18.7675345769553,-0.267934782608691,-1.03333333333333,La Niña,-0.513098370228804,39.2689023705885,39.7820007408173
ZAMBALES,2012,1,Q1,8049,26.9978021978022,30.067032967033,24.7791208791209,138.2,138.2,252.0,884.158122222222,1599.06,379.51,17.4406593406593,36.9406593406593,67.95,26.7774932844933,103.384841795438,0.220308913308919,-0.733333333333333,La Niña,-0.320592265222698,40.5934056818468,40.9139979470695
ZAMBALES,2012,2,Q2,8050,27.8582417582418,30.0384615384615,25.9901098901099,592.1,592.1,849.0,902.080197222222,1742.7,366.72,14.5505494505495,30.9769230769231,579.37,28.6508791208791,2.19721421544091,-0.792637362637365,-0.266666666666667,Neutral,-0.304658199288632,27.2815324402222,27.5861906395109
ZAMBALES,2012,3,Q3,8051,26.5260869565217,28.1065217391304,25.2619565217391,1306.0,1306.0,1506.0,681.610913888889,1331.56,266.27,16.4315217391304,34.4652173913043,1464.91,26.9751086956522,-10.8477653917306,-0.449021739130433,0.333333333333333,Neutral,-0.322321242766892,28.3754562990259,28.6977775417927
ZAMBALES,2012,4,Q4,8052,27.3923913043478,30.1010869565217,25.2423913043478,268.1,268.1,348.0,900.296680555556,1565.4,360.13,16.8336956521739,35.7434782608696,406.34,27.2494565217391,-34.0207707830881,0.142934782608695,0.0666666666666666,Neutral,-0.219603851462546,15.178379959015,15.3979838104776
ZAMBALES,2013,1,Q1,8053,27.3422222222222,30.8177777777778,24.8077777777778,40.5,40.5,139.0,931.259730555556,1691.25,414.72,18.0977777777778,37.5288888888889,67.95,26.7774932844933,-40.3973509933775,0.56472893772894,-0.366666666666667,Neutral,-0.133498845357541,-20.7671682381888,20.9006670835463
ZAMBALES,2013,2,Q2,8054,28.8351648351648,31.321978021978,26.7131868131868,664.6,664.6,598.0,933.201013888889,1832.91,403.97,12.6021978021978,27.4582417582418,579.37,28.6508791208791,14.7108065657525,0.184285714285714,-0.366666666666667,Neutral,0.110731923873229,-17.6387701506109,17.7495020744841
ZAMBALES,2013,3,Q3,8055,26.9315217391304,28.6119565217391,25.5597826086956,1336.0,1336.0,1302.0,668.817127777778,1380.56,284.17,14.9652173913043,32.9391304347826,1464.91,26.9751086956522,-8.79985801175499,-0.043586956521743,-0.333333333333333,Neutral,0.212090619525402,-17.126793305617,17.3388839251424
ZAMBALES,2013,4,Q4,8056,27.0815217391304,29.5065217391304,25.2489130434783,281.2,281.2,443.0,906.266077777778,1493.62,331.92,16.1086956521739,35.175,406.34,27.2494565217391,-30.7968696165773,-0.167934782608693,-0.233333333333333,Neutral,0.134373228221055,-16.3208180139893,16.4551912422104
ZAMBALES,2014,1,Q1,8057,26.4122222222222,29.9655555555556,23.7066666666667,23.8,23.8,80.0,953.286930555556,1748.15,418.24,17.2933333333333,36.1211111111111,67.95,26.7774932844933,-64.9742457689478,-0.365271062271059,-0.4,Neutral,-0.0981267717789454,-22.4650417078819,22.5631684796608
ZAMBALES,2014,2,Q2,8058,28.8021978021978,31.3450549450549,26.7527472527472,463.9,463.9,657.0,966.518738888889,1870.47,408.88,12.9989010989011,28.4725274725275,579.37,28.6508791208791,-19.9302690853859,0.151318681318678,0.133333333333333,Neutral,-0.106368530020704,-31.1253106206665,31.2316791506872
ZAMBALES,2014,3,Q3,8059,26.954347826087,28.604347826087,25.6163043478261,1316.3,1316.3,1303.0,727.092436111111,1437.17,291.09,16.1119565217391,34.4576086956522,1464.91,26.9751086956522,-10.1446505246056,-0.0207608695652155,0.1,Neutral,-0.100662008281573,-31.4615087488791,31.5621707571607
ZAMBALES,2014,4,Q4,8060,27.1423913043478,29.7054347826087,25.1923913043478,366.2,366.2,512.0,869.938366666667,1465.29,336.15,16.2967391304348,35.5097826086957,406.34,27.2494565217391,-9.87842693311021,-0.107065217391305,0.6,El Niño,-0.0854446169772256,-26.2318980780124,26.3173426949896
ZAMBALES,2015,1,Q1,8061,26.2844444444444,29.7322222222222,23.5933333333333,51.0,51.0,110.0,948.468327777778,1720.17,405.88,17.4066666666667,35.9244444444444,67.95,26.7774932844933,-24.9448123620309,-0.493048840048839,0.5,El Niño,-0.117389061421671,-16.2245397262831,16.3419287877048
ZAMBALES,2015,2,Q2,8062,28.9186813186813,31.6901098901099,26.5395604395604,221.4,221.4,410.0,1046.69055,2011.15,446.54,13.8186813186813,29.2626373626374,579.37,28.6508791208791,-61.7860779812555,0.267802197802194,0.933333333333333,El Niño,-0.0882681823007916,-26.6884919502506,26.7767601325513
ZAMBALES,2015,3,Q3,8063,27.3141304347826,29.0195652173913,25.8065217391304,972.1,972.1,1177.0,813.568844444444,1571.88,317.75,15.4163043478261,31.6315217391304,1464.91,26.9751086956522,-33.6409745308585,0.339021739130434,1.86666666666667,El Niño,0.00167746987312079,-32.5625729518138,32.5642504216869
ZAMBALES,2015,4,Q4,8064,27.5945652173913,30.2913043478261,25.4065217391304,652.6,652.6,363.0,890.314580555556,1543.96,356.12,18.2826086956522,38.5336956521739,406.34,27.2494565217391,60.6044199438893,0.345108695652172,2.53333333333333,El Niño,0.11472094813399,-14.9418612325639,15.0565821806979
ZAMBALES,2016,1,Q1,8065,26.9582417582418,30.0076923076923,24.4549450549451,52.6,52.6,168.0,943.171516666667,1661.51,383.37,15.9307692307692,32.8549450549451,67.95,26.7774932844933,-22.5901398086829,0.180748473748473,2.06666666666667,El Niño,0.283170276583318,-14.3531930942269,14.6363633708102
ZAMBALES,2016,2,Q2,8066,29.2043956043956,31.9307692307692,26.9758241758242,302.6,302.6,536.0,995.056897222222,1934.6,434.58,12.9538461538462,27.2032967032967,579.37,28.6508791208791,-47.7708545489066,0.553516483516479,0.4,Neutral,0.354598848011889,-10.8493872361397,11.2039860841515
ZAMBALES,2016,3,Q3,8067,27.2228260869565,28.8630434782609,25.9402173913043,1052.6,1052.6,1352.0,736.360427777778,1448.36,292.26,15.945652173913,33.1597826086957,1464.91,26.9751086956522,-28.1457563945908,0.247717391304349,-0.5,La Niña,0.331772761055368,-9.47558270207272,9.80735546312809
ZAMBALES,2016,4,Q4,8068,27.5130434782609,29.7804347826087,25.7217391304348,532.8,532.8,650.0,792.752625,1363.23,317.35,17.6445652173913,38.3565217391304,406.34,27.2494565217391,31.1217207264852,0.263586956521738,-0.666666666666667,La Niña,0.31139232627276,-16.8462575064238,17.1576498326965
ZAMBALES,2017,1,Q1,8069,26.5988888888889,30.2011111111111,24.0155555555556,104.2,104.2,214.0,930.079413888889,1759.68,429.35,21.6144444444444,63.1711111111111,67.95,26.7774932844933,53.3480500367918,-0.178604395604392,-0.133333333333333,Neutral,0.221554108934543,2.1382899549449,2.35984406387944
ZAMBALES,2017,2,Q2,8070,28.6043956043956,31.2197802197802,26.3945054945055,445.6,445.6,643.0,999.664561111111,2001.79,438.11,14.0373626373626,42.5681318681319,579.37,28.6508791208791,-23.0888723958783,-0.0464835164835157,0.266666666666667,Neutral,0.0715541089345448,8.30878549320197,8.38033960213651
ZAMBALES,2017,3,Q3,8071,27.2489130434783,29.1108695652174,25.8163043478261,1840.4,1840.4,1379.0,694.981494444444,1515.54,309.54,14.9554347826087,47.2489130434783,1464.91,26.9751086956522,25.6322914035675,0.273804347826086,-0.133333333333333,Neutral,0.0780758480649792,21.7532974427415,21.8313732908065
ZAMBALES,2017,4,Q4,8072,27.1032608695652,29.6717391304348,25.3097826086956,470.0,470.0,509.0,827.194147222222,1475.53,332.31,18.3804347826087,57.0586956521739,406.34,27.2494565217391,15.6666830732884,-0.146195652173912,-0.833333333333333,La Niña,-0.0243698041089333,17.8895380294423,17.9139078335513
ZAMBALES,2018,1,Q1,8073,26.9722222222222,30.59,24.4244444444444,86.3,86.3,227.0,920.590527777778,1746.34,421.93,18.8955555555556,56.6122222222222,67.95,26.7774932844933,27.0051508462104,0.194728937728939,-0.833333333333333,La Niña,0.0689635292243996,11.303813231797,11.3727767610214
ZAMBALES,2018,2,Q2,8074,28.6428571428571,31.4032967032967,26.4472527472527,1201.1,1201.1,750.0,936.869522222222,1850.31,416.02,15.0516483516484,47.2747252747253,579.37,28.6508791208791,107.311389958058,-0.0080219780219827,-0.233333333333333,Neutral,0.0785789138397828,43.903878820281,43.9824577341208
ZAMBALES,2018,3,Q3,8075,26.595652173913,28.0782608695652,25.4826086956522,2357.8,2357.8,1794.0,587.341847222222,1309.2,264.81,17.5532608695652,54.0489130434783,1464.91,26.9751086956522,60.9518673502126,-0.379456521739129,0.266666666666667,Neutral,-0.0847363035515211,52.7337728069423,52.8185091104939
ZAMBALES,2018,4,Q4,8076,27.3891304347826,30.4717391304348,25.1391304347826,233.7,233.7,405.0,891.067522222222,1662.13,384.75,17.975,54.6532608695652,406.34,27.2494565217391,-42.48658758675,0.139673913043481,0.833333333333333,El Niño,-0.013268912247173,38.1954551419327,38.2087240541799
ZAMBALES,2019,1,Q1,8077,26.7011111111111,30.4744444444444,23.63,31.5,31.5,119.0,966.100355555556,1878.35,440.29,19.2055555555556,55.9044444444445,67.95,26.7774932844933,-53.6423841059603,-0.0763821733821714,0.7,El Niño,-0.0810466900249507,18.0335714038901,18.114618093915
ZAMBALES,2019,2,Q2,8078,28.7186813186813,31.3054945054945,26.5538461538462,706.1,706.1,904.0,943.833991666667,1912.32,413.12,13.3516483516484,41.1516483516484,579.37,28.6508791208791,21.8737594283446,0.0678021978021945,0.566666666666667,El Niño,-0.0620906460689064,-3.32583622853826,3.38792687460717
ZAMBALES,2019,3,Q3,8079,26.8728260869565,28.3315217391304,25.6782608695652,2315.0,2315.0,1813.0,600.2424,1345.8,273.1,17.4565217391304,53.8836956521739,1464.91,26.9751086956522,58.0301861547808,-0.102282608695649,0.2,Neutral,0.0072028321919637,-4.05625652739622,4.06345935958818
ZAMBALES,2019,4,Q4,8080,27.175,30.0576086956522,24.9967391304348,325.4,325.4,490.0,887.713088888889,1616.88,355.19,16.2728260869565,51.2858695652174,406.34,27.2494565217391,-19.9192794211744,-0.0744565217391297,0.433333333333333,Neutral,-0.046329776503689,1.58557051399769,1.63190029050138
ZAMBALES,2020,1,Q1,8081,27.1098901098901,31.0472527472527,24.1241758241758,73.3,73.3,228.0,972.216480555556,1876.36,454.05,19.2351648351648,56.8175824175824,67.95,26.7774932844933,7.87343635025753,0.332396825396827,0.466666666666667,Neutral,0.0558649731910607,16.9645256280521,17.0203906012432
ZAMBALES,2020,2,Q2,8082,29.0945054945055,32.1230769230769,26.6307692307692,451.5,451.5,693.0,1007.94330277778,2017.56,449.05,13.3021978021978,41.4197802197802,579.37,28.6508791208791,-22.0705248804736,0.443626373626365,-0.0666666666666666,Neutral,0.149821017147103,5.97845455084759,6.12827556799469
ZAMBALES,2020,3,Q3,8083,27.7391304347826,29.8619565217391,25.995652173913,973.3,973.3,1121.0,820.777536111111,1701.93,351.09,12.8945652173913,40.479347826087,1464.91,26.9751086956522,-33.5590582356595,0.764021739130435,-0.633333333333333,La Niña,0.366397104103624,-16.9188565467625,17.2852536508661
ZAMBALES,2020,4,Q4,8084,27.1065217391304,29.4967391304348,25.3054347826087,950.1,950.1,856.0,745.271419444444,1408.99,305.31,16.8282608695652,53.9152173913043,406.34,27.2494565217391,133.818969336024,-0.142934782608691,-1.23333333333333,La Niña,0.349277538886234,21.5157056425371,21.8649831814233
ZAMBALES,2021,1,Q1,8085,26.81,30.2311111111111,24.38,145.5,145.5,382.0,890.598841666667,1694.42,397.2,17.9044444444444,54.4833333333333,67.95,26.7774932844933,114.128035320088,0.0325067155067166,-0.9,La Niña,0.274305011413706,48.0793553849948,48.3536603964085
ZAMBALES,2021,2,Q2,8086,28.7901098901099,31.8527472527473,26.178021978022,476.9,476.9,832.0,983.932955555556,1979.25,448.39,15.3010989010989,46.8725274725275,579.37,28.6508791208791,-17.6864525260196,0.139230769230767,-0.533333333333333,La Niña,0.198206110314807,49.1753734736083,49.3735795839231
ZAMBALES,2021,3,Q3,8087,27.4054347826087,29.345652173913,25.8141304347826,1513.7,1513.7,1339.0,728.465527777778,1548.89,318.25,15.5510869565217,48.6945652173913,1464.91,26.9751086956522,3.33058003563359,0.430326086956523,-0.533333333333333,La Niña,0.114782197271329,58.3977830414316,58.5125652387029
ZAMBALES,2021,4,Q4,8088,27.3673913043478,30.3978260869565,25.2739130434783,258.9,258.9,456.0,828.732811111111,1567.46,370.57,18.9663043478261,53.6358695652174,406.34,27.2494565217391,-36.2848845794163,0.117934782608696,-0.933333333333333,La Niña,0.179999588575676,15.8718195625715,16.0518191511472
ZAMBALES,2022,1,Q1,8089,27.6644444444444,31.9488888888889,24.6144444444444,115.1,115.1,276.0,945.238033333333,1808.49,448.84,18.9511111111111,52.0166666666667,67.95,26.7774932844933,69.3892568064753,0.886951159951163,-0.966666666666667,La Niña,0.393610699686787,4.68712493416825,5.08073563385504
ZAMBALES,2022,2,Q2,8090,28.432967032967,31.6681318681319,25.989010989011,635.2,635.2,707.0,941.264919444444,1952.64,432.92,14.2373626373626,40.6197802197802,579.37,28.6508791208791,9.63632911610888,-0.21791208791209,-1.0,La Niña,0.304324985401073,11.5178203447004,11.8221453301015
ZAMBALES,2022,3,Q3,8091,26.9815217391304,28.9902173913043,25.320652173913,1526.8,1526.8,1356.0,644.019280555556,1533.09,312.29,14.4326086956522,40.6836956521739,1464.91,26.9751086956522,4.22483292488957,0.0064130434782647,-0.9,La Niña,0.198346724531508,11.7413835670144,11.9397302915459
ZAMBALES,2022,4,Q4,8092,27.3402173913043,30.170652173913,25.2086956521739,523.0,523.0,480.0,845.031261111111,1596.24,359.48,18.0771739130435,50.9445652173913,406.34,27.2494565217391,28.7099473347443,0.0907608695652193,-0.9,La Niña,0.191553246270639,27.9900915455545,28.1816447918252
ZAMBALES,2023,1,Q1,8093,27.2377777777778,31.5566666666667,24.2133333333333,97.9,97.9,205.0,912.128675,1773.72,446.6,19.9666666666667,54.8644444444444,67.95,26.7774932844933,44.0765268579838,0.460284493284497,-0.4,Neutral,0.0848865796039728,21.6619090584316,21.7467956380356
ZAMBALES,2023,2,Q2,8094,28.4065934065934,31.4714285714286,26.0351648351648,618.5,618.5,854.0,946.880036111111,1971.55,428.55,14.9131868131868,41.1076923076923,579.37,28.6508791208791,6.75388784369229,-0.24428571428572,0.5,El Niño,0.0782931730105653,20.9412987403275,21.0195919133381
ZAMBALES,2023,3,Q3,8095,27.2195652173913,29.4489130434783,25.3532608695652,1470.3,1470.3,1379.0,749.78215,1685.59,340.94,15.825,42.1086956521739,1464.91,26.9751086956522,0.367940692602267,0.244456521739128,1.33333333333333,El Niño,0.137804042575781,19.9770756822557,20.1148797248314
ZAMBALES,2023,4,Q4,8096,27.7804347826087,31.5228260869565,25.0608695652174,273.9,273.9,427.0,872.004261111111,1630.59,384.15,18.6576086956522,47.9978260869565,406.34,27.2494565217391,-32.5933946940985,0.530978260869567,1.9,El Niño,0.247858390401868,4.65124017504496,4.89909856544682
ZAMBALES,2024,1,Q1,8097,27.6923076923077,32.4967032967033,24.1,49.2,49.2,143.0,978.210975,1870.0,486.23,21.8857142857143,54.9406593406593,67.95,26.7774932844933,-27.5938189845475,0.914814407814411,1.46666666666667,El Niño,0.361490869034347,-13.2663462855879,13.6278371546222
ZAMBALES,2024,2,Q2,8098,29.6021978021978,33.2791208791209,26.5318681318681,423.1,423.1,588.0,998.893944444445,2122.58,484.31,14.743956043956,39.0296703296703,579.37,28.6508791208791,-26.9724010563198,0.951318681318678,0.433333333333333,Neutral,0.660391967935446,-21.6979185105909,22.3583104785263
ZAMBALES,2024,3,Q3,8099,27.3054347826087,29.654347826087,25.5304347826087,1596.9,1596.9,1394.0,730.080472222222,1629.39,334.37,15.4554347826087,41.3065217391304,1464.91,26.9751086956522,9.01010983609915,0.330326086956521,-0.1,Neutral,0.681859359239795,-19.5373762247167,20.2192355839565
ZAMBALES,2024,4,Q4,8100,27.4655555555556,30.6,25.0956043956044,394.9,394.9,564.0,810.094741666667,1534.27,351.38,18.9197802197802,48.9098901098901,406.34,27.2494565217391,-2.81537628586899,0.21609903381643,-0.4,Neutral,0.60313955247651,-12.0928716226593,12.6960111751358
ZAMBALES,2025,1,Q1,8101,27.3056179775281,31.6444444444444,24.3311111111111,168.8,168.8,286.0,901.304225,1723.5,429.3,21.3833333333333,54.6488888888889,67.95,26.7774932844933,148.417954378219,0.528124693034805,-0.4,Neutral,0.506467123781609,31.9100717180324,32.416538841814
ZAMBALES,2025,2,Q2,8102,29.4318681318681,33.4758241758242,26.5516483516483,578.4,37.1,704.0,867.309713888889,1776.53,409.29,13.8065934065934,30.3626373626374,579.37,28.6508791208791,-0.167423235583483,0.780989010989003,-0.1,Neutral,0.46388470619919,38.6113161732165,39.0752008794157
ZAMBALES,2025,3,Q3,8103,27.8413043478261,29.820652173913,26.4054347826087,1720.2,203.5,1445.0,539.127552777778,1296.73,280.3,13.0836956521739,38.8989130434783,1464.91,26.9751086956522,17.4270091677987,0.866195652173914,-0.3,Neutral,0.597852097503538,40.7155410061414,41.3133931036449
ZAMBALES,2025,4,Q4,8104,28.4409836065574,31.3573770491803,26.4377049180328,480.1,113.4,452.0,512.940305555556,992.51,218.05,15.7081967213115,37.144262295082,406.34,27.2494565217391,18.1522862627356,1.19152708481824,-0.6,La Niña,0.841709110253992,45.9574566432925,46.7991657535465
ZAMBOANGA DEL NORTE,2010,1,Q1,8041,27.0277777777778,30.2455555555556,24.5777777777778,660.8,660.8,1186.0,1861.17046666667,3662.26,761.98,18.5005555555556,40.265,1158.98,26.6004139194139,-42.9843483062693,0.427363858363858,1.16666666666667,El Niño,0.427363858363858,-42.9843483062693,43.4117121646332
ZAMBOANGA DEL NORTE,2010,2,Q2,8042,28.7032967032967,32.4604395604396,25.7653846153846,1115.1,1115.1,1414.0,1999.08408611111,4034.78,873.34,12.2148351648352,30.0175824175824,1289.09,28.0852747252747,-13.4971181220861,0.618021978021982,-0.166666666666667,Neutral,0.52269291819292,-28.2407332141777,28.7634261323706
ZAMBOANGA DEL NORTE,2010,3,Q3,8043,27.6695652173913,31.2603260869565,25.008152173913,2100.3,2100.3,1989.0,1819.11075,3644.86,758.28,9.14836956521739,25.2309782608696,1493.2,27.504347826087,40.6576480042861,0.165217391304349,-1.3,La Niña,0.403534409230063,-5.27460614135644,5.67814055058651
ZAMBOANGA DEL NORTE,2010,4,Q4,8044,27.0961956521739,30.479347826087,24.7146739130435,1964.2,1964.2,2222.0,1781.03848611111,3149.85,642.66,11.6108695652174,28.9945652173913,1546.14,27.099347826087,27.0389486075,-0.003152173913044,-1.6,La Niña,0.301862763444286,2.80378254585766,3.10564530930195
ZAMBOANGA DEL NORTE,2011,1,Q1,8045,26.2683333333333,29.1411111111111,24.3294444444444,2432.2,2432.2,2470.0,1479.65437777778,2952.69,590.69,17.0633333333333,38.1783333333333,1158.98,26.6004139194139,109.85694317417,-0.33208058608059,-1.16666666666667,La Niña,0.112001652333174,41.0141054159676,41.1261070683008
ZAMBOANGA DEL NORTE,2011,2,Q2,8046,27.4752747252747,30.6571428571429,25.1208791208791,1648.4,1648.4,1790.0,1729.51036666667,3485.77,719.53,12.4252747252747,30.282967032967,1289.09,28.0852747252747,27.8731508273278,-0.609999999999996,-0.566666666666667,La Niña,-0.19500384217232,51.3566726533211,51.5516764954934
ZAMBOANGA DEL NORTE,2011,3,Q3,8047,27.5184782608696,30.8228260869565,25.1527173913043,1378.6,1378.6,1594.0,1730.55531111111,3474.47,732.09,12.983152173913,33.9961956521739,1493.2,27.504347826087,-7.67479239217788,0.0141304347826078,-0.633333333333333,La Niña,-0.232775581302755,39.2735625542051,39.5063381355078
ZAMBOANGA DEL NORTE,2011,4,Q4,8048,27.1494565217391,30.3146739130435,24.8929347826087,1847.6,1847.6,2135.0,1720.40471111111,3171.31,645.41,12.9989130434783,31.9559782608696,1546.14,27.099347826087,19.4975875405849,0.0501086956521739,-1.03333333333333,La Niña,-0.219460363911451,37.3882222874763,37.6076826513878
ZAMBOANGA DEL NORTE,2012,1,Q1,8049,26.7769230769231,29.7807692307692,24.639010989011,1544.4,1544.4,2024.0,1767.52461388889,3392.42,679.16,16.3120879120879,37.4,1158.98,26.6004139194139,33.2551036256018,0.176509157509159,-0.733333333333333,La Niña,-0.0923129280140138,18.2377624003342,18.3300753283482
ZAMBOANGA DEL NORTE,2012,2,Q2,8050,27.8362637362637,31.2203296703297,25.2516483516484,1308.8,1308.8,1506.0,1924.86255833333,3822.93,789.64,11.7357142857143,29.7648351648352,1289.09,28.0852747252747,1.5289855634595,-0.249010989010991,-0.266666666666667,Neutral,-0.00206567526676253,11.6517210843671,11.6537867596339
ZAMBOANGA DEL NORTE,2012,3,Q3,8051,27.529347826087,30.7625,25.2244565217391,1357.5,1357.5,1657.0,1713.9541,3480.09,735.31,13.7010869565217,35.016847826087,1493.2,27.504347826087,-9.08786498794535,0.0249999999999985,0.333333333333333,Neutral,0.000651716037585146,11.2984529354252,11.2991046514628
ZAMBOANGA DEL NORTE,2012,4,Q4,8052,27.2092391304348,30.3233695652174,24.929347826087,1274.3,1274.3,1817.0,1776.34539444444,3306.87,676.66,16.0309782608696,37.1086956521739,1546.14,27.099347826087,-17.5818489916825,0.109891304347826,0.0666666666666666,Neutral,0.0155973682114982,2.02859380235837,2.04419117056986
ZAMBOANGA DEL NORTE,2013,1,Q1,8053,26.8338888888889,29.7472222222222,24.695,1404.5,1404.5,1830.0,1683.26431666667,3317.99,672.88,17.8544444444444,38.9494444444444,1158.98,26.6004139194139,21.1841446789418,0.233474969474969,-0.366666666666667,Neutral,0.0298388212029507,-0.989145934306635,1.01898475550959
ZAMBOANGA DEL NORTE,2013,2,Q2,8054,28.2967032967033,31.7912087912088,25.5961538461538,1523.7,1523.7,1688.0,1801.28002222222,3684.31,783.8,10.8346153846154,27.3472527472527,1289.09,28.0852747252747,18.1996602254304,0.211428571428573,-0.366666666666667,Neutral,0.144948711312842,3.17852273118608,3.32347144249892
ZAMBOANGA DEL NORTE,2013,3,Q3,8055,27.5282608695652,30.8684782608696,25.1478260869565,1648.3,1648.3,1914.0,1714.25161944444,3393.99,715.3,12.1777173913043,31.245652173913,1493.2,27.504347826087,10.387088132869,0.0239130434782595,-0.333333333333333,Neutral,0.144676972182407,8.04726101138967,8.19193798357207
ZAMBOANGA DEL NORTE,2013,4,Q4,8056,27.1092391304348,30.1961956521739,24.8913043478261,1538.0,1538.0,1948.0,1736.65139444444,3158.49,642.45,14.7782608695652,34.5739130434783,1546.14,27.099347826087,-0.526472376369531,0.0098913043478283,-0.233333333333333,Neutral,0.119676972182408,12.3111051652179,12.4307821374003
ZAMBOANGA DEL NORTE,2014,1,Q1,8057,26.0966666666667,28.8561111111111,23.9633333333333,1497.3,1497.3,1805.0,1609.14988888889,3215.53,651.02,19.3116666666667,41.4738888888889,1158.98,26.6004139194139,29.1911853526377,-0.503747252747257,-0.4,Neutral,-0.0646285833731488,14.3128653336419,14.377493917015
ZAMBOANGA DEL NORTE,2014,2,Q2,8058,28.0417582417582,31.5054945054945,25.2912087912088,1587.6,1587.6,1674.0,1839.45383611111,3732.2,777.32,11.332967032967,28.2104395604396,1289.09,28.0852747252747,23.1566453855045,-0.0435164835164769,0.133333333333333,Neutral,-0.128364847109411,15.5521116236604,15.6804764707698
ZAMBOANGA DEL NORTE,2014,3,Q3,8059,27.4201086956522,30.6038043478261,25.0391304347826,1404.0,1404.0,1730.0,1614.11761111111,3283.86,693.32,12.8771739130435,32.625,1493.2,27.504347826087,-5.97374765604072,-0.0842391304347849,0.1,Neutral,-0.155402890587673,11.461902676433,11.6173055670207
ZAMBOANGA DEL NORTE,2014,4,Q4,8060,27.0798913043478,30.0902173913043,24.8016304347826,1597.9,1597.9,2013.0,1689.43970555556,3076.65,632.67,14.641847826087,34.0494565217391,1546.14,27.099347826087,3.3476916708707,-0.01945652173913,0.6,El Niño,-0.162739847109412,12.430443688243,12.5931835353524
ZAMBOANGA DEL NORTE,2015,1,Q1,8061,26.6661111111111,29.8644444444444,24.085,472.3,472.3,1196.0,1878.86803333333,3678.59,764.85,18.1511111111111,39.2566666666667,1158.98,26.6004139194139,-59.248649674714,0.0656971916971898,0.5,El Niño,-0.0203787359983005,-9.67951506859487,9.69989380459317
ZAMBOANGA DEL NORTE,2015,2,Q2,8062,28.6324175824176,32.2395604395604,25.5604395604396,902.6,902.6,1391.0,1908.74023611111,3870.82,839.89,11.2956043956044,28.0313186813187,1289.09,28.0852747252747,-29.9816149376692,0.547142857142862,0.933333333333333,El Niño,0.127286099166534,-22.9640801493883,23.0913662485548
ZAMBOANGA DEL NORTE,2015,3,Q3,8063,27.7711956521739,30.9576086956522,25.3179347826087,1441.1,1441.1,1598.0,1784.46620555556,3472.57,744.17,13.0701086956522,32.7967391304348,1493.2,27.504347826087,-3.48915081703724,0.266847826086956,1.86666666666667,El Niño,0.215057838296969,-22.3429309396374,22.5579887779344
ZAMBOANGA DEL NORTE,2015,4,Q4,8064,27.4798913043478,30.5630434782609,25.0820652173913,1020.3,1020.3,1601.0,1874.420675,3396.71,701.7,15.3608695652174,35.5266304347826,1546.14,27.099347826087,-34.0098568046878,0.380543478260872,2.53333333333333,El Niño,0.31505783829697,-31.6823180585271,31.997375896824
ZAMBOANGA DEL NORTE,2016,1,Q1,8065,27.6005494505495,31.1038461538462,24.7164835164835,273.6,273.6,849.0,1986.67549166667,3952.5,846.51,17.4807692307692,38.7637362637363,1158.98,26.6004139194139,-76.3930352551381,1.00013553113553,2.06666666666667,El Niño,0.548667423156555,-35.9684144536331,36.5170818767896
ZAMBOANGA DEL NORTE,2016,2,Q2,8066,28.9362637362637,32.7505494505494,25.8774725274725,1641.4,1641.4,1572.0,1968.44714722222,3930.84,870.16,11.8813186813187,29.5005494505495,1289.09,28.0852747252747,27.3301321086968,0.850989010989011,0.4,Neutral,0.624628961618092,-21.6404776920416,22.2651066536597
ZAMBOANGA DEL NORTE,2016,3,Q3,8067,27.9836956521739,31.3391304347826,25.4516304347826,1402.9,1402.9,1637.0,1798.65830277778,3547.55,751.13,12.4570652173913,32.2695652173913,1493.2,27.504347826087,-6.04741494776319,0.479347826086961,-0.5,La Niña,0.677753961618094,-22.2800437247231,22.9577976863412
ZAMBOANGA DEL NORTE,2016,4,Q4,8068,27.2097826086957,30.2961956521739,24.9755434782609,1733.8,1733.8,2141.0,1668.52923611111,3026.48,620.99,13.2972826086957,32.6913043478261,1546.14,27.099347826087,12.1373226227897,0.110434782608696,-0.666666666666667,La Niña,0.61022678770505,-10.7432488678537,11.3534756555588
ZAMBOANGA DEL NORTE,2017,1,Q1,8069,26.1294444444444,28.1105555555556,24.6072222222222,1372.1,1372.1,1721.0,1503.91158055556,3010.16,627.89,20.9438888888889,44.385,1158.98,26.6004139194139,18.3885830644187,-0.470969474969475,-0.133333333333333,Neutral,0.242450536178798,12.9521557120355,13.1946062482143
ZAMBOANGA DEL NORTE,2017,2,Q2,8070,27.3576923076923,29.6824175824176,25.4994505494505,1422.9,1422.9,1902.0,1901.95105,3686.68,735.29,13.1516483516484,31.1543956043956,1289.09,28.0852747252747,10.3801906771444,-0.727582417582411,0.266666666666667,Neutral,-0.152192320964057,8.71467035414738,8.86686267511144
ZAMBOANGA DEL NORTE,2017,3,Q3,8071,27.0451086956522,29.4483695652174,25.2326086956522,2026.4,2026.4,1959.0,1702.21123055556,3368.6,682.01,13.316847826087,32.1798913043478,1493.2,27.504347826087,35.7085454058398,-0.459239130434785,-0.133333333333333,Neutral,-0.386839060094494,19.1536604425481,19.5404995026426
ZAMBOANGA DEL NORTE,2017,4,Q4,8072,26.8282608695652,28.9896739130435,25.1891304347826,1777.0,1777.0,2237.0,1586.31078055556,2881.63,589.86,16.3380434782609,37.6489130434783,1546.14,27.099347826087,14.9313774949228,-0.271086956521739,-0.833333333333333,La Niña,-0.482219494877103,19.8521741605814,20.3343936554585
ZAMBOANGA DEL NORTE,2018,1,Q1,8073,26.475,28.6511111111111,24.7577777777778,1554.0,1554.0,1772.0,1661.67986111111,3274.52,663.66,18.4033333333333,40.0116666666667,1158.98,26.6004139194139,34.0834181780531,-0.125413919413919,-0.833333333333333,La Niña,-0.395830605988214,23.77588293899,24.1717135449782
ZAMBOANGA DEL NORTE,2018,2,Q2,8074,27.5714285714286,30.1137362637363,25.5120879120879,922.1,922.1,1609.0,1910.9333,3793.93,775.46,14.6362637362637,34.3769230769231,1289.09,28.0852747252747,-28.4689199357686,-0.513846153846149,-0.233333333333333,Neutral,-0.342396540054148,14.0636052857618,14.4060018258159
ZAMBOANGA DEL NORTE,2018,3,Q3,8075,27.1722826086956,29.5440217391304,25.3625,1133.2,1133.2,1774.0,1769.89766111111,3515.38,726.22,17.6070652173913,41.3608695652174,1493.2,27.504347826087,-24.1092954728101,-0.332065217391307,0.266666666666667,Neutral,-0.310603061793278,-0.890854933900687,1.20145799569397
ZAMBOANGA DEL NORTE,2018,4,Q4,8076,26.8190217391304,29.0342391304348,25.0951086956522,1379.4,1379.4,2424.0,1742.22908055556,3216.27,650.09,16.679347826087,37.3184782608696,1546.14,27.099347826087,-10.7842756800807,-0.280326086956521,0.833333333333333,El Niño,-0.312912844401974,-7.31976822765157,7.63268107205355
ZAMBOANGA DEL NORTE,2019,1,Q1,8077,26.1294444444444,28.4072222222222,24.3411111111111,378.6,378.6,1107.0,1849.47980555556,3690.36,774.24,21.635,45.5894444444444,1158.98,26.6004139194139,-67.3333448377021,-0.470969474969475,0.7,El Niño,-0.399301733290863,-32.6739589815904,33.0732607148812
ZAMBOANGA DEL NORTE,2019,2,Q2,8078,28.0016483516484,30.743956043956,25.7851648351648,818.3,818.3,1551.0,1974.19669444444,3943.19,830.81,15.7631868131868,36.6648351648352,1289.09,28.0852747252747,-36.5211117920393,-0.083626373626366,0.566666666666667,El Niño,-0.291746788235917,-34.6870069456581,34.978753733894
ZAMBOANGA DEL NORTE,2019,3,Q3,8079,27.4054347826087,29.8858695652174,25.4836956521739,1039.7,1039.7,1713.0,1696.27886111111,3534.5,745.3,17.2222826086957,39.5891304347826,1493.2,27.504347826087,-30.3710152692205,-0.0989130434782588,0.2,Neutral,-0.233458744757655,-36.2524368947607,36.4858956395183
ZAMBOANGA DEL NORTE,2019,4,Q4,8080,27.0125,29.4391304347826,25.1288043478261,1328.9,1328.9,2238.0,1801.09025833333,3256.8,663.47,15.5690217391304,36.0586956521739,1546.14,27.099347826087,-14.0504740838475,-0.0868478260869558,0.433333333333333,Neutral,-0.185089179540264,-37.0689864957024,37.2540756752426
ZAMBOANGA DEL NORTE,2020,1,Q1,8081,26.7967032967033,29.1010989010989,24.9846153846154,533.9,533.9,1480.0,1912.24970555556,3758.79,789.22,21.1346153846154,44.6675824175824,1158.98,26.6004139194139,-53.9336312964848,0.196289377289375,0.466666666666667,Neutral,-0.0182744664755514,-33.719058110398,33.7373325768736
ZAMBOANGA DEL NORTE,2020,2,Q2,8082,27.9543956043956,30.7115384615385,25.7549450549451,1126.7,1126.7,1748.0,1875.71653055556,3822.46,807.0,15.0384615384615,34.6846153846154,1289.09,28.0852747252747,-12.5972585312119,-0.130879120879118,-0.0666666666666666,Neutral,-0.0300876532887395,-27.7380947951912,27.7681824484799
ZAMBOANGA DEL NORTE,2020,3,Q3,8083,27.2625,29.7570652173913,25.2760869565217,1867.6,1867.6,2217.0,1749.98208611111,3520.45,710.21,13.195652173913,31.7141304347826,1493.2,27.504347826087,25.0736672917225,-0.241847826086957,-0.633333333333333,La Niña,-0.065821348940914,-13.8769241549555,13.9427455038964
ZAMBOANGA DEL NORTE,2020,4,Q4,8084,26.8923913043478,29.1983695652174,25.2277173913043,1822.7,1822.7,2634.0,1597.37756111111,2955.09,596.19,15.2114130434783,35.1336956521739,1546.14,27.099347826087,17.8871253573415,-0.20695652173913,-1.23333333333333,La Niña,-0.0958485228539576,-5.89252429465819,5.98837281751215
ZAMBOANGA DEL NORTE,2021,1,Q1,8085,26.4738888888889,28.6005555555556,24.87,1488.1,1488.1,2353.0,1590.85961111111,3158.8,642.9,17.5422222222222,38.7522222222222,1158.98,26.6004139194139,28.3973839065385,-0.126525030525031,-0.9,La Niña,-0.176552124807559,14.6902295060976,14.8667816309052
ZAMBOANGA DEL NORTE,2021,2,Q2,8086,27.3071428571429,29.6681318681319,25.3708791208791,1582.0,1582.0,2143.0,1820.33248333333,3627.44,730.24,14.5450549450549,34.4010989010989,1289.09,28.0852747252747,22.7222304105997,-0.778131868131869,-0.533333333333333,La Niña,-0.338365311620747,23.5201017415506,23.8584670531713
ZAMBOANGA DEL NORTE,2021,3,Q3,8087,27.3326086956522,29.7722826086957,25.3902173913044,1440.6,1440.6,2063.0,1770.74651388889,3531.79,726.76,14.5005434782609,33.945652173913,1493.2,27.504347826087,-3.52263594963837,-0.171739130434784,-0.533333333333333,La Niña,-0.320838137707703,16.3710259312103,16.691864068918
ZAMBOANGA DEL NORTE,2021,4,Q4,8088,26.7315217391304,29.1217391304348,24.8961956521739,2102.5,2102.5,2549.0,1563.11118055556,3037.15,620.0,17.4842391304348,37.4157608695652,1546.14,27.099347826087,35.983804830093,-0.367826086956516,-0.933333333333333,La Niña,-0.36105552901205,20.8951957993982,21.2562513284103
ZAMBOANGA DEL NORTE,2022,1,Q1,8089,26.3811111111111,28.6244444444444,24.5638888888889,1174.3,1174.3,1987.0,1647.06926388889,3393.21,682.23,19.1511111111111,39.3238888888889,1158.98,26.6004139194139,1.32185197328685,-0.219302808302803,-0.966666666666667,La Niña,-0.384249973456493,14.1263128160853,14.5105627895418
ZAMBOANGA DEL NORTE,2022,2,Q2,8090,27.0489010989011,29.5274725274725,25.0038461538462,1928.3,1928.3,2156.0,1752.40653333333,3707.11,742.09,14.578021978022,31.6,1289.09,28.0852747252747,49.5861421623005,-1.03637362637363,-1.0,La Niña,-0.448810413016933,20.8422907540105,21.2911011670274
ZAMBOANGA DEL NORTE,2022,3,Q3,8091,27.079347826087,29.7467391304348,24.9733695652174,1651.5,1651.5,1823.0,1780.02813333333,3716.65,744.8,13.5902173913043,30.3864130434783,1493.2,27.504347826087,10.6013929815162,-0.424999999999997,-0.9,La Niña,-0.512125630408236,24.3732979867992,24.8854236172074
ZAMBOANGA DEL NORTE,2022,4,Q4,8092,26.7641304347826,29.2173913043478,24.8728260869565,2061.4,2061.4,2535.0,1553.53396388889,3120.31,632.04,16.5108695652174,35.0929347826087,1546.14,27.099347826087,33.3255720697996,-0.335217391304344,-0.9,La Niña,-0.503973456495193,23.7087397967258,24.212713253221
ZAMBOANGA DEL NORTE,2023,1,Q1,8093,26.2088888888889,28.4372222222222,24.4727777777778,1856.4,1856.4,2282.0,1458.70776944444,3121.75,636.94,19.3222222222222,39.4038888888889,1158.98,26.6004139194139,60.1753265802689,-0.391525030525031,-0.4,Neutral,-0.54702901205075,38.4221084484713,38.9691374605221
ZAMBOANGA DEL NORTE,2023,2,Q2,8094,27.6203296703297,30.3236263736264,25.3214285714286,1376.2,1376.2,1654.0,1876.29118888889,3906.0,799.32,14.2956043956044,31.6098901098901,1289.09,28.0852747252747,6.75748008284915,-0.464945054945055,0.5,El Niño,-0.404171869193607,27.7149429286085,28.1191147978021
ZAMBOANGA DEL NORTE,2023,3,Q3,8095,27.3364130434783,30.3385869565217,25.1184782608696,1610.7,1610.7,1800.0,1784.78674444444,3701.73,774.01,16.2222826086957,37.1027173913043,1493.2,27.504347826087,7.8690061612644,-0.167934782608697,1.33333333333333,El Niño,-0.339905564845782,27.0318462235455,27.3717517883913
ZAMBOANGA DEL NORTE,2023,4,Q4,8096,27.1152173913043,30.1755434782609,24.7701086956522,1485.6,1485.6,2132.0,1779.68721388889,3409.24,700.47,15.1125,34.2277173913043,1546.14,27.099347826087,-3.91555745275331,0.0158695652173932,1.9,El Niño,-0.252133825715347,17.7215638429073,17.9736976686226
ZAMBOANGA DEL NORTE,2024,1,Q1,8097,27.0945054945055,30.0934065934066,24.7664835164835,366.3,366.3,1263.0,1866.84731388889,3808.53,838.27,21.1181318681319,45.2752747252747,1158.98,26.6004139194139,-68.3946228580303,0.49409157509157,1.46666666666667,El Niño,-0.0307296743111971,-14.4209235166675,14.4516531909787
ZAMBOANGA DEL NORTE,2024,2,Q2,8098,28.671978021978,32.271978021978,25.7791208791209,902.2,902.2,1375.0,1987.93749722222,4155.91,923.89,15.9686813186813,36.9071428571429,1289.09,28.0852747252747,-30.0126445787338,0.586703296703302,0.433333333333333,Neutral,0.232182413600892,-23.6134546820633,23.8456370956642
ZAMBOANGA DEL NORTE,2024,3,Q3,8099,27.3163043478261,30.275,25.145652173913,1682.5,1682.5,1905.0,1724.74691944444,3634.75,749.43,14.3478260869565,33.4336956521739,1493.2,27.504347826087,12.677471202786,-0.18804347826087,-0.1,Neutral,0.227155239687849,-22.4113384216829,22.6384936613707
ZAMBOANGA DEL NORTE,2024,4,Q4,8100,27.0272222222222,30.182967032967,24.7274725274725,1607.2,1607.2,2120.0,1681.77348611111,3235.25,668.89,14.8675824175824,34.6989010989011,1546.14,27.099347826087,3.9491895947327,-0.0721256038647339,-0.4,Neutral,0.205156447417317,-20.4451516598114,20.6503081072287
ZAMBOANGA DEL NORTE,2025,1,Q1,8101,26.5859550561798,29.6983333333333,24.3494444444444,1332.6,1332.6,2287.0,1633.87921388889,3311.43,676.09,17.1055555555556,39.3705555555556,1158.98,26.6004139194139,14.9804138121452,-0.0144588632341431,-0.4,Neutral,0.0780188378358889,0.398607507732496,0.476626345568385
ZAMBOANGA DEL NORTE,2025,2,Q2,8102,27.9032967032967,31.7923076923077,24.843956043956,589.8,1.9,967.0,1765.19503611111,3588.75,764.74,11.6137362637363,29.7098901098901,1289.09,28.0852747252747,-54.2467942502075,-0.181978021978022,-0.1,Neutral,-0.114151491834442,-5.65992991013592,5.77408140197037
ZAMBOANGA DEL NORTE,2025,3,Q3,8103,26.9559782608696,30.8603260869565,24.2288043478261,937.6,157.5,1112.0,1565.5857,3328.58,714.19,11.4836956521739,32.5847826086957,1493.2,27.504347826087,-37.2086793463702,-0.548369565217392,-0.3,Neutral,-0.204233013573573,-18.131467547425,18.3357005609985
ZAMBOANGA DEL NORTE,2025,4,Q4,8104,26.6868852459016,30.1959016393443,24.2385245901639,958.5,225.9,1097.0,1004.00044722222,1949.78,405.75,9.39426229508197,30.844262295082,1546.14,27.099347826087,-38.006907524545,-0.412462580185316,-0.6,La Niña,-0.289317257653718,-28.6204918272444,28.9098090848981
ZAMBOANGA DEL SUR,2010,1,Q1,8041,27.2122222222222,29.5788888888889,25.3744444444444,198.6,198.6,196.0,911.935225,1782.16,375.59,11.8966666666667,29.1133333333333,316.09,26.8014835164835,-37.1697934132684,0.410738705738702,1.16666666666667,El Niño,0.410738705738702,-37.1697934132684,37.5805321190071
ZAMBOANGA DEL SUR,2010,2,Q2,8042,27.7417582417582,29.5571428571429,26.0076923076923,340.2,340.2,460.0,875.996288888889,1710.44,351.44,7.97252747252747,24.8956043956044,694.98,27.2343956043956,-51.0489510489511,0.507362637362636,-0.166666666666667,Neutral,0.459050671550669,-44.1093722311097,44.5684229026604
ZAMBOANGA DEL SUR,2010,3,Q3,8043,26.875,28.470652173913,25.2641304347826,552.7,552.7,702.0,789.129488888889,1592.08,320.9,8.26304347826087,24.1641304347826,980.96,26.4439130434783,-43.6572337302234,0.431086956521739,-1.3,La Niña,0.449729433207692,-43.958659397481,44.4083888306886
ZAMBOANGA DEL SUR,2010,4,Q4,8044,26.6108695652174,28.3195652173913,25.1586956521739,598.1,598.1,720.0,788.929405555555,1425.58,288.23,7.43695652173913,22.7934782608696,634.52,26.7267391304348,-5.73977179600327,-0.115869565217395,-1.6,La Niña,0.30832968360142,-34.4039374971115,34.712267180713
ZAMBOANGA DEL SUR,2011,1,Q1,8045,26.3177777777778,28.1255555555556,24.9711111111111,517.3,517.3,609.0,700.020005555556,1401.67,287.14,11.0177777777778,26.9188888888889,316.09,26.8014835164835,63.6559207820557,-0.483705738705741,-1.16666666666667,La Niña,0.0847185724903099,-9.19750894828051,9.28222752077082
ZAMBOANGA DEL SUR,2011,2,Q2,8046,26.7,28.3956043956044,25.2527472527472,902.3,902.3,865.0,739.692513888889,1500.99,304.59,8.65274725274725,25.3956043956044,694.98,27.2343956043956,29.8310742755187,-0.534395604395606,-0.566666666666667,La Niña,-0.17572098794925,11.0224973828369,11.1982183707862
ZAMBOANGA DEL SUR,2011,3,Q3,8047,26.2054347826087,27.7402173913043,24.8826086956522,985.1,985.1,1097.0,768.040027777778,1497.27,294.79,9.52282608695652,28.6336956521739,980.96,26.4439130434783,0.422035557005404,-0.238478260869566,-0.633333333333333,La Niña,-0.343112292297077,22.0423147046441,22.3854269969412
ZAMBOANGA DEL SUR,2011,4,Q4,8048,26.6913043478261,28.3858695652174,25.2184782608696,596.1,596.1,639.0,791.821941666667,1468.32,297.21,7.875,23.3869565217391,634.52,26.7267391304348,-6.05497068650318,-0.0354347826086964,-1.03333333333333,La Niña,-0.323003596644902,21.9635149820192,22.2865185786641
ZAMBOANGA DEL SUR,2012,1,Q1,8049,26.5967032967033,28.5274725274725,25.1241758241758,426.1,426.1,488.0,813.655683333333,1560.1,316.29,9.34725274725275,25.4538461538462,316.09,26.8014835164835,34.8033787845234,-0.204780219780218,-0.733333333333333,La Niña,-0.253272216913522,14.7503794826361,15.0036516995496
ZAMBOANGA DEL SUR,2012,2,Q2,8050,26.6835164835165,28.3472527472527,25.1868131868132,917.6,917.6,814.0,838.448858333333,1607.71,320.17,8.18131868131868,25.6241758241758,694.98,27.2343956043956,32.0325764770209,-0.550879120879124,-0.266666666666667,Neutral,-0.257393096034401,15.3007550330116,15.558148129046
ZAMBOANGA DEL SUR,2012,3,Q3,8051,26.2510869565217,27.725,24.925,1050.8,1050.8,1193.0,751.060361111111,1488.72,293.63,9.8304347826087,30.6608695652174,980.96,26.4439130434783,7.11955635296038,-0.192826086956522,0.333333333333333,Neutral,-0.24598005255614,16.9751352320004,17.2211152845565
ZAMBOANGA DEL SUR,2012,4,Q4,8052,26.7402173913043,28.4934782608696,25.2119565217391,601.6,601.6,484.0,832.350616666667,1520.23,308.97,8.9945652173913,26.1054347826087,634.52,26.7267391304348,-5.18817373762844,0.0134782608695651,0.0666666666666666,Neutral,-0.233751791686575,17.1918344692191,17.4255862609056
ZAMBOANGA DEL SUR,2013,1,Q1,8053,26.7833333333333,28.7844444444444,25.2733333333333,430.8,430.8,458.0,796.539005555555,1581.09,327.39,11.6333333333333,28.2622222222222,316.09,26.8014835164835,36.290297067291,-0.0181501831501869,-0.366666666666667,Neutral,-0.187094282529067,17.563564039911,17.75065832244
ZAMBOANGA DEL SUR,2013,2,Q2,8054,27.143956043956,28.7989010989011,25.5681318681319,690.6,690.6,780.0,768.393758333333,1546.65,314.44,7.32747252747253,23.0703296703297,694.98,27.2343956043956,-0.630233963567296,-0.0904395604395631,-0.366666666666667,Neutral,-0.0719843924191767,9.3978614297639,9.46984582218308
ZAMBOANGA DEL SUR,2013,3,Q3,8055,26.3358695652174,27.9032608695652,24.9347826086956,889.4,889.4,1086.0,730.097205555556,1474.69,295.15,9.025,27.6021739130435,980.96,26.4439130434783,-9.33371391290163,-0.108043478260864,-0.333333333333333,Neutral,-0.0507887402452623,5.2845438632984,5.33533260354366
ZAMBOANGA DEL SUR,2013,4,Q4,8056,26.6021739130435,28.2576086956522,25.120652173913,749.6,749.6,719.0,784.470063888889,1436.96,291.08,8.10326086956522,24.7184782608696,634.52,26.7267391304348,18.1365441593646,-0.124565217391304,-0.233333333333333,Neutral,-0.0852996098104794,11.1157233375466,11.2010229473571
ZAMBOANGA DEL SUR,2014,1,Q1,8057,26.3966666666667,28.6155555555556,24.8144444444444,356.2,356.2,372.0,769.281186111111,1576.55,338.28,14.0588888888889,32.8344444444444,316.09,26.8014835164835,12.6894238982568,-0.404816849816854,-0.4,Neutral,-0.181966276477146,5.21550504528811,5.39747132176526
ZAMBOANGA DEL SUR,2014,2,Q2,8058,27.3164835164835,29.0659340659341,25.6626373626374,629.2,629.2,694.0,816.913355555556,1605.16,328.9,8.3010989010989,25.3736263736264,694.98,27.2343956043956,-9.46502057613168,0.0820879120879141,0.133333333333333,Neutral,-0.138834408345277,3.00680839214701,3.14564280049229
ZAMBOANGA DEL SUR,2014,3,Q3,8059,26.3413043478261,27.8423913043478,24.9652173913043,1015.3,1015.3,1064.0,717.895330555556,1459.02,290.51,9.20108695652174,28.5771739130435,980.96,26.4439130434783,3.50065242211713,-0.102608695652172,0.1,Neutral,-0.137475712693104,6.2153999759017,6.35287568859481
ZAMBOANGA DEL SUR,2014,4,Q4,8060,26.7239130434783,28.479347826087,25.1467391304348,601.3,601.3,633.0,785.978036111111,1442.09,294.74,8.96630434782609,25.5163043478261,634.52,26.7267391304348,-5.23545357120343,-0.0028260869565244,0.6,El Niño,-0.107040930084409,0.372400543259705,0.479441473344114
ZAMBOANGA DEL SUR,2015,1,Q1,8061,27.0111111111111,29.4811111111111,25.0655555555556,61.4,61.4,160.0,937.970638888889,1814.4,389.84,13.4411111111111,32.4888888888889,316.09,26.8014835164835,-80.5751526463982,0.209627594627598,0.5,El Niño,0.0465701810267038,-22.943743592904,22.9903137739307
ZAMBOANGA DEL SUR,2015,2,Q2,8062,27.3208791208791,29.0989010989011,25.5934065934066,492.1,492.1,591.0,881.489463888889,1683.05,342.04,7.65824175824176,25.7263736263736,694.98,27.2343956043956,-29.1922069699847,0.0864835164835149,0.933333333333333,El Niño,0.047669082125604,-27.8755401913673,27.9232092734929
ZAMBOANGA DEL SUR,2015,3,Q3,8063,26.3391304347826,27.6380434782609,25.045652173913,1076.1,1076.1,1086.0,766.401244444444,1480.98,292.76,10.2130434782609,29.8260869565217,980.96,26.4439130434783,9.69866253465994,-0.104782608695654,1.86666666666667,El Niño,0.0471256038647336,-26.3260376632316,26.3731632670963
ZAMBOANGA DEL SUR,2015,4,Q4,8064,26.9597826086957,28.7923913043478,25.4260869565217,469.8,469.8,494.0,897.965261111111,1589.11,322.91,8.71195652173913,25.3619565217391,634.52,26.7267391304348,-25.9597806215722,0.233043478260868,2.53333333333333,El Niño,0.106092995169082,-31.5071194258238,31.6132124209929
ZAMBOANGA DEL SUR,2016,1,Q1,8065,27.8681318681319,30.289010989011,25.867032967033,45.4,45.4,87.0,999.315769444444,1911.81,409.46,11.1769230769231,29.5945054945055,316.09,26.8014835164835,-85.6370021196495,1.06664835164835,2.06666666666667,El Niño,0.32034818442427,-32.7725817941366,33.0929299785609
ZAMBOANGA DEL SUR,2016,2,Q2,8066,27.6538461538462,29.4384615384615,25.9263736263736,678.1,678.1,669.0,855.211272222222,1662.52,340.24,7.74285714285714,24.556043956044,694.98,27.2343956043956,-2.42884687329132,0.419450549450552,0.4,Neutral,0.403589942666029,-26.0817417699633,26.4853317126293
ZAMBOANGA DEL SUR,2016,3,Q3,8067,26.8336956521739,28.404347826087,25.4510869565217,957.3,957.3,947.0,807.315936111111,1563.38,311.61,9.3445652173913,28.5858695652174,980.96,26.4439130434783,-2.41192301419017,0.389782608695651,-0.5,La Niña,0.527231247013855,-29.1093881571758,29.6366194041896
ZAMBOANGA DEL SUR,2016,4,Q4,8068,26.9282608695652,28.6728260869565,25.5141304347826,760.5,760.5,717.0,767.540758333333,1431.47,292.82,8.30978260869565,25.1054347826087,634.52,26.7267391304348,19.854378112589,0.201521739130431,-0.666666666666667,La Niña,0.519350812231246,-17.6558484736355,18.1751992858667
ZAMBOANGA DEL SUR,2017,1,Q1,8069,26.2933333333333,29.4122222222222,23.9811111111111,542.2,542.2,572.0,795.003897222222,1625.82,335.44,14.42,34.7366666666667,316.09,26.8014835164835,71.5334240248031,-0.508150183150185,-0.133333333333333,Neutral,0.125651178531612,21.6367580624777,21.7624092410093
ZAMBOANGA DEL SUR,2017,2,Q2,8070,27.0263736263736,29.5340659340659,25.0538461538462,895.2,895.2,894.0,884.393755555556,1700.29,342.14,10.4065934065934,26.0373626373626,694.98,27.2343956043956,28.8094621427955,-0.208021978021982,0.266666666666667,Neutral,-0.0312169533365214,29.4463353164994,29.4775522698359
ZAMBOANGA DEL SUR,2017,3,Q3,8071,26.4728260869565,28.9663043478261,24.6619565217391,1094.3,1094.3,1072.0,782.115311111111,1506.38,302.96,10.820652173913,28.0119565217391,980.96,26.4439130434783,11.5539879301909,0.028913043478262,-0.133333333333333,Neutral,-0.121434344640869,32.9378130525946,33.0592473972355
ZAMBOANGA DEL SUR,2017,4,Q4,8072,26.5967391304348,29.2989130434783,24.5782608695652,806.5,806.5,836.0,772.251438888889,1458.91,296.92,10.820652173913,30.270652173913,634.52,26.7267391304348,27.1039525940869,-0.129999999999999,-0.833333333333333,La Niña,-0.204314779423476,34.7502066729691,34.9545214523925
ZAMBOANGA DEL SUR,2018,1,Q1,8073,26.6222222222222,29.9166666666667,24.1433333333333,455.3,455.3,465.0,863.622402777778,1731.36,358.27,12.75,30.9488888888889,316.09,26.8014835164835,44.041254073207,-0.179261294261295,-0.833333333333333,La Niña,-0.122092557201253,27.8771641850701,27.9992567422713
ZAMBOANGA DEL SUR,2018,2,Q2,8074,27.2428571428571,30.0956043956044,24.9934065934066,619.7,619.7,847.0,911.169594444444,1753.27,359.03,11.1582417582418,28.5032967032967,694.98,27.2343956043956,-10.831966387522,0.0084615384615354,-0.233333333333333,Neutral,-0.0679716780803741,17.9668070524907,18.0347787305711
ZAMBOANGA DEL SUR,2018,3,Q3,8075,26.3586956521739,28.7380434782609,24.5347826086957,1159.0,1159.0,1311.0,826.541138888889,1521.65,301.5,12.2282608695652,34.1858695652174,980.96,26.4439130434783,18.1495677703474,-0.0852173913043436,0.266666666666667,Neutral,-0.0965042867760255,19.6157020125298,19.7122062993059
ZAMBOANGA DEL SUR,2018,4,Q4,8076,26.7065217391304,29.7260869565217,24.3717391304348,606.7,606.7,728.0,894.186141666667,1704.38,345.2,11.245652173913,28.475,634.52,26.7267391304348,-4.38441656685367,-0.0202173913043459,0.833333333333333,El Niño,-0.0690586346021122,11.7436097222947,11.8126683568968
ZAMBOANGA DEL SUR,2019,1,Q1,8077,26.9133333333333,31.0966666666667,23.6055555555556,127.6,127.6,225.0,924.224313888889,1926.75,435.18,19.6588888888889,42.6977777777778,316.09,26.8014835164835,-59.631750450821,0.111849816849812,0.7,El Niño,0.0037191431756645,-14.1746414087123,14.178360551888
ZAMBOANGA DEL SUR,2019,2,Q2,8078,27.5142857142857,30.2791208791209,25.3153846153846,784.8,784.8,986.0,908.347527777778,1791.92,372.1,12.3824175824176,30.4945054945055,694.98,27.2343956043956,12.9241129241129,0.279890109890115,0.566666666666667,El Niño,0.0715762860328093,-8.23562158080357,8.30719786683638
ZAMBOANGA DEL SUR,2019,3,Q3,8079,26.4260869565217,28.5923913043478,24.7130434782609,1029.6,1029.6,1258.0,781.784461111111,1548.19,308.45,13.8945652173913,34.1663043478261,980.96,26.4439130434783,4.95840809003426,-0.0178260869565249,0.2,Neutral,0.088424112119764,-11.5334115008819,11.6218356130016
ZAMBOANGA DEL SUR,2019,4,Q4,8080,26.7076086956522,29.5521739130435,24.3934782608696,555.0,555.0,811.0,896.589611111111,1688.11,339.5,11.1489130434783,28.6847826086956,634.52,26.7267391304348,-12.5323078862762,-0.0191304347826104,0.433333333333333,Neutral,0.0886958512501979,-13.5703843307375,13.6590801819877
ZAMBOANGA DEL SUR,2020,1,Q1,8081,27.456043956044,31.5901098901099,24.1263736263736,346.6,346.6,394.0,954.395791666667,1949.58,435.57,17.4,38.2098901098901,316.09,26.8014835164835,9.65231421430605,0.654560439560441,0.466666666666667,Neutral,0.224373506927855,3.75063183554425,3.9750053424721
ZAMBOANGA DEL SUR,2020,2,Q2,8082,27.667032967033,30.7450549450549,25.289010989011,747.6,747.6,980.0,893.508827777778,1801.8,380.21,12.1736263736264,29.8131868131868,694.98,27.2343956043956,7.57144090477424,0.432637362637362,-0.0666666666666666,Neutral,0.262560320114667,2.41246383070958,2.67502415082425
ZAMBOANGA DEL SUR,2020,3,Q3,8083,26.7804347826087,29.2228260869565,24.7891304347826,1036.6,1036.6,1166.0,808.725477777778,1635.85,328.5,10.7934782608696,27.4358695652174,980.96,26.4439130434783,5.67199478062307,0.336521739130436,-0.633333333333333,La Niña,0.351147276636407,2.59086050335678,2.94200777999319
ZAMBOANGA DEL SUR,2020,4,Q4,8084,26.5663043478261,29.2402173913043,24.5510869565217,1034.8,1034.8,1141.0,795.172761111111,1514.75,305.04,10.6978260869565,28.3695652173913,634.52,26.7267391304348,63.0839059446511,-0.160434782608696,-1.23333333333333,La Niña,0.315821189679886,21.4949139610886,21.8107351507685
ZAMBOANGA DEL SUR,2021,1,Q1,8085,26.4044444444444,29.3655555555556,24.01,613.4,613.4,846.0,815.954205555556,1657.42,335.5,12.0488888888889,29.3766666666667,316.09,26.8014835164835,94.0586541807713,-0.397039072039075,-0.9,La Niña,0.0529213117800067,42.5964989527049,42.6494202644849
ZAMBOANGA DEL SUR,2021,2,Q2,8086,26.9318681318681,29.7824175824176,24.7054945054945,1116.3,1116.3,1009.0,835.525691666667,1691.34,342.8,10.6681318681319,27.5989010989011,694.98,27.2343956043956,60.6233272899939,-0.302527472527476,-0.533333333333333,La Niña,-0.130869897011203,55.8594705490098,55.9903404460211
ZAMBOANGA DEL SUR,2021,3,Q3,8087,26.7586956521739,29.3021739130435,24.8119565217391,893.9,893.9,1224.0,852.321569444444,1653.16,331.78,11.6652173913043,29.3489130434783,980.96,26.4439130434783,-8.87497961180883,0.314782608695658,-0.533333333333333,La Niña,-0.136304679619897,52.2227269509019,52.3590316305218
ZAMBOANGA DEL SUR,2021,4,Q4,8088,26.5586956521739,29.6152173913043,24.3423913043478,879.6,879.6,854.0,804.734547222222,1614.55,325.68,11.4576086956522,28.2597826086957,634.52,26.7267391304348,38.6244720418584,-0.168043478260866,-0.933333333333333,La Niña,-0.13820685353294,46.1078684752037,46.2460753287366
ZAMBOANGA DEL SUR,2022,1,Q1,8089,26.58,30.2311111111111,23.8944444444444,623.6,623.6,558.0,841.143180555556,1803.94,373.45,14.2066666666667,31.5711111111111,316.09,26.8014835164835,97.285583219969,-0.22148351648352,-0.966666666666667,La Niña,-0.0943179646440511,46.9146007350031,47.0089186996472
ZAMBOANGA DEL SUR,2022,2,Q2,8090,26.7384615384615,29.6516483516484,24.4758241758242,1041.8,1041.8,1007.0,843.8019,1771.39,355.36,10.6659340659341,26.0626373626374,694.98,27.2343956043956,49.9035943480388,-0.495934065934069,-1.0,La Niña,-0.142669612995699,44.2346674995143,44.37733711251
ZAMBOANGA DEL SUR,2022,3,Q3,8091,26.5065217391304,29.2173913043478,24.4,1102.5,1102.5,1097.0,805.162927777778,1682.88,336.15,11.3684782608696,27.154347826087,980.96,26.4439130434783,12.3899037677377,0.0626086956521732,-0.9,La Niña,-0.205713091256571,49.550888344401,49.7566014356576
ZAMBOANGA DEL SUR,2022,4,Q4,8092,26.4108695652174,29.4413043478261,24.1934782608696,881.9,881.9,860.0,787.704675,1595.13,321.68,11.0347826086957,26.7119565217391,634.52,26.7267391304348,38.9869507659333,-0.315869565217387,-0.9,La Niña,-0.242669612995701,49.6415080254197,49.8841776384154
ZAMBOANGA DEL SUR,2023,1,Q1,8093,26.1622222222222,29.4588888888889,23.68,768.5,768.5,771.0,773.561594444444,1685.66,341.72,13.8111111111111,30.77,316.09,26.8014835164835,143.126957512101,-0.639261294261296,-0.4,Neutral,-0.347114057440145,61.1018515984527,61.4489656558928
ZAMBOANGA DEL SUR,2023,2,Q2,8094,27.043956043956,30.032967032967,24.7483516483516,1205.3,1205.3,1003.0,847.246036111111,1751.85,355.27,11.3934065934066,26.8879120879121,694.98,27.2343956043956,73.429451207229,-0.190439560439561,0.5,El Niño,-0.270740431066518,66.9833158132502,67.2540562443168
ZAMBOANGA DEL SUR,2023,3,Q3,8095,26.3413043478261,29.1771739130435,24.1347826086957,1375.7,1375.7,1192.0,805.124572222222,1618.81,321.61,12.3,30.2619565217391,980.96,26.4439130434783,40.2401728918611,-0.102608695652172,1.33333333333333,El Niño,-0.312044778892604,73.9458830942811,74.2579278731737
ZAMBOANGA DEL SUR,2023,4,Q4,8096,26.845652173913,30.4847826086956,24.0630434782609,669.4,669.4,657.0,890.655258333333,1765.18,359.25,10.4576086956522,25.4445652173913,634.52,26.7267391304348,5.49706865031835,0.118913043478262,1.9,El Niño,-0.203349126718692,65.5734125653773,65.776761692096
ZAMBOANGA DEL SUR,2024,1,Q1,8097,27.8472527472527,32.9989010989011,23.889010989011,238.4,238.4,286.0,952.342655555556,2013.4,465.22,17.0835164835165,36.4879120879121,316.09,26.8014835164835,-24.5784428485558,1.04576923076922,1.46666666666667,El Niño,0.217908504538938,23.6470624752131,23.8649709797521
ZAMBOANGA DEL SUR,2024,2,Q2,8098,28.2054945054945,32.2153846153846,25.2307692307692,645.4,645.4,716.0,933.640477777778,1969.69,425.5,13.2725274725275,30.9967032967033,694.98,27.2343956043956,-7.13401824512936,0.971098901098898,0.433333333333333,Neutral,0.508293119923553,3.50619511212356,4.01448823204711
ZAMBOANGA DEL SUR,2024,3,Q3,8099,26.5619565217391,29.4315217391304,24.4010869565217,1156.8,1156.8,1107.0,811.71265,1672.58,333.84,12.3967391304348,29.6130434782609,980.96,26.4439130434783,17.925297667591,0.118043478260866,-0.1,Neutral,0.563456163401812,-2.07252369394396,2.63597985734578
ZAMBOANGA DEL SUR,2024,4,Q4,8100,26.6111111111111,30.3307692307692,24.1472527472527,860.0,860.0,822.0,832.462355555556,1656.87,335.5,10.2505494505494,26.3076923076923,634.52,26.7267391304348,35.5355229149593,-0.115628019323673,-0.4,Neutral,0.504820897701329,5.43708987221628,5.94191076991761
ZAMBOANGA DEL SUR,2025,1,Q1,8101,26.6685393258427,31.1111111111111,23.75,533.6,533.6,564.0,816.989627777778,1755.99,363.35,10.4366666666667,27.2055555555556,316.09,26.8014835164835,68.8126799329305,-0.132944190640821,-0.4,Neutral,0.210142542348818,28.7848705675879,28.9950131099367
ZAMBOANGA DEL SUR,2025,2,Q2,8102,27.7846153846154,31.9978021978022,24.678021978022,585.4,10.3,696.0,809.153469444444,1664.76,353.03,8.78791208791209,23.5362637362637,694.98,27.2343956043956,-15.7673602118047,0.550219780219781,-0.1,Neutral,0.104922762129038,26.626535075919,26.7314578380481
ZAMBOANGA DEL SUR,2025,3,Q3,8103,26.5597826086956,29.9641304347826,24.0413043478261,472.2,22.8,686.0,720.960058333333,1483.95,307.82,10.9326086956522,31.854347826087,980.96,26.4439130434783,-51.8634806719948,0.115869565217388,-0.3,Neutral,0.104379283868169,9.1793404910226,9.28371977489077
ZAMBOANGA DEL SUR,2025,4,Q4,8104,26.8213114754098,30.6606557377049,24.1131147540984,443.5,14.5,492.0,487.448780555556,956.52,200.19,9.14754098360656,27.1737704918033,634.52,26.7267391304348,-30.104646031646,0.0945723449750559,-0.6,La Niña,0.156929374942851,-7.23070174562873,7.38763112057158
ZAMBOANGA SIBUGAY,2010,1,Q1,8041,27.0277777777778,30.2455555555556,24.5777777777778,660.8,660.8,1186.0,1861.17046666667,3662.26,761.98,18.5005555555556,40.265,1158.98,26.6004139194139,-42.9843483062693,0.427363858363858,1.16666666666667,El Niño,0.427363858363858,-42.9843483062693,43.4117121646332
ZAMBOANGA SIBUGAY,2010,2,Q2,8042,28.7032967032967,32.4604395604396,25.7653846153846,1115.1,1115.1,1414.0,1999.08408611111,4034.78,873.34,12.2148351648352,30.0175824175824,1289.09,28.0852747252747,-13.4971181220861,0.618021978021982,-0.166666666666667,Neutral,0.52269291819292,-28.2407332141777,28.7634261323706
ZAMBOANGA SIBUGAY,2010,3,Q3,8043,27.6695652173913,31.2603260869565,25.008152173913,2100.3,2100.3,1989.0,1819.11075,3644.86,758.28,9.14836956521739,25.2309782608696,1493.2,27.504347826087,40.6576480042861,0.165217391304349,-1.3,La Niña,0.403534409230063,-5.27460614135644,5.67814055058651
ZAMBOANGA SIBUGAY,2010,4,Q4,8044,27.0961956521739,30.479347826087,24.7146739130435,1964.2,1964.2,2222.0,1781.03848611111,3149.85,642.66,11.6108695652174,28.9945652173913,1546.14,27.099347826087,27.0389486075,-0.003152173913044,-1.6,La Niña,0.301862763444286,2.80378254585766,3.10564530930195
ZAMBOANGA SIBUGAY,2011,1,Q1,8045,26.2683333333333,29.1411111111111,24.3294444444444,2432.2,2432.2,2470.0,1479.65437777778,2952.69,590.69,17.0633333333333,38.1783333333333,1158.98,26.6004139194139,109.85694317417,-0.33208058608059,-1.16666666666667,La Niña,0.112001652333174,41.0141054159676,41.1261070683008
ZAMBOANGA SIBUGAY,2011,2,Q2,8046,27.4752747252747,30.6571428571429,25.1208791208791,1648.4,1648.4,1790.0,1729.51036666667,3485.77,719.53,12.4252747252747,30.282967032967,1289.09,28.0852747252747,27.8731508273278,-0.609999999999996,-0.566666666666667,La Niña,-0.19500384217232,51.3566726533211,51.5516764954934
ZAMBOANGA SIBUGAY,2011,3,Q3,8047,27.5184782608696,30.8228260869565,25.1527173913043,1378.6,1378.6,1594.0,1730.55531111111,3474.47,732.09,12.983152173913,33.9961956521739,1493.2,27.504347826087,-7.67479239217788,0.0141304347826078,-0.633333333333333,La Niña,-0.232775581302755,39.2735625542051,39.5063381355078
ZAMBOANGA SIBUGAY,2011,4,Q4,8048,27.1494565217391,30.3146739130435,24.8929347826087,1847.6,1847.6,2135.0,1720.40471111111,3171.31,645.41,12.9989130434783,31.9559782608696,1546.14,27.099347826087,19.4975875405849,0.0501086956521739,-1.03333333333333,La Niña,-0.219460363911451,37.3882222874763,37.6076826513878
ZAMBOANGA SIBUGAY,2012,1,Q1,8049,26.7769230769231,29.7807692307692,24.639010989011,1544.4,1544.4,2024.0,1767.52461388889,3392.42,679.16,16.3120879120879,37.4,1158.98,26.6004139194139,33.2551036256018,0.176509157509159,-0.733333333333333,La Niña,-0.0923129280140138,18.2377624003342,18.3300753283482
ZAMBOANGA SIBUGAY,2012,2,Q2,8050,27.8362637362637,31.2203296703297,25.2516483516484,1308.8,1308.8,1506.0,1924.86255833333,3822.93,789.64,11.7357142857143,29.7648351648352,1289.09,28.0852747252747,1.5289855634595,-0.249010989010991,-0.266666666666667,Neutral,-0.00206567526676253,11.6517210843671,11.6537867596339
ZAMBOANGA SIBUGAY,2012,3,Q3,8051,27.529347826087,30.7625,25.2244565217391,1357.5,1357.5,1657.0,1713.9541,3480.09,735.31,13.7010869565217,35.016847826087,1493.2,27.504347826087,-9.08786498794535,0.0249999999999985,0.333333333333333,Neutral,0.000651716037585146,11.2984529354252,11.2991046514628
ZAMBOANGA SIBUGAY,2012,4,Q4,8052,27.2092391304348,30.3233695652174,24.929347826087,1274.3,1274.3,1817.0,1776.34539444444,3306.87,676.66,16.0309782608696,37.1086956521739,1546.14,27.099347826087,-17.5818489916825,0.109891304347826,0.0666666666666666,Neutral,0.0155973682114982,2.02859380235837,2.04419117056986
ZAMBOANGA SIBUGAY,2013,1,Q1,8053,26.8338888888889,29.7472222222222,24.695,1404.5,1404.5,1830.0,1683.26431666667,3317.99,672.88,17.8544444444444,38.9494444444444,1158.98,26.6004139194139,21.1841446789418,0.233474969474969,-0.366666666666667,Neutral,0.0298388212029507,-0.989145934306635,1.01898475550959
ZAMBOANGA SIBUGAY,2013,2,Q2,8054,28.2967032967033,31.7912087912088,25.5961538461538,1523.7,1523.7,1688.0,1801.28002222222,3684.31,783.8,10.8346153846154,27.3472527472527,1289.09,28.0852747252747,18.1996602254304,0.211428571428573,-0.366666666666667,Neutral,0.144948711312842,3.17852273118608,3.32347144249892
ZAMBOANGA SIBUGAY,2013,3,Q3,8055,27.5282608695652,30.8684782608696,25.1478260869565,1648.3,1648.3,1914.0,1714.25161944444,3393.99,715.3,12.1777173913043,31.245652173913,1493.2,27.504347826087,10.387088132869,0.0239130434782595,-0.333333333333333,Neutral,0.144676972182407,8.04726101138967,8.19193798357207
ZAMBOANGA SIBUGAY,2013,4,Q4,8056,27.1092391304348,30.1961956521739,24.8913043478261,1538.0,1538.0,1948.0,1736.65139444444,3158.49,642.45,14.7782608695652,34.5739130434783,1546.14,27.099347826087,-0.526472376369531,0.0098913043478283,-0.233333333333333,Neutral,0.119676972182408,12.3111051652179,12.4307821374003
ZAMBOANGA SIBUGAY,2014,1,Q1,8057,26.0966666666667,28.8561111111111,23.9633333333333,1497.3,1497.3,1805.0,1609.14988888889,3215.53,651.02,19.3116666666667,41.4738888888889,1158.98,26.6004139194139,29.1911853526377,-0.503747252747257,-0.4,Neutral,-0.0646285833731488,14.3128653336419,14.377493917015
ZAMBOANGA SIBUGAY,2014,2,Q2,8058,28.0417582417582,31.5054945054945,25.2912087912088,1587.6,1587.6,1674.0,1839.45383611111,3732.2,777.32,11.332967032967,28.2104395604396,1289.09,28.0852747252747,23.1566453855045,-0.0435164835164769,0.133333333333333,Neutral,-0.128364847109411,15.5521116236604,15.6804764707698
ZAMBOANGA SIBUGAY,2014,3,Q3,8059,27.4201086956522,30.6038043478261,25.0391304347826,1404.0,1404.0,1730.0,1614.11761111111,3283.86,693.32,12.8771739130435,32.625,1493.2,27.504347826087,-5.97374765604072,-0.0842391304347849,0.1,Neutral,-0.155402890587673,11.461902676433,11.6173055670207
ZAMBOANGA SIBUGAY,2014,4,Q4,8060,27.0798913043478,30.0902173913043,24.8016304347826,1597.9,1597.9,2013.0,1689.43970555556,3076.65,632.67,14.641847826087,34.0494565217391,1546.14,27.099347826087,3.3476916708707,-0.01945652173913,0.6,El Niño,-0.162739847109412,12.430443688243,12.5931835353524
ZAMBOANGA SIBUGAY,2015,1,Q1,8061,26.6661111111111,29.8644444444444,24.085,472.3,472.3,1196.0,1878.86803333333,3678.59,764.85,18.1511111111111,39.2566666666667,1158.98,26.6004139194139,-59.248649674714,0.0656971916971898,0.5,El Niño,-0.0203787359983005,-9.67951506859487,9.69989380459317
ZAMBOANGA SIBUGAY,2015,2,Q2,8062,28.6324175824176,32.2395604395604,25.5604395604396,902.6,902.6,1391.0,1908.74023611111,3870.82,839.89,11.2956043956044,28.0313186813187,1289.09,28.0852747252747,-29.9816149376692,0.547142857142862,0.933333333333333,El Niño,0.127286099166534,-22.9640801493883,23.0913662485548
ZAMBOANGA SIBUGAY,2015,3,Q3,8063,27.7711956521739,30.9576086956522,25.3179347826087,1441.1,1441.1,1598.0,1784.46620555556,3472.57,744.17,13.0701086956522,32.7967391304348,1493.2,27.504347826087,-3.48915081703724,0.266847826086956,1.86666666666667,El Niño,0.215057838296969,-22.3429309396374,22.5579887779344
ZAMBOANGA SIBUGAY,2015,4,Q4,8064,27.4798913043478,30.5630434782609,25.0820652173913,1020.3,1020.3,1601.0,1874.420675,3396.71,701.7,15.3608695652174,35.5266304347826,1546.14,27.099347826087,-34.0098568046878,0.380543478260872,2.53333333333333,El Niño,0.31505783829697,-31.6823180585271,31.997375896824
ZAMBOANGA SIBUGAY,2016,1,Q1,8065,27.6005494505495,31.1038461538462,24.7164835164835,273.6,273.6,849.0,1986.67549166667,3952.5,846.51,17.4807692307692,38.7637362637363,1158.98,26.6004139194139,-76.3930352551381,1.00013553113553,2.06666666666667,El Niño,0.548667423156555,-35.9684144536331,36.5170818767896
ZAMBOANGA SIBUGAY,2016,2,Q2,8066,28.9362637362637,32.7505494505494,25.8774725274725,1641.4,1641.4,1572.0,1968.44714722222,3930.84,870.16,11.8813186813187,29.5005494505495,1289.09,28.0852747252747,27.3301321086968,0.850989010989011,0.4,Neutral,0.624628961618092,-21.6404776920416,22.2651066536597
ZAMBOANGA SIBUGAY,2016,3,Q3,8067,27.9836956521739,31.3391304347826,25.4516304347826,1402.9,1402.9,1637.0,1798.65830277778,3547.55,751.13,12.4570652173913,32.2695652173913,1493.2,27.504347826087,-6.04741494776319,0.479347826086961,-0.5,La Niña,0.677753961618094,-22.2800437247231,22.9577976863412
ZAMBOANGA SIBUGAY,2016,4,Q4,8068,27.2097826086957,30.2961956521739,24.9755434782609,1733.8,1733.8,2141.0,1668.52923611111,3026.48,620.99,13.2972826086957,32.6913043478261,1546.14,27.099347826087,12.1373226227897,0.110434782608696,-0.666666666666667,La Niña,0.61022678770505,-10.7432488678537,11.3534756555588
ZAMBOANGA SIBUGAY,2017,1,Q1,8069,26.1294444444444,28.1105555555556,24.6072222222222,1372.1,1372.1,1721.0,1503.91158055556,3010.16,627.89,20.9438888888889,44.385,1158.98,26.6004139194139,18.3885830644187,-0.470969474969475,-0.133333333333333,Neutral,0.242450536178798,12.9521557120355,13.1946062482143
ZAMBOANGA SIBUGAY,2017,2,Q2,8070,27.3576923076923,29.6824175824176,25.4994505494505,1422.9,1422.9,1902.0,1901.95105,3686.68,735.29,13.1516483516484,31.1543956043956,1289.09,28.0852747252747,10.3801906771444,-0.727582417582411,0.266666666666667,Neutral,-0.152192320964057,8.71467035414738,8.86686267511144
ZAMBOANGA SIBUGAY,2017,3,Q3,8071,27.0451086956522,29.4483695652174,25.2326086956522,2026.4,2026.4,1959.0,1702.21123055556,3368.6,682.01,13.316847826087,32.1798913043478,1493.2,27.504347826087,35.7085454058398,-0.459239130434785,-0.133333333333333,Neutral,-0.386839060094494,19.1536604425481,19.5404995026426
ZAMBOANGA SIBUGAY,2017,4,Q4,8072,26.8282608695652,28.9896739130435,25.1891304347826,1777.0,1777.0,2237.0,1586.31078055556,2881.63,589.86,16.3380434782609,37.6489130434783,1546.14,27.099347826087,14.9313774949228,-0.271086956521739,-0.833333333333333,La Niña,-0.482219494877103,19.8521741605814,20.3343936554585
ZAMBOANGA SIBUGAY,2018,1,Q1,8073,26.475,28.6511111111111,24.7577777777778,1554.0,1554.0,1772.0,1661.67986111111,3274.52,663.66,18.4033333333333,40.0116666666667,1158.98,26.6004139194139,34.0834181780531,-0.125413919413919,-0.833333333333333,La Niña,-0.395830605988214,23.77588293899,24.1717135449782
ZAMBOANGA SIBUGAY,2018,2,Q2,8074,27.5714285714286,30.1137362637363,25.5120879120879,922.1,922.1,1609.0,1910.9333,3793.93,775.46,14.6362637362637,34.3769230769231,1289.09,28.0852747252747,-28.4689199357686,-0.513846153846149,-0.233333333333333,Neutral,-0.342396540054148,14.0636052857618,14.4060018258159
ZAMBOANGA SIBUGAY,2018,3,Q3,8075,27.1722826086956,29.5440217391304,25.3625,1133.2,1133.2,1774.0,1769.89766111111,3515.38,726.22,17.6070652173913,41.3608695652174,1493.2,27.504347826087,-24.1092954728101,-0.332065217391307,0.266666666666667,Neutral,-0.310603061793278,-0.890854933900687,1.20145799569397
ZAMBOANGA SIBUGAY,2018,4,Q4,8076,26.8190217391304,29.0342391304348,25.0951086956522,1379.4,1379.4,2424.0,1742.22908055556,3216.27,650.09,16.679347826087,37.3184782608696,1546.14,27.099347826087,-10.7842756800807,-0.280326086956521,0.833333333333333,El Niño,-0.312912844401974,-7.31976822765157,7.63268107205355
ZAMBOANGA SIBUGAY,2019,1,Q1,8077,26.1294444444444,28.4072222222222,24.3411111111111,378.6,378.6,1107.0,1849.47980555556,3690.36,774.24,21.635,45.5894444444444,1158.98,26.6004139194139,-67.3333448377021,-0.470969474969475,0.7,El Niño,-0.399301733290863,-32.6739589815904,33.0732607148812
ZAMBOANGA SIBUGAY,2019,2,Q2,8078,28.0016483516484,30.743956043956,25.7851648351648,818.3,818.3,1551.0,1974.19669444444,3943.19,830.81,15.7631868131868,36.6648351648352,1289.09,28.0852747252747,-36.5211117920393,-0.083626373626366,0.566666666666667,El Niño,-0.291746788235917,-34.6870069456581,34.978753733894
ZAMBOANGA SIBUGAY,2019,3,Q3,8079,27.4054347826087,29.8858695652174,25.4836956521739,1039.7,1039.7,1713.0,1696.27886111111,3534.5,745.3,17.2222826086957,39.5891304347826,1493.2,27.504347826087,-30.3710152692205,-0.0989130434782588,0.2,Neutral,-0.233458744757655,-36.2524368947607,36.4858956395183
ZAMBOANGA SIBUGAY,2019,4,Q4,8080,27.0125,29.4391304347826,25.1288043478261,1328.9,1328.9,2238.0,1801.09025833333,3256.8,663.47,15.5690217391304,36.0586956521739,1546.14,27.099347826087,-14.0504740838475,-0.0868478260869558,0.433333333333333,Neutral,-0.185089179540264,-37.0689864957024,37.2540756752426
ZAMBOANGA SIBUGAY,2020,1,Q1,8081,26.7967032967033,29.1010989010989,24.9846153846154,533.9,533.9,1480.0,1912.24970555556,3758.79,789.22,21.1346153846154,44.6675824175824,1158.98,26.6004139194139,-53.9336312964848,0.196289377289375,0.466666666666667,Neutral,-0.0182744664755514,-33.719058110398,33.7373325768736
ZAMBOANGA SIBUGAY,2020,2,Q2,8082,27.9543956043956,30.7115384615385,25.7549450549451,1126.7,1126.7,1748.0,1875.71653055556,3822.46,807.0,15.0384615384615,34.6846153846154,1289.09,28.0852747252747,-12.5972585312119,-0.130879120879118,-0.0666666666666666,Neutral,-0.0300876532887395,-27.7380947951912,27.7681824484799
ZAMBOANGA SIBUGAY,2020,3,Q3,8083,27.2625,29.7570652173913,25.2760869565217,1867.6,1867.6,2217.0,1749.98208611111,3520.45,710.21,13.195652173913,31.7141304347826,1493.2,27.504347826087,25.0736672917225,-0.241847826086957,-0.633333333333333,La Niña,-0.065821348940914,-13.8769241549555,13.9427455038964
ZAMBOANGA SIBUGAY,2020,4,Q4,8084,26.8923913043478,29.1983695652174,25.2277173913043,1822.7,1822.7,2634.0,1597.37756111111,2955.09,596.19,15.2114130434783,35.1336956521739,1546.14,27.099347826087,17.8871253573415,-0.20695652173913,-1.23333333333333,La Niña,-0.0958485228539576,-5.89252429465819,5.98837281751215
ZAMBOANGA SIBUGAY,2021,1,Q1,8085,26.4738888888889,28.6005555555556,24.87,1488.1,1488.1,2353.0,1590.85961111111,3158.8,642.9,17.5422222222222,38.7522222222222,1158.98,26.6004139194139,28.3973839065385,-0.126525030525031,-0.9,La Niña,-0.176552124807559,14.6902295060976,14.8667816309052
ZAMBOANGA SIBUGAY,2021,2,Q2,8086,27.3071428571429,29.6681318681319,25.3708791208791,1582.0,1582.0,2143.0,1820.33248333333,3627.44,730.24,14.5450549450549,34.4010989010989,1289.09,28.0852747252747,22.7222304105997,-0.778131868131869,-0.533333333333333,La Niña,-0.338365311620747,23.5201017415506,23.8584670531713
ZAMBOANGA SIBUGAY,2021,3,Q3,8087,27.3326086956522,29.7722826086957,25.3902173913044,1440.6,1440.6,2063.0,1770.74651388889,3531.79,726.76,14.5005434782609,33.945652173913,1493.2,27.504347826087,-3.52263594963837,-0.171739130434784,-0.533333333333333,La Niña,-0.320838137707703,16.3710259312103,16.691864068918
ZAMBOANGA SIBUGAY,2021,4,Q4,8088,26.7315217391304,29.1217391304348,24.8961956521739,2102.5,2102.5,2549.0,1563.11118055556,3037.15,620.0,17.4842391304348,37.4157608695652,1546.14,27.099347826087,35.983804830093,-0.367826086956516,-0.933333333333333,La Niña,-0.36105552901205,20.8951957993982,21.2562513284103
ZAMBOANGA SIBUGAY,2022,1,Q1,8089,26.3811111111111,28.6244444444444,24.5638888888889,1174.3,1174.3,1987.0,1647.06926388889,3393.21,682.23,19.1511111111111,39.3238888888889,1158.98,26.6004139194139,1.32185197328685,-0.219302808302803,-0.966666666666667,La Niña,-0.384249973456493,14.1263128160853,14.5105627895418
ZAMBOANGA SIBUGAY,2022,2,Q2,8090,27.0489010989011,29.5274725274725,25.0038461538462,1928.3,1928.3,2156.0,1752.40653333333,3707.11,742.09,14.578021978022,31.6,1289.09,28.0852747252747,49.5861421623005,-1.03637362637363,-1.0,La Niña,-0.448810413016933,20.8422907540105,21.2911011670274
ZAMBOANGA SIBUGAY,2022,3,Q3,8091,27.079347826087,29.7467391304348,24.9733695652174,1651.5,1651.5,1823.0,1780.02813333333,3716.65,744.8,13.5902173913043,30.3864130434783,1493.2,27.504347826087,10.6013929815162,-0.424999999999997,-0.9,La Niña,-0.512125630408236,24.3732979867992,24.8854236172074
ZAMBOANGA SIBUGAY,2022,4,Q4,8092,26.7641304347826,29.2173913043478,24.8728260869565,2061.4,2061.4,2535.0,1553.53396388889,3120.31,632.04,16.5108695652174,35.0929347826087,1546.14,27.099347826087,33.3255720697996,-0.335217391304344,-0.9,La Niña,-0.503973456495193,23.7087397967258,24.212713253221
ZAMBOANGA SIBUGAY,2023,1,Q1,8093,26.2088888888889,28.4372222222222,24.4727777777778,1856.4,1856.4,2282.0,1458.70776944444,3121.75,636.94,19.3222222222222,39.4038888888889,1158.98,26.6004139194139,60.1753265802689,-0.391525030525031,-0.4,Neutral,-0.54702901205075,38.4221084484713,38.9691374605221
ZAMBOANGA SIBUGAY,2023,2,Q2,8094,27.6203296703297,30.3236263736264,25.3214285714286,1376.2,1376.2,1654.0,1876.29118888889,3906.0,799.32,14.2956043956044,31.6098901098901,1289.09,28.0852747252747,6.75748008284915,-0.464945054945055,0.5,El Niño,-0.404171869193607,27.7149429286085,28.1191147978021
ZAMBOANGA SIBUGAY,2023,3,Q3,8095,27.3364130434783,30.3385869565217,25.1184782608696,1610.7,1610.7,1800.0,1784.78674444444,3701.73,774.01,16.2222826086957,37.1027173913043,1493.2,27.504347826087,7.8690061612644,-0.167934782608697,1.33333333333333,El Niño,-0.339905564845782,27.0318462235455,27.3717517883913
ZAMBOANGA SIBUGAY,2023,4,Q4,8096,27.1152173913043,30.1755434782609,24.7701086956522,1485.6,1485.6,2132.0,1779.68721388889,3409.24,700.47,15.1125,34.2277173913043,1546.14,27.099347826087,-3.91555745275331,0.0158695652173932,1.9,El Niño,-0.252133825715347,17.7215638429073,17.9736976686226
ZAMBOANGA SIBUGAY,2024,1,Q1,8097,27.0945054945055,30.0934065934066,24.7664835164835,366.3,366.3,1263.0,1866.84731388889,3808.53,838.27,21.1181318681319,45.2752747252747,1158.98,26.6004139194139,-68.3946228580303,0.49409157509157,1.46666666666667,El Niño,-0.0307296743111971,-14.4209235166675,14.4516531909787
ZAMBOANGA SIBUGAY,2024,2,Q2,8098,28.671978021978,32.271978021978,25.7791208791209,902.2,902.2,1375.0,1987.93749722222,4155.91,923.89,15.9686813186813,36.9071428571429,1289.09,28.0852747252747,-30.0126445787338,0.586703296703302,0.433333333333333,Neutral,0.232182413600892,-23.6134546820633,23.8456370956642
ZAMBOANGA SIBUGAY,2024,3,Q3,8099,27.3163043478261,30.275,25.145652173913,1682.5,1682.5,1905.0,1724.74691944444,3634.75,749.43,14.3478260869565,33.4336956521739,1493.2,27.504347826087,12.677471202786,-0.18804347826087,-0.1,Neutral,0.227155239687849,-22.4113384216829,22.6384936613707
ZAMBOANGA SIBUGAY,2024,4,Q4,8100,27.0272222222222,30.182967032967,24.7274725274725,1607.2,1607.2,2120.0,1681.77348611111,3235.25,668.89,14.8675824175824,34.6989010989011,1546.14,27.099347826087,3.9491895947327,-0.0721256038647339,-0.4,Neutral,0.205156447417317,-20.4451516598114,20.6503081072287
ZAMBOANGA SIBUGAY,2025,1,Q1,8101,26.5859550561798,29.6983333333333,24.3494444444444,1332.6,1332.6,2287.0,1633.87921388889,3311.43,676.09,17.1055555555556,39.3705555555556,1158.98,26.6004139194139,14.9804138121452,-0.0144588632341431,-0.4,Neutral,0.0780188378358889,0.398607507732496,0.476626345568385
ZAMBOANGA SIBUGAY,2025,2,Q2,8102,27.9032967032967,31.7923076923077,24.843956043956,589.8,1.9,967.0,1765.19503611111,3588.75,764.74,11.6137362637363,29.7098901098901,1289.09,28.0852747252747,-54.2467942502075,-0.181978021978022,-0.1,Neutral,-0.114151491834442,-5.65992991013592,5.77408140197037
ZAMBOANGA SIBUGAY,2025,3,Q3,8103,26.9559782608696,30.8603260869565,24.2288043478261,937.6,157.5,1112.0,1565.5857,3328.58,714.19,11.4836956521739,32.5847826086957,1493.2,27.504347826087,-37.2086793463702,-0.548369565217392,-0.3,Neutral,-0.204233013573573,-18.131467547425,18.3357005609985
ZAMBOANGA SIBUGAY,2025,4,Q4,8104,26.6868852459016,30.1959016393443,24.2385245901639,958.5,225.9,1097.0,1004.00044722222,1949.78,405.75,9.39426229508197,30.844262295082,1546.14,27.099347826087,-38.006907524545,-0.412462580185316,-0.6,La Niña,-0.289317257653718,-28.6204918272444,28.9098090848981
