province,year,quarter,temperature_2m_mean,temperature_2m_max,temperature_2m_min,precipitation_sum,rain_sum,precipitation_hours,sunshine_duration,shortwave_radiation_sum,et0_fao_evapotranspiration,wind_speed_10m_max,wind_gusts_10m_max,quarter_only,rain_normal,temp_normal,rainfall_deviation_pct,temperature_anomaly_c,oni_index,enso_phase
Agusan del Norte,2010,2010Q1,26.29833333333333,28.89944444444444,23.91555555555556,971.6,971.6,1338.0,6337879.91,3188.9,645.78,8.484444444444446,25.526666666666667,Q1,1642.7599999999998,25.995378510378508,-40.85563320265893,0.3029548229548204,1.1666666666666667,El Niño
Agusan del Norte,2010,2010Q2,27.878571428571423,30.824175824175825,25.23681318681319,759.4,759.4,1100.0,7020156.61,3729.02,781.4399999999999,9.005494505494505,25.382417582417585,Q2,1137.05,27.49835164835165,-33.213139263884614,0.3802197802197717,-0.1666666666666666,Neutral
Agusan del Norte,2010,2010Q3,27.571739130434786,30.491304347826084,25.18097826086957,1240.0,1240.0,1554.0,6473194.49,3411.8,720.51,10.316304347826089,25.00978260869565,Q3,1049.47,27.41472826086957,18.154878176603425,0.1570108695652194,-1.3,La Niña
Agusan del Norte,2010,2010Q4,27.14782608695652,30.127717391304348,24.805434782608696,1256.2,1256.2,1512.0,6440066.63,3063.86,642.81,9.75,25.84130434782609,Q4,1439.98,26.83021739130435,-12.76267725940638,0.3176086956521722,-1.6000000000000003,La Niña
Agusan del Norte,2011,2011Q1,26.00166666666667,28.42944444444445,24.11611111111111,2299.0,2299.0,2290.0,5192853.9,2680.14,546.05,9.587777777777776,27.86,Q1,1642.7599999999998,25.995378510378508,39.94740558572161,0.0062881562881607,-1.1666666666666667,La Niña
Agusan del Norte,2011,2011Q2,26.786813186813188,29.21923076923077,24.747252747252748,1448.0,1448.0,1730.0,5957651.45,3200.08,650.87,10.453846153846154,25.78351648351649,Q2,1137.05,27.49835164835165,27.347082362253204,-0.7115384615384635,-0.5666666666666667,La Niña
Agusan del Norte,2011,2011Q3,27.15271739130435,29.57771739130435,24.97228260869565,625.2,625.2,1030.0,6249867.66,3382.34,696.67,11.356521739130434,25.469565217391303,Q3,1049.47,27.41472826086957,-40.42707271289317,-0.2620108695652163,-0.6333333333333333,La Niña
Agusan del Norte,2011,2011Q4,26.76793478260869,29.26630434782609,24.657608695652176,1841.0,1841.0,1700.0,5976086.26,2959.9,608.98,9.115217391304348,25.86304347826087,Q4,1439.98,26.83021739130435,27.848997902748646,-0.0622826086956536,-1.0333333333333334,La Niña
Agusan del Norte,2012,2012Q1,26.21153846153846,28.80934065934066,24.10769230769231,1174.4,1174.4,1684.0,5916574.77,3035.34,615.6899999999999,8.514285714285714,26.727472527472525,Q1,1642.7599999999998,25.995378510378508,-28.51055540675448,0.2161599511599519,-0.7333333333333334,La Niña
Agusan del Norte,2012,2012Q2,27.473626373626374,30.30989010989011,25.00384615384615,737.0,737.0,1186.0,6790441.33,3555.02,743.42,10.491208791208791,25.685714285714287,Q2,1137.05,27.49835164835165,-35.18314937777582,-0.0247252747252773,-0.2666666666666666,Neutral
Agusan del Norte,2012,2012Q3,27.395108695652173,30.06793478260869,25.01195652173913,979.2,979.2,1390.0,6141045.28,3390.54,715.57,11.797826086956524,26.757608695652173,Q3,1049.47,27.41472826086957,-6.695760717314451,-0.0196195652173933,0.3333333333333333,Neutral
Agusan del Norte,2012,2012Q4,27.01304347826087,29.761413043478264,24.727717391304346,919.6,919.6,1416.0,6339092.75,3073.84,643.85,9.856521739130434,28.96195652173913,Q4,1439.98,26.83021739130435,-36.13800191669328,0.1828260869565205,0.0666666666666666,Neutral
Agusan del Norte,2013,2013Q1,26.247222222222224,28.67388888888889,24.181111111111115,1893.8,1893.8,2064.0,5612307.49,2899.26,589.06,8.985555555555557,26.966666666666665,Q1,1642.7599999999998,25.995378510378508,15.28159925978233,0.2518437118437155,-0.3666666666666667,Neutral
Agusan del Norte,2013,2013Q2,27.58681318681319,30.49230769230769,25.132417582417585,1002.6,1002.6,1188.0,6375033.59,3470.06,725.4300000000001,9.59120879120879,24.51538461538461,Q2,1137.05,27.49835164835165,-11.824458027351474,0.0884615384615372,-0.3666666666666667,Neutral
Agusan del Norte,2013,2013Q3,27.12554347826088,29.657065217391303,24.901630434782607,1280.6,1280.6,1614.0,6160386.02,3325.74,688.38,10.752173913043478,25.294565217391305,Q3,1049.47,27.41472826086957,22.0234975749664,-0.2891847826086895,-0.3333333333333333,Neutral
Agusan del Norte,2013,2013Q4,26.8483695652174,29.560326086956525,24.62391304347826,1108.6,1108.6,1568.0,6289611.66,3038.26,632.49,10.514130434782608,27.672826086956523,Q4,1439.98,26.83021739130435,-23.012819622494764,0.0181521739130481,-0.2333333333333333,Neutral
Agusan del Norte,2014,2014Q1,25.495,27.75,23.55333333333333,3456.6,3456.6,2002.0,5002469.88,2627.6,536.27,12.291111111111112,30.33666666666667,Q1,1642.7599999999998,25.995378510378508,110.4141810124425,-0.500378510378507,-0.3999999999999999,Neutral
Agusan del Norte,2014,2014Q2,27.576373626373623,30.28956043956044,25.17472527472528,1039.4,1039.4,1280.0,6463174.12,3502.18,727.67,10.247252747252746,25.38791208791209,Q2,1137.05,27.49835164835165,-8.588012840244481,0.0780219780219724,0.1333333333333333,Neutral
Agusan del Norte,2014,2014Q3,27.23695652173913,29.67336956521739,25.05163043478261,1321.8,1321.8,1564.0,5771533.76,3203.02,668.83,12.471739130434784,26.82282608695652,Q3,1049.47,27.41472826086957,25.94928868857613,-0.1777717391304349,0.1,Neutral
Agusan del Norte,2014,2014Q4,26.695108695652173,29.05869565217392,24.664130434782606,1680.8,1680.8,2030.0,5822955.1,2831.64,582.6800000000001,11.201086956521738,27.4,Q4,1439.98,26.83021739130435,16.7238433867137,-0.1351086956521747,0.6,El Niño
Agusan del Norte,2015,2015Q1,25.90833333333333,28.368333333333336,23.681666666666665,984.6,984.6,1524.0,6507047.28,3212.34,643.66,9.851111111111113,25.355555555555554,Q1,1642.7599999999998,25.995378510378508,-40.064282061895824,-0.0870451770451765,0.5,El Niño
Agusan del Norte,2015,2015Q2,27.785714285714285,30.62912087912088,25.113736263736264,1021.4,1021.4,1238.0,6583601.16,3624.26,766.52,11.8989010989011,26.23406593406593,Q2,1137.05,27.49835164835165,-10.171056681764211,0.2873626373626337,0.9333333333333332,El Niño
Agusan del Norte,2015,2015Q3,27.315217391304348,29.842934782608697,25.030434782608697,1140.2,1140.2,1568.0,6345333.18,3321.86,690.77,12.383695652173913,27.176086956521736,Q3,1049.47,27.41472826086957,8.645316207228412,-0.0995108695652184,1.8666666666666665,El Niño
Agusan del Norte,2015,2015Q4,27.127173913043475,29.8625,24.703260869565216,1222.8,1222.8,1322.0,6691736.11,3215.3,666.8,9.703260869565218,26.38586956521739,Q4,1439.98,26.83021739130435,-15.082153918804432,0.2969565217391263,2.533333333333333,El Niño
Agusan del Norte,2016,2016Q1,27.0478021978022,30.2521978021978,23.97857142857143,328.6,328.6,648.0,7049918.6,3616.9,758.54,9.146153846153846,25.13956043956044,Q1,1642.7599999999998,25.995378510378508,-79.99707808809563,1.0524236874236903,2.066666666666667,El Niño
Agusan del Norte,2016,2016Q2,28.41263736263737,31.52032967032967,25.673626373626377,1035.0,1035.0,1254.0,6857509.0,3601.74,780.95,10.1989010989011,26.35164835164835,Q2,1137.05,27.49835164835165,-8.974979112615976,0.914285714285718,0.3999999999999999,Neutral
Agusan del Norte,2016,2016Q3,28.104891304347827,30.98641304347826,25.69782608695652,851.2,851.2,1290.0,6446293.2,3492.62,752.51,12.505434782608695,27.60217391304348,Q3,1049.47,27.41472826086957,-18.89239330328642,0.6901630434782611,-0.5,La Niña
Agusan del Norte,2016,2016Q4,26.93858695652174,29.44836956521739,24.866304347826084,1467.0,1467.0,1934.0,5943148.4,2830.88,588.8,10.317391304347826,27.190217391304348,Q4,1439.98,26.83021739130435,1.8764149502076408,0.1083695652173908,-0.6666666666666666,La Niña
Agusan del Norte,2017,2017Q1,25.624444444444443,28.35944444444444,23.43388888888889,2290.3,2290.3,2063.0,5193136.65,2649.3,536.21,10.464444444444444,34.99,Q1,1642.7599999999998,25.995378510378508,39.41780905305708,-0.3709340659340654,-0.1333333333333333,Neutral
Agusan del Norte,2017,2017Q2,26.946153846153845,30.05989010989011,24.46483516483517,1952.6,1952.6,1502.0,6345722.01,3303.4,676.2,10.051648351648351,29.95769230769231,Q2,1137.05,27.49835164835165,71.72507805285608,-0.5521978021978065,0.2666666666666666,Neutral
Agusan del Norte,2017,2017Q3,26.85815217391304,29.785326086956523,24.526630434782607,1532.4,1532.4,1489.0,5695444.32,3199.77,660.13,10.9625,30.45054347826087,Q3,1049.47,27.41472826086957,46.016560740183145,-0.5565760869565253,-0.1333333333333333,Neutral
Agusan del Norte,2017,2017Q4,26.541304347826088,29.353804347826088,24.27228260869565,1942.8,1942.8,1678.0,5471800.16,2767.91,573.1,11.43695652173913,34.305978260869566,Q4,1439.98,26.83021739130435,34.91854053528521,-0.2889130434782601,-0.8333333333333334,La Niña
Agusan del Norte,2018,2018Q1,25.89944444444444,28.77722222222222,23.53666666666667,2012.7,2012.7,1635.0,5588086.16,2860.73,578.02,10.411666666666664,33.343333333333334,Q1,1642.7599999999998,25.995378510378508,22.519418539531053,-0.0959340659340668,-0.8333333333333334,La Niña
Agusan del Norte,2018,2018Q2,27.075824175824177,30.30494505494505,24.35989010989011,1300.1,1300.1,1254.0,6564238.19,3484.42,719.56,10.844505494505494,31.40714285714286,Q2,1137.05,27.49835164835165,14.339738797766149,-0.4225274725274737,-0.2333333333333333,Neutral
Agusan del Norte,2018,2018Q3,27.6125,30.68913043478261,25.002173913043475,778.1,778.1,1162.0,6191216.21,3500.39,761.55,14.17445652173913,38.87228260869565,Q3,1049.47,27.41472826086957,-25.857813944181345,0.1977717391304345,0.2666666666666666,Neutral
Agusan del Norte,2018,2018Q4,26.44728260869565,29.467391304347824,23.85869565217392,1588.4,1588.4,1955.0,6162686.51,3076.83,629.34,10.67282608695652,33.63532608695652,Q4,1439.98,26.83021739130435,10.307087598438873,-0.3829347826086966,0.8333333333333334,El Niño
Agusan del Norte,2019,2019Q1,25.22,28.591111111111108,22.071666666666665,1016.0,1016.0,1485.0,6267866.09,3389.7,672.24,10.437222222222225,32.67166666666667,Q1,1642.7599999999998,25.995378510378508,-38.15286469112955,-0.7753785103785091,0.6999999999999998,El Niño
Agusan del Norte,2019,2019Q2,27.46098901098901,30.937912087912085,24.40934065934066,1075.0,1075.0,1352.0,6756229.38,3670.51,768.79,11.017582417582418,31.82087912087912,Q2,1137.05,27.49835164835165,-5.457103909238816,-0.0373626373626407,0.5666666666666667,El Niño
Agusan del Norte,2019,2019Q3,27.77445652173913,31.22119565217391,25.02391304347826,746.0,746.0,1216.0,5933359.28,3493.82,774.68,12.927717391304348,35.540217391304346,Q3,1049.47,27.41472826086957,-28.916500709882133,0.3597282608695629,0.1999999999999999,Neutral
Agusan del Norte,2019,2019Q4,26.775543478260868,30.075,24.05271739130435,1372.6,1372.6,1726.0,6242324.37,3134.59,654.58,11.242934782608694,33.61521739130435,Q4,1439.98,26.83021739130435,-4.679231655995229,-0.0546739130434801,0.4333333333333333,Neutral
Agusan del Norte,2020,2020Q1,26.36978021978022,30.01813186813187,23.102747252747253,740.2,740.2,1486.0,6783997.7700000005,3522.31,726.25,10.3,32.3478021978022,Q1,1642.7599999999998,25.995378510378508,-54.94168350824221,0.3744017094017131,0.4666666666666666,Neutral
Agusan del Norte,2020,2020Q2,27.47967032967033,31.171978021978024,24.45934065934066,1548.1,1548.1,1612.0,6336091.9,3513.52,743.94,10.825824175824176,32.136813186813185,Q2,1137.05,27.49835164835165,36.150565058704544,-0.0186813186813203,-0.0666666666666666,Neutral
Agusan del Norte,2020,2020Q3,27.07282608695652,30.40380434782609,24.48913043478261,1752.8,1752.8,1677.0,5801556.04,3259.89,677.7,10.703804347826088,30.91195652173913,Q3,1049.47,27.41472826086957,67.01763747415362,-0.341902173913045,-0.6333333333333333,La Niña
Agusan del Norte,2020,2020Q4,26.61521739130435,29.678804347826084,24.218478260869563,1819.1,1819.1,1887.0,5525929.48,2806.52,578.53,10.672282608695651,32.23586956521739,Q4,1439.98,26.83021739130435,26.328143446436748,-0.2149999999999998,-1.2333333333333334,La Niña
Agusan del Norte,2021,2021Q1,25.85888888888889,28.92555555555556,23.316666666666663,2314.6,2314.6,2182.0,5599048.24,2965.03,595.06,9.696111111111112,32.65,Q1,1642.7599999999998,25.995378510378508,40.89702695463733,-0.1364896214896163,-0.9,La Niña
Agusan del Norte,2021,2021Q2,26.92252747252747,29.973076923076924,24.33846153846154,1665.2,1665.2,1720.0,6283613.42,3432.89,701.96,11.40934065934066,32.61703296703297,Q2,1137.05,27.49835164835165,46.44914471659119,-0.5758241758241809,-0.5333333333333333,La Niña
Agusan del Norte,2021,2021Q3,27.422826086956523,30.847826086956523,24.591847826086955,1325.6,1325.6,1314.0,6142543.1,3456.52,736.09,11.546195652173912,32.0375,Q3,1049.47,27.41472826086957,26.31137621847217,0.0080978260869564,-0.5333333333333333,La Niña
Agusan del Norte,2021,2021Q4,26.25869565217392,29.36847826086957,23.9608695652174,2536.7,2536.7,1822.0,5122723.18,2816.26,577.32,11.327173913043476,30.77065217391305,Q4,1439.98,26.83021739130435,76.16216891901276,-0.5715217391304286,-0.9333333333333332,La Niña
Agusan del Norte,2022,2022Q1,25.70777777777777,29.025,23.14388888888889,1990.9,1990.9,1887.0,5326932.38,3023.17,604.6,9.712777777777776,28.22611111111111,Q1,1642.7599999999998,25.995378510378508,21.192383549636,-0.2876007326007368,-0.9666666666666668,La Niña
Agusan del Norte,2022,2022Q2,26.47582417582418,29.85824175824176,23.93956043956044,2284.6,2284.6,1833.0,5379280.88,3234.99,658.29,10.961538461538462,29.17087912087912,Q2,1137.05,27.49835164835165,100.9234422408865,-1.0225274725274716,-1.0,La Niña
Agusan del Norte,2022,2022Q3,26.683152173913044,30.21358695652174,24.08152173913044,1804.8,1804.8,1497.0,5987926.65,3501.45,712.85,11.078804347826088,28.666304347826088,Q3,1049.47,27.41472826086957,71.97251946220472,-0.7315760869565224,-0.9,La Niña
Agusan del Norte,2022,2022Q4,26.305434782608696,29.43423913043478,23.8375,2075.5,2075.5,1957.0,5219891.68,2883.81,588.89,10.748369565217391,28.810326086956525,Q4,1439.98,26.83021739130435,44.13394630480978,-0.5247826086956522,-0.9,La Niña
Agusan del Norte,2023,2023Q1,25.42055555555556,28.26277777777777,23.119444444444444,2490.7,2490.7,2340.0,4641310.87,2793.1,550.78,9.838333333333336,28.38111111111112,Q1,1642.7599999999998,25.995378510378508,51.61679125374371,-0.5748229548229489,-0.3999999999999999,Neutral
Agusan del Norte,2023,2023Q2,27.128571428571423,30.5,24.356593406593404,1267.0,1267.0,1423.0,6322452.68,3639.83,747.64,11.631318681318682,30.424175824175823,Q2,1137.05,27.49835164835165,11.428697066971552,-0.3697802197802282,0.5,El Niño
Agusan del Norte,2023,2023Q3,27.53152173913044,31.01902173913044,24.780978260869563,1278.2,1278.2,1445.0,6024202.7,3548.33,758.87,13.22554347826087,33.895108695652176,Q3,1049.47,27.41472826086957,21.79481071397944,0.1167934782608739,1.3333333333333333,El Niño
Agusan del Norte,2023,2023Q4,26.71032608695652,30.26902173913044,23.997826086956525,1413.2,1413.2,1591.0,6071793.07,3209.12,658.13,10.0,28.34130434782609,Q4,1439.98,26.83021739130435,-1.8597480520562768,-0.1198913043478278,1.9,El Niño
Agusan del Norte,2024,2024Q1,26.04945054945055,29.633516483516484,23.021978021978025,965.6,965.6,1616.0,6134465.3,3453.56,696.8,9.14065934065934,27.46868131868132,Q1,1642.7599999999998,25.995378510378508,-41.22087219070344,0.054072039072043,1.4666666666666668,El Niño
Agusan del Norte,2024,2024Q2,27.995054945054942,32.25934065934066,24.54890109890109,1219.4,1219.4,1322.0,6586637.11,3781.61,820.13,11.52307692307692,30.432967032967035,Q2,1137.05,27.49835164835165,7.24242557495274,0.4967032967032914,0.4333333333333333,Neutral
Agusan del Norte,2024,2024Q3,27.32934782608696,31.02717391304348,24.660326086956523,1480.3,1480.3,1464.0,5754777.66,3424.75,722.32,11.566847826086958,30.259239130434786,Q3,1049.47,27.41472826086957,41.05215013292423,-0.085380434782607,-0.1,Neutral
Agusan del Norte,2024,2024Q4,26.88388888888889,30.44945054945055,24.343406593406595,1688.1,1688.1,1698.0,5482834.4,2975.78,626.37,10.965384615384616,29.80164835164835,Q4,1439.98,26.83021739130435,17.230794872150994,0.053671497584542,-0.3999999999999999,Neutral
Agusan del Norte,2025,2025Q1,25.86629213483146,29.31388888888889,23.44888888888889,1751.2,1751.2,1846.0,5055799.62,2910.74,586.49,8.982222222222221,26.467777777777776,Q1,1642.7599999999998,25.995378510378508,6.601085977257803,-0.1290863755470468,-0.3999999999999999,Neutral
Agusan del Norte,2025,2025Q2,27.99175824175824,31.85,25.06978021978022,525.1,6.5,788.0,6395016.52,3640.65,771.11,12.683516483516485,26.33571428571429,Q2,1137.05,27.49835164835165,-53.81909326766633,0.4934065934065899,-0.1,Neutral
Agusan del Norte,2025,2025Q3,28.49076086956521,30.38478260869565,26.98478260869565,871.2,43.5,1116.0,5739002.93,3540.76,753.4399999999999,14.032065217391304,24.457608695652173,Q3,1049.47,27.41472826086957,-16.986669461728297,1.0760326086956482,-0.3,Neutral
Agusan del Norte,2025,2025Q4,28.19754098360656,29.89016393442623,26.859016393442623,1042.3,130.89999999999998,991.0,3767294.4,2137.01,442.57,12.664754098360657,23.1172131147541,Q4,1439.98,26.83021739130435,-27.61705023680885,1.3673235923022131,-0.6,La Niña
Agusan del Sur,2010,2010Q1,25.128888888888888,28.92555555555556,22.34,504.9,504.9,645.0,2979460.09,1480.06,304.51,9.52777777777778,29.067777777777778,Q1,685.79,25.04777045177045,-26.37687921958617,0.0811184371184374,1.1666666666666667,El Niño
Agusan del Sur,2010,2010Q2,26.28351648351649,30.10879120879121,23.468131868131863,360.4,360.4,626.0,3296913.09,1728.66,354.87,8.906593406593407,25.406593406593405,Q2,478.18,26.31703296703297,-24.630892132669715,-0.0335164835164789,-0.1666666666666666,Neutral
Agusan del Sur,2010,2010Q3,25.86847826086957,29.65652173913044,23.092391304347824,522.1,522.1,696.0,3112059.74,1701.39,346.29,7.593478260869565,22.53478260869565,Q3,490.77,26.265108695652174,6.383845793345159,-0.3966304347826046,-1.3,La Niña
Agusan del Sur,2010,2010Q4,25.47934782608696,29.320652173913043,22.80434782608696,550.7,550.7,705.0,3087973.81,1487.31,302.36,7.341304347826087,24.02717391304348,Q4,585.47,25.684891304347826,-5.9388183852289576,-0.2055434782608678,-1.6000000000000003,La Niña
Agusan del Sur,2011,2011Q1,24.67333333333333,28.22555555555556,22.384444444444444,980.7,980.7,1039.0,2426879.64,1277.55,259.2,8.35,27.773333333333333,Q1,685.79,25.04777045177045,43.00296008982343,-0.3744371184371218,-1.1666666666666667,La Niña
Agusan del Sur,2011,2011Q2,25.484615384615385,29.082417582417584,22.96923076923077,695.0,695.0,794.0,2808581.92,1540.45,312.21,7.926373626373626,24.81978021978022,Q2,478.18,26.31703296703297,45.34275795725458,-0.8324175824175839,-0.5666666666666667,La Niña
Agusan del Sur,2011,2011Q3,25.768478260869564,29.4608695652174,22.93478260869565,580.1,580.1,582.0,2978149.62,1676.4,341.58,6.796739130434782,23.169565217391305,Q3,490.77,26.265108695652174,18.20200908776006,-0.4966304347826096,-0.6333333333333333,La Niña
Agusan del Sur,2011,2011Q4,25.29891304347826,28.820652173913043,22.75,748.0,748.0,797.0,2904157.31,1425.17,289.28000000000003,7.734782608695652,25.88804347826087,Q4,585.47,25.684891304347826,27.76060259278869,-0.3859782608695639,-1.0333333333333334,La Niña
Agusan del Sur,2012,2012Q1,24.88131868131868,28.494505494505493,22.55824175824176,621.0,621.0,1009.0,2810642.0,1421.65,286.48,9.44065934065934,29.748351648351647,Q1,685.79,25.04777045177045,-9.44749850537336,-0.1664517704517685,-0.7333333333333334,La Niña
Agusan del Sur,2012,2012Q2,25.95054945054945,29.825274725274724,23.145054945054945,447.3,447.3,666.0,3188328.65,1729.81,351.15,7.615384615384615,24.1010989010989,Q2,478.18,26.31703296703297,-6.457819231251828,-0.3664835164835196,-0.2666666666666666,Neutral
Agusan del Sur,2012,2012Q3,25.903260869565216,29.67391304347826,23.018478260869564,551.9,551.9,608.0,3009754.31,1694.45,346.06,7.075,23.926086956521736,Q3,490.77,26.265108695652174,12.455936589441082,-0.361847826086958,0.3333333333333333,Neutral
Agusan del Sur,2012,2012Q4,25.39565217391305,29.061956521739127,22.87826086956522,534.5,534.5,753.0,3019734.65,1441.54,294.15,8.666304347826086,29.744565217391305,Q4,585.47,25.684891304347826,-8.70582608844177,-0.2892391304347761,0.0666666666666666,Neutral
Agusan del Sur,2013,2013Q1,25.00777777777777,28.45555555555556,22.46888888888889,883.2,883.2,938.0,2564042.07,1343.42,273.79,9.056666666666668,29.128888888888888,Q1,685.79,25.04777045177045,28.78577990346901,-0.0399926739926783,-0.3666666666666667,Neutral
Agusan del Sur,2013,2013Q2,25.9989010989011,29.812087912087915,23.22857142857143,498.4,498.4,637.0,3081318.94,1670.64,341.62,8.151648351648351,24.04945054945055,Q2,478.18,26.31703296703297,4.228533188339113,-0.3181318681318679,-0.3666666666666667,Neutral
Agusan del Sur,2013,2013Q3,25.69782608695652,29.35434782608696,23.00326086956522,684.6,684.6,737.0,2976921.21,1649.86,335.35,6.55108695652174,23.2858695652174,Q3,490.77,26.265108695652174,39.49507916131794,-0.5672826086956526,-0.3333333333333333,Neutral
Agusan del Sur,2013,2013Q4,25.38478260869565,29.041304347826088,22.73913043478261,445.5,445.5,699.0,3036950.98,1457.99,297.52,8.757608695652175,27.87391304347826,Q4,585.47,25.684891304347826,-23.907288161647912,-0.3001086956521739,-0.2333333333333333,Neutral
Agusan del Sur,2014,2014Q1,24.278888888888886,27.64777777777778,21.76222222222222,1286.8,1286.8,854.0,2382083.24,1262.79,257.11,10.14,29.92222222222222,Q1,685.79,25.04777045177045,87.63761501334228,-0.768881562881564,-0.3999999999999999,Neutral
Agusan del Sur,2014,2014Q2,26.15054945054945,29.9989010989011,23.33516483516484,406.4,406.4,572.0,3117809.2,1690.02,346.07,7.818681318681318,23.004395604395604,Q2,478.18,26.31703296703297,-15.011083692333438,-0.1664835164835203,0.1333333333333333,Neutral
Agusan del Sur,2014,2014Q3,25.82934782608696,29.48152173913044,23.067391304347822,507.5,507.5,589.0,2872701.35,1634.39,333.99,7.341304347826087,23.51304347826087,Q3,490.77,26.265108695652174,3.4089288261303703,-0.4357608695652146,0.1,Neutral
Agusan del Sur,2014,2014Q4,25.36086956521739,28.839130434782607,22.85326086956522,675.7,675.7,758.0,2844156.06,1401.05,285.75,8.254347826086956,25.914130434782606,Q4,585.47,25.684891304347826,15.411549695116747,-0.3240217391304369,0.6,El Niño
Agusan del Sur,2015,2015Q1,24.92666666666667,28.677777777777777,22.08,422.3,422.3,577.0,3150506.63,1544.06,313.76,9.28888888888889,27.815555555555555,Q1,685.79,25.04777045177045,-38.42138263900027,-0.1211037851037808,0.5,El Niño
Agusan del Sur,2015,2015Q2,26.56923076923077,30.71098901098901,23.468131868131863,330.8,330.8,524.0,3180851.43,1742.96,365.96,8.224175824175823,23.5912087912088,Q2,478.18,26.31703296703297,-30.82102973775565,0.2521978021978022,0.9333333333333332,El Niño
Agusan del Sur,2015,2015Q3,26.10326086956522,29.811956521739127,23.230434782608693,485.0,485.0,552.0,3005669.32,1650.03,340.31,8.23913043478261,25.48260869565217,Q3,490.77,26.265108695652174,-1.175703486358168,-0.1618478260869551,1.8666666666666665,El Niño
Agusan del Sur,2015,2015Q4,25.76630434782609,29.62608695652174,22.997826086956525,637.0,637.0,628.0,3249934.2,1541.92,317.26,9.011956521739132,28.85326086956522,Q4,585.47,25.684891304347826,8.801475737441708,0.081413043478264,2.533333333333333,El Niño
Agusan del Sur,2016,2016Q1,25.825274725274724,30.243956043956043,22.53736263736264,148.8,148.8,445.0,3403534.95,1678.26,356.89,11.0989010989011,29.382417582417585,Q1,685.79,25.04777045177045,-78.30239577713294,0.7775042735042739,2.066666666666667,El Niño
Agusan del Sur,2016,2016Q2,26.870329670329667,31.1010989010989,23.921978021978024,412.8,412.8,632.0,3306826.55,1716.67,365.77,9.95934065934066,27.359340659340656,Q2,478.18,26.31703296703297,-13.672675561504036,0.5532967032966987,0.3999999999999999,Neutral
Agusan del Sur,2016,2016Q3,26.81304347826088,30.9108695652174,23.85217391304348,402.2,402.2,508.0,3136448.57,1741.5,363.8,7.639130434782608,24.14891304347826,Q3,490.77,26.265108695652174,-18.047150396315992,0.5479347826087029,-0.5,La Niña
Agusan del Sur,2016,2016Q4,25.58152173913044,29.219565217391303,23.051086956521736,702.6,702.6,857.0,2815365.21,1376.53,282.81,7.764130434782608,26.0358695652174,Q4,585.47,25.684891304347826,20.006148906007137,-0.1033695652173882,-0.6666666666666666,La Niña
Agusan del Sur,2017,2017Q1,25.232222222222223,28.90111111111111,22.67666666666667,958.0,958.0,884.0,2561290.79,1310.6,271.11,11.355555555555556,32.931111111111115,Q1,685.79,25.04777045177045,39.69290890797475,0.1844517704517727,-0.1333333333333333,Neutral
Agusan del Sur,2017,2017Q2,26.35164835164835,30.35604395604396,23.61758241758241,699.7,699.7,761.0,3182727.4,1659.37,338.02,9.61758241758242,27.59230769230769,Q2,478.18,26.31703296703297,46.32565142833244,0.0346153846153818,0.2666666666666666,Neutral
Agusan del Sur,2017,2017Q3,26.282608695652176,30.242391304347827,23.73478260869565,570.0,570.0,650.0,2882545.06,1613.41,332.02,9.992391304347825,26.47934782608696,Q3,490.77,26.265108695652174,16.14401858304298,0.0175000000000018,-0.1333333333333333,Neutral
Agusan del Sur,2017,2017Q4,25.992391304347827,29.65652173913044,23.436956521739127,571.6,571.6,754.0,2697466.88,1393.73,290.85,11.753260869565215,31.92065217391304,Q4,585.47,25.684891304347826,-2.36903684219516,0.307500000000001,-0.8333333333333334,La Niña
Agusan del Sur,2018,2018Q1,25.49888888888889,29.34888888888889,22.69,665.7,665.7,690.0,2799408.14,1437.73,295.86,11.21888888888889,31.807777777777776,Q1,685.79,25.04777045177045,-2.929468204552402,0.4511184371184384,-0.8333333333333334,La Niña
Agusan del Sur,2018,2018Q2,26.61868131868132,30.91978021978022,23.578021978021976,451.3,451.3,616.0,3212043.21,1740.1,361.13,10.231868131868133,27.98681318681319,Q2,478.18,26.31703296703297,-5.621314149483457,0.3016483516483497,-0.2333333333333333,Neutral
Agusan del Sur,2018,2018Q3,27.078260869565216,31.36847826086957,24.217391304347824,308.3,308.3,525.0,3074531.74,1735.57,376.55,12.519565217391303,32.6054347826087,Q3,490.77,26.265108695652174,-37.18034924710149,0.8131521739130427,0.2666666666666666,Neutral
Agusan del Sur,2018,2018Q4,26.088043478260868,30.28478260869565,23.055434782608696,489.5,489.5,866.0,3099747.8,1542.95,322.34,11.346739130434784,31.78478260869565,Q4,585.47,25.684891304347826,-16.391958597366223,0.4031521739130426,0.8333333333333334,El Niño
Agusan del Sur,2019,2019Q1,25.02444444444444,29.607777777777777,21.30555555555556,386.5,386.5,666.0,3098699.81,1629.75,335.71,10.986666666666666,29.416666666666668,Q1,685.79,25.04777045177045,-43.64163956896426,-0.023326007326009,0.6999999999999998,El Niño
Agusan del Sur,2019,2019Q2,26.89230769230769,31.4,23.61208791208791,479.7,479.7,718.0,3377978.63,1793.57,376.98,10.417582417582418,27.8,Q2,478.18,26.31703296703297,0.3178719310719775,0.5752747252747206,0.5666666666666667,El Niño
Agusan del Sur,2019,2019Q3,27.30652173913043,31.866304347826084,24.10652173913044,296.0,296.0,532.0,3024244.06,1743.67,385.85,12.18586956521739,30.843478260869563,Q3,490.77,26.265108695652174,-39.68661491126189,1.0414130434782578,0.1999999999999999,Neutral
Agusan del Sur,2019,2019Q4,26.50108695652174,31.20978260869565,23.27608695652174,499.6,499.6,818.0,3131420.93,1579.69,338.14,11.656521739130437,31.816304347826087,Q4,585.47,25.684891304347826,-14.666848856474283,0.8161956521739135,0.4333333333333333,Neutral
Agusan del Sur,2020,2020Q1,26.11758241758241,30.99670329670329,22.28021978021978,221.8,221.8,620.0,3430123.27,1724.59,368.8,12.275824175824177,31.65384615384616,Q1,685.79,25.04777045177045,-67.65773779145219,1.0698119658119616,0.4666666666666666,Neutral
Agusan del Sur,2020,2020Q2,27.03736263736264,31.761538461538464,23.654945054945053,510.4,510.4,825.0,3164009.78,1734.87,369.43,10.213186813186812,28.47582417582418,Q2,478.18,26.31703296703297,6.738048433644228,0.7203296703296722,-0.0666666666666666,Neutral
Agusan del Sur,2020,2020Q3,26.616304347826084,30.953260869565216,23.775,588.4,588.4,760.0,2926744.82,1644.3,343.57,10.45217391304348,27.540217391304346,Q3,490.77,26.265108695652174,19.893229007478045,0.3511956521739101,-0.6333333333333333,La Niña
Agusan del Sur,2020,2020Q4,26.222826086956523,30.203260869565216,23.50434782608696,617.6,617.6,845.0,2797600.01,1420.54,297.09,10.366304347826087,29.49021739130435,Q4,585.47,25.684891304347826,5.487898611372059,0.5379347826086978,-1.2333333333333334,La Niña
Agusan del Sur,2021,2021Q1,25.45777777777777,29.436666666666667,22.54777777777777,1086.6,1086.6,1097.0,2840416.96,1480.89,302.15,10.036666666666664,29.74111111111111,Q1,685.79,25.04777045177045,58.44500503069452,0.4100073260073209,-0.9,La Niña
Agusan del Sur,2021,2021Q2,26.408791208791207,30.43406593406593,23.45934065934066,631.7,631.7,887.0,3128846.61,1711.25,350.73,11.085714285714284,29.3956043956044,Q2,478.18,26.31703296703297,32.10506503827011,0.0917582417582387,-0.5333333333333333,La Niña
Agusan del Sur,2021,2021Q3,26.67934782608696,31.09130434782609,23.70217391304348,462.5,462.5,701.0,3094075.42,1731.36,361.56,10.11413043478261,26.65108695652174,Q3,490.77,26.265108695652174,-5.7603357988467065,0.4142391304347868,-0.5333333333333333,La Niña
Agusan del Sur,2021,2021Q4,25.67065217391304,29.84130434782609,22.99347826086957,1075.7,1075.7,859.0,2619151.25,1438.81,295.57,10.856521739130434,27.97826086956522,Q4,585.47,25.684891304347826,83.732727552223,-0.0142391304347846,-0.9333333333333332,La Niña
Agusan del Sur,2022,2022Q1,25.36555555555556,29.90777777777777,22.29555555555556,868.9,868.9,903.0,2750375.72,1541.6,313.63,10.28111111111111,27.01888888888889,Q1,685.79,25.04777045177045,26.70059347613701,0.3177851037851091,-0.9666666666666668,La Niña
Agusan del Sur,2022,2022Q2,25.85164835164835,30.19120879120879,23.026373626373623,943.7,943.7,902.0,2746639.36,1641.89,333.41,10.68131868131868,27.703296703296704,Q2,478.18,26.31703296703297,97.35246141620313,-0.4653846153846181,-1.0,La Niña
Agusan del Sur,2022,2022Q3,26.00543478260869,30.80869565217392,23.13369565217392,953.8,953.8,758.0,2997764.1,1777.78,361.09,10.527173913043478,26.144565217391307,Q3,490.77,26.265108695652174,94.3476577622919,-0.259673913043482,-0.9,La Niña
Agusan del Sur,2022,2022Q4,25.67391304347826,29.845652173913045,22.93260869565217,905.9,905.9,932.0,2674622.03,1482.88,301.88,10.802173913043475,27.01195652173913,Q4,585.47,25.684891304347826,54.730387551881385,-0.0109782608695638,-0.9,La Niña
Agusan del Sur,2023,2023Q1,25.01555555555556,29.16555555555556,22.22222222222222,1088.1,1088.1,1091.0,2385998.35,1402.55,283.59,10.426666666666666,26.65,Q1,685.79,25.04777045177045,58.66373087971536,-0.0322148962148887,-0.3999999999999999,Neutral
Agusan del Sur,2023,2023Q2,26.60769230769231,31.33626373626373,23.43956043956044,611.8,611.8,705.0,3098112.77,1823.69,376.78,11.254945054945056,27.7021978021978,Q2,478.18,26.31703296703297,27.943452256472444,0.2906593406593423,0.5,El Niño
Agusan del Sur,2023,2023Q3,26.823913043478264,31.44782608695652,23.914130434782606,534.7,534.7,668.0,3028965.67,1786.17,376.41,12.126086956521736,29.290217391304346,Q3,490.77,26.265108695652174,8.951239888338748,0.55880434782609,1.3333333333333333,El Niño
Agusan del Sur,2023,2023Q4,26.23586956521739,30.80217391304348,23.14673913043478,508.2,508.2,773.0,3021785.18,1605.3,331.62,10.315217391304348,27.02065217391305,Q4,585.47,25.684891304347826,-13.197943532546509,0.550978260869563,1.9,El Niño
Agusan del Sur,2024,2024Q1,25.932967032967035,30.58681318681319,22.369230769230768,501.1,501.1,685.0,3106050.62,1698.08,354.91,10.54065934065934,26.263736263736263,Q1,685.79,25.04777045177045,-26.93098470377229,0.8851965811965847,1.4666666666666668,El Niño
Agusan del Sur,2024,2024Q2,27.563736263736267,32.987912087912086,23.83186813186813,579.9,579.9,650.0,3308732.92,1911.55,414.04,11.468131868131866,28.224175824175827,Q2,478.18,26.31703296703297,21.272324229369687,1.2467032967032985,0.4333333333333333,Neutral
Agusan del Sur,2024,2024Q3,26.597826086956523,31.219565217391303,23.80217391304348,608.4,608.4,689.0,2870618.81,1755.22,364.75,10.803260869565218,26.665217391304346,Q3,490.77,26.265108695652174,23.96845772969008,0.3327173913043495,-0.1,Neutral
Agusan del Sur,2024,2024Q4,26.35333333333333,30.704395604395604,23.56153846153846,873.8,873.8,843.0,2813205.21,1530.27,319.03,11.06043956043956,27.56043956043956,Q4,585.47,25.684891304347826,49.247613028848605,0.6684420289855062,-0.3999999999999999,Neutral
Agusan del Sur,2025,2025Q1,25.28876404494381,29.085555555555555,22.662222222222223,1020.4,1020.4,940.0,2598316.12,1485.7,295.6,9.835555555555556,25.42888888888889,Q1,685.79,25.04777045177045,48.79190422724158,0.2409935931733642,-0.3999999999999999,Neutral
Agusan del Sur,2025,2025Q2,27.49230769230769,32.926373626373625,23.59230769230769,255.5,3.9,428.0,3161533.9,1759.06,382.62,11.316483516483515,24.093406593406595,Q2,478.18,26.31703296703297,-46.56823790204525,1.175274725274722,-0.1,Neutral
Agusan del Sur,2025,2025Q3,27.56304347826088,32.667391304347824,24.05,448.6,14.0,533.0,2817879.98,1774.18,382.73,12.048913043478262,25.76195652173913,Q3,490.77,26.265108695652174,-8.592619760784066,1.2979347826087029,-0.3,Neutral
Agusan del Sur,2025,2025Q4,27.19508196721312,31.78688524590164,24.15573770491803,344.7,36.0,428.0,1809386.04,1065.53,225.65,11.57377049180328,26.09344262295082,Q4,585.47,25.684891304347826,-41.12422498163869,1.5101906628652948,-0.6,La Niña
Albay,2010,2010Q1,26.067777777777778,29.48611111111111,23.520000000000003,159.1,159.1,393.0,6753404.96,3523.08,746.62,14.975,34.754999999999995,Q1,721.14,25.444106837606835,-77.93770973736028,0.6236709401709426,1.1666666666666667,El Niño
Albay,2010,2010Q2,28.572527472527472,32.23296703296703,25.81098901098901,607.2,607.2,842.0,7478389.72,4201.85,912.03,11.84010989010989,29.64835164835165,Q2,1021.67,27.704945054945057,-40.5678937425979,0.8675824175824154,-0.1666666666666666,Neutral
Albay,2010,2010Q3,27.0233695652174,29.97826086956522,25.08532608695652,2018.9,2018.9,2290.0,6216643.57,3405.3,692.15,10.754347826086956,27.417934782608693,Q3,2146.15,26.84369565217392,-5.929222095380099,0.1796739130434836,-1.3,La Niña
Albay,2010,2010Q4,26.21630434782609,28.936956521739127,24.525543478260868,1299.4,1299.4,1705.0,5752687.38,2736.5,551.91,12.846739130434784,31.07663043478261,Q4,1228.58,26.30239130434783,5.764378388057772,-0.0860869565217399,-1.6000000000000003,La Niña
Albay,2011,2011Q1,25.08277777777777,27.63222222222222,23.47055555555556,1217.5,1217.5,1362.0,5423658.82,2816.58,577.55,17.24277777777778,38.623333333333335,Q1,721.14,25.444106837606835,68.82990820090413,-0.3613290598290639,-1.1666666666666667,La Niña
Albay,2011,2011Q2,26.58516483516484,29.39120879120879,24.540109890109893,1807.8,1807.8,1668.0,6053829.72,3426.44,697.65,13.142857142857142,31.66868131868132,Q2,1021.67,27.704945054945057,76.94558908453804,-1.1197802197802176,-0.5666666666666667,La Niña
Albay,2011,2011Q3,26.63804347826087,29.043478260869566,24.96141304347826,2348.9,2348.9,2805.0,5990372.42,3228.66,647.3,16.80054347826087,38.97445652173913,Q3,2146.15,26.84369565217392,9.447149546862988,-0.2056521739130445,-0.6333333333333333,La Niña
Albay,2011,2011Q4,26.26793478260869,29.03967391304348,24.49402173913043,1226.8,1226.8,1702.0,6139613.11,2914.25,585.62,13.308152173913042,33.55163043478261,Q4,1228.58,26.30239130434783,-0.1448827101206248,-0.0344565217391341,-1.0333333333333334,La Niña
Albay,2012,2012Q1,25.623076923076923,28.318131868131868,23.837912087912088,1032.0,1032.0,1299.0,6147759.96,3028.81,605.33,15.25054945054945,35.64945054945055,Q1,721.14,25.444106837606835,43.10674764955487,0.1789700854700875,-0.7333333333333334,La Niña
Albay,2012,2012Q2,27.20934065934066,30.087362637362634,25.06318681318681,1407.6,1407.6,1808.0,6766510.36,3732.01,757.1899999999999,12.856043956043957,30.451098901098906,Q2,1021.67,27.704945054945057,37.77442814215939,-0.4956043956043956,-0.2666666666666666,Neutral
Albay,2012,2012Q3,26.613586956521736,29.05326086956521,24.94782608695652,2276.6,2276.6,2846.0,5660634.9,3194.51,643.59,16.382065217391304,39.02228260869565,Q3,2146.15,26.84369565217392,6.078326305244266,-0.2301086956521771,0.3333333333333333,Neutral
Albay,2012,2012Q4,26.34891304347826,29.09021739130435,24.442391304347822,824.7,824.7,1178.0,6375684.48,3078.8,624.19,15.395652173913044,35.99510869565218,Q4,1228.58,26.30239130434783,-32.87372413680834,0.04652173913043,0.0666666666666666,Neutral
Albay,2013,2013Q1,25.65277777777778,28.401666666666667,23.705,802.4,802.4,933.0,6240895.76,3195.91,651.97,16.471666666666668,36.81777777777778,Q1,721.14,25.444106837606835,11.268269684111267,0.2086709401709434,-0.3666666666666667,Neutral
Albay,2013,2013Q2,27.75604395604396,30.85,25.47087912087912,1276.7,1276.7,1473.0,6742278.54,3841.18,797.43,11.397802197802198,27.98681318681319,Q2,1021.67,27.704945054945057,24.962071901886123,0.0510989010989035,-0.3666666666666667,Neutral
Albay,2013,2013Q3,26.59945652173913,29.192391304347822,24.8625,2618.8,2618.8,2813.0,5387495.81,3063.6,622.41,14.346195652173911,34.37989130434782,Q3,2146.15,26.84369565217392,22.02315774759453,-0.244239130434785,-0.3333333333333333,Neutral
Albay,2013,2013Q4,26.153260869565216,28.842934782608697,24.37608695652174,808.8,808.8,1442.0,6377661.44,2976.97,594.98,14.834782608695653,34.6554347826087,Q4,1228.58,26.30239130434783,-34.16790115417799,-0.149130434782613,-0.2333333333333333,Neutral
Albay,2014,2014Q1,25.006666666666664,27.94111111111111,22.83333333333333,299.6,299.6,590.0,6169431.47,3235.43,680.98,16.991111111111113,37.56444444444445,Q1,721.14,25.444106837606835,-58.45466899631139,-0.4374401709401709,-0.3999999999999999,Neutral
Albay,2014,2014Q2,27.796703296703296,30.80879120879121,25.4521978021978,1167.6,1167.6,1520.0,7048523.59,3869.77,802.47,11.64120879120879,28.571428571428573,Q2,1021.67,27.704945054945057,14.28347705227714,0.0917582417582387,0.1333333333333333,Neutral
Albay,2014,2014Q3,26.83315217391305,29.367391304347827,25.127173913043475,2652.9,2652.9,2539.0,5687103.19,3213.1,655.23,16.339673913043477,38.61630434782609,Q3,2146.15,26.84369565217392,23.612049483959648,-0.0105434782608639,0.1,Neutral
Albay,2014,2014Q4,26.15652173913044,28.789130434782606,24.38858695652174,1559.1,1559.1,1539.0,5761897.73,2779.62,569.34,14.56086956521739,34.23315217391304,Q4,1228.58,26.30239130434783,26.902603005095315,-0.1458695652173887,0.6,El Niño
Albay,2015,2015Q1,25.063333333333333,27.989444444444448,22.87,656.6,656.6,617.0,6521727.26,3305.98,677.83,16.052222222222223,35.74333333333333,Q1,721.14,25.444106837606835,-8.949718501261886,-0.3807735042735025,0.5,El Niño
Albay,2015,2015Q2,27.67912087912088,30.91923076923077,25.201648351648352,749.9,749.9,1069.0,7208148.06,4002.4,832.39,10.853846153846154,26.71978021978022,Q2,1021.67,27.704945054945057,-26.600565740405425,-0.0258241758241766,0.9333333333333332,El Niño
Albay,2015,2015Q3,26.99402173913043,29.67065217391304,25.17228260869565,1931.8,1931.8,2478.0,6451699.65,3494.17,704.51,14.41358695652174,34.48315217391304,Q3,2146.15,26.84369565217392,-9.987652307620628,0.1503260869565181,1.8666666666666665,El Niño
Albay,2015,2015Q4,26.63097826086957,29.39402173913044,24.707608695652173,851.2,851.2,1102.0,6491483.43,3135.22,640.53,15.57336956521739,36.71141304347826,Q4,1228.58,26.30239130434783,-30.716762441192262,0.3285869565217396,2.533333333333333,El Niño
Albay,2016,2016Q1,25.93076923076923,28.926923076923075,23.685714285714287,292.9,292.9,714.0,6590270.12,3382.62,686.31,14.186263736263736,32.638461538461534,Q1,721.14,25.444106837606835,-59.38375350140056,0.4866623931623941,2.066666666666667,El Niño
Albay,2016,2016Q2,28.215934065934068,31.50384615384615,25.762637362637363,907.2,907.2,1259.0,7091827.12,3960.12,844.87,11.783516483516484,28.61868131868132,Q2,1021.67,27.704945054945057,-11.20420488024509,0.510989010989011,0.3999999999999999,Neutral
Albay,2016,2016Q3,27.242934782608696,29.74184782608696,25.530434782608697,2359.6,2359.6,2636.0,6076078.61,3322.61,674.46,15.115217391304348,35.53858695652174,Q3,2146.15,26.84369565217392,9.945716748596316,0.3992391304347826,-0.5,La Niña
Albay,2016,2016Q4,26.38967391304348,28.98260869565217,24.698913043478264,1497.5,1497.5,1755.0,5753606.23,2743.46,555.88,15.093478260869563,36.06630434782608,Q4,1228.58,26.30239130434783,21.888684497550024,0.0872826086956521,-0.6666666666666666,La Niña
Albay,2017,2017Q1,25.30111111111111,28.005,23.25333333333333,1057.8,1057.8,1591.0,5962046.9,2963.33,624.82,19.558888888888887,44.477777777777774,Q1,721.14,25.444106837606835,46.68441634079374,-0.1429957264957266,-0.1333333333333333,Neutral
Albay,2017,2017Q2,27.64230769230769,31.26923076923077,24.823076923076925,879.8000000000001,879.8000000000001,1359.0,7227804.35,3807.65,800.47,12.51153846153846,31.53626373626373,Q2,1021.67,27.704945054945057,-13.886088463006644,-0.0626373626373677,0.2666666666666666,Neutral
Albay,2017,2017Q3,26.83152173913044,29.88532608695652,24.62228260869565,2012.0,2012.0,2179.0,5470167.03,3021.84,625.4,12.956521739130435,32.67445652173913,Q3,2146.15,26.84369565217392,-6.250728047899731,-0.0121739130434761,-0.1333333333333333,Neutral
Albay,2017,2017Q4,26.23695652173913,28.917934782608693,24.320652173913043,1760.2,1760.2,2215.0,5339377.58,2558.89,530.71,16.303260869565218,39.81032608695652,Q4,1228.58,26.30239130434783,43.27109345748752,-0.0654347826086976,-0.8333333333333334,La Niña
Albay,2018,2018Q1,25.53666666666667,28.315555555555555,23.38777777777777,1393.8,1393.8,1699.0,5684038.74,2869.04,598.29,17.200555555555557,39.781666666666666,Q1,721.14,25.444106837606835,93.27731092436974,0.0925598290598337,-0.8333333333333334,La Niña
Albay,2018,2018Q2,27.5021978021978,30.823076923076925,24.8456043956044,696.0,696.0,1448.0,7075331.3100000005,3695.05,778.04,13.777472527472527,35.198351648351654,Q2,1021.67,27.704945054945057,-31.876241839341475,-0.2027472527472582,-0.2333333333333333,Neutral
Albay,2018,2018Q3,26.68369565217392,29.38369565217392,24.690217391304348,1697.2,1697.2,2817.0,5605968.45,3071.55,633.09,17.06304347826087,41.36521739130435,Q3,2146.15,26.84369565217392,-20.918854693287983,-0.1599999999999966,0.2666666666666666,Neutral
Albay,2018,2018Q4,26.29510869565217,29.28478260869565,23.97391304347826,1062.1,1062.1,2140.0,6413650.12,3057.77,636.15,17.039130434782606,39.917391304347824,Q4,1228.58,26.30239130434783,-13.550603135326966,-0.0072826086956574,0.8333333333333334,El Niño
Albay,2019,2019Q1,25.17611111111111,28.73833333333333,22.13833333333333,299.7,299.7,1030.0,6775318.15,3505.75,750.27,18.45277777777778,42.199444444444445,Q1,721.14,25.444106837606835,-58.44080206339962,-0.2679957264957266,0.6999999999999998,El Niño
Albay,2019,2019Q2,28.09010989010989,32.12747252747253,24.83186813186813,716.9,716.9,1389.0,7039187.43,3816.23,838.29,13.59010989010989,33.80604395604396,Q2,1021.67,27.704945054945057,-29.830571515264232,0.3851648351648329,0.5666666666666667,El Niño
Albay,2019,2019Q3,26.97717391304348,29.57717391304348,24.99619565217392,1544.8,1544.8,2452.0,5253029.75,2997.54,633.52,16.683152173913044,40.53097826086957,Q3,2146.15,26.84369565217392,-28.01994268806934,0.1334782608695661,0.1999999999999999,Neutral
Albay,2019,2019Q4,26.328260869565216,29.439673913043475,24.06684782608696,1396.0,1396.0,2134.0,6167761.65,2926.53,607.13,16.759239130434782,40.08532608695652,Q4,1228.58,26.30239130434783,13.627114229435616,0.0258695652173877,0.4333333333333333,Neutral
Albay,2020,2020Q1,25.57912087912088,28.71318681318681,23.110439560439563,771.4,771.4,1742.0,6775270.03,3385.66,698.82,17.552747252747253,40.52142857142857,Q1,721.14,25.444106837606835,6.969520481459909,0.1350140415140437,0.4666666666666666,Neutral
Albay,2020,2020Q2,27.94670329670329,31.6532967032967,24.896153846153847,1120.6,1120.6,1590.0,7202072.07,3857.05,827.23,13.490659340659342,33.47747252747253,Q2,1021.67,27.704945054945057,9.683165797175196,0.2417582417582373,-0.0666666666666666,Neutral
Albay,2020,2020Q3,27.1483695652174,30.409239130434784,24.694021739130434,1643.8,1643.8,2208.0,5758361.58,3181.31,661.23,11.46195652173913,29.13478260869565,Q3,2146.15,26.84369565217392,-23.407031195396414,0.3046739130434837,-0.6333333333333333,La Niña
Albay,2020,2020Q4,26.289130434782606,29.23315217391304,24.30434782608696,2859.5,2859.5,2702.0,5211595.89,2541.01,524.94,16.129347826086956,39.66032608695652,Q4,1228.58,26.30239130434783,132.74837617411973,-0.0132608695652223,-1.2333333333333334,La Niña
Albay,2021,2021Q1,25.51166666666667,28.25055555555556,23.41277777777778,1866.5,1866.5,2317.0,5524806.14,2850.8,591.43,17.490555555555556,40.84888888888889,Q1,721.14,25.444106837606835,158.8263027983471,0.0675598290598351,-0.9,La Niña
Albay,2021,2021Q2,27.20384615384616,30.494505494505493,24.49065934065934,953.7,953.7,1742.0,6914573.19,3698.82,767.66,13.806043956043956,34.107142857142854,Q2,1021.67,27.704945054945057,-6.652833106580405,-0.5010989010988958,-0.5333333333333333,La Niña
Albay,2021,2021Q3,27.12336956521739,30.220108695652176,24.92554347826087,1675.1,1675.1,2282.0,6076588.0,3260.48,684.31,14.703804347826088,36.63913043478261,Q3,2146.15,26.84369565217392,-21.94860564266245,0.279673913043478,-0.5333333333333333,La Niña
Albay,2021,2021Q4,26.258152173913043,29.168478260869566,24.13369565217392,1404.6,1404.6,2251.0,5612817.93,2842.05,597.03,17.13478260869565,39.09021739130435,Q4,1228.58,26.30239130434783,14.32710934574875,-0.0442391304347857,-0.9333333333333332,La Niña
Albay,2022,2022Q1,25.77277777777778,28.90277777777778,23.28777777777778,713.8,713.8,1533.0,6031064.78,3235.14,672.79,17.05777777777778,37.888888888888886,Q1,721.14,25.444106837606835,-1.0178328757245516,0.3286709401709444,-0.9666666666666668,La Niña
Albay,2022,2022Q2,27.06648351648352,30.67637362637363,24.18351648351648,1164.1,1164.1,1656.0,6345430.34,3663.53,764.99,13.151648351648353,30.80934065934066,Q2,1021.67,27.704945054945057,13.940900682216354,-0.638461538461538,-1.0,La Niña
Albay,2022,2022Q3,26.7,30.25597826086957,24.12173913043478,1827.1,1827.1,2327.0,5690215.61,3349.55,686.38,13.165217391304347,30.895108695652173,Q3,2146.15,26.84369565217392,-14.86615567411412,-0.1436956521739141,-0.9,La Niña
Albay,2022,2022Q4,26.32228260869565,29.29728260869565,24.090760869565216,1534.2,1534.2,2051.0,5597327.65,2863.51,596.69,16.3875,36.881521739130434,Q4,1228.58,26.30239130434783,24.87587295902588,0.0198913043478228,-0.9,La Niña
Albay,2023,2023Q1,25.230555555555554,28.00555555555556,23.09,1627.5,1627.5,2205.0,5319421.39,2987.43,613.0,18.93555555555556,41.46277777777778,Q1,721.14,25.444106837606835,125.68433313919628,-0.2135512820512808,-0.3999999999999999,Neutral
Albay,2023,2023Q2,27.50824175824176,31.2478021978022,24.51648351648352,937.6,937.6,1552.0,6939794.94,3845.58,813.73,13.536263736263736,31.65714285714286,Q2,1021.67,27.704945054945057,-8.228684408860008,-0.1967032967032977,0.5,El Niño
Albay,2023,2023Q3,27.520108695652173,30.741304347826084,25.12934782608696,1380.9,1380.9,1928.0,6400698.21,3643.66,768.09,16.691847826086956,37.77119565217391,Q3,2146.15,26.84369565217392,-35.656873937050065,0.6764130434782594,1.3333333333333333,El Niño
Albay,2023,2023Q4,26.825,29.909239130434784,24.482065217391305,1230.4,1230.4,2041.0,6150757.47,3068.9,640.55,16.23858695652174,36.35815217391304,Q4,1228.58,26.30239130434783,0.1481385013593061,0.5226086956521705,1.9,El Niño
Albay,2024,2024Q1,26.129670329670333,29.57032967032967,23.37912087912088,566.2,566.2,1582.0,6761333.31,3547.77,766.07,19.435714285714287,42.37362637362637,Q1,721.14,25.444106837606835,-21.48542585350972,0.6855634920634976,1.4666666666666668,El Niño
Albay,2024,2024Q2,28.85164835164835,32.98681318681319,25.57967032967033,748.8,748.8,1179.0,7154270.5200000005,4116.22,925.39,14.739010989010987,34.207692307692305,Q2,1021.67,27.704945054945057,-26.70823259956738,1.1467032967032935,0.4333333333333333,Neutral
Albay,2024,2024Q3,27.43641304347826,30.65271739130435,25.103804347826088,1931.7,1931.7,2210.0,5758998.81,3382.42,707.05,15.281521739130437,34.74782608695652,Q3,2146.15,26.84369565217392,-9.992311814178882,0.5927173913043475,-0.1,Neutral
Albay,2024,2024Q4,26.66555555555556,29.62197802197802,24.53296703296704,1855.7,1855.7,2066.0,5509367.79,2827.86,583.48,16.734615384615385,36.94945054945055,Q4,1228.58,26.30239130434783,51.04429503980206,0.3631642512077313,-0.3999999999999999,Neutral
Albay,2025,2025Q1,25.797191011235952,28.529444444444444,23.74888888888889,1471.9,1471.9,1980.0,5403161.25,2932.01,597.81,17.79388888888889,38.27666666666667,Q1,721.14,25.444106837606835,104.10738552846882,0.3530841736291172,-0.3999999999999999,Neutral
Albay,2025,2025Q2,28.15,32.144505494505495,25.201648351648352,429.7,12.1,785.0,6579577.42,3622.5,788.04,12.034065934065934,29.276373626373623,Q2,1021.67,27.704945054945057,-57.94140965282332,0.4450549450549417,-0.1,Neutral
Albay,2025,2025Q3,27.18804347826088,30.26793478260869,24.95978260869565,1149.2,116.3,1621.0,4940174.71,3016.92,632.89,11.525543478260868,31.79891304347826,Q3,2146.15,26.84369565217392,-46.452950632528015,0.3443478260869632,-0.3,Neutral
Albay,2025,2025Q4,27.19918032786885,30.68032786885246,24.798360655737707,957.3,372.4,924.0,3643103.76,1905.57,398.99,10.88688524590164,32.006557377049184,Q4,1228.58,26.30239130434783,-22.080776180631297,0.8967890235210199,-0.6,La Niña
Basilan,2010,2010Q1,26.246666666666663,28.939444444444447,24.002777777777776,463.4,463.4,615.0,6774709.24,3723.09,789.07,19.40888888888889,39.30166666666667,Q1,877.7700000000001,26.02717704517704,-47.20712715175958,0.2194896214896218,1.1666666666666667,El Niño
Basilan,2010,2010Q2,27.7021978021978,30.49230769230769,25.45,1019.4,1019.4,1331.0,6958759.44,3773.53,814.59,14.112637362637363,31.21208791208792,Q2,1322.28,27.25692307692308,-22.905889826663035,0.4452747252747215,-0.1666666666666666,Neutral
Basilan,2010,2010Q3,26.68152173913043,29.07771739130435,24.814673913043475,1814.8,1814.8,2190.0,6315956.79,3430.45,691.78,11.632608695652175,27.060326086956525,Q3,1759.4900000000002,26.608641304347827,3.1435245440439963,0.0728804347826042,-1.3,La Niña
Basilan,2010,2010Q4,26.317391304347822,28.62336956521739,24.56358695652174,1638.4,1638.4,1955.0,6191028.79,3066.3,619.15,13.780978260869563,29.839130434782607,Q4,1343.0300000000002,26.44733695652174,21.992807308846405,-0.1299456521739195,-1.6000000000000003,La Niña
Basilan,2011,2011Q1,25.607777777777777,27.79611111111112,24.01555555555556,1397.0,1397.0,1693.0,5590574.12,2970.33,599.35,17.76222222222222,36.48388888888889,Q1,877.7700000000001,26.02717704517704,59.153308953370455,-0.4193992673992639,-1.1666666666666667,La Niña
Basilan,2011,2011Q2,26.493956043956043,28.79065934065934,24.695054945054945,1643.9,1643.9,1976.0,5890519.8,3285.63,667.75,14.197802197802195,31.129670329670333,Q2,1322.28,27.25692307692308,24.32313882082465,-0.7629670329670368,-0.5666666666666667,La Niña
Basilan,2011,2011Q3,26.36847826086957,28.57119565217392,24.73967391304348,1790.8,1790.8,2387.0,6026248.95,3223.64,653.72,16.617391304347827,35.370652173913044,Q3,1759.4900000000002,26.608641304347827,1.779492921244208,-0.2401630434782582,-0.6333333333333333,La Niña
Basilan,2011,2011Q4,26.31413043478261,28.605978260869566,24.554891304347827,1657.7,1657.7,1660.0,6011534.05,3100.3,627.74,14.353260869565217,31.50434782608696,Q4,1343.0300000000002,26.44733695652174,23.42985636955241,-0.1332065217391331,-1.0333333333333334,La Niña
Basilan,2012,2012Q1,25.82032967032967,28.134065934065934,24.04890109890109,1175.1,1175.1,1475.0,6160465.75,3238.62,650.78,17.104945054945055,36.15494505494505,Q1,877.7700000000001,26.02717704517704,33.87333811818583,-0.2068473748473707,-0.7333333333333334,La Niña
Basilan,2012,2012Q2,26.67087912087912,29.056593406593407,24.78956043956044,1383.2,1383.2,1833.0,6422319.27,3484.8,704.62,13.767032967032966,30.69175824175824,Q2,1322.28,27.25692307692308,4.607193635236113,-0.5860439560439588,-0.2666666666666666,Neutral
Basilan,2012,2012Q3,26.403260869565216,28.61521739130435,24.767391304347825,1801.8,1801.8,2594.0,5998873.33,3226.07,658.62,17.161956521739132,36.534239130434784,Q3,1759.4900000000002,26.608641304347827,2.404674081694111,-0.2053804347826116,0.3333333333333333,Neutral
Basilan,2012,2012Q4,26.24510869565217,28.55760869565217,24.44619565217392,1086.2,1086.2,1424.0,6316608.21,3213.14,652.39,17.105978260869566,36.09891304347826,Q4,1343.0300000000002,26.44733695652174,-19.12317669746768,-0.2022282608695711,0.0666666666666666,Neutral
Basilan,2013,2013Q1,25.97,28.25222222222222,24.167222222222225,1114.2,1114.2,1197.0,6087015.25,3294.56,670.13,18.35944444444444,37.303333333333335,Q1,877.7700000000001,26.02717704517704,26.935301958371777,-0.0571770451770419,-0.3666666666666667,Neutral
Basilan,2013,2013Q2,27.01208791208791,29.45274725274725,25.08846153846154,1622.5,1622.5,1803.0,6194733.34,3410.3,700.15,12.304945054945057,27.83571428571429,Q2,1322.28,27.25692307692308,22.70472214659528,-0.2448351648351696,-0.3666666666666667,Neutral
Basilan,2013,2013Q3,26.35978260869565,28.60326086956522,24.694565217391304,1991.6,1991.6,2406.0,5659864.58,3115.47,638.57,14.95054347826087,32.72717391304348,Q3,1759.4900000000002,26.608641304347827,13.191890832002434,-0.2488586956521778,-0.3333333333333333,Neutral
Basilan,2013,2013Q4,26.215760869565216,28.49836956521739,24.482065217391305,1226.3,1226.3,1552.0,6294336.22,3134.47,634.03,16.221739130434784,34.59021739130435,Q4,1343.0300000000002,26.44733695652174,-8.691540769751995,-0.2315760869565259,-0.2333333333333333,Neutral
Basilan,2014,2014Q1,25.47722222222222,27.784444444444443,23.67055555555556,1070.2,1070.2,1031.0,6145823.98,3342.59,678.95,18.46,37.05444444444444,Q1,877.7700000000001,26.02717704517704,21.92259931417113,-0.5499548229548203,-0.3999999999999999,Neutral
Basilan,2014,2014Q2,27.065934065934066,29.426923076923075,25.07967032967033,1585.8,1585.8,1648.0,6522421.49,3559.91,724.82,12.717032967032967,28.261538461538464,Q2,1322.28,27.25692307692308,19.929213177239312,-0.1909890109890142,0.1333333333333333,Neutral
Basilan,2014,2014Q3,26.464130434782607,28.617934782608696,24.8483695652174,1798.1,1798.1,2330.0,5834824.81,3186.19,653.53,16.63478260869565,35.21739130434783,Q3,1759.4900000000002,26.608641304347827,2.194385873179141,-0.1445108695652202,0.1,Neutral
Basilan,2014,2014Q4,26.352717391304346,28.58315217391305,24.63695652173913,1231.4,1231.4,1506.0,6229147.33,3134.61,640.09,16.273913043478263,33.7054347826087,Q4,1343.0300000000002,26.44733695652174,-8.311802416922935,-0.0946195652173962,0.6,El Niño
Basilan,2015,2015Q1,25.89777777777778,28.467777777777776,23.758333333333333,277.7,277.7,513.0,6913593.17,3714.39,774.34,18.38611111111112,36.75666666666667,Q1,877.7700000000001,26.02717704517704,-68.36301081148821,-0.1293992673992612,0.5,El Niño
Basilan,2015,2015Q2,27.42142857142857,30.07362637362637,25.27747252747253,1046.8,1046.8,1465.0,6841798.91,3747.36,795.54,12.978571428571428,29.627472527472527,Q2,1322.28,27.25692307692308,-20.833711468070305,0.1645054945054909,0.9333333333333332,El Niño
Basilan,2015,2015Q3,26.592934782608697,28.720108695652176,25.04076086956522,1560.4,1560.4,2255.0,6444235.02,3382.56,693.36,16.86467391304348,35.30543478260869,Q3,1759.4900000000002,26.608641304347827,-11.315210657633754,-0.0157065217391298,1.8666666666666665,El Niño
Basilan,2015,2015Q4,26.51684782608696,28.87826086956522,24.63858695652174,697.0,697.0,1179.0,6787590.17,3401.12,690.89,16.64782608695652,35.153260869565216,Q4,1343.0300000000002,26.44733695652174,-48.10242511336308,0.0695108695652173,2.533333333333333,El Niño
Basilan,2016,2016Q1,26.52032967032967,29.2521978021978,24.232417582417582,193.5,193.5,347.0,7064821.69,3861.93,815.21,19.25934065934066,38.26208791208792,Q1,877.7700000000001,26.02717704517704,-77.95550087152672,0.4931526251526286,2.066666666666667,El Niño
Basilan,2016,2016Q2,27.68736263736264,30.363736263736264,25.54615384615384,1326.3,1326.3,1424.0,6763951.99,3681.76,783.5,13.584615384615384,30.504395604395604,Q2,1322.28,27.25692307692308,0.3040203285234581,0.4304395604395594,0.3999999999999999,Neutral
Basilan,2016,2016Q3,26.966847826086955,29.18369565217392,25.31576086956522,1679.3,1679.3,2223.0,6132734.8,3300.04,679.94,15.485326086956524,33.51684782608696,Q3,1759.4900000000002,26.608641304347827,-4.557570659679809,0.3582065217391275,-0.5,La Niña
Basilan,2016,2016Q4,26.471739130434784,28.675,24.833695652173912,1911.4,1911.4,1904.0,5782288.71,2925.42,597.42,14.26304347826087,31.38586956521739,Q4,1343.0300000000002,26.44733695652174,42.31997796028382,0.0244021739130424,-0.6666666666666666,La Niña
Basilan,2017,2017Q1,26.11,29.01944444444445,23.75,1505.1,1505.1,1464.0,5670683.72,3062.1,653.79,16.095,39.43,Q1,877.7700000000001,26.02717704517704,71.46860794969066,0.0828229548229586,-0.1333333333333333,Neutral
Basilan,2017,2017Q2,27.19835164835165,30.01428571428572,24.93516483516484,1225.2,1225.2,1518.0,6641467.56,3582.87,741.67,11.437362637362638,30.754395604395604,Q2,1322.28,27.25692307692308,-7.34186405299936,-0.0585714285714296,0.2666666666666666,Neutral
Basilan,2017,2017Q3,26.64782608695652,29.21467391304348,24.56793478260869,1796.2,1796.2,1956.0,5589998.18,3151.01,640.02,11.189673913043478,30.65271739130435,Q3,1759.4900000000002,26.608641304347827,2.0864000363741657,0.039184782608693,-0.1333333333333333,Neutral
Basilan,2017,2017Q4,26.695652173913043,29.417391304347827,24.569021739130434,1540.2,1540.2,1647.0,5728609.54,2987.26,620.2,12.145652173913044,33.46304347826087,Q4,1343.0300000000002,26.44733695652174,14.680982554373308,0.2483152173913012,-0.8333333333333334,La Niña
Basilan,2018,2018Q1,26.44833333333333,29.506666666666664,23.92055555555556,1023.9,1023.9,1156.0,6075367.67,3358.42,706.7,14.385555555555555,36.25222222222222,Q1,877.7700000000001,26.02717704517704,16.647869031750897,0.4211562881562898,-0.8333333333333334,La Niña
Basilan,2018,2018Q2,27.49285714285714,30.448901098901096,25.0,1065.6,1065.6,1506.0,6601473.9,3592.1,763.36,12.047252747252749,32.08076923076923,Q2,1322.28,27.25692307692308,-19.41192485706508,0.2359340659340603,-0.2333333333333333,Neutral
Basilan,2018,2018Q3,26.801086956521736,29.45,24.582608695652173,1693.9,1693.9,2160.0,6162155.9,3420.25,695.96,13.609239130434782,37.22663043478261,Q3,1759.4900000000002,26.608641304347827,-3.72778475580993,0.1924456521739088,0.2666666666666666,Neutral
Basilan,2018,2018Q4,26.64130434782609,29.62554347826088,24.146195652173912,1286.5,1286.5,1695.0,6564275.19,3432.87,705.71,12.951086956521738,33.99619565217392,Q4,1343.0300000000002,26.44733695652174,-4.2091390363581,0.1939673913043478,0.8333333333333334,El Niño
Basilan,2019,2019Q1,26.17333333333333,29.72277777777778,23.11055555555556,557.6,557.6,947.0,6593592.88,3717.81,813.45,18.57777777777778,42.60944444444444,Q1,877.7700000000001,26.02717704517704,-36.475386490766375,0.1461562881562876,0.6999999999999998,El Niño
Basilan,2019,2019Q2,27.824175824175825,30.94010989010989,25.1956043956044,1304.1,1304.1,1755.0,6824557.49,3761.23,819.94,13.226373626373626,33.721428571428575,Q2,1322.28,27.25692307692308,-1.3748979036210232,0.5672527472527449,0.5666666666666667,El Niño
Basilan,2019,2019Q3,26.80054347826087,29.425,24.533152173913045,1668.0,1668.0,1888.0,6069729.26,3452.24,708.15,14.055434782608694,35.99891304347826,Q3,1759.4900000000002,26.608641304347827,-5.1998022154147066,0.1919021739130428,0.1999999999999999,Neutral
Basilan,2019,2019Q4,26.70271739130435,29.658152173913045,24.182065217391305,1155.2,1155.2,1670.0,6560088.53,3362.79,689.5,11.896739130434783,32.825,Q4,1343.0300000000002,26.44733695652174,-13.985540159192285,0.2553804347826087,0.4333333333333333,Neutral
Basilan,2020,2020Q1,26.745054945054942,30.17472527472528,23.824175824175825,996.5,996.5,1330.0,6796135.51,3702.52,805.5600000000001,17.433516483516485,41.21373626373626,Q1,877.7700000000001,26.02717704517704,13.526322385135044,0.7178778998779016,0.4666666666666666,Neutral
Basilan,2020,2020Q2,27.848351648351645,31.113736263736264,25.198901098901096,1209.3,1209.3,1653.0,6468966.17,3649.64,802.84,12.6510989010989,32.60054945054945,Q2,1322.28,27.25692307692308,-8.544332516562303,0.5914285714285654,-0.0666666666666666,Neutral
Basilan,2020,2020Q3,26.77880434782609,29.44184782608696,24.5233695652174,1783.0,1783.0,2011.0,5869629.6,3309.94,670.82,10.98913043478261,29.69945652173913,Q3,1759.4900000000002,26.608641304347827,1.3361826438342792,0.1701630434782615,-0.6333333333333333,La Niña
Basilan,2020,2020Q4,26.67771739130435,29.410326086956523,24.425,1817.8,1817.8,2010.0,5681961.61,2967.41,611.39,11.507608695652175,31.27771739130435,Q4,1343.0300000000002,26.44733695652174,35.350662308362416,0.2303804347826066,-1.2333333333333334,La Niña
Basilan,2021,2021Q1,26.17555555555556,29.099444444444444,23.746666666666663,1366.1,1366.1,1797.0,5711828.79,3184.66,657.26,13.980555555555556,35.615,Q1,877.7700000000001,26.02717704517704,55.63302459642044,0.1483785103785209,-0.9,La Niña
Basilan,2021,2021Q2,27.07362637362637,29.90274725274725,24.67637362637363,1672.1,1672.1,1986.0,6399005.13,3522.8,727.51,11.702747252747251,31.174175824175823,Q2,1322.28,27.25692307692308,26.45581873733248,-0.1832967032967083,-0.5333333333333333,La Niña
Basilan,2021,2021Q3,27.002173913043475,29.721739130434784,24.678804347826084,1474.4,1474.4,1892.0,6250128.21,3479.75,714.31,11.841847826086957,32.13097826086957,Q3,1759.4900000000002,26.608641304347827,-16.202990639332995,0.3935326086956472,-0.5333333333333333,La Niña
Basilan,2021,2021Q4,26.5983695652174,29.592391304347824,24.26902173913044,1486.7,1486.7,1655.0,5617944.38,3150.22,650.68,12.98695652173913,32.54402173913044,Q4,1343.0300000000002,26.44733695652174,10.69745277469601,0.1510326086956546,-0.9333333333333332,La Niña
Basilan,2022,2022Q1,26.47833333333333,29.792222222222225,23.82611111111111,935.7,935.7,1290.0,5951760.94,3416.23,724.25,15.528333333333332,35.78,Q1,877.7700000000001,26.02717704517704,6.599678731330524,0.4511562881562909,-0.9666666666666668,La Niña
Basilan,2022,2022Q2,26.794505494505497,29.732417582417582,24.44065934065934,1728.1,1728.1,1804.0,5906035.36,3481.37,717.13,11.627472527472529,28.877472527472527,Q2,1322.28,27.25692307692308,30.690927791390628,-0.4624175824175829,-1.0,La Niña
Basilan,2022,2022Q3,26.64891304347826,29.46521739130435,24.25,1840.0,1840.0,1802.0,5997238.62,3501.47,705.01,11.392934782608696,28.29402173913044,Q3,1759.4900000000002,26.608641304347827,4.5757577479837765,0.0402717391304321,-0.9,La Niña
Basilan,2022,2022Q4,26.610326086956523,29.57717391304348,24.29728260869565,1612.9,1612.9,1740.0,5825917.95,3200.82,658.43,12.478260869565217,30.617391304347827,Q4,1343.0300000000002,26.44733695652174,20.09411554470115,0.1629891304347808,-0.9,La Niña
Basilan,2023,2023Q1,26.192777777777778,29.371111111111112,23.70888888888889,1265.4,1265.4,1543.0,5567100.31,3308.35,690.16,14.96,34.342777777777776,Q1,877.7700000000001,26.02717704517704,44.16077104480672,0.1656007326007369,-0.3999999999999999,Neutral
Basilan,2023,2023Q2,27.325274725274724,30.46208791208792,24.723626373626374,1842.9,1842.9,1741.0,6441887.56,3701.6,764.5,11.796153846153846,29.12692307692308,Q2,1322.28,27.25692307692308,39.37290135220983,0.0683516483516442,0.5,El Niño
Basilan,2023,2023Q3,27.104891304347827,30.04728260869565,24.63913043478261,2020.3,2020.3,2005.0,6222211.2,3554.7,731.47,13.402173913043478,32.107608695652175,Q3,1759.4900000000002,26.608641304347827,14.823045314267183,0.4962499999999998,1.3333333333333333,El Niño
Basilan,2023,2023Q4,27.04076086956522,30.41358695652174,24.2733695652174,1103.5,1103.5,1399.0,6599277.18,3587.99,739.85,12.610869565217392,29.95,Q4,1343.0300000000002,26.44733695652174,-17.835044637871096,0.5934239130434769,1.9,El Niño
Basilan,2024,2024Q1,27.482417582417582,31.34285714285714,24.236263736263737,501.9,501.9,891.0,6657905.8,3823.25,870.74,17.952747252747255,39.13461538461539,Q1,877.7700000000001,26.02717704517704,-42.82101233808402,1.4552405372405417,1.4666666666666668,El Niño
Basilan,2024,2024Q2,28.62582417582417,32.27417582417582,25.62197802197802,1065.5,1065.5,1408.0,6622521.78,3923.7,902.46,14.394505494505497,32.54615384615384,Q2,1322.28,27.25692307692308,-19.41948755180446,1.368901098901091,0.4333333333333333,Neutral
Basilan,2024,2024Q3,27.11847826086957,29.97445652173913,24.77065217391305,1931.8,1931.8,1906.0,5893561.49,3459.99,709.98,12.873913043478264,30.69184782608696,Q3,1759.4900000000002,26.608641304347827,9.793178705192965,0.5098369565217418,-0.1,Neutral
Basilan,2024,2024Q4,26.89333333333333,30.15934065934066,24.38131868131868,1571.8,1571.8,1620.0,6018152.78,3273.46,672.25,12.034065934065934,29.224175824175827,Q4,1343.0300000000002,26.44733695652174,17.03387117190232,0.4459963768115891,-0.3999999999999999,Neutral
Basilan,2025,2025Q1,26.820224719101123,30.60388888888889,23.966666666666665,1016.5,1016.5,1468.0,5944868.4,3398.8,723.66,14.845555555555556,34.92333333333333,Q1,877.7700000000001,26.02717704517704,15.804823587044432,0.7930476739240824,-0.3999999999999999,Neutral
Basilan,2025,2025Q2,28.02307692307692,31.97252747252747,24.88021978021978,658.6,16.2,1070.0,6036828.45,3380.92,727.96,10.929120879120878,29.38296703296703,Q2,1322.28,27.25692307692308,-50.192092446380485,0.7661538461538413,-0.1,Neutral
Basilan,2025,2025Q3,27.21032608695652,30.48695652173913,24.67010869565217,1217.1,141.3,1358.0,5447667.97,3181.0,665.4,12.835869565217392,29.289130434782606,Q3,1759.4900000000002,26.608641304347827,-30.826546328765737,0.6016847826086931,-0.3,Neutral
Basilan,2025,2025Q4,27.465573770491805,30.99098360655738,24.83032786885246,818.3,119.1,795.0,3610885.52,2009.99,423.79,11.162295081967212,27.31393442622951,Q4,1343.0300000000002,26.44733695652174,-39.07060899607605,1.0182368139700628,-0.6,La Niña
Bataan,2010,2010Q1,26.566666666666663,29.82111111111111,24.26222222222222,21.4,21.4,59.0,3437248.18,1714.78,379.84,14.973333333333333,31.906666666666663,Q1,106.5,25.99689743589744,-79.90610328638496,0.569769230769225,1.1666666666666667,El Niño
Bataan,2010,2010Q2,28.6934065934066,31.552747252747256,26.48791208791209,277.8,277.8,373.0,3549497.45,1956.87,427.33,11.876923076923076,28.25384615384615,Q2,391.82,28.476593406593405,-29.10009698330866,0.2168131868131908,-0.1666666666666666,Neutral
Bataan,2010,2010Q3,27.27173913043478,29.191304347826087,25.80652173913043,771.0,771.0,860.0,2845860.75,1562.11,323.09,10.856521739130434,27.89673913043478,Q3,969.89,26.91391304347826,-20.50644918495912,0.3578260869565213,-1.3,La Niña
Bataan,2010,2010Q4,26.63586956521739,28.622826086956525,25.36195652173913,373.8,373.8,475.0,2858858.52,1345.36,282.74,12.903260869565216,31.370652173913044,Q4,426.48,26.73652173913044,-12.352279122115926,-0.1006521739130477,-1.6000000000000003,La Niña
Bataan,2011,2011Q1,25.496666666666663,28.091111111111108,23.83,234.7,234.7,162.0,3247753.61,1595.52,347.11,17.84,38.016666666666666,Q1,106.5,25.99689743589744,120.37558685446008,-0.5002307692307753,-1.1666666666666667,La Niña
Bataan,2011,2011Q2,27.47142857142857,29.9956043956044,25.63186813186813,621.7,621.7,605.0,3138298.06,1718.26,371.71,12.978021978021978,30.865934065934063,Q2,391.82,28.476593406593405,58.66979735592876,-1.005164835164834,-0.5666666666666667,La Niña
Bataan,2011,2011Q3,26.58478260869565,27.95434782608696,25.502173913043475,956.5,956.5,1126.0,2406178.38,1327.39,271.3,13.444565217391306,33.154347826086955,Q3,969.89,26.91391304347826,-1.3805689304972717,-0.3291304347826091,-0.6333333333333333,La Niña
Bataan,2011,2011Q4,26.506521739130434,28.38804347826087,25.194565217391304,500.5,500.5,577.0,2879292.21,1348.04,282.55,13.865217391304348,32.48913043478261,Q4,426.48,26.73652173913044,17.356030763459007,-0.2300000000000039,-1.0333333333333334,La Niña
Bataan,2012,2012Q1,26.23076923076923,28.79340659340659,24.57032967032967,188.7,188.7,281.0,3132940.64,1559.92,333.82,14.93956043956044,33.94505494505494,Q1,106.5,25.99689743589744,77.18309859154928,0.2338717948717921,-0.7333333333333334,La Niña
Bataan,2012,2012Q2,27.732967032967032,29.87252747252748,26.00879120879121,383.6,383.6,661.0,3215114.61,1722.44,363.42,12.37142857142857,30.53516483516483,Q2,391.82,28.476593406593405,-2.0979020979020904,-0.7436263736263733,-0.2666666666666666,Neutral
Bataan,2012,2012Q3,26.48586956521739,27.92717391304348,25.30217391304348,1037.1,1037.1,1238.0,2392364.94,1308.15,267.53,12.844565217391304,31.57934782608696,Q3,969.89,26.91391304347826,6.929651816185332,-0.4280434782608715,0.3333333333333333,Neutral
Bataan,2012,2012Q4,26.86521739130435,29.15652173913044,25.217391304347824,226.7,226.7,281.0,3209313.02,1508.66,323.02,13.780434782608696,32.1054347826087,Q4,426.48,26.73652173913044,-46.84393172012757,0.12869565217391,0.0666666666666666,Neutral
Bataan,2013,2013Q1,26.52777777777778,29.49777777777778,24.520000000000003,45.0,45.0,113.0,3287944.87,1632.02,364.7,16.53777777777778,35.67777777777778,Q1,106.5,25.99689743589744,-57.74647887323944,0.5308803418803407,-0.3666666666666667,Neutral
Bataan,2013,2013Q2,28.624175824175826,31.16923076923077,26.656043956043955,450.0,450.0,506.0,3278357.1,1794.11,394.7,11.461538461538462,28.4032967032967,Q2,391.82,28.476593406593405,14.848654994640398,0.14758241758242,-0.3666666666666667,Neutral
Bataan,2013,2013Q3,26.757608695652173,28.332608695652173,25.53478260869565,1036.6,1036.6,1164.0,2341968.26,1340.81,279.13,11.756521739130434,30.10760869565217,Q3,969.89,26.91391304347826,6.878099578302686,-0.1563043478260866,-0.3333333333333333,Neutral
Bataan,2013,2013Q4,26.51413043478261,28.48695652173913,25.1,285.0,285.0,393.0,3180604.86,1427.18,298.93,13.41304347826087,31.33478260869565,Q4,426.48,26.73652173913044,-33.17388857625211,-0.2223913043478269,-0.2333333333333333,Neutral
Bataan,2014,2014Q1,25.62,28.704444444444444,23.47888888888889,30.7,30.7,59.0,3391470.38,1705.67,375.67,15.637777777777778,34.15111111111111,Q1,106.5,25.99689743589744,-71.17370892018779,-0.3768974358974368,-0.3999999999999999,Neutral
Bataan,2014,2014Q2,28.58571428571429,31.18241758241758,26.61208791208791,338.0,338.0,472.0,3477298.87,1833.91,400.62,11.88901098901099,29.467032967032967,Q2,391.82,28.476593406593405,-13.73589913735899,0.1091208791208835,0.1333333333333333,Neutral
Bataan,2014,2014Q3,26.893478260869564,28.370652173913044,25.68586956521739,882.4,882.4,1022.0,2578730.19,1415.4,291.16,13.481521739130434,32.028260869565216,Q3,969.89,26.91391304347826,-9.020610584705484,-0.0204347826086959,0.1,Neutral
Bataan,2014,2014Q4,26.528260869565216,28.539130434782606,25.167391304347827,340.0,340.0,379.0,3061469.37,1418.4,301.2,13.967391304347826,31.940217391304348,Q4,426.48,26.73652173913044,-20.277621459388488,-0.2082608695652226,0.6,El Niño
Bataan,2015,2015Q1,25.433333333333334,28.245555555555555,23.461111111111112,70.3,70.3,86.0,3382961.42,1676.39,358.62,15.58,33.528888888888886,Q1,106.5,25.99689743589744,-33.990610328638496,-0.5635641025641043,0.5,El Niño
Bataan,2015,2015Q2,28.64945054945055,31.410989010989013,26.4978021978022,184.5,184.5,324.0,3677052.65,1962.43,430.14,12.57912087912088,30.54615384615384,Q2,391.82,28.476593406593405,-52.91205145219744,0.1728571428571435,0.9333333333333332,El Niño
Bataan,2015,2015Q3,27.20543478260869,28.90217391304348,25.80869565217392,715.8,715.8,1016.0,2845377.91,1532.75,315.74,12.208695652173914,29.779347826086955,Q3,969.89,26.91391304347826,-26.19781624720329,0.2915217391304345,1.8666666666666665,El Niño
Bataan,2015,2015Q4,27.198913043478264,29.480434782608693,25.582608695652173,646.6999999999999,646.6999999999999,310.0,3138044.76,1485.62,322.78000000000003,15.118478260869566,34.32282608695652,Q4,426.48,26.73652173913044,51.63665353592194,0.4623913043478254,2.533333333333333,El Niño
Bataan,2016,2016Q1,26.361538461538466,28.932967032967035,24.49230769230769,41.2,41.2,143.0,3317824.09,1583.38,342.72,14.302197802197805,30.843956043956045,Q1,106.5,25.99689743589744,-61.31455399061032,0.3646410256410277,2.066666666666667,El Niño
Bataan,2016,2016Q2,28.87582417582417,31.553846153846155,26.79230769230769,254.0,254.0,426.0,3511763.49,1885.5,417.52,11.783516483516484,29.417582417582416,Q2,391.82,28.476593406593405,-35.17431473635853,0.3992307692307655,0.3999999999999999,Neutral
Bataan,2016,2016Q3,27.23913043478261,28.675,26.06847826086957,749.1,749.1,1028.0,2581970.18,1414.62,291.71,12.555434782608694,31.8358695652174,Q3,969.89,26.91391304347826,-22.764437204219032,0.3252173913043492,-0.5,La Niña
Bataan,2016,2016Q4,26.95217391304348,28.823913043478264,25.62173913043478,484.4,484.4,575.0,2861626.67,1333.89,285.45,14.53804347826087,33.517391304347825,Q4,426.48,26.73652173913044,13.580941661977104,0.2156521739130426,-0.6666666666666666,La Niña
Bataan,2017,2017Q1,25.654444444444444,28.76111111111112,23.364444444444448,209.1,209.1,417.0,3268930.11,1702.54,360.81,18.49888888888889,42.70666666666666,Q1,106.5,25.99689743589744,96.33802816901408,-0.3424529914529941,-0.1333333333333333,Neutral
Bataan,2017,2017Q2,28.6010989010989,32.16813186813187,25.870329670329667,380.7,380.7,682.0,3648366.64,2038.61,442.61,12.273626373626374,31.4989010989011,Q2,391.82,28.476593406593405,-2.8380378745342263,0.1245054945054953,0.2666666666666666,Neutral
Bataan,2017,2017Q3,27.230434782608693,29.96521739130435,25.31847826086957,1009.9,1009.9,1274.0,2822241.26,1642.75,334.77,12.365217391304348,32.7804347826087,Q3,969.89,26.91391304347826,4.125210075369371,0.3165217391304331,-0.1333333333333333,Neutral
Bataan,2017,2017Q4,26.555434782608696,28.94782608695652,24.825,621.8,621.8,1000.0,2920753.89,1424.58,298.82,16.958695652173912,42.005434782608695,Q4,426.48,26.73652173913044,45.79816169574187,-0.1810869565217423,-0.8333333333333334,La Niña
Bataan,2018,2018Q1,26.135555555555552,29.46222222222222,23.76,147.2,147.2,332.0,3269951.54,1735.71,375.18,17.116666666666667,40.10333333333334,Q1,106.5,25.99689743589744,38.21596244131455,0.138658119658114,-0.8333333333333334,La Niña
Bataan,2018,2018Q2,28.582417582417584,32.207692307692305,25.89010989010989,613.7,613.7,828.0,3508354.76,1987.63,438.8,14.29010989010989,36.081318681318685,Q2,391.82,28.476593406593405,56.628043489357374,0.1058241758241784,-0.2333333333333333,Neutral
Bataan,2018,2018Q3,26.60434782608696,28.926086956521736,24.992391304347827,1205.3,1205.3,1523.0,2501201.53,1451.97,292.48,14.317391304347826,35.50760869565217,Q3,969.89,26.91391304347826,24.271824639907617,-0.3095652173913024,0.2666666666666666,Neutral
Bataan,2018,2018Q4,26.8358695652174,29.68804347826088,24.68152173913043,359.2,359.2,649.0,3180571.2,1630.79,350.24,16.405434782608694,39.922826086956526,Q4,426.48,26.73652173913044,-15.775651847683369,0.0993478260869586,0.8333333333333334,El Niño
Bataan,2019,2019Q1,25.942222222222224,29.65222222222222,23.042222222222225,76.7,76.7,321.0,3453794.32,1890.74,401.99,17.71888888888889,40.903333333333336,Q1,106.5,25.99689743589744,-27.981220657277,-0.0546752136752139,0.6999999999999998,El Niño
Bataan,2019,2019Q2,28.94945054945055,32.81208791208791,26.048351648351648,414.2,414.2,871.0,3518664.52,1999.74,444.06,13.18131868131868,33.22747252747253,Q2,391.82,28.476593406593405,5.711806441733448,0.4728571428571442,0.5666666666666667,El Niño
Bataan,2019,2019Q3,26.866304347826084,29.23586956521739,25.241304347826084,1335.2,1335.2,1581.0,2456583.25,1458.01,296.14,14.443478260869565,35.53369565217391,Q3,969.89,26.91391304347826,37.66509604181918,-0.0476086956521761,0.1999999999999999,Neutral
Bataan,2019,2019Q4,26.77282608695652,29.698913043478264,24.617391304347827,426.7,426.7,787.0,3160170.92,1606.13,337.33,15.469565217391304,38.37934782608696,Q4,426.48,26.73652173913044,0.0515850684674475,0.036304347826082,0.4333333333333333,Neutral
Bataan,2020,2020Q1,26.447252747252744,30.28901098901099,23.55164835164835,80.5,80.5,352.0,3499411.89,1879.63,417.5,17.951648351648352,41.34615384615385,Q1,106.5,25.99689743589744,-24.413145539906104,0.450355311355306,0.4666666666666666,Neutral
Bataan,2020,2020Q2,29.07472527472528,33.12747252747253,26.01318681318681,498.6,498.6,858.0,3625277.67,2065.51,461.08,13.0010989010989,33.43956043956044,Q2,391.82,28.476593406593405,27.25230973406157,0.5981318681318761,-0.0666666666666666,Neutral
Bataan,2020,2020Q3,27.62934782608696,30.541304347826088,25.392391304347825,774.6,774.6,1078.0,3013425.87,1767.35,364.95,10.636956521739132,28.93478260869565,Q3,969.89,26.91391304347826,-20.13527307220406,0.7154347826086997,-0.6333333333333333,La Niña
Bataan,2020,2020Q4,26.642391304347825,29.119565217391305,24.83043478260869,1067.8,1067.8,1099.0,2687897.78,1392.75,288.02,15.528260869565216,40.05,Q4,426.48,26.73652173913044,150.37516413430873,-0.0941304347826132,-1.2333333333333334,La Niña
Bataan,2021,2021Q1,25.99777777777778,29.028888888888886,23.745555555555555,267.5,267.5,639.0,3124871.44,1656.48,354.15,16.98,39.64333333333333,Q1,106.5,25.99689743589744,151.1737089201878,0.0008803418803431,-0.9,La Niña
Bataan,2021,2021Q2,28.83186813186813,33.01978021978022,25.645054945054945,318.8,318.8,783.0,3686313.53,2079.09,469.59,14.735164835164836,36.23406593406594,Q2,391.82,28.476593406593405,-18.63610841713031,0.3552747252747252,-0.5333333333333333,La Niña
Bataan,2021,2021Q3,27.27065217391305,29.87608695652174,25.392391304347825,1280.2,1280.2,1461.0,2896687.37,1639.78,332.19,13.815217391304348,35.69673913043478,Q3,969.89,26.91391304347826,31.994349874728066,0.3567391304347893,-0.5333333333333333,La Niña
Bataan,2021,2021Q4,26.73913043478261,29.53369565217391,24.742391304347827,370.9,370.9,726.0,2877626.45,1525.63,332.94,17.22717391304348,39.05652173913043,Q4,426.48,26.73652173913044,-13.032264115550564,0.0026086956521709,-0.9333333333333332,La Niña
Bataan,2022,2022Q1,26.92888888888889,31.082222222222224,24.022222222222226,160.8,160.8,425.0,3349105.35,1828.32,410.03,17.42222222222222,39.48888888888889,Q1,106.5,25.99689743589744,50.98591549295776,0.9319914529914506,-0.9666666666666668,La Niña
Bataan,2022,2022Q2,28.42967032967033,32.58351648351648,25.384615384615383,518.0,518.0,853.0,3365158.12,1990.74,442.51,13.621978021978022,33.10989010989011,Q2,391.82,28.476593406593405,32.20356286049717,-0.0469230769230755,-1.0,La Niña
Bataan,2022,2022Q3,27.028260869565216,30.073913043478264,24.88804347826087,1071.6,1071.6,1284.0,2544095.19,1642.94,337.54,12.576086956521738,29.92934782608696,Q3,969.89,26.91391304347826,10.48675623008794,0.1143478260869557,-0.9,La Niña
Bataan,2022,2022Q4,26.694565217391304,29.40652173913044,24.665217391304346,563.6,563.6,808.0,3017346.83,1568.74,326.07,16.34565217391304,36.79347826086956,Q4,426.48,26.73652173913044,32.15156631026074,-0.0419565217391344,-0.9,La Niña
Bataan,2023,2023Q1,26.357777777777777,30.22,23.612222222222226,142.1,142.1,296.0,3249181.55,1788.82,404.8,18.816666666666663,42.214444444444446,Q1,106.5,25.99689743589744,33.42723004694835,0.360880341880339,-0.3999999999999999,Neutral
Bataan,2023,2023Q2,28.56153846153846,32.714285714285715,25.51098901098901,505.8,505.8,824.0,3533429.89,2056.92,455.02,14.010989010989013,33.23186813186813,Q2,391.82,28.476593406593405,29.08988821397581,0.0849450549450558,0.5,El Niño
Bataan,2023,2023Q3,27.444565217391304,30.52717391304348,25.144565217391307,1046.7,1046.7,1201.0,2808943.41,1741.21,360.7,13.944565217391306,31.37608695652174,Q3,969.89,26.91391304347826,7.919454783532159,0.5306521739130439,1.3333333333333333,El Niño
Bataan,2023,2023Q4,27.267391304347825,30.39673913043478,24.946739130434786,272.2,272.2,672.0,3170871.72,1644.07,357.21,17.368478260869566,37.48369565217392,Q4,426.48,26.73652173913044,-36.175201650722194,0.5308695652173867,1.9,El Niño
Bataan,2024,2024Q1,27.165934065934064,31.640659340659344,23.958241758241755,68.4,68.4,256.0,3507932.1,1881.41,446.1,20.316483516483515,42.64615384615385,Q1,106.5,25.99689743589744,-35.77464788732394,1.1690366300366255,1.4666666666666668,El Niño
Bataan,2024,2024Q2,29.606593406593404,34.0956043956044,26.214285714285715,462.2,462.2,623.0,3564915.93,2164.08,500.43,14.684615384615384,33.24285714285714,Q2,391.82,28.476593406593405,17.962329641161755,1.129999999999999,0.4333333333333333,Neutral
Bataan,2024,2024Q3,27.339130434782607,30.344565217391303,25.24347826086957,1128.5,1128.5,1306.0,2665968.88,1671.66,344.9,12.584782608695653,29.032608695652176,Q3,969.89,26.91391304347826,16.35340090113312,0.4252173913043471,-0.1,Neutral
Bataan,2024,2024Q4,27.08,30.11978021978022,24.864835164835164,486.9,486.9,716.0,2860066.75,1509.24,326.19,16.138461538461538,37.00329670329671,Q4,426.48,26.73652173913044,14.167135621834545,0.3434782608695599,-0.3999999999999999,Neutral
Bataan,2025,2025Q1,26.80337078651685,30.69777777777778,24.135555555555552,231.1,231.1,428.0,3192164.71,1705.12,388.23,18.97888888888889,43.11111111111112,Q1,106.5,25.99689743589744,116.99530516431923,0.806473350619413,-0.3999999999999999,Neutral
Bataan,2025,2025Q2,29.02307692307692,33.10989010989011,26.19010989010989,609.2,23.1,687.0,3263473.15,1933.31,429.3,13.342857142857143,33.70989010989011,Q2,391.82,28.476593406593405,55.47955693941097,0.5464835164835158,-0.1,Neutral
Bataan,2025,2025Q3,26.844565217391303,28.85434782608696,25.445652173913043,2187.2,213.1,1479.0,2006227.83,1278.56,263.66,14.168478260869565,55.10760869565217,Q3,969.89,26.91391304347826,125.5101093938488,-0.0693478260869575,-0.3,Neutral
Bataan,2025,2025Q4,27.5,30.24590163934426,25.729508196721312,382.0,80.1,398.0,1817470.86,951.28,208.74,15.837704918032788,57.31147540983606,Q4,426.48,26.73652173913044,-10.429562933783536,0.7634782608695616,-0.6,La Niña
Batangas,2010,2010Q1,25.56,29.59777777777778,22.669444444444444,170.29999999999998,170.29999999999998,494.0,6867397.59,3561.74,822.6,19.69111111111112,42.336666666666666,Q1,322.88,24.809288156288154,-47.25594648166502,0.7507118437118443,1.1666666666666667,El Niño
Batangas,2010,2010Q2,28.015934065934065,32.136263736263736,24.9978021978022,821.6,821.6,965.0,7477750.29,4229.31,951.37,14.045604395604396,31.92472527472528,Q2,905.23,27.36675824175824,-9.238536062658095,0.6491758241758241,-0.1666666666666666,Neutral
Batangas,2010,2010Q3,26.01032608695652,28.96358695652174,24.058152173913044,2169.7,2169.7,2086.0,6312467.62,3472.57,696.25,13.048913043478262,30.56847826086957,Q3,2249.14,25.81103260869565,-3.5320166819317635,0.1992934782608664,-1.3,La Niña
Batangas,2010,2010Q4,25.252173913043475,27.99021739130435,23.60217391304348,1126.4,1126.4,1619.0,5798806.84,2720.22,562.93,17.30217391304348,39.3945652173913,Q4,1159.59,25.408315217391305,-2.8622185427607887,-0.1561413043478303,-1.6000000000000003,La Niña
Batangas,2011,2011Q1,24.313333333333333,27.22777777777777,22.432222222222222,414.9,414.9,848.0,6281883.47,3000.86,679.19,22.71,49.28166666666667,Q1,322.88,24.809288156288154,28.49975222993062,-0.4959548229548218,-1.1666666666666667,La Niña
Batangas,2011,2011Q2,26.22472527472528,29.57472527472528,23.723076923076924,1322.4,1322.4,1445.0,6490583.83,3667.23,787.64,15.624175824175824,35.932967032967035,Q2,905.23,27.36675824175824,46.08442053400796,-1.1420329670329643,-0.5666666666666667,La Niña
Batangas,2011,2011Q3,25.49836956521739,28.057065217391305,23.797826086956523,2055.5,2055.5,2448.0,5980597.73,3287.7,643.97,17.555978260869566,40.45,Q3,2249.14,25.81103260869565,-8.609512969401631,-0.3126630434782633,-0.6333333333333333,La Niña
Batangas,2011,2011Q4,25.278260869565216,28.02445652173913,23.46467391304348,1157.0,1157.0,1707.0,5926239.44,2816.38,582.31,17.69782608695652,41.2,Q4,1159.59,25.408315217391305,-0.2233548064402002,-0.1300543478260891,-1.0333333333333334,La Niña
Batangas,2012,2012Q1,24.92032967032967,27.883516483516484,22.974175824175827,710.3,710.3,1043.0,6148627.69,3094.92,665.13,19.815384615384616,43.52472527472528,Q1,322.88,24.809288156288154,119.9888503468781,0.111041514041517,-0.7333333333333334,La Niña
Batangas,2012,2012Q2,26.40054945054945,29.50384615384615,24.0978021978022,1140.5,1140.5,1531.0,6965109.87,3839.48,783.66,14.414285714285716,32.752747252747255,Q2,905.23,27.36675824175824,25.990079869204525,-0.9662087912087928,-0.2666666666666666,Neutral
Batangas,2012,2012Q3,25.279891304347824,27.756521739130434,23.65108695652174,3051.6,3051.6,2713.0,5377513.32,3040.88,597.73,16.722826086956523,38.89347826086957,Q3,2249.14,25.81103260869565,35.67852601438772,-0.5311413043478304,0.3333333333333333,Neutral
Batangas,2012,2012Q4,25.507608695652173,28.448913043478264,23.40217391304348,663.1,663.1,1093.0,6458657.1,3118.9,664.44,18.36847826086957,40.87010869565218,Q4,1159.59,25.408315217391305,-42.81599530868668,0.0992934782608685,0.0666666666666666,Neutral
Batangas,2013,2013Q1,25.26,28.77555555555556,22.885,338.9,338.9,725.0,6518578.34,3330.66,751.83,20.557222222222222,44.617777777777775,Q1,322.88,24.809288156288154,4.961595639246774,0.4507118437118471,-0.3666666666666667,Neutral
Batangas,2013,2013Q2,27.43846153846154,31.052747252747256,24.824175824175825,1246.6,1246.6,1362.0,6847782.77,3874.28,842.72,13.28131868131868,30.52472527472528,Q2,905.23,27.36675824175824,37.7108580139854,0.0717032967032977,-0.3666666666666667,Neutral
Batangas,2013,2013Q3,25.471739130434784,28.15271739130435,23.75978260869565,2752.7,2752.7,2543.0,5286115.52,3050.75,606.66,15.10217391304348,36.07065217391305,Q3,2249.14,25.81103260869565,22.38900201854932,-0.3392934782608705,-0.3333333333333333,Neutral
Batangas,2013,2013Q4,25.168478260869566,27.780434782608697,23.381521739130434,901.3,901.3,1370.0,6346528.5,2919.43,600.41,17.90815217391304,40.93586956521739,Q4,1159.59,25.408315217391305,-22.27425210634793,-0.2398369565217386,-0.2333333333333333,Neutral
Batangas,2014,2014Q1,24.45055555555556,28.230555555555554,21.73611111111111,132.3,132.3,432.0,6690702.15,3370.92,775.56,20.53111111111111,44.91833333333334,Q1,322.88,24.809288156288154,-59.02502477700693,-0.3587326007325941,-0.3999999999999999,Neutral
Batangas,2014,2014Q2,27.77692307692308,31.71648351648352,24.915934065934064,829.5,829.5,1094.0,7220601.19,4025.4,894.39,14.03131868131868,32.244505494505496,Q2,905.23,27.36675824175824,-8.365829678645197,0.4101648351648386,0.1333333333333333,Neutral
Batangas,2014,2014Q3,25.65869565217391,28.18260869565217,23.90978260869565,2464.1,2464.1,2230.0,5607786.03,3210.52,639.54,16.742934782608696,38.47228260869565,Q3,2249.14,25.81103260869565,9.557430840232268,-0.1523369565217436,0.1,Neutral
Batangas,2014,2014Q4,25.12173913043478,27.80271739130435,23.39945652173913,1107.0,1107.0,1445.0,5914304.66,2799.28,588.9,18.81195652173913,42.192934782608695,Q4,1159.59,25.408315217391305,-4.535223656637253,-0.2865760869565257,0.6,El Niño
Batangas,2015,2015Q1,24.15277777777778,27.51833333333333,21.66,310.9,310.9,608.0,6616642.98,3375.13,736.13,20.26944444444445,44.01,Q1,322.88,24.809288156288154,-3.7103567888999054,-0.6565103785103759,0.5,El Niño
Batangas,2015,2015Q2,27.6489010989011,31.68241758241758,24.69450549450549,639.2,639.2,959.0,7513587.32,4231.5,934.44,13.740659340659342,30.86813186813187,Q2,905.23,27.36675824175824,-29.38811130872816,0.2821428571428583,0.9333333333333332,El Niño
Batangas,2015,2015Q3,26.06141304347826,28.916304347826088,24.136413043478264,1666.3,1666.3,2074.0,6568283.19,3559.62,710.16,14.984782608695651,34.24728260869565,Q3,2249.14,25.81103260869565,-25.91390487030598,0.2503804347826062,1.8666666666666665,El Niño
Batangas,2015,2015Q4,25.689673913043475,28.50978260869565,23.74347826086957,1403.8,1403.8,1224.0,6301687.96,3071.86,646.63,19.508152173913043,43.79076086956522,Q4,1159.59,25.408315217391305,21.06002983813245,0.2813586956521696,2.533333333333333,El Niño
Batangas,2016,2016Q1,25.120329670329667,28.436813186813183,22.70274725274725,282.9,282.9,792.0,6702821.71,3401.89,727.57,18.71318681318681,39.8,Q1,322.88,24.809288156288154,-12.382309217046586,0.3110415140415128,2.066666666666667,El Niño
Batangas,2016,2016Q2,27.626373626373628,31.2489010989011,24.973626373626374,953.8,953.8,1260.0,7182992.77,4053.96,887.26,13.633516483516484,30.89120879120879,Q2,905.23,27.36675824175824,5.365487224241359,0.2596153846153868,0.3999999999999999,Neutral
Batangas,2016,2016Q3,26.05054347826087,28.68641304347826,24.33478260869565,2140.6,2140.6,2293.0,6073271.03,3373.44,669.68,15.955434782608696,37.307065217391305,Q3,2249.14,25.81103260869565,-4.825844545026098,0.2395108695652155,-0.5,La Niña
Batangas,2016,2016Q4,25.529347826086955,28.07608695652174,23.85869565217392,1868.2,1868.2,1886.0,5643549.29,2698.59,568.26,18.85869565217392,43.01032608695652,Q4,1159.59,25.408315217391305,61.10866771876268,0.1210326086956499,-0.6666666666666666,La Niña
Batangas,2017,2017Q1,24.578333333333337,28.11333333333333,21.94833333333333,382.4,382.4,710.0,6406395.27,3106.18,662.85,18.31722222222222,41.20722222222222,Q1,322.88,24.809288156288154,18.43409316154608,-0.2309548229548177,-0.1333333333333333,Neutral
Batangas,2017,2017Q2,27.196153846153845,30.821428571428573,24.442307692307693,884.0,884.0,1154.0,7261655.46,3843.26,821.65,14.072527472527472,33.51483516483516,Q2,905.23,27.36675824175824,-2.3452603205814992,-0.1706043956043963,0.2666666666666666,Neutral
Batangas,2017,2017Q3,26.120652173913044,28.741304347826084,24.30978260869565,1853.0,1853.0,2131.0,5553338.99,3132.9,622.65,15.03967391304348,35.32336956521739,Q3,2249.14,25.81103260869565,-17.612954284748835,0.309619565217389,-0.1333333333333333,Neutral
Batangas,2017,2017Q4,25.41358695652174,28.18260869565217,23.53369565217391,1525.5,1525.5,1628.0,5702649.94,2662.78,541.65,17.056521739130435,41.17119565217392,Q4,1159.59,25.408315217391305,31.55511861951208,0.0052717391304355,-0.8333333333333334,La Niña
Batangas,2018,2018Q1,24.94888888888889,28.51111111111112,22.325,380.2,380.2,871.0,6198935.25,3014.86,654.32,17.247777777777777,39.22611111111111,Q1,322.88,24.809288156288154,17.75272547076313,0.1396007326007371,-0.8333333333333334,La Niña
Batangas,2018,2018Q2,27.3934065934066,31.1521978021978,24.384615384615383,606.5,606.5,1110.0,7084012.91,3743.53,832.01,15.842857142857143,38.1010989010989,Q2,905.23,27.36675824175824,-33.00045292356638,0.0266483516483582,-0.2333333333333333,Neutral
Batangas,2018,2018Q3,25.81684782608696,28.097826086956523,24.26521739130435,2306.1,2306.1,2492.0,5262214.8,3097.74,609.95,18.28804347826087,42.3875,Q3,2249.14,25.81103260869565,2.5325235423317376,0.005815217391305,0.2666666666666666,Neutral
Batangas,2018,2018Q4,25.62119565217392,29.0,23.082608695652173,856.9,856.9,1335.0,6397991.34,3110.06,648.57,16.294021739130436,38.41467391304348,Q4,1159.59,25.408315217391305,-26.10319164532292,0.2128804347826118,0.8333333333333334,El Niño
Batangas,2019,2019Q1,24.78833333333333,28.995,21.41722222222222,105.7,105.7,438.0,6871317.4,3599.24,786.03,18.53611111111111,41.29333333333334,Q1,322.88,24.809288156288154,-67.26337958374629,-0.0209548229548239,0.6999999999999998,El Niño
Batangas,2019,2019Q2,27.946153846153845,32.01923076923077,24.82967032967033,608.2,608.2,1221.0,7191532.32,3938.26,888.91,15.982967032967034,37.82802197802198,Q2,905.23,27.36675824175824,-32.8126553472598,0.5793956043956037,0.5666666666666667,El Niño
Batangas,2019,2019Q3,26.14184782608696,28.345108695652176,24.542934782608693,2031.8,2031.8,2451.0,5166299.47,3085.52,621.26,18.16195652173913,42.1125,Q3,2249.14,25.81103260869565,-9.663249064086711,0.3308152173913044,0.1999999999999999,Neutral
Batangas,2019,2019Q4,25.50108695652174,28.71902173913044,23.16304347826087,986.7,986.7,1457.0,6340577.59,3060.89,617.59,15.004891304347826,37.14184782608696,Q4,1159.59,25.408315217391305,-14.909580110211357,0.0927717391304341,0.4333333333333333,Neutral
Batangas,2020,2020Q1,25.120329670329667,29.093956043956045,22.040659340659342,251.8,251.8,725.0,6896701.8,3507.04,760.14,18.2467032967033,41.2478021978022,Q1,322.88,24.809288156288154,-22.01437066402378,0.3110415140415128,0.4666666666666666,Neutral
Batangas,2020,2020Q2,27.82362637362637,31.88901098901099,24.62252747252748,1033.3,1033.3,1420.0,7209402.59,3881.61,867.39,14.649450549450547,35.02802197802198,Q2,905.23,27.36675824175824,14.147785645637027,0.4568681318681307,-0.0666666666666666,Neutral
Batangas,2020,2020Q3,26.47608695652174,29.317391304347822,24.38967391304348,1826.9,1826.9,2093.0,5747887.7,3281.2,663.61,12.56304347826087,30.7108695652174,Q3,2249.14,25.81103260869565,-18.773397832060247,0.6650543478260857,-0.6333333333333333,La Niña
Batangas,2020,2020Q4,25.51467391304348,28.38586956521739,23.532065217391303,2546.3,2546.3,2223.0,5165922.56,2596.5,527.8,16.976086956521737,40.70326086956521,Q4,1159.59,25.408315217391305,119.58623306513512,0.106358695652176,-1.2333333333333334,La Niña
Batangas,2021,2021Q1,24.651666666666667,27.99888888888889,22.15222222222222,662.5,662.5,1378.0,6038600.13,3092.04,627.33,16.096666666666668,36.90111111111111,Q1,322.88,24.809288156288154,105.18458870168485,-0.1576214896214871,-0.9,La Niña
Batangas,2021,2021Q2,27.2456043956044,31.134065934065934,24.167582417582416,788.0,788.0,1354.0,7227505.76,3926.59,853.6,15.305494505494504,36.5956043956044,Q2,905.23,27.36675824175824,-12.950299923776267,-0.1211538461538417,-0.5333333333333333,La Niña
Batangas,2021,2021Q3,26.34619565217391,29.066304347826087,24.41141304347826,2043.3,2043.3,2314.0,5644044.44,3204.49,647.62,16.06195652173913,38.590760869565216,Q3,2249.14,25.81103260869565,-9.151942520252184,0.5351630434782564,-0.5333333333333333,La Niña
Batangas,2021,2021Q4,25.48804347826087,28.85054347826087,23.165217391304346,870.6,870.6,1453.0,5793594.35,2937.58,602.91,16.085869565217394,36.05380434782609,Q4,1159.59,25.408315217391305,-24.921739580368914,0.0797282608695653,-0.9333333333333332,La Niña
Batangas,2022,2022Q1,25.72555555555556,30.19333333333333,22.45,310.3,310.3,835.0,6595408.23,3436.82,768.03,17.74888888888889,38.70333333333333,Q1,322.88,24.809288156288154,-3.8961843409316095,0.9162673992674044,-0.9666666666666668,La Niña
Batangas,2022,2022Q2,26.817032967032965,30.793956043956044,23.89395604395604,1254.6,1254.6,1493.0,6591175.91,3815.06,816.34,14.3510989010989,32.80934065934066,Q2,905.23,27.36675824175824,38.59461131425163,-0.5497252747252759,-1.0,La Niña
Batangas,2022,2022Q3,25.99402173913043,28.975,23.89782608695652,1976.9,1976.9,2220.0,5310187.96,3255.82,648.95,14.560326086956522,32.671195652173914,Q3,2249.14,25.81103260869565,-12.104182042914172,0.1829891304347768,-0.9,La Niña
Batangas,2022,2022Q4,25.573913043478264,28.81847826086957,23.30434782608696,1451.7,1451.7,1667.0,5852639.59,2970.6,601.87,15.641847826086956,35.25163043478261,Q4,1159.59,25.408315217391305,25.190800196621232,0.1655978260869588,-0.9,La Niña
Batangas,2023,2023Q1,24.72222222222222,28.576666666666668,21.79388888888889,581.8,581.8,1036.0,6231438.82,3312.73,693.69,17.424444444444443,37.94611111111112,Q1,322.88,24.809288156288154,80.19078295341922,-0.0870659340659329,-0.3999999999999999,Neutral
Batangas,2023,2023Q2,26.91923076923077,30.545054945054943,24.12087912087912,1129.9,1129.9,1513.0,6886264.11,3843.44,805.21,14.872527472527471,33.558791208791206,Q2,905.23,27.36675824175824,24.81910674635178,-0.4475274725274722,0.5,El Niño
Batangas,2023,2023Q3,26.679891304347827,29.61576086956521,24.52608695652174,1379.5,1379.5,1788.0,6370133.34,3627.3,736.46,18.50869565217392,39.408152173913045,Q3,2249.14,25.81103260869565,-38.66544545915328,0.8688586956521718,1.3333333333333333,El Niño
Batangas,2023,2023Q4,26.09130434782609,29.76086956521739,23.567391304347822,707.8,707.8,1341.0,6274955.16,3084.93,649.96,16.292934782608697,35.74021739130435,Q4,1159.59,25.408315217391305,-38.961184556610526,0.6829891304347839,1.9,El Niño
Batangas,2024,2024Q1,25.90824175824176,30.795054945054943,22.20824175824176,189.7,189.7,559.0,6938946.85,3555.84,848.2,19.34285714285714,40.893956043956045,Q1,322.88,24.809288156288154,-41.24752229930625,1.0989536019536068,1.4666666666666668,El Niño
Batangas,2024,2024Q2,28.45054945054945,32.92032967032967,24.917032967032966,968.6,968.6,1090.0,7218609.85,4134.08,967.13,16.36813186813187,36.21868131868132,Q2,905.23,27.36675824175824,7.000430829733893,1.083791208791208,0.4333333333333333,Neutral
Batangas,2024,2024Q3,26.38043478260869,29.2375,24.35054347826087,1872.5,1872.5,2149.0,5511989.65,3351.63,672.08,16.232608695652175,35.17717391304348,Q3,2249.14,25.81103260869565,-16.74595623215984,0.569402173913037,-0.1,Neutral
Batangas,2024,2024Q4,25.871111111111112,29.107142857142858,23.59010989010989,1110.4,1110.4,1512.0,5750642.32,2918.28,604.54,16.87802197802198,37.19230769230769,Q4,1159.59,25.408315217391305,-4.242016574823845,0.4627958937198073,-0.3999999999999999,Neutral
Batangas,2025,2025Q1,25.38370786516854,29.436666666666667,22.48111111111111,616.1,616.1,1180.0,6249088.98,3234.87,701.23,18.397777777777776,41.10222222222222,Q1,322.88,24.809288156288154,90.81392467789892,0.5744197088803844,-0.3999999999999999,Neutral
Batangas,2025,2025Q2,28.24615384615385,32.15384615384615,25.207142857142856,649.6,6.800000000000001,812.0,6503904.47,3822.85,870.24,15.51868131868132,30.70659340659341,Q2,905.23,27.36675824175824,-28.23923201838206,0.8793956043956079,-0.1,Neutral
Batangas,2025,2025Q3,27.717934782608697,29.15,26.67010869565217,1794.7,217.7,1655.0,4664000.84,3137.1,683.31,18.05869565217392,31.628804347826087,Q3,2249.14,25.81103260869565,-20.20505615479694,1.9069021739130427,-0.3,Neutral
Batangas,2025,2025Q4,27.72295081967213,29.47377049180328,26.488524590163934,766.5,166.0,842.0,3546074.01,1961.4,425.37,18.011475409836066,32.4,Q4,1159.59,25.408315217391305,-33.89905052647918,2.3146356022808234,-0.6,La Niña
Benguet,2010,2010Q1,18.18,22.914444444444445,14.208888888888888,110.4,110.4,308.0,3319435.83,1733.31,319.04,5.764444444444444,26.35333333333333,Q1,185.94,17.295673992673994,-40.62600838980316,0.8843260073260062,1.1666666666666667,El Niño
Benguet,2010,2010Q2,20.26483516483516,24.348351648351645,17.075824175824177,842.6,842.6,850.0,3486721.11,1937.0,367.2,5.569230769230769,28.22967032967033,Q2,914.73,19.41604395604396,-7.885386944781509,0.8487912087912015,-0.1666666666666666,Neutral
Benguet,2010,2010Q3,18.944565217391304,22.52391304347826,16.50108695652174,1590.0,1590.0,1076.0,2786067.36,1652.34,305.32,6.045652173913044,31.532608695652176,Q3,1703.83,18.62336956521739,-6.680830834062079,0.3211956521739125,-1.3,La Niña
Benguet,2010,2010Q4,18.282608695652176,21.847826086956523,15.905434782608696,696.6,696.6,641.0,2828311.96,1323.67,243.34,6.369565217391305,29.569565217391304,Q4,551.26,18.158043478260872,26.36505460218409,0.1245652173913036,-1.6000000000000003,La Niña
Benguet,2011,2011Q1,17.226666666666667,21.11111111111111,14.452222222222222,231.6,231.6,456.0,2899472.53,1398.85,257.58,6.443333333333333,27.08666666666667,Q1,185.94,17.295673992673994,24.556308486608582,-0.0690073260073269,-1.1666666666666667,La Niña
Benguet,2011,2011Q2,19.025274725274723,22.63516483516484,16.11098901098901,1057.4,1057.4,880.0,3169906.51,1776.5,330.52,5.928571428571429,30.687912087912085,Q2,914.73,19.41604395604396,15.59695210608597,-0.3907692307692336,-0.5666666666666667,La Niña
Benguet,2011,2011Q3,18.418478260869566,21.45217391304348,16.33695652173913,1625.4,1625.4,1248.0,2455726.91,1468.47,266.15,7.306521739130435,37.332608695652176,Q3,1703.83,18.62336956521739,-4.603158765839305,-0.2048913043478251,-0.6333333333333333,La Niña
Benguet,2011,2011Q4,18.32282608695652,21.86413043478261,15.894565217391303,699.6,699.6,755.0,2769964.81,1282.9,238.38,6.65,33.665217391304346,Q4,551.26,18.158043478260872,26.90926241700832,0.1647826086956492,-1.0333333333333334,La Niña
Benguet,2012,2012Q1,17.694505494505496,21.646153846153847,14.630769230769232,373.7,373.7,529.0,3064574.15,1525.55,278.74,5.635164835164835,26.634065934065934,Q1,185.94,17.295673992673994,100.9788103689362,0.398831501831502,-0.7333333333333334,La Niña
Benguet,2012,2012Q2,19.083516483516483,22.627472527472527,16.497802197802198,1268.9,1268.9,958.0,3237750.9,1790.25,328.47,6.112087912087913,30.965934065934068,Q2,914.73,19.41604395604396,38.71852896483118,-0.3325274725274738,-0.2666666666666666,Neutral
Benguet,2012,2012Q3,18.42717391304348,21.41086956521739,16.503260869565217,1976.7,1976.7,1253.0,2470742.42,1480.43,267.77,6.957608695652175,36.49891304347826,Q3,1703.83,18.62336956521739,16.015095402710372,-0.1961956521739125,0.3333333333333333,Neutral
Benguet,2012,2012Q4,18.213043478260868,22.094565217391303,15.2,342.40000000000003,342.40000000000003,531.0,3034408.32,1463.76,268.48,5.833695652173914,26.80869565217392,Q4,551.26,18.158043478260872,-37.88774806806225,0.0549999999999961,0.0666666666666666,Neutral
Benguet,2013,2013Q1,17.939999999999998,22.11111111111111,14.758888888888889,214.2,214.2,417.0,3201942.5,1558.26,286.62,5.891111111111112,25.992222222222225,Q1,185.94,17.295673992673994,15.198451113262337,0.6443260073260042,-0.3666666666666667,Neutral
Benguet,2013,2013Q2,19.52747252747253,23.1,16.76923076923077,980.0,980.0,966.0,3228929.91,1819.02,339.67,5.5,28.075824175824177,Q2,914.73,19.41604395604396,7.135438872672823,0.1114285714285721,-0.3666666666666667,Neutral
Benguet,2013,2013Q3,18.567391304347822,21.767391304347825,16.44891304347826,1749.5,1749.5,1174.0,2436034.33,1464.2,270.56,6.635869565217392,35.417391304347824,Q3,1703.83,18.62336956521739,2.680431733212825,-0.0559782608695691,-0.3333333333333333,Neutral
Benguet,2013,2013Q4,18.046739130434784,21.36304347826087,15.672826086956524,531.8,531.8,710.0,2869270.02,1286.35,235.25,6.214130434782609,29.92065217391304,Q4,551.26,18.158043478260872,-3.530094692159786,-0.1113043478260884,-0.2333333333333333,Neutral
Benguet,2014,2014Q1,16.832222222222224,20.871111111111112,13.752222222222224,132.6,132.6,351.0,3224162.39,1587.95,285.1,5.774444444444445,26.36777777777778,Q1,185.94,17.295673992673994,-28.68667312036141,-0.4634517704517691,-0.3999999999999999,Neutral
Benguet,2014,2014Q2,19.462637362637363,22.98791208791209,16.754945054945054,1293.7,1293.7,1009.0,3382231.65,1848.25,342.71,5.48021978021978,28.32087912087912,Q2,914.73,19.41604395604396,41.4297114995682,0.0465934065934057,0.1333333333333333,Neutral
Benguet,2014,2014Q3,18.842391304347824,21.87282608695652,16.696739130434782,1897.4,1897.4,1139.0,2715537.42,1604.25,292.56,7.039130434782609,37.119565217391305,Q3,1703.83,18.62336956521739,11.360875204685923,0.219021739130433,0.1,Neutral
Benguet,2014,2014Q4,18.208695652173912,21.869565217391305,15.604347826086956,499.8,499.8,540.0,2967874.57,1366.93,252.71,6.122826086956521,27.7,Q4,551.26,18.158043478260872,-9.334978050284798,0.0506521739130398,0.6,El Niño
Benguet,2015,2015Q1,17.115555555555556,21.417777777777776,13.739999999999998,181.8,181.8,432.0,3214595.14,1594.04,289.38,5.751111111111111,26.468888888888888,Q1,185.94,17.295673992673994,-2.226524685382374,-0.1801184371184376,0.5,El Niño
Benguet,2015,2015Q2,19.521978021978025,23.605494505494505,16.150549450549452,856.0,856.0,763.0,3610345.19,2011.93,375.52,5.313186813186813,26.07362637362637,Q2,914.73,19.41604395604396,-6.420473801012311,0.1059340659340684,0.9333333333333332,El Niño
Benguet,2015,2015Q3,18.825,21.97717391304348,16.51195652173913,2202.1,2202.1,1196.0,2782843.28,1602.79,293.18,7.075,36.18152173913043,Q3,1703.83,18.62336956521739,29.244114729755903,0.2016304347826079,1.8666666666666665,El Niño
Benguet,2015,2015Q4,18.42717391304348,22.43478260869565,15.191304347826089,846.1,846.1,502.0,2987807.45,1461.59,269.42,6.955434782608696,32.922826086956526,Q4,551.26,18.158043478260872,53.48474404092444,0.2691304347826069,2.533333333333333,El Niño
Benguet,2016,2016Q1,18.0989010989011,21.85164835164835,15.386813186813187,158.7,158.7,628.0,3068814.75,1480.53,273.68,5.754945054945056,25.907692307692308,Q1,185.94,17.295673992673994,-14.649887060342053,0.803227106227105,2.066666666666667,El Niño
Benguet,2016,2016Q2,20.1,24.08131868131868,17.04175824175824,919.8,919.8,825.0,3477792.05,1908.82,360.93,5.3901098901098905,27.42087912087912,Q2,914.73,19.41604395604396,0.5542619133514862,0.6839560439560444,0.3999999999999999,Neutral
Benguet,2016,2016Q3,18.97391304347826,22.11413043478261,16.895652173913046,1658.7,1658.7,1201.0,2608194.26,1572.42,288.25,6.751086956521739,35.39021739130435,Q3,1703.83,18.62336956521739,-2.648738430477212,0.3505434782608674,-0.5,La Niña
Benguet,2016,2016Q4,18.73913043478261,22.43913043478261,16.107608695652175,737.9,737.9,698.0,2727947.52,1308.7,245.01,7.164130434782609,34.95,Q4,551.26,18.158043478260872,33.8569821862642,0.5810869565217374,-0.6666666666666666,La Niña
Benguet,2017,2017Q1,16.441111111111113,20.94555555555556,12.624444444444444,190.2,190.2,396.0,3203702.71,1632.33,284.84,11.146666666666668,32.37444444444444,Q1,185.94,17.295673992673994,2.291061632784764,-0.854562881562881,-0.1333333333333333,Neutral
Benguet,2017,2017Q2,19.184615384615384,23.27802197802198,15.848351648351647,474.3,474.3,671.0,3555055.67,1932.18,354.67,8.812087912087911,28.185714285714287,Q2,914.73,19.41604395604396,-48.14863402315437,-0.2314285714285731,0.2666666666666666,Neutral
Benguet,2017,2017Q3,18.76630434782609,22.14782608695652,16.196739130434782,822.1,822.1,1010.0,2716317.7,1539.8,280.06,10.03695652173913,33.14021739130435,Q3,1703.83,18.62336956521739,-51.74988115011474,0.1429347826086981,-0.1333333333333333,Neutral
Benguet,2017,2017Q4,17.894565217391303,21.66086956521739,14.882608695652175,458.8,458.8,522.0,2923290.69,1408.55,250.9,11.569565217391306,35.91847826086956,Q4,551.26,18.158043478260872,-16.77248485288248,-0.2634782608695687,-0.8333333333333334,La Niña
Benguet,2018,2018Q1,16.758888888888887,21.26,13.068888888888887,146.5,146.5,341.0,3336075.79,1690.54,295.76,10.383333333333333,30.146666666666665,Q1,185.94,17.295673992673994,-21.21114337958481,-0.5367851037851068,-0.8333333333333334,La Niña
Benguet,2018,2018Q2,18.89010989010989,22.526373626373623,15.854945054945054,787.3,787.3,842.0,3234094.3,1749.21,321.0,8.305494505494504,27.57692307692308,Q2,914.73,19.41604395604396,-13.930886709739482,-0.5259340659340666,-0.2333333333333333,Neutral
Benguet,2018,2018Q3,18.12608695652174,20.98804347826087,16.023913043478263,2128.3,2128.3,1491.0,2155119.14,1322.92,235.54,10.506521739130434,34.84347826086957,Q3,1703.83,18.62336956521739,24.912696689223708,-0.4972826086956523,0.2666666666666666,Neutral
Benguet,2018,2018Q4,17.729347826086954,21.889130434782608,14.303260869565218,420.5,420.5,454.0,3168431.47,1590.16,283.32,9.884782608695652,30.47608695652174,Q4,551.26,18.158043478260872,-23.72020462213837,-0.4286956521739178,0.8333333333333334,El Niño
Benguet,2019,2019Q1,16.66888888888889,21.654444444444444,12.271111111111113,119.7,119.7,232.0,3394855.11,1847.48,325.7,10.20111111111111,30.044444444444444,Q1,185.94,17.295673992673994,-35.6243949661181,-0.6267851037851031,0.6999999999999998,El Niño
Benguet,2019,2019Q2,19.1,22.852747252747253,16.071428571428573,667.3,667.3,930.0,3307014.02,1835.24,333.85,8.507692307692308,26.97252747252747,Q2,914.73,19.41604395604396,-27.049511877821868,-0.3160439560439556,0.5666666666666667,El Niño
Benguet,2019,2019Q3,18.342391304347824,21.105434782608697,16.380434782608695,1388.1,1388.1,1491.0,2363157.21,1398.66,245.89,10.627173913043478,34.27608695652174,Q3,1703.83,18.62336956521739,-18.53060457909533,-0.280978260869567,0.1999999999999999,Neutral
Benguet,2019,2019Q4,17.71630434782609,21.70543478260869,14.48804347826087,279.1,279.1,589.0,3152188.52,1553.05,273.33,9.883695652173913,30.80652173913043,Q4,551.26,18.158043478260872,-49.37053296085331,-0.4417391304347831,0.4333333333333333,Neutral
Benguet,2020,2020Q1,16.925274725274726,22.00989010989011,12.497802197802198,70.6,70.6,241.0,3504111.08,1875.75,331.46,10.845054945054946,31.321978021978023,Q1,185.94,17.295673992673994,-62.03076261159514,-0.370399267399268,0.4666666666666666,Neutral
Benguet,2020,2020Q2,19.40879120879121,23.432967032967035,16.11978021978022,771.1,771.1,805.0,3600455.89,1943.26,357.36,8.243956043956045,27.083516483516483,Q2,914.73,19.41604395604396,-15.701901107430595,-0.0072527472527461,-0.0666666666666666,Neutral
Benguet,2020,2020Q3,18.9608695652174,22.53369565217391,16.175,906.0,906.0,980.0,3019568.21,1736.09,313.55,8.939130434782609,29.38043478260869,Q3,1703.83,18.62336956521739,-46.82568096582405,0.3375000000000057,-0.6333333333333333,La Niña
Benguet,2020,2020Q4,18.24347826086957,21.86847826086957,15.407608695652174,1027.5,1027.5,821.0,2755228.01,1358.91,244.69,10.608695652173912,35.96086956521739,Q4,551.26,18.158043478260872,86.39117657729565,0.0854347826086971,-1.2333333333333334,La Niña
Benguet,2021,2021Q1,16.815555555555555,20.95,13.377777777777778,261.5,261.5,483.0,3198013.28,1623.18,281.37,9.377777777777778,27.85111111111111,Q1,185.94,17.295673992673994,40.63676454770357,-0.4801184371184384,-0.9,La Niña
Benguet,2021,2021Q2,19.123076923076923,23.141758241758243,15.673626373626371,435.2,435.2,806.0,3623739.76,2010.34,365.37,9.052747252747253,28.647252747252747,Q2,914.73,19.41604395604396,-52.42311939042121,-0.2929670329670344,-0.5333333333333333,La Niña
Benguet,2021,2021Q3,18.82934782608696,22.025,16.444565217391304,1317.4,1317.4,1277.0,2667092.48,1561.69,279.59,10.456521739130435,34.404347826086955,Q3,1703.83,18.62336956521739,-22.68007958540464,0.2059782608695677,-0.5333333333333333,La Niña
Benguet,2021,2021Q4,17.76195652173913,21.91195652173913,14.411956521739132,686.1,686.1,519.0,2953376.27,1523.43,269.96,10.63804347826087,30.43152173913043,Q4,551.26,18.158043478260872,24.46032725029932,-0.3960869565217422,-0.9333333333333332,La Niña
Benguet,2022,2022Q1,17.125555555555554,21.78555555555556,13.216666666666669,249.1,249.1,430.0,3352365.54,1752.42,307.02,9.438888888888888,26.80222222222222,Q1,185.94,17.295673992673994,33.96794664945681,-0.1701184371184396,-0.9666666666666668,La Niña
Benguet,2022,2022Q2,18.905494505494502,23.03406593406593,15.630769230769232,566.0,566.0,771.0,3319893.6,1922.55,349.81,8.745054945054944,27.08131868131868,Q2,914.73,19.41604395604396,-38.12381795721141,-0.5105494505494548,-1.0,La Niña
Benguet,2022,2022Q3,18.485869565217392,21.98478260869565,15.802173913043475,913.4,913.4,1077.0,2594754.68,1613.5,287.99,9.67717391304348,29.667391304347827,Q3,1703.83,18.62336956521739,-46.39136533574359,-0.1374999999999993,-0.9,La Niña
Benguet,2022,2022Q4,18.00978260869565,22.069565217391304,14.753260869565215,490.9,490.9,523.0,3033282.94,1534.35,272.44,10.972826086956522,31.78695652173913,Q4,551.26,18.158043478260872,-10.949461234263326,-0.1482608695652203,-0.9,La Niña
Benguet,2023,2023Q1,16.825555555555557,21.74888888888889,12.584444444444443,142.1,142.1,273.0,3263800.86,1747.13,308.64,9.96,28.34,Q1,185.94,17.295673992673994,-23.57749811767237,-0.4701184371184368,-0.3999999999999999,Neutral
Benguet,2023,2023Q2,19.03846153846154,23.04615384615384,16.026373626373626,610.3,610.3,909.0,3342727.54,1882.39,340.36,9.397802197802198,28.87252747252748,Q2,914.73,19.41604395604396,-33.280858832661,-0.3775824175824169,0.5,El Niño
Benguet,2023,2023Q3,18.70434782608696,22.045652173913044,16.256521739130434,1443.1,1443.1,1268.0,2454406.72,1575.15,281.0,10.289130434782608,31.39565217391305,Q3,1703.83,18.62336956521739,-15.302583004172954,0.0809782608695677,1.3333333333333333,El Niño
Benguet,2023,2023Q4,18.442391304347822,22.89021739130435,14.778260869565216,240.1,240.1,504.0,3148043.86,1584.68,286.65,8.441304347826087,24.567391304347822,Q4,551.26,18.158043478260872,-56.44523455356818,0.2843478260869503,1.9,El Niño
Benguet,2024,2024Q1,17.34065934065934,23.07692307692308,12.25054945054945,87.6,87.6,215.0,3475354.5300000003,1876.59,339.62,9.072527472527472,25.77472527472528,Q1,185.94,17.295673992673994,-52.88802839625686,0.0449853479853459,1.4666666666666668,El Niño
Benguet,2024,2024Q2,20.176923076923075,25.07692307692308,16.032967032967033,479.9,479.9,602.0,3510646.55,2074.26,393.14,8.802197802197803,26.85384615384616,Q2,914.73,19.41604395604396,-47.536431515310525,0.7608791208791175,0.4333333333333333,Neutral
Benguet,2024,2024Q3,18.95978260869565,22.444565217391304,16.346739130434784,1380.9,1380.9,1142.0,2549050.13,1574.11,286.66,9.673913043478262,29.50434782608696,Q3,1703.83,18.62336956521739,-18.953181948903342,0.3364130434782595,-0.1,Neutral
Benguet,2024,2024Q4,18.17333333333333,22.72087912087912,14.724175824175823,695.8,695.8,611.0,2747834.11,1428.47,259.0,8.956043956043956,27.89230769230769,Q4,551.26,18.158043478260872,26.219932518230955,0.0152898550724565,-0.3999999999999999,Neutral
Benguet,2025,2025Q1,17.337078651685392,22.988888888888887,13.10777777777778,266.5,266.5,396.0,3223116.32,1674.83,304.04,9.25,28.50777777777777,Q1,185.94,17.295673992673994,43.325804022803055,0.0414046590113983,-0.3999999999999999,Neutral
Benguet,2025,2025Q2,21.542857142857144,25.66263736263737,18.18021978021978,433.8,11.4,555.0,2998627.55,1663.22,334.33,10.58131868131868,26.93736263736264,Q2,914.73,19.41604395604396,-52.576170017382175,2.1268131868131874,-0.1,Neutral
Benguet,2025,2025Q3,22.869565217391305,25.63369565217392,20.7108695652174,1503.9,300.7,932.0,1919662.12,1244.92,255.71,10.608695652173912,29.97391304347826,Q3,1703.83,18.62336956521739,-11.734151881349655,4.246195652173913,-0.3,Neutral
Benguet,2025,2025Q4,22.604918032786887,25.80655737704918,19.881967213114752,473.5,200.3,313.0,1744298.65,857.5600000000001,171.58,10.98688524590164,30.809836065573773,Q4,551.26,18.158043478260872,-14.105866560243804,4.446874554526016,-0.6,La Niña
Bukidnon,2010,2010Q1,21.897777777777776,25.90111111111111,18.502222222222223,476.3,476.3,751.0,3014774.92,1577.09,306.95,9.27,34.28888888888889,Q1,634.5600000000001,21.665,-24.940115985879984,0.2327777777777768,1.1666666666666667,El Niño
Bukidnon,2010,2010Q2,23.00989010989011,27.12197802197802,19.74945054945055,532.3,532.3,728.0,3351352.35,1812.18,352.98,8.336263736263737,31.02307692307692,Q2,718.29,22.5912087912088,-25.89344136769272,0.4186813186813189,-0.1666666666666666,Neutral
Bukidnon,2010,2010Q3,22.23913043478261,26.25434782608696,19.27173913043478,971.2,971.2,937.0,3121107.31,1726.75,331.87,7.121739130434783,28.18152173913043,Q3,1021.1,21.927065217391306,-4.886886690823619,0.3120652173913036,-1.3,La Niña
Bukidnon,2010,2010Q4,21.98913043478261,25.948913043478264,19.196739130434786,708.0,708.0,847.0,3087373.79,1533.8,294.91,7.273913043478261,29.77608695652174,Q4,704.17,21.93086956521739,0.5439027507562153,0.0582608695652204,-1.6000000000000003,La Niña
Bukidnon,2011,2011Q1,21.53111111111111,25.093333333333334,19.06,960.3,960.3,1145.0,2513919.81,1356.14,259.29,8.238888888888889,35.64111111111111,Q1,634.5600000000001,21.665,51.33320726172463,-0.1338888888888902,-1.1666666666666667,La Niña
Bukidnon,2011,2011Q2,22.130769230769232,25.83846153846154,19.565934065934066,1070.2,1070.2,987.0,2843927.88,1584.35,303.31,7.376923076923076,29.97692307692308,Q2,718.29,22.5912087912088,48.99274666221166,-0.4604395604395606,-0.5666666666666667,La Niña
Bukidnon,2011,2011Q3,21.903260869565216,25.64021739130435,19.170652173913044,1088.5,1088.5,930.0,2821847.64,1606.35,308.67,6.866304347826088,30.070652173913043,Q3,1021.1,21.927065217391306,6.600724708647535,-0.0238043478260898,-0.6333333333333333,La Niña
Bukidnon,2011,2011Q4,21.90543478260869,25.70978260869565,19.06195652173913,820.3,820.3,920.0,2885445.63,1494.98,287.61,7.642391304347826,31.94782608695652,Q4,704.17,21.93086956521739,16.491756252041412,-0.0254347826086984,-1.0333333333333334,La Niña
Bukidnon,2012,2012Q1,21.71208791208792,25.442857142857147,18.98021978021978,718.6,718.6,1113.0,2911130.71,1489.04,284.77,9.102197802197802,36.52197802197802,Q1,634.5600000000001,21.665,13.24382249117498,0.0470879120879175,-0.7333333333333334,La Niña
Bukidnon,2012,2012Q2,22.267032967032968,26.22197802197802,19.347252747252742,821.0,821.0,880.0,3130937.92,1722.12,330.78,6.998901098901099,29.06153846153846,Q2,718.29,22.5912087912088,14.299238469141995,-0.3241758241758248,-0.2666666666666666,Neutral
Bukidnon,2012,2012Q3,21.92717391304348,25.73369565217392,19.12717391304348,1003.8,1003.8,919.0,2935871.93,1637.44,313.16,7.414130434782609,32.1,Q3,1021.1,21.927065217391306,-1.6942512976202202,0.0001086956521731,0.3333333333333333,Neutral
Bukidnon,2012,2012Q4,21.93586956521739,25.696739130434786,19.226086956521737,637.7,637.7,928.0,3072943.89,1489.05,285.39,8.931521739130435,37.60217391304348,Q4,704.17,21.93086956521739,-9.439481943280729,0.0050000000000025,0.0666666666666666,Neutral
Bukidnon,2013,2013Q1,21.813333333333333,25.40222222222222,19.09888888888889,916.5,916.5,1024.0,2663203.65,1421.79,273.65,8.816666666666666,35.61666666666667,Q1,634.5600000000001,21.665,44.43078668683811,0.1483333333333334,-0.3666666666666667,Neutral
Bukidnon,2013,2013Q2,22.5912087912088,26.56153846153846,19.625274725274725,705.8,705.8,805.0,3059124.52,1719.93,332.72,7.289010989010989,28.88021978021978,Q2,718.29,22.5912087912088,-1.7388519957120394,3.552713678800501e-15,-0.3666666666666667,Neutral
Bukidnon,2013,2013Q3,21.90652173913044,25.695652173913043,19.144565217391303,960.2,960.2,966.0,2910262.13,1627.59,311.87,7.13804347826087,30.22391304347826,Q3,1021.1,21.927065217391306,-5.964156302027223,-0.0205434782608655,-0.3333333333333333,Neutral
Bukidnon,2013,2013Q4,21.805434782608696,25.569565217391304,19.078260869565216,647.5,647.5,897.0,3029067.68,1507.41,287.1,8.459782608695651,34.69239130434782,Q4,704.17,21.93086956521739,-8.047772554922812,-0.1254347826086927,-0.2333333333333333,Neutral
Bukidnon,2014,2014Q1,21.121111111111112,24.616666666666667,18.47777777777777,946.8,946.8,942.0,2537393.18,1380.11,260.93,9.216666666666669,36.46666666666667,Q1,634.5600000000001,21.665,49.2057488653555,-0.5438888888888869,-0.3999999999999999,Neutral
Bukidnon,2014,2014Q2,22.5978021978022,26.49670329670329,19.65274725274725,616.9,616.9,791.0,3117619.64,1743.38,336.86,7.274725274725275,27.557142857142853,Q2,718.29,22.5912087912088,-14.115468682565536,0.0065934065934065,0.1333333333333333,Neutral
Bukidnon,2014,2014Q3,21.916304347826088,25.61847826086957,19.13586956521739,1010.0,1010.0,929.0,2798609.03,1610.9,308.89,7.110869565217392,30.83152173913044,Q3,1021.1,21.927065217391306,-1.0870629713054571,-0.0107608695652174,0.1,Neutral
Bukidnon,2014,2014Q4,21.958695652173912,25.62608695652174,19.40869565217391,770.9,770.9,892.0,2883747.36,1471.87,282.28,7.758695652173912,32.256521739130434,Q4,704.17,21.93086956521739,9.476404845420854,0.027826086956523,0.6,El Niño
Bukidnon,2015,2015Q1,21.655555555555555,25.614444444444448,18.39333333333333,365.3,365.3,719.0,3193036.68,1619.15,310.63,8.841111111111111,31.94777777777778,Q1,634.5600000000001,21.665,-42.43255168935956,-0.0094444444444441,0.5,El Niño
Bukidnon,2015,2015Q2,22.71208791208792,26.636263736263736,19.64065934065934,533.1,533.1,769.0,3168585.34,1786.66,347.64,7.138461538461539,27.88571428571429,Q2,718.29,22.5912087912088,-25.78206573946456,0.120879120879124,0.9333333333333332,El Niño
Bukidnon,2015,2015Q3,22.092391304347824,25.720652173913045,19.360869565217392,995.5,995.5,908.0,2905028.39,1596.37,305.69,7.144565217391304,31.60108695652174,Q3,1021.1,21.927065217391306,-2.507100186073844,0.1653260869565187,1.8666666666666665,El Niño
Bukidnon,2015,2015Q4,22.17391304347826,26.030434782608697,19.20217391304348,594.0,594.0,802.0,3298439.94,1587.24,305.47,8.342391304347826,33.07826086956521,Q4,704.17,21.93086956521739,-15.645369726060462,0.2430434782608728,2.533333333333333,El Niño
Bukidnon,2016,2016Q1,22.88791208791209,27.56153846153846,18.93736263736264,216.4,216.4,551.0,3426946.66,1785.49,359.89,9.69010989010989,33.51648351648352,Q1,634.5600000000001,21.665,-65.89762985375694,1.2229120879120892,2.066666666666667,El Niño
Bukidnon,2016,2016Q2,23.31318681318681,27.51318681318681,20.23736263736264,771.5,771.5,841.0,3301982.92,1770.7,351.96,8.093406593406593,29.723076923076924,Q2,718.29,22.5912087912088,7.407871472525031,0.7219780219780176,0.3999999999999999,Neutral
Bukidnon,2016,2016Q3,22.5358695652174,26.370652173913044,19.73260869565217,884.5,884.5,840.0,3090556.07,1707.78,330.13,7.029347826086957,30.119565217391305,Q3,1021.1,21.927065217391306,-13.377729899128392,0.6088043478260907,-0.5,La Niña
Bukidnon,2016,2016Q4,22.12391304347826,25.721739130434784,19.61304347826087,887.0,887.0,1035.0,2829660.39,1408.68,271.86,7.522826086956522,31.717391304347824,Q4,704.17,21.93086956521739,25.963900762599945,0.1930434782608721,-0.6666666666666666,La Niña
Bukidnon,2017,2017Q1,21.38777777777777,24.72111111111112,18.676666666666662,900.5,900.5,869.0,2643476.85,1360.26,262.63,11.635555555555555,31.28777777777778,Q1,634.5600000000001,21.665,41.90935451336358,-0.2772222222222247,-0.1333333333333333,Neutral
Bukidnon,2017,2017Q2,22.2934065934066,25.74615384615385,19.54945054945055,890.0,890.0,874.0,3145693.92,1718.48,325.3,9.367032967032968,26.17032967032967,Q2,718.29,22.5912087912088,23.905386403820188,-0.2978021978021949,0.2666666666666666,Neutral
Bukidnon,2017,2017Q3,21.707608695652173,24.93260869565217,19.296739130434784,1001.2,1001.2,1009.0,2679840.79,1554.72,292.96,8.765217391304347,26.120652173913044,Q3,1021.1,21.927065217391306,-1.948878660268336,-0.2194565217391328,-0.1333333333333333,Neutral
Bukidnon,2017,2017Q4,21.78369565217391,25.061956521739127,19.16195652173913,751.0,751.0,873.0,2695207.5,1410.3,271.26,9.497826086956522,27.30434782608696,Q4,704.17,21.93086956521739,6.650382720081804,-0.1471739130434777,-0.8333333333333334,La Niña
Bukidnon,2018,2018Q1,21.647777777777776,25.42222222222222,18.35,459.2,459.2,652.0,2963675.57,1579.62,304.97,11.217777777777778,28.96555555555556,Q1,634.5600000000001,21.665,-27.63489662128089,-0.0172222222222231,-0.8333333333333334,La Niña
Bukidnon,2018,2018Q2,22.54065934065934,26.53956043956044,19.3989010989011,521.2,521.2,789.0,3181807.35,1791.65,347.3,10.104395604395604,26.35494505494505,Q2,718.29,22.5912087912088,-27.43877820935833,-0.0505494505494539,-0.2333333333333333,Neutral
Bukidnon,2018,2018Q3,21.39782608695652,24.518478260869564,18.93260869565217,1358.9,1358.9,1327.0,2805135.37,1583.98,295.0,8.572826086956523,28.171739130434784,Q3,1021.1,21.927065217391306,33.0819704240525,-0.5292391304347852,0.2666666666666666,Neutral
Bukidnon,2018,2018Q4,21.75543478260869,25.417391304347827,18.66521739130435,618.7,618.7,880.0,3055785.49,1615.15,308.13,10.216304347826089,27.529347826086955,Q4,704.17,21.93086956521739,-12.137694022750177,-0.175434782608697,0.8333333333333334,El Niño
Bukidnon,2019,2019Q1,20.995555555555555,25.244444444444444,17.084444444444443,385.7,385.7,575.0,3169468.13,1705.03,322.69,11.771111111111113,29.232222222222223,Q1,634.5600000000001,21.665,-39.21772566817953,-0.6694444444444443,0.6999999999999998,El Niño
Bukidnon,2019,2019Q2,22.45604395604396,26.357142857142858,19.15824175824176,720.9,720.9,948.0,3227917.87,1796.32,345.0,10.11978021978022,26.54945054945055,Q2,718.29,22.5912087912088,0.363362987094351,-0.1351648351648329,0.5666666666666667,El Niño
Bukidnon,2019,2019Q3,21.644565217391303,24.85326086956522,19.00217391304348,937.2,937.2,1015.0,2882465.31,1671.79,309.19,10.328260869565218,28.696739130434786,Q3,1021.1,21.927065217391306,-8.21662912545294,-0.2825000000000024,0.1999999999999999,Neutral
Bukidnon,2019,2019Q4,21.87717391304348,25.50326086956522,18.832608695652173,606.6,606.6,880.0,3202782.8,1686.87,319.61,9.590217391304348,26.56304347826088,Q4,704.17,21.93086956521739,-13.856029083885984,-0.0536956521739071,0.4333333333333333,Neutral
Bukidnon,2020,2020Q1,21.61428571428572,25.973626373626374,17.80989010989011,349.3,349.3,578.0,3366964.45,1774.14,337.78,12.183516483516485,29.545054945054943,Q1,634.5600000000001,21.665,-44.95398386283409,-0.0507142857142817,0.4666666666666666,Neutral
Bukidnon,2020,2020Q2,22.738461538461536,26.81648351648352,19.36813186813187,704.0,704.0,942.0,3163197.78,1807.56,352.17,10.47912087912088,27.20769230769231,Q2,718.29,22.5912087912088,-1.9894471592253773,0.1472527472527431,-0.0666666666666666,Neutral
Bukidnon,2020,2020Q3,22.07608695652174,25.36304347826087,19.37717391304348,941.8,941.8,1041.0,2922678.91,1692.49,318.8,9.345652173913043,25.875,Q3,1021.1,21.927065217391306,-7.766134560767806,0.1490217391304327,-0.6333333333333333,La Niña
Bukidnon,2020,2020Q4,21.832608695652173,25.14565217391305,19.094565217391303,847.9,847.9,1009.0,2785262.5,1483.38,281.25,9.192391304347826,26.04565217391304,Q4,704.17,21.93086956521739,20.41126432537597,-0.098260869565216,-1.2333333333333334,La Niña
Bukidnon,2021,2021Q1,21.53,25.19333333333333,18.46,830.8,830.8,976.0,2874464.99,1564.34,296.03,10.792222222222222,28.655555555555555,Q1,634.5600000000001,21.665,30.92536560766513,-0.134999999999998,-0.9,La Niña
Bukidnon,2021,2021Q2,22.07362637362637,25.55164835164835,19.184615384615384,931.9,931.9,1117.0,2983315.98,1697.53,321.7,9.24835164835165,26.21098901098901,Q2,718.29,22.5912087912088,29.7386849322697,-0.5175824175824211,-0.5333333333333333,La Niña
Bukidnon,2021,2021Q3,21.92826086956521,25.196739130434786,19.196739130434786,1351.8,1351.8,1172.0,2872694.77,1679.05,314.97,8.957608695652175,26.35652173913044,Q3,1021.1,21.927065217391306,32.38664185682107,0.0011956521739087,-0.5333333333333333,La Niña
Bukidnon,2021,2021Q4,21.80434782608696,25.525,18.93913043478261,1052.3,1052.3,887.0,2712351.98,1535.23,292.89,10.085869565217392,25.80326086956521,Q4,704.17,21.93086956521739,49.43834585398413,-0.1265217391304283,-0.9333333333333332,La Niña
Bukidnon,2022,2022Q1,21.582222222222224,25.585555555555555,18.364444444444445,824.1,824.1,812.0,2894620.28,1674.33,315.36,10.87,27.39333333333333,Q1,634.5600000000001,21.665,29.86951588502269,-0.0827777777777747,-0.9666666666666668,La Niña
Bukidnon,2022,2022Q2,21.82967032967033,25.44945054945055,18.9989010989011,1369.1,1369.1,1028.0,2803762.61,1676.45,314.5,9.823076923076924,25.64835164835165,Q2,718.29,22.5912087912088,90.60546575895528,-0.7615384615384642,-1.0,La Niña
Bukidnon,2022,2022Q3,21.70978260869565,25.316304347826087,18.945652173913043,1067.4,1067.4,1017.0,2812135.09,1710.98,319.57,9.019565217391303,23.70217391304348,Q3,1021.1,21.927065217391306,4.534325727156994,-0.2172826086956547,-0.9,La Niña
Bukidnon,2022,2022Q4,21.708695652173912,25.2,18.869565217391305,941.4,941.4,1006.0,2699533.56,1538.03,290.19,9.420652173913044,24.654347826086955,Q4,704.17,21.93086956521739,33.6893079796072,-0.222173913043477,-0.9,La Niña
Bukidnon,2023,2023Q1,21.482222222222223,25.22777777777777,18.54222222222222,976.5,976.5,1015.0,2545553.95,1543.09,292.83,10.756666666666668,26.667777777777776,Q1,634.5600000000001,21.665,53.886157337367614,-0.1827777777777761,-0.3999999999999999,Neutral
Bukidnon,2023,2023Q2,22.21648351648352,26.0967032967033,19.21318681318681,1050.1,1050.1,974.0,2916119.07,1754.36,334.77,9.056043956043956,23.8,Q2,718.29,22.5912087912088,46.19443400297929,-0.3747252747252716,0.5,El Niño
Bukidnon,2023,2023Q3,21.57717391304348,24.92826086956521,19.04021739130435,1223.3,1223.3,1150.0,2632034.08,1582.31,297.67,7.654347826086957,22.668478260869566,Q3,1021.1,21.927065217391306,19.802174125942603,-0.3498913043478246,1.3333333333333333,El Niño
Bukidnon,2023,2023Q4,22.03369565217391,25.92391304347826,18.95217391304348,615.5,615.5,776.0,3018266.6,1688.94,320.44,9.503260869565215,24.725,Q4,704.17,21.93086956521739,-12.59212974139767,0.1028260869565222,1.9,El Niño
Bukidnon,2024,2024Q1,21.864835164835167,26.301098901098904,18.14395604395604,382.3,382.3,639.0,3111636.35,1764.93,339.16,12.04835164835165,28.56043956043956,Q1,634.5600000000001,21.665,-39.75353000504287,0.1998351648351679,1.4666666666666668,El Niño
Bukidnon,2024,2024Q2,23.382417582417585,28.404395604395607,19.55604395604396,539.6,539.6,741.0,3294746.24,1938.83,390.52,12.105494505494503,29.16153846153846,Q2,718.29,22.5912087912088,-24.87713876011081,0.791208791208792,0.4333333333333333,Neutral
Bukidnon,2024,2024Q3,21.833695652173912,25.343478260869563,19.253260869565217,1084.7,1084.7,1098.0,2693559.17,1656.66,312.11,8.218478260869565,22.893478260869564,Q3,1021.1,21.927065217391306,6.228577024777203,-0.0933695652173938,-0.1,Neutral
Bukidnon,2024,2024Q4,21.936666666666667,25.75384615384615,19.12087912087912,813.8,813.8,857.0,2816188.87,1588.23,301.46,8.627472527472527,23.47912087912088,Q4,704.17,21.93086956521739,15.568683698538704,0.0057971014492785,-0.3999999999999999,Neutral
Bukidnon,2025,2025Q1,21.659550561797754,25.93888888888889,18.754444444444445,658.2,658.2,830.0,2793524.81,1629.94,308.16,10.48222222222222,27.38111111111112,Q1,634.5600000000001,21.665,3.725416036308621,-0.0054494382022447,-0.3999999999999999,Neutral
Bukidnon,2025,2025Q2,22.624175824175826,27.4010989010989,18.963736263736266,546.1,24.6,473.0,3100006.38,1788.06,360.47,11.793406593406594,27.665934065934064,Q2,718.29,22.5912087912088,-23.972211780757068,0.0329670329670328,-0.1,Neutral
Bukidnon,2025,2025Q3,19.85869565217392,23.27282608695652,17.38695652173913,1563.6,236.5,786.0,2548618.94,1487.9,276.68,8.769565217391303,28.71521739130435,Q3,1021.1,21.927065217391306,53.12897855254136,-2.068369565217388,-0.3,Neutral
Bukidnon,2025,2025Q4,19.8344262295082,23.39672131147541,17.434426229508198,622.6,38.5,461.0,1750884.95,961.34,177.6,9.762295081967212,31.16721311475409,Q4,704.17,21.93086956521739,-11.583850490648556,-2.096443335709189,-0.6,La Niña
Bulacan,2010,2010Q1,26.61629629629629,31.02037037037037,23.092222222222222,80.2,80.2,188.0,10233974.4,4992.72,1207.25,17.04037037037037,31.95703703703704,Q1,301.14,25.963610907610907,-73.36786876535831,0.6526853886853843,1.1666666666666667,El Niño
Bulacan,2010,2010Q2,29.03333333333333,33.13443223443224,25.71245421245421,984.7,984.7,1212.0,10908568.21,5914.8,1372.91,13.084615384615384,27.01465201465201,Q2,1422.19,28.55479853479853,-30.761712570050413,0.4785347985347989,-0.1666666666666666,Neutral
Bulacan,2010,2010Q3,27.03079710144928,29.816666666666663,24.95217391304348,2771.4,2771.4,2913.0,9004844.32,4787.2,993.2,12.053260869565216,27.58043478260869,Q3,3663.34,26.6575,-24.34772639176271,0.3732971014492783,-1.3,La Niña
Bulacan,2010,2010Q4,26.392391304347825,29.320652173913043,24.342391304347824,1271.1,1271.1,1649.0,8711012.36,3929.76,856.46,14.290942028985508,31.41014492753624,Q4,1336.05,26.56891304347826,-4.86134500954306,-0.1765217391304361,-1.6000000000000003,La Niña
Bulacan,2011,2011Q1,25.28407407407408,28.605185185185185,22.92888888888889,455.8,455.8,490.0,9542845.92,4443.09,1052.38,20.37,38.7562962962963,Q1,301.14,25.963610907610907,51.35817227867439,-0.6795368335368295,-1.1666666666666667,La Niña
Bulacan,2011,2011Q2,27.41355311355312,30.79413919413919,24.689010989010992,2232.5,2232.5,1934.0,9617535.55,5183.13,1157.94,14.324908424908424,30.574725274725274,Q2,1422.19,28.55479853479853,56.97621274231994,-1.141245421245415,-0.5666666666666667,La Niña
Bulacan,2011,2011Q3,26.269565217391303,28.507608695652173,24.619927536231884,3648.2,3648.2,4100.0,8151863.55,4332.88,870.96,16.45978260869565,35.11050724637681,Q3,3663.34,26.6575,-0.4132840522583305,-0.3879347826086956,-0.6333333333333333,La Niña
Bulacan,2011,2011Q4,26.24855072463768,29.13550724637681,24.145289855072463,1484.4,1484.4,1725.0,8724147.59,3971.63,861.11,14.696739130434784,32.50036231884058,Q4,1336.05,26.56891304347826,11.103626361288883,-0.32036231884058,-1.0333333333333334,La Niña
Bulacan,2012,2012Q1,26.063369963369965,29.59230769230769,23.44065934065934,481.1,481.1,701.0,9233180.17,4425.92,1018.68,16.664102564102564,33.68791208791208,Q1,301.14,25.963610907610907,59.759580261672326,0.0997590557590584,-0.7333333333333334,La Niña
Bulacan,2012,2012Q2,27.66043956043956,30.83626373626373,25.07289377289377,1712.8,1712.8,2270.0,10149132.4,5334.19,1150.38,13.819047619047618,29.98351648351648,Q2,1422.19,28.55479853479853,20.43397858232725,-0.8943589743589726,-0.2666666666666666,Neutral
Bulacan,2012,2012Q3,26.11775362318841,28.433333333333334,24.441304347826087,4069.9,4069.9,4396.0,7789582.6,4172.08,840.55,15.647826086956522,34.04347826086956,Q3,3663.34,26.6575,11.098068975306685,-0.5397463768115891,0.3333333333333333,Neutral
Bulacan,2012,2012Q4,26.696739130434786,30.02898550724637,24.092753623188408,637.6,637.6,878.0,9533261.74,4434.66,1002.11,15.510507246376813,31.958695652173915,Q4,1336.05,26.56891304347826,-52.27723513341567,0.1278260869565244,0.0666666666666666,Neutral
Bulacan,2013,2013Q1,26.543703703703702,30.502222222222223,23.586666666666662,180.3,180.3,342.0,9794731.53,4742.92,1153.87,18.176296296296297,34.93592592592593,Q1,301.14,25.963610907610907,-40.12751544132296,0.5800927960927957,-0.3666666666666667,Neutral
Bulacan,2013,2013Q2,28.77985347985348,32.44652014652014,25.871794871794872,1523.2,1523.2,1711.0,10024071.74,5462.48,1248.21,12.063369963369963,26.708791208791208,Q2,1422.19,28.55479853479853,7.102426539351281,0.2250549450549464,-0.3666666666666667,Neutral
Bulacan,2013,2013Q3,26.49855072463768,29.055434782608696,24.658695652173915,3815.4,3815.4,3815.0,7594960.88,4202.62,868.35,13.740579710144928,30.96992753623189,Q3,3663.34,26.6575,4.150856868322348,-0.1589492753623176,-0.3333333333333333,Neutral
Bulacan,2013,2013Q4,26.270289855072463,29.13297101449276,24.119565217391305,936.2,936.2,1240.0,9372582.55,4119.93,897.6,15.22572463768116,31.72246376811594,Q4,1336.05,26.56891304347826,-29.927772164215405,-0.2986231884057986,-0.2333333333333333,Neutral
Bulacan,2014,2014Q1,25.535925925925927,29.636296296296297,22.25111111111111,80.4,80.4,166.0,10178312.47,4892.34,1166.06,17.903333333333332,34.52518518518518,Q1,301.14,25.963610907610907,-73.3014544730026,-0.4276849816849797,-0.3999999999999999,Neutral
Bulacan,2014,2014Q2,28.77179487179487,32.59377289377289,25.78791208791209,1320.2,1320.2,1669.0,10697630.35,5629.55,1272.33,12.770695970695972,27.565201465201465,Q2,1422.19,28.55479853479853,-7.17133435054388,0.2169963369963383,0.1333333333333333,Neutral
Bulacan,2014,2014Q3,26.58152173913044,28.97826086956522,24.82644927536232,3669.5,3669.5,3807.0,8260429.55,4472.44,912.01,15.980797101449276,34.16521739130435,Q3,3663.34,26.6575,0.1681525602319155,-0.0759782608695616,0.1,Neutral
Bulacan,2014,2014Q4,26.30978260869565,29.194202898550724,24.163768115942027,1339.7,1339.7,1376.0,9028236.1,4028.41,904.21,15.492028985507249,32.289855072463766,Q4,1336.05,26.56891304347826,0.2731933685116643,-0.2591304347826124,0.6,El Niño
Bulacan,2015,2015Q1,25.26407407407408,29.22925925925926,22.09629629629629,224.3,224.3,283.0,10021068.38,4819.66,1111.62,17.110370370370372,32.66407407407407,Q1,301.14,25.963610907610907,-25.51637112306568,-0.699536833536829,0.5,El Niño
Bulacan,2015,2015Q2,28.73296703296704,32.60695970695971,25.57875457875458,872.1,872.1,1266.0,11186352.29,5979.83,1356.74,12.796336996336995,27.387179487179488,Q2,1422.19,28.55479853479853,-38.67907944789374,0.1781684981685067,0.9333333333333332,El Niño
Bulacan,2015,2015Q3,26.93768115942029,29.55,24.9481884057971,3178.2,3178.2,3647.0,9353944.35,4866.62,996.03,14.515217391304349,31.65144927536232,Q3,3663.34,26.6575,-13.243106018005436,0.280181159420291,1.8666666666666665,El Niño
Bulacan,2015,2015Q4,26.977898550724635,30.295652173913044,24.43949275362319,1584.9,1584.9,1024.0,9463974.17,4370.68,1002.72,17.08514492753623,34.971739130434784,Q4,1336.05,26.56891304347826,18.625799932637264,0.4089855072463741,2.533333333333333,El Niño
Bulacan,2016,2016Q1,26.38681318681319,30.068864468864465,23.45897435897436,154.1,154.1,476.0,9893542.68,4679.84,1091.25,15.943956043956044,30.81501831501832,Q1,301.14,25.963610907610907,-48.82778773992163,0.4232022792022825,2.066666666666667,El Niño
Bulacan,2016,2016Q2,29.13772893772894,33.01172161172161,26.11355311355312,1159.1,1159.1,1557.0,10779195.58,5729.44,1336.02,12.76007326007326,26.95054945054945,Q2,1422.19,28.55479853479853,-18.498934741490245,0.5829304029304083,0.3999999999999999,Neutral
Bulacan,2016,2016Q3,26.913768115942027,29.31268115942029,25.14855072463768,3445.5,3445.5,3950.0,8462369.24,4537.34,925.11,15.12536231884058,33.32608695652174,Q3,3663.34,26.6575,-5.946485993656067,0.2562681159420279,-0.5,La Niña
Bulacan,2016,2016Q4,26.719565217391303,29.51159420289855,24.63478260869565,1783.4,1783.4,1785.0,8499081.52,3887.97,869.14,16.043115942028983,34.10507246376812,Q4,1336.05,26.56891304347826,33.48302832977809,0.1506521739130413,-0.6666666666666666,La Niña
Bulacan,2017,2017Q1,25.768148148148143,29.62111111111111,22.66888888888889,519.2,519.2,844.0,9546857.12,4722.52,1088.23,17.74888888888889,39.42333333333333,Q1,301.14,25.963610907610907,72.41150295543603,-0.1954627594627638,-0.1333333333333333,Neutral
Bulacan,2017,2017Q2,28.655677655677657,32.44139194139194,25.681684981684985,1353.5,1353.5,1756.0,10961430.9,5863.83,1308.43,13.357875457875457,33.81575091575092,Q2,1422.19,28.55479853479853,-4.829875051856647,0.1008791208791244,0.2666666666666666,Neutral
Bulacan,2017,2017Q3,27.008333333333333,29.856521739130432,24.9786231884058,3656.4,3656.4,3569.0,8318023.34,4672.48,965.59,13.409420289855072,34.82427536231884,Q3,3663.34,26.6575,-0.1894446051963523,0.350833333333334,-0.1333333333333333,Neutral
Bulacan,2017,2017Q4,26.55760869565217,29.50144927536232,24.3768115942029,2131.3,2131.3,1914.0,8648844.77,4113.27,926.27,16.412681159420288,39.60326086956522,Q4,1336.05,26.56891304347826,59.522472961341286,-0.0113043478260905,-0.8333333333333334,La Niña
Bulacan,2018,2018Q1,26.213703703703704,29.97814814814815,23.20851851851852,722.4,722.4,797.0,9643724.26,4799.21,1111.86,16.16962962962963,36.54925925925926,Q1,301.14,25.963610907610907,139.8884239888424,0.2500927960927974,-0.8333333333333334,La Niña
Bulacan,2018,2018Q2,28.462637362637363,32.03956043956044,25.47032967032967,1690.3,1690.3,1949.0,10287569.88,5409.3,1217.3,13.846886446886446,36.2043956043956,Q2,1422.19,28.55479853479853,18.851911488619656,-0.0921611721611697,-0.2333333333333333,Neutral
Bulacan,2018,2018Q3,26.44855072463768,28.767028985507245,24.673188405797102,4028.8,4028.8,4809.0,7292124.63,4324.75,885.22,16.456884057971017,39.07355072463768,Q3,3663.34,26.6575,9.97614199064242,-0.2089492753623183,0.2666666666666666,Neutral
Bulacan,2018,2018Q4,26.672826086956523,30.23333333333333,23.78405797101449,1281.0,1281.0,1523.0,9573761.66,4740.93,1065.68,16.08804347826087,38.12427536231884,Q4,1336.05,26.56891304347826,-4.1203547771415705,0.1039130434782613,0.8333333333333334,El Niño
Bulacan,2019,2019Q1,25.96,30.385555555555555,21.94333333333333,113.6,113.6,530.0,10328554.0,5271.09,1196.29,17.299629629629628,38.56703703703704,Q1,301.14,25.963610907610907,-62.2766819419539,-0.0036109076109056,0.6999999999999998,El Niño
Bulacan,2019,2019Q2,28.9,32.77692307692308,25.646153846153844,1373.5,1373.5,2296.0,10475798.29,5749.19,1297.34,14.356043956043957,35.54945054945055,Q2,1422.19,28.55479853479853,-3.423593190783232,0.3452014652014661,0.5666666666666667,El Niño
Bulacan,2019,2019Q3,26.768478260869568,29.02934782608696,24.969202898550726,4350.1,4350.1,4718.0,7628342.15,4411.13,914.9,17.071739130434782,39.94275362318841,Q3,3663.34,26.6575,18.746826666375497,0.1109782608695688,0.1999999999999999,Neutral
Bulacan,2019,2019Q4,26.843478260869567,30.44311594202898,23.914492753623183,910.9,910.9,1557.0,9502330.5,4699.6,1053.08,15.45036231884058,37.32971014492754,Q4,1336.05,26.56891304347826,-31.82141386924142,0.2745652173913058,0.4333333333333333,Neutral
Bulacan,2020,2020Q1,26.83040293040293,31.414652014652017,22.93186813186813,237.2,237.2,764.0,10319691.92,5221.26,1258.82,17.82967032967033,40.60842490842491,Q1,301.14,25.963610907610907,-21.23264926612207,0.8667920227920227,0.4666666666666666,Neutral
Bulacan,2020,2020Q2,28.964102564102564,33.03003663003663,25.53369963369964,1546.4,1546.4,2076.0,10918103.09,5809.61,1310.67,13.31172161172161,34.444322344322345,Q2,1422.19,28.55479853479853,8.733713498196446,0.4093040293040317,-0.0666666666666666,Neutral
Bulacan,2020,2020Q3,27.453985507246376,30.63695652173913,24.95434782608696,2459.4,2459.4,2943.0,8890560.39,5109.93,1070.81,11.993115942028986,30.73804347826088,Q3,3663.34,26.6575,-32.86454437753525,0.796485507246377,-0.6333333333333333,La Niña
Bulacan,2020,2020Q4,26.543115942028983,29.644202898550724,24.185144927536232,3109.2,3109.2,2862.0,7888858.76,4008.63,877.75,16.130797101449275,39.18876811594203,Q4,1336.05,26.56891304347826,132.71584147299876,-0.0257971014492781,-1.2333333333333334,La Niña
Bulacan,2021,2021Q1,26.016666666666666,29.58037037037037,23.102222222222224,949.7,949.7,1396.0,9326458.34,4794.64,1081.22,16.32777777777778,38.29925925925926,Q1,301.14,25.963610907610907,215.36826725111248,0.0530557590557592,-0.9,La Niña
Bulacan,2021,2021Q2,28.8904761904762,33.03589743589743,25.42893772893773,1161.6,1161.6,2059.0,10915070.58,5987.03,1376.34,14.946520146520148,36.86776556776557,Q2,1422.19,28.55479853479853,-18.32314950885607,0.3356776556776637,-0.5333333333333333,La Niña
Bulacan,2021,2021Q3,27.07826086956522,29.903623188405795,24.890942028985503,3270.2,3270.2,3889.0,8472018.65,4770.19,989.58,14.979347826086958,37.80036231884058,Q3,3663.34,26.6575,-10.7317366119443,0.4207608695652212,-0.5333333333333333,La Niña
Bulacan,2021,2021Q4,26.69855072463768,30.171014492753624,24.13188405797101,1357.2,1357.2,1688.0,8519719.35,4351.8,1000.89,16.62463768115942,35.56956521739131,Q4,1336.05,26.56891304347826,1.5830245874031728,0.1296376811594193,-0.9333333333333332,La Niña
Bulacan,2022,2022Q1,26.82148148148148,31.3437037037037,23.357407407407408,523.5,523.5,942.0,9934321.7,5100.67,1180.71,16.313703703703702,35.346296296296295,Q1,301.14,25.963610907610907,73.8394102410839,0.8578705738705743,-0.9666666666666668,La Niña
Bulacan,2022,2022Q2,28.21611721611721,32.59487179487179,24.85787545787546,1981.7,1981.7,2093.0,9937449.5,5640.03,1270.87,14.543223443223445,33.18241758241758,Q2,1422.19,28.55479853479853,39.34143820445932,-0.3386813186813207,-1.0,La Niña
Bulacan,2022,2022Q3,26.72826086956522,30.023913043478263,24.357971014492755,3825.6,3825.6,3527.0,7748588.05,4871.22,1005.87,14.692391304347826,32.60942028985507,Q3,3663.34,26.6575,4.4292913024726,0.0707608695652197,-0.9,La Niña
Bulacan,2022,2022Q4,26.70615942028985,30.15833333333333,24.133333333333333,1754.4,1754.4,1844.0,8938062.37,4492.71,994.97,16.038768115942027,34.74963768115942,Q4,1336.05,26.56891304347826,31.3124508813293,0.1372463768115892,-0.9,La Niña
Bulacan,2023,2023Q1,26.364444444444445,30.57777777777778,23.02925925925926,468.5,468.5,850.0,9563136.33,4999.79,1186.05,18.09703703703704,38.00925925925926,Q1,301.14,25.963610907610907,55.57547984326228,0.400833536833538,-0.3999999999999999,Neutral
Bulacan,2023,2023Q2,28.230402930402928,32.27875457875458,25.07106227106227,1942.0,1942.0,2252.0,10479994.87,5922.74,1308.92,15.046886446886448,33.443223443223445,Q2,1422.19,28.55479853479853,36.54996871022858,-0.3243956043956046,0.5,El Niño
Bulacan,2023,2023Q3,27.33115942028985,30.61050724637681,24.89565217391304,2860.3,2860.3,3225.0,9048223.98,5360.85,1116.9,16.207971014492752,35.05797101449275,Q3,3663.34,26.6575,-21.92097921568841,0.6736594202898516,1.3333333333333333,El Niño
Bulacan,2023,2023Q4,27.298188405797102,30.94311594202898,24.656884057971016,1107.3,1107.3,1470.0,9329335.82,4621.81,1076.07,16.965217391304346,36.01449275362319,Q4,1336.05,26.56891304347826,-17.121365218367576,0.729275362318841,1.9,El Niño
Bulacan,2024,2024Q1,27.37655677655678,32.26373626373626,23.621978021978023,187.8,187.8,563.0,10332171.52,5210.85,1299.08,18.2948717948718,38.17838827838828,Q1,301.14,25.963610907610907,-37.63697947798366,1.4129458689458725,1.4666666666666668,El Niño
Bulacan,2024,2024Q2,29.55421245421245,34.37582417582418,25.7010989010989,1615.7,1615.7,1644.0,10757523.57,6119.71,1427.04,14.531501831501831,32.64065934065934,Q2,1422.19,28.55479853479853,13.606480146815825,0.999413919413918,0.4333333333333333,Neutral
Bulacan,2024,2024Q3,27.13695652173913,30.41376811594203,24.76086956521739,3490.9,3490.9,3481.0,8318716.74,5001.86,1034.96,14.09927536231884,31.64782608695652,Q3,3663.34,26.6575,-4.707179786751982,0.4794565217391309,-0.1,Neutral
Bulacan,2024,2024Q4,27.0525925925926,30.444688644688643,24.557875457875458,1448.6,1448.6,1694.0,8361800.91,4301.12,978.26,16.167399267399265,36.11062271062272,Q4,1336.05,26.56891304347826,8.424085924927956,0.4836795491143348,-0.3999999999999999,Neutral
Bulacan,2025,2025Q1,26.95468164794008,31.043333333333337,23.92222222222222,780.5,780.5,1023.0,9257786.45,4719.05,1133.0,16.964444444444442,39.42962962962963,Q1,301.14,25.963610907610907,159.1817759181776,0.991070740329171,-0.3999999999999999,Neutral
Bulacan,2025,2025Q2,29.28754578754579,33.54981684981685,25.863736263736264,1725.1,14.7,1817.0,9883467.79,5835.62,1309.8,12.081684981684983,25.01098901098901,Q2,1422.19,28.55479853479853,21.298841926887395,0.7327472527472558,-0.1,Neutral
Bulacan,2025,2025Q3,27.865579710144925,29.469565217391303,26.63115942028985,4375.7,161.6,3893.0,6869800.75,4505.24,979.93,16.19855072463768,29.10833333333333,Q3,3663.34,26.6575,19.44564250110554,1.2080797101449257,-0.3,Neutral
Bulacan,2025,2025Q4,27.8551912568306,30.19125683060109,26.177049180327867,1112.5,177.0,1164.0,5336370.84,2953.4,641.04,15.137158469945357,28.79453551912568,Q4,1336.05,26.56891304347826,-16.732158227611237,1.2862782133523396,-0.6,La Niña
Camarines Sur,2010,2010Q1,26.30055555555556,29.54722222222222,23.67333333333333,360.4,360.4,876.0,6751490.65,3535.06,748.38,14.590555555555556,29.016666666666666,Q1,784.1800000000001,25.951444444444444,-54.04116401846516,0.3491111111111173,1.1666666666666667,El Niño
Camarines Sur,2010,2010Q2,27.896703296703297,31.12197802197802,25.19450549450549,872.2,872.2,1230.0,7044793.47,3812.14,809.73,10.944505494505496,25.121428571428574,Q2,1099.64,27.344835164835168,-20.68313266159833,0.5518681318681296,-0.1666666666666666,Neutral
Camarines Sur,2010,2010Q3,26.644565217391307,29.379891304347822,24.66684782608696,1618.9,1618.9,2163.0,6068772.17,3280.07,661.73,11.933152173913042,26.44076086956522,Q3,1710.27,26.493641304347825,-5.342431312015056,0.1509239130434814,-1.3,La Niña
Camarines Sur,2010,2010Q4,26.11195652173913,28.80163043478261,24.30163043478261,1450.2,1450.2,2335.0,5860735.07,2807.03,569.2,13.13695652173913,28.35978260869565,Q4,1274.62,26.37679347826087,13.775085907956877,-0.2648369565217372,-1.6000000000000003,La Niña
Camarines Sur,2011,2011Q1,25.356666666666666,27.88111111111112,23.63055555555556,1533.1,1533.1,1982.0,5456810.02,2826.73,588.12,17.636111111111113,34.11888888888889,Q1,784.1800000000001,25.951444444444444,95.50358336096302,-0.5947777777777787,-1.1666666666666667,La Niña
Camarines Sur,2011,2011Q2,26.36813186813187,29.03736263736264,24.35604395604396,1594.6,1594.6,1873.0,5917029.81,3253.1,660.41,13.21043956043956,28.567032967032965,Q2,1099.64,27.344835164835168,45.011094540031294,-0.9767032967032988,-0.5666666666666667,La Niña
Camarines Sur,2011,2011Q3,26.15978260869565,28.50054347826088,24.44945652173913,1557.3,1557.3,2302.0,6027445.48,3193.81,627.63,14.840217391304348,32.36413043478261,Q3,1710.27,26.493641304347825,-8.944201792699399,-0.3338586956521752,-0.6333333333333333,La Niña
Camarines Sur,2011,2011Q4,26.180434782608696,28.875,24.279347826086955,1342.5,1342.5,2089.0,6038448.13,2934.98,592.71,13.558152173913042,29.30923913043478,Q4,1274.62,26.37679347826087,5.325508779087091,-0.1963586956521723,-1.0333333333333334,La Niña
Camarines Sur,2012,2012Q1,25.81098901098901,28.60494505494505,23.781868131868134,1203.0,1203.0,1731.0,6188843.48,3097.84,627.72,14.133516483516484,29.448901098901096,Q1,784.1800000000001,25.951444444444444,53.40865617587798,-0.1404554334554326,-0.7333333333333334,La Niña
Camarines Sur,2012,2012Q2,26.70604395604396,29.442857142857147,24.584065934065936,1102.3,1102.3,1780.0,6627509.66,3517.17,706.22,11.846703296703296,27.30824175824176,Q2,1099.64,27.344835164835168,0.2418973482230623,-0.6387912087912078,-0.2666666666666666,Neutral
Camarines Sur,2012,2012Q3,26.157608695652176,28.50869565217392,24.44945652173913,1567.2,1567.2,2340.0,5655116.6,3151.77,623.76,14.938586956521736,32.70434782608696,Q3,1710.27,26.493641304347825,-8.365345822589413,-0.3360326086956497,0.3333333333333333,Neutral
Camarines Sur,2012,2012Q4,26.28858695652174,29.025,24.23369565217392,1212.1,1212.1,1645.0,6421071.31,3121.08,637.91,13.6625,29.35652173913044,Q4,1274.62,26.37679347826087,-4.904991291522195,-0.0882065217391279,0.0666666666666666,Neutral
Camarines Sur,2013,2013Q1,25.913888888888888,28.57777777777778,23.89333333333333,833.4,833.4,1303.0,6277002.28,3193.9,662.83,16.397222222222222,31.246666666666663,Q1,784.1800000000001,25.951444444444444,6.276620163737906,-0.0375555555555564,-0.3666666666666667,Neutral
Camarines Sur,2013,2013Q2,27.186813186813183,30.03021978021978,24.970329670329672,1353.6,1353.6,1734.0,6379032.36,3489.07,716.64,10.587362637362638,25.19010989010989,Q2,1099.64,27.344835164835168,23.09483103561166,-0.1580219780219849,-0.3666666666666667,Neutral
Camarines Sur,2013,2013Q3,26.242391304347827,28.685326086956525,24.46358695652174,1736.0,1736.0,2354.0,5454391.43,3045.49,611.97,13.609782608695651,29.7233695652174,Q3,1710.27,26.493641304347825,1.504440819285845,-0.2512499999999988,-0.3333333333333333,Neutral
Camarines Sur,2013,2013Q4,26.066304347826087,28.679891304347827,24.16195652173913,1301.9,1301.9,1951.0,6016275.16,2909.1,589.99,13.890760869565218,29.49836956521739,Q4,1274.62,26.37679347826087,2.1402457202931044,-0.3104891304347816,-0.2333333333333333,Neutral
Camarines Sur,2014,2014Q1,25.28666666666667,28.05,23.16055555555556,515.8,515.8,981.0,6187276.86,3229.33,686.51,17.903888888888886,33.78666666666667,Q1,784.1800000000001,25.951444444444444,-34.22428524063354,-0.6647777777777755,-0.3999999999999999,Neutral
Camarines Sur,2014,2014Q2,27.25384615384615,30.031868131868134,24.96208791208792,934.3,934.3,1499.0,6639766.26,3565.98,735.21,11.607692307692307,26.271978021978025,Q2,1099.64,27.344835164835168,-15.035829907969877,-0.0909890109890163,0.1333333333333333,Neutral
Camarines Sur,2014,2014Q3,26.31358695652174,28.672826086956523,24.594565217391303,1703.6,1703.6,2210.0,5761305.1,3169.7,631.27,15.157608695652174,32.43369565217392,Q3,1710.27,26.493641304347825,-0.3899969010741037,-0.1800543478260863,0.1,Neutral
Camarines Sur,2014,2014Q4,26.13369565217392,28.695108695652173,24.26086956521739,1419.5,1419.5,2059.0,6002280.55,2884.68,592.15,15.175,31.11521739130435,Q4,1274.62,26.37679347826087,11.366524925075698,-0.2430978260869487,0.6,El Niño
Camarines Sur,2015,2015Q1,25.667222222222225,28.706666666666667,23.278333333333336,638.6,638.6,871.0,6654748.71,3431.58,723.68,16.605,31.792777777777776,Q1,784.1800000000001,25.951444444444444,-18.56461526690301,-0.284222222222219,0.5,El Niño
Camarines Sur,2015,2015Q2,27.29890109890109,30.215934065934068,24.884065934065934,750.5,750.5,1386.0,6952127.96,3701.92,766.84,11.13076923076923,25.50879120879121,Q2,1099.64,27.344835164835168,-31.750391037066667,-0.0459340659340732,0.9333333333333332,El Niño
Camarines Sur,2015,2015Q3,26.403260869565216,28.7233695652174,24.69782608695652,1376.8,1376.8,2187.0,6175734.71,3289.24,654.3,15.048913043478262,31.88967391304348,Q3,1710.27,26.493641304347825,-19.49809094470464,-0.0903804347826096,1.8666666666666665,El Niño
Camarines Sur,2015,2015Q4,26.53152173913044,29.242391304347827,24.48695652173913,864.8,864.8,1680.0,6583239.03,3195.79,653.58,14.556521739130435,30.5625,Q4,1274.62,26.37679347826087,-32.152327752585094,0.1547282608695717,2.533333333333333,El Niño
Camarines Sur,2016,2016Q1,26.63901098901099,29.83186813186813,24.013736263736263,452.7,452.7,957.0,6824652.48,3554.88,747.65,14.012637362637363,28.70274725274725,Q1,784.1800000000001,25.951444444444444,-42.270907189675846,0.6875665445665469,2.066666666666667,El Niño
Camarines Sur,2016,2016Q2,27.718131868131863,30.686263736263733,25.28241758241758,1169.8,1169.8,1614.0,6802356.33,3604.63,759.07,10.85934065934066,25.386813186813185,Q2,1099.64,27.344835164835168,6.380269906514869,0.3732967032966954,0.3999999999999999,Neutral
Camarines Sur,2016,2016Q3,26.75108695652174,29.1375,25.03695652173913,1451.9,1451.9,2183.0,6162002.35,3271.44,653.59,13.743478260869566,30.93804347826088,Q3,1710.27,26.493641304347825,-15.10697141387032,0.2574456521739137,-0.5,La Niña
Camarines Sur,2016,2016Q4,26.36467391304348,28.93260869565217,24.53695652173913,1614.3,1614.3,2180.0,5772553.39,2814.23,575.38,14.28858695652174,30.49836956521739,Q4,1274.62,26.37679347826087,26.649511226875443,-0.0121195652173895,-0.6666666666666666,La Niña
Camarines Sur,2017,2017Q1,26.15111111111111,29.09611111111112,23.898333333333333,1008.9,1008.9,1064.0,5832712.63,3066.62,648.59,13.82388888888889,33.60388888888889,Q1,784.1800000000001,25.951444444444444,28.656685964957013,0.1996666666666655,-0.1333333333333333,Neutral
Camarines Sur,2017,2017Q2,27.573076923076925,30.665934065934064,25.232417582417582,1245.0,1245.0,1447.0,6489652.84,3443.29,720.11,10.458241758241758,27.5989010989011,Q2,1099.64,27.344835164835168,13.21887163071552,0.2282417582417579,0.2666666666666666,Neutral
Camarines Sur,2017,2017Q3,26.79945652173913,29.444021739130434,24.9125,2139.2,2139.2,2118.0,5292779.44,2891.82,594.25,11.305978260869566,29.27391304347826,Q3,1710.27,26.493641304347825,25.07966578376513,0.3058152173913058,-0.1333333333333333,Neutral
Camarines Sur,2017,2017Q4,26.64673913043478,29.279347826086955,24.78152173913044,1499.7,1499.7,1710.0,5322491.21,2661.41,558.17,12.716304347826089,32.85163043478261,Q4,1274.62,26.37679347826087,17.658596287520982,0.269945652173913,-0.8333333333333334,La Niña
Camarines Sur,2018,2018Q1,26.282222222222224,29.23444444444444,23.96444444444445,995.1,995.1,1066.0,5861766.91,3052.76,641.26,13.09888888888889,31.629444444444445,Q1,784.1800000000001,25.951444444444444,26.89688591904919,0.3307777777777794,-0.8333333333333334,La Niña
Camarines Sur,2018,2018Q2,27.578021978021976,30.67637362637363,25.17087912087912,916.6,916.6,1394.0,6643112.3,3468.08,732.27,11.563736263736264,30.06318681318681,Q2,1099.64,27.344835164835168,-16.64544760103305,0.2331868131868084,-0.2333333333333333,Neutral
Camarines Sur,2018,2018Q3,26.63478260869565,29.0375,24.907065217391303,1958.6,1958.6,2771.0,5440392.83,2994.95,607.6,13.633152173913045,34.618478260869566,Q3,1710.27,26.493641304347825,14.519929601758784,0.1411413043478262,0.2666666666666666,Neutral
Camarines Sur,2018,2018Q4,26.75108695652174,29.6875,24.50978260869565,945.8,945.8,1626.0,6253718.37,3131.27,653.0,12.908152173913043,32.19728260869565,Q4,1274.62,26.37679347826087,-25.79749258602565,0.3742934782608706,0.8333333333333334,El Niño
Camarines Sur,2019,2019Q1,26.10611111111111,29.70888888888889,22.93888888888889,300.8,300.8,731.0,6729329.65,3609.76,757.63,14.268333333333334,33.00111111111111,Q1,784.1800000000001,25.951444444444444,-61.64145986890765,0.1546666666666674,0.6999999999999998,El Niño
Camarines Sur,2019,2019Q2,27.86868131868132,31.187912087912085,25.18901098901099,1057.5,1057.5,1607.0,6679190.37,3594.25,760.52,10.974725274725277,28.499450549450547,Q2,1099.64,27.344835164835168,-3.832163253428384,0.5238461538461507,0.5666666666666667,El Niño
Camarines Sur,2019,2019Q3,26.829891304347825,29.09891304347826,25.04728260869565,1993.2,1993.2,2558.0,5252229.26,2974.67,612.69,13.917934782608697,34.488586956521736,Q3,1710.27,26.493641304347825,16.543001982143174,0.3362499999999997,0.1999999999999999,Neutral
Camarines Sur,2019,2019Q4,26.69293478260869,29.60434782608696,24.470108695652176,1095.4,1095.4,1626.0,6169283.29,3081.4,635.27,12.722282608695652,31.654891304347824,Q4,1274.62,26.37679347826087,-14.060661216676342,0.3161413043478234,0.4333333333333333,Neutral
Camarines Sur,2020,2020Q1,26.49285714285714,29.781868131868134,23.74010989010989,720.6,720.6,1248.0,6723326.32,3521.92,736.11,13.442307692307692,32.04120879120879,Q1,784.1800000000001,25.951444444444444,-8.10783238542172,0.5414126984126959,0.4666666666666666,Neutral
Camarines Sur,2020,2020Q2,27.87252747252748,31.13791208791209,25.25879120879121,1108.5,1108.5,1506.0,6616625.34,3586.39,760.2,11.106593406593406,28.57747252747253,Q2,1099.64,27.344835164835168,0.8057182350587581,0.527692307692309,-0.0666666666666666,Neutral
Camarines Sur,2020,2020Q3,27.09402173913044,29.86847826086957,25.026630434782607,1793.3,1793.3,2141.0,5461297.52,3112.7,639.44,10.38586956521739,27.20815217391305,Q3,1710.27,26.493641304347825,4.854789009922408,0.6003804347826147,-0.6333333333333333,La Niña
Camarines Sur,2020,2020Q4,26.63043478260869,29.404347826086955,24.713043478260868,2301.0,2301.0,2226.0,5332674.09,2711.93,562.14,12.652173913043478,32.35108695652174,Q4,1274.62,26.37679347826087,80.52439158337386,0.2536413043478234,-1.2333333333333334,La Niña
Camarines Sur,2021,2021Q1,26.13222222222222,29.009444444444444,23.875,1401.3,1401.3,1855.0,5635194.68,3004.2,620.86,13.362222222222222,32.446111111111115,Q1,784.1800000000001,25.951444444444444,78.6962177051187,0.1807777777777772,-0.9,La Niña
Camarines Sur,2021,2021Q2,27.287912087912087,30.256593406593407,24.928021978021977,1292.4,1292.4,1716.0,6257053.84,3469.4,721.01,11.80054945054945,29.626373626373628,Q2,1099.64,27.344835164835168,17.529373249427106,-0.0569230769230806,-0.5333333333333333,La Niña
Camarines Sur,2021,2021Q3,27.124456521739127,29.81304347826088,25.19076086956522,1628.9,1628.9,2237.0,5701950.58,3197.42,659.99,12.202717391304349,31.003804347826087,Q3,1710.27,26.493641304347825,-4.757728311903962,0.6308152173913015,-0.5333333333333333,La Niña
Camarines Sur,2021,2021Q4,26.671739130434784,29.698913043478264,24.526630434782607,1519.8,1519.8,1717.0,5520613.98,2998.08,627.76,13.567934782608695,31.404891304347824,Q4,1274.62,26.37679347826087,19.235536865889426,0.2949456521739151,-0.9333333333333332,La Niña
Camarines Sur,2022,2022Q1,26.440555555555555,29.807777777777776,23.917777777777776,838.0,838.0,1245.0,5923513.41,3318.99,691.13,13.077222222222222,29.943888888888885,Q1,784.1800000000001,25.951444444444444,6.863220179040518,0.4891111111111108,-0.9666666666666668,La Niña
Camarines Sur,2022,2022Q2,27.177472527472528,30.5456043956044,24.68516483516484,1541.5,1541.5,1667.0,5829210.51,3474.86,723.6899999999999,11.565934065934066,27.46868131868132,Q2,1099.64,27.344835164835168,40.18224146084175,-0.1673626373626398,-1.0,La Niña
Camarines Sur,2022,2022Q3,26.792391304347827,29.82608695652174,24.569021739130434,1856.4,1856.4,2173.0,5439137.72,3311.29,674.71,11.364673913043475,27.1608695652174,Q3,1710.27,26.493641304347825,8.544264940623417,0.2987500000000018,-0.9,La Niña
Camarines Sur,2022,2022Q4,26.57608695652174,29.595108695652176,24.463043478260868,1530.2,1530.2,1645.0,5374689.16,2969.93,614.59,12.98913043478261,29.752173913043475,Q4,1274.62,26.37679347826087,20.05146631937361,0.1992934782608699,-0.9,La Niña
Camarines Sur,2023,2023Q1,25.935,28.985,23.668888888888887,1334.9,1334.9,1672.0,5313315.89,3100.45,641.43,14.26888888888889,31.47222222222222,Q1,784.1800000000001,25.951444444444444,70.22877400596802,-0.0164444444444455,-0.3999999999999999,Neutral
Camarines Sur,2023,2023Q2,27.49670329670329,30.875274725274725,24.932967032967035,1246.0,1246.0,1542.0,6376671.57,3658.51,765.2,12.2989010989011,28.48406593406593,Q2,1099.64,27.344835164835168,13.309810483430953,0.1518681318681238,0.5,El Niño
Camarines Sur,2023,2023Q3,27.151630434782607,30.16304347826087,24.910326086956523,1813.1,1813.1,2158.0,5985192.33,3497.68,717.98,13.394565217391303,31.578260869565216,Q3,1710.27,26.493641304347825,6.012500950142371,0.6579891304347818,1.3333333333333333,El Niño
Camarines Sur,2023,2023Q4,27.11141304347826,30.45652173913044,24.61521739130435,1032.8,1032.8,1467.0,6187256.62,3259.49,678.75,12.446739130434782,28.857065217391305,Q4,1274.62,26.37679347826087,-18.97192888860995,0.7346195652173932,1.9,El Niño
Camarines Sur,2024,2024Q1,26.3510989010989,30.36758241758241,23.1510989010989,315.2,315.2,927.0,6800132.69,3572.22,792.27,18.514285714285712,38.14670329670329,Q1,784.1800000000001,25.951444444444444,-59.80514677752558,0.3996544566544564,1.4666666666666668,El Niño
Camarines Sur,2024,2024Q2,29.21098901098901,34.04835164835165,25.437912087912085,886.6,886.6,1035.0,6935320.99,3990.87,910.66,13.274725274725276,29.7478021978022,Q2,1099.64,27.344835164835168,-19.37361318249608,1.8661538461538427,0.4333333333333333,Neutral
Camarines Sur,2024,2024Q3,27.433152173913044,30.68423913043478,25.105434782608693,2673.4,2673.4,2312.0,5433008.93,3278.47,685.06,14.094021739130437,31.00163043478261,Q3,1710.27,26.493641304347825,56.31450004969977,0.9395108695652185,-0.1,Neutral
Camarines Sur,2024,2024Q4,26.83277777777777,30.042857142857144,24.555494505494508,2121.5,2121.5,1705.0,5476411.9,2814.12,596.6,16.459340659340658,34.315384615384616,Q4,1274.62,26.37679347826087,66.44176303525755,0.4559842995169028,-0.3999999999999999,Neutral
Camarines Sur,2025,2025Q1,25.941011235955056,29.15277777777778,23.64777777777778,1177.7,1177.7,1530.0,5596667.74,3014.35,632.48,16.216666666666665,33.553888888888885,Q1,784.1800000000001,25.951444444444444,50.18235609171363,-0.0104332084893883,-0.3999999999999999,Neutral
Camarines Sur,2025,2025Q2,28.32087912087912,32.12692307692308,25.47857142857143,832.6,22.2,1189.0,5999730.6,3374.44,732.11,11.00824175824176,24.7489010989011,Q2,1099.64,27.344835164835168,-24.284311229129525,0.9760439560439522,-0.1,Neutral
Camarines Sur,2025,2025Q3,26.96358695652174,29.70108695652174,24.984239130434784,1568.6,100.9,1924.0,5068024.42,3040.9,625.75,13.16304347826087,30.067391304347822,Q3,1710.27,26.493641304347825,-8.283487402573867,0.4699456521739158,-0.3,Neutral
Camarines Sur,2025,2025Q4,27.08032786885246,30.31065573770492,24.828688524590163,947.3,205.0,1075.0,3446815.27,1911.29,398.06,12.359836065573772,29.030327868852456,Q4,1274.62,26.37679347826087,-25.679810453311585,0.7035343905915923,-0.6,La Niña
Capiz,2010,2010Q1,26.95,29.77111111111111,24.993333333333336,76.4,76.4,239.0,3447961.36,1939.39,420.98,18.51555555555556,38.94444444444444,Q1,286.51,26.259949938949937,-73.33426407455237,0.6900500610500622,1.1666666666666667,El Niño
Capiz,2010,2010Q2,28.59010989010989,31.23956043956044,26.521978021978025,280.7,280.7,489.0,3586029.67,2004.44,432.87,12.578021978021978,28.82967032967033,Q2,438.97,27.586483516483515,-36.05485568489874,1.0036263736263749,-0.1666666666666666,Neutral
Capiz,2010,2010Q3,27.13804347826087,29.13913043478261,25.655434782608697,718.0,718.0,940.0,2960915.04,1669.65,337.64,10.79782608695652,25.89130434782609,Q3,748.38,26.84804347826087,-4.0594350463668185,0.2899999999999991,-1.3,La Niña
Capiz,2010,2010Q4,26.33043478260869,28.07717391304348,25.10434782608696,781.5,781.5,1200.0,2514996.0,1316.88,262.63,13.125,29.55217391304348,Q4,661.38,26.570543478260863,18.162024857116936,-0.2401086956521716,-1.6000000000000003,La Niña
Capiz,2011,2011Q1,25.82333333333333,27.563333333333333,24.666666666666668,591.4,591.4,823.0,2864442.17,1488.45,312.09,20.34111111111111,43.00555555555555,Q1,286.51,26.259949938949937,106.41513385222156,-0.4366166056166065,-1.1666666666666667,La Niña
Capiz,2011,2011Q2,26.96043956043956,28.9934065934066,25.44945054945055,508.0,508.0,830.0,3084052.44,1721.61,349.73,12.23956043956044,28.947252747252744,Q2,438.97,27.586483516483515,15.725448208305814,-0.6260439560439544,-0.5666666666666667,La Niña
Capiz,2011,2011Q3,26.843478260869563,28.85978260869565,25.494565217391305,734.4,734.4,999.0,2733782.76,1609.72,328.51,13.356521739130434,33.17065217391304,Q3,748.38,26.84804347826087,-1.8680349555038909,-0.0045652173913062,-0.6333333333333333,La Niña
Capiz,2011,2011Q4,26.467391304347824,28.42934782608696,25.15,789.8,789.8,1074.0,2973711.25,1501.61,298.44,14.889130434782608,34.44130434782608,Q4,661.38,26.570543478260863,19.41697662463333,-0.1031521739130418,-1.0333333333333334,La Niña
Capiz,2012,2012Q1,26.21758241758242,28.16043956043956,24.94065934065934,540.8,540.8,784.0,3094995.02,1652.51,331.1,17.11868131868132,37.347252747252746,Q1,286.51,26.259949938949937,88.75431922096959,-0.0423675213675167,-0.7333333333333334,La Niña
Capiz,2012,2012Q2,27.1978021978022,29.17582417582417,25.629670329670333,488.4,488.4,818.0,3170375.5,1740.02,353.33,11.7,28.88131868131868,Q2,438.97,27.586483516483515,11.260450600268811,-0.3886813186813143,-0.2666666666666666,Neutral
Capiz,2012,2012Q3,26.75,28.721739130434784,25.367391304347827,768.5,768.5,1028.0,2853763.37,1615.48,329.72,14.382608695652175,34.9108695652174,Q3,748.38,26.84804347826087,2.688473770009889,-0.0980434782608696,0.3333333333333333,Neutral
Capiz,2012,2012Q4,26.825,28.80652173913043,25.42065217391304,487.5,487.5,733.0,3266800.25,1665.47,337.46,16.27934782608696,35.892391304347825,Q4,661.38,26.570543478260863,-26.290483534428017,0.254456521739133,0.0666666666666666,Neutral
Capiz,2013,2013Q1,26.383333333333333,28.49888888888889,24.89111111111111,237.7,237.7,492.0,3335081.45,1774.47,364.85,18.667777777777776,39.44,Q1,286.51,26.259949938949937,-17.036054587972497,0.1233833943833957,-0.3666666666666667,Neutral
Capiz,2013,2013Q2,27.584615384615383,29.4956043956044,26.11868131868132,553.1,553.1,813.0,3146577.4,1750.48,357.03,10.848351648351647,26.803296703296706,Q2,438.97,27.586483516483515,25.999498826799112,-0.0018681318681323,-0.3666666666666667,Neutral
Capiz,2013,2013Q3,26.757608695652173,28.63586956521739,25.441304347826087,908.9,908.9,1034.0,2637846.03,1513.56,311.94,12.867391304347825,32.53260869565217,Q3,748.38,26.84804347826087,21.44899649910473,-0.0904347826086962,-0.3333333333333333,Neutral
Capiz,2013,2013Q4,26.51304347826087,28.40108695652174,25.207608695652173,588.5,588.5,868.0,3138651.81,1559.93,309.05,14.991304347826087,33.8445652173913,Q4,661.38,26.570543478260863,-11.019383712842844,-0.0574999999999974,-0.2333333333333333,Neutral
Capiz,2014,2014Q1,25.79111111111111,27.904444444444444,24.362222222222226,232.3,232.3,430.0,3268881.92,1765.85,363.49,18.26333333333333,39.02444444444444,Q1,286.51,26.259949938949937,-18.92080555652507,-0.4688388278388267,-0.3999999999999999,Neutral
Capiz,2014,2014Q2,27.704395604395604,29.857142857142858,26.0010989010989,411.2,411.2,750.0,3365170.03,1852.42,378.67,11.073626373626372,26.67912087912088,Q2,438.97,27.586483516483515,-6.326172631387108,0.1179120879120887,0.1333333333333333,Neutral
Capiz,2014,2014Q3,26.97391304347826,28.89782608695652,25.543478260869566,669.8,669.8,1018.0,2873754.08,1634.22,332.39,13.059782608695652,32.45108695652174,Q3,748.38,26.84804347826087,-10.50001336219568,0.1258695652173891,0.1,Neutral
Capiz,2014,2014Q4,26.551086956521736,28.45,25.23369565217392,626.1,626.1,899.0,2986886.28,1509.83,304.74,14.81413043478261,32.13913043478261,Q4,661.38,26.570543478260863,-5.33430100698539,-0.01945652173913,0.6,El Niño
Capiz,2015,2015Q1,26.11111111111111,28.446666666666665,24.53777777777778,93.7,93.7,296.0,3504388.34,1907.64,397.44,18.45777777777778,38.94555555555556,Q1,286.51,26.259949938949937,-67.29608041604132,-0.1488388278388264,0.5,El Niño
Capiz,2015,2015Q2,27.984615384615385,30.301098901098904,26.127472527472527,274.1,274.1,611.0,3542287.88,1933.5,405.83,11.126373626373626,26.28021978021978,Q2,438.97,27.586483516483515,-37.55837528760507,0.3981318681318697,0.9333333333333332,El Niño
Capiz,2015,2015Q3,26.98804347826087,28.844565217391303,25.64782608695652,768.6,768.6,930.0,2965955.98,1660.81,337.69,13.33695652173913,31.85434782608696,Q3,748.38,26.84804347826087,2.701835965685885,0.1400000000000005,1.8666666666666665,El Niño
Capiz,2015,2015Q4,27.09130434782609,29.03804347826087,25.69347826086957,370.3,370.3,728.0,3332308.14,1688.8,343.29,15.701086956521738,34.017391304347825,Q4,661.38,26.570543478260863,-44.01100728779219,0.5207608695652226,2.533333333333333,El Niño
Capiz,2016,2016Q1,27.02747252747253,29.69670329670329,25.1956043956044,63.2,63.2,279.0,3583586.99,1983.96,416.68,17.337362637362638,36.6912087912088,Q1,286.51,26.259949938949937,-77.94143310879201,0.767522588522592,2.066666666666667,El Niño
Capiz,2016,2016Q2,28.364835164835164,30.701098901098906,26.45604395604396,478.5,478.5,662.0,3437111.2,1893.41,400.65,11.213186813186812,26.18131868131868,Q2,438.97,27.586483516483515,9.005171196209316,0.7783516483516486,0.3999999999999999,Neutral
Capiz,2016,2016Q3,27.292391304347827,29.25978260869565,25.93369565217392,769.4,769.4,932.0,2904599.91,1639.4,334.77,13.143478260869566,33.415217391304346,Q3,748.38,26.84804347826087,2.808733531093827,0.4443478260869575,-0.5,La Niña
Capiz,2016,2016Q4,26.73586956521739,28.595652173913045,25.42934782608696,792.8,792.8,1084.0,2740755.77,1441.25,290.25,14.233695652173912,32.53695652173913,Q4,661.38,26.570543478260863,19.870573649036857,0.1653260869565223,-0.6666666666666666,La Niña
Capiz,2017,2017Q1,26.22111111111112,28.986666666666668,24.17333333333333,365.9,365.9,582.0,3193984.0,1690.39,350.49,16.810000000000002,38.74444444444445,Q1,286.51,26.259949938949937,27.70932951729433,-0.0388388278388198,-0.1333333333333333,Neutral
Capiz,2017,2017Q2,27.087912087912088,29.93736263736264,24.68021978021978,541.7,541.7,738.0,3426269.36,1806.3,366.04,11.76043956043956,30.55164835164835,Q2,438.97,27.586483516483515,23.402510422124536,-0.4985714285714273,0.2666666666666666,Neutral
Capiz,2017,2017Q3,26.507608695652173,29.446739130434786,24.20652173913044,760.7,760.7,889.0,2792981.31,1564.63,317.51,11.05108695652174,30.654347826086955,Q3,748.38,26.84804347826087,1.6462225072824033,-0.3404347826086962,-0.1333333333333333,Neutral
Capiz,2017,2017Q4,26.25543478260869,28.92065217391304,24.372826086956525,1025.9,1025.9,1108.0,2601414.4,1341.2,272.43,13.816304347826089,35.493478260869566,Q4,661.38,26.570543478260863,55.115062445190375,-0.3151086956521745,-0.8333333333333334,La Niña
Capiz,2018,2018Q1,26.08,28.927777777777777,23.93777777777778,590.6,590.6,781.0,3168335.61,1650.88,335.25,15.89222222222222,38.21333333333333,Q1,286.51,26.259949938949937,106.1359114865101,-0.1799499389499388,-0.8333333333333334,La Niña
Capiz,2018,2018Q2,27.029670329670328,29.963736263736266,24.505494505494507,475.2,475.2,779.0,3460776.38,1832.45,370.13,12.165934065934064,32.75164835164836,Q2,438.97,27.586483516483515,8.253411394856146,-0.5568131868131871,-0.2333333333333333,Neutral
Capiz,2018,2018Q3,26.51521739130435,29.55,24.11413043478261,795.4,795.4,962.0,2864392.69,1647.66,334.45,11.77391304347826,38.02065217391304,Q3,748.38,26.84804347826087,6.282904406852132,-0.3328260869565191,0.2666666666666666,Neutral
Capiz,2018,2018Q4,26.52173913043478,29.30326086956521,24.37173913043478,625.6,625.6,935.0,3037816.89,1565.65,316.88,14.139130434782608,34.922826086956526,Q4,661.38,26.570543478260863,-5.409900511052643,-0.0488043478260848,0.8333333333333334,El Niño
Capiz,2019,2019Q1,25.994444444444444,29.65111111111111,22.97777777777777,73.1,73.1,283.0,3485050.92,1965.18,410.47,17.666666666666668,41.09111111111111,Q1,286.51,26.259949938949937,-74.48605633311229,-0.2655054945054935,0.6999999999999998,El Niño
Capiz,2019,2019Q2,27.360439560439563,30.55164835164835,24.505494505494507,378.8,378.8,728.0,3499648.88,1882.54,388.31,12.697802197802195,33.52417582417582,Q2,438.97,27.586483516483515,-13.707087044672749,-0.2260439560439522,0.5666666666666667,El Niño
Capiz,2019,2019Q3,26.714130434782607,29.694565217391304,24.27717391304348,590.1,590.1,929.0,2893303.12,1658.72,336.96,12.394565217391303,36.28260869565217,Q3,748.38,26.84804347826087,-21.14968331596248,-0.1339130434782625,0.1999999999999999,Neutral
Capiz,2019,2019Q4,26.414130434782606,29.43804347826088,24.094565217391303,525.8,525.8,904.0,3161011.08,1597.39,323.13,13.498913043478264,34.06086956521739,Q4,661.38,26.570543478260863,-20.499561522876416,-0.1564130434782598,0.4333333333333333,Neutral
Capiz,2020,2020Q1,26.52857142857143,29.84285714285714,23.991208791208788,140.8,140.8,495.0,3513020.59,1900.53,397.91,17.01978021978022,39.84175824175824,Q1,286.51,26.259949938949937,-50.85686363477714,0.2686214896214913,0.4666666666666666,Neutral
Capiz,2020,2020Q2,27.606593406593404,30.654945054945053,24.82857142857143,289.9,289.9,775.0,3447506.84,1867.97,386.26,13.009890109890112,33.0,Q2,438.97,27.586483516483515,-33.95904048112627,0.0201098901098895,-0.0666666666666666,Neutral
Capiz,2020,2020Q3,26.73369565217392,29.695652173913043,24.31086956521739,633.1,633.1,910.0,2895829.43,1633.96,332.63,11.748913043478264,30.332608695652173,Q3,748.38,26.84804347826087,-15.40393917528528,-0.1143478260869521,-0.6333333333333333,La Niña
Capiz,2020,2020Q4,26.39782608695652,29.07282608695652,24.471739130434784,852.8,852.8,1214.0,2745841.71,1392.73,280.27,13.804347826086955,34.59347826086957,Q4,661.38,26.570543478260863,28.942514137107256,-0.1727173913043458,-1.2333333333333334,La Niña
Capiz,2021,2021Q1,26.092222222222222,28.97888888888889,23.86777777777778,463.1,463.1,845.0,3112519.23,1625.95,330.35,15.493333333333334,36.81222222222222,Q1,286.51,26.259949938949937,61.63484695124081,-0.1677277167277147,-0.9,La Niña
Capiz,2021,2021Q2,27.026373626373623,29.91318681318681,24.571428571428573,458.3,458.3,894.0,3316134.24,1751.41,357.25,12.642857142857142,32.30659340659341,Q2,438.97,27.586483516483515,4.403489987926291,-0.5601098901098922,-0.5333333333333333,La Niña
Capiz,2021,2021Q3,26.76630434782609,29.84891304347826,24.377173913043475,671.0,671.0,944.0,2979902.27,1659.93,338.07,11.955434782608696,32.518478260869564,Q3,748.38,26.84804347826087,-10.339667014083751,-0.0817391304347801,-0.5333333333333333,La Niña
Capiz,2021,2021Q4,26.30434782608696,29.417391304347827,24.00434782608696,1170.0,1170.0,1047.0,2722354.31,1481.36,303.55,14.896739130434783,35.26413043478261,Q4,661.38,26.570543478260863,76.90283951737277,-0.2661956521739057,-0.9333333333333332,La Niña
Capiz,2022,2022Q1,26.34888888888889,29.442222222222224,23.92888888888889,397.8,397.8,627.0,3157230.45,1758.8,360.85,16.15,36.47666666666667,Q1,286.51,26.259949938949937,38.84332135004014,0.088938949938953,-0.9666666666666668,La Niña
Capiz,2022,2022Q2,26.74285714285714,29.857142857142858,24.05934065934066,549.0,549.0,771.0,3242529.52,1828.16,367.92,12.71978021978022,30.325274725274724,Q2,438.97,27.586483516483515,25.06549422511789,-0.8436263736263747,-1.0,La Niña
Capiz,2022,2022Q3,26.36521739130435,29.491304347826084,23.904347826086955,887.0,887.0,946.0,2801040.35,1638.19,330.9,11.215217391304348,27.4,Q3,748.38,26.84804347826087,18.52267564606216,-0.4828260869565213,-0.9,La Niña
Capiz,2022,2022Q4,26.290217391304346,29.23913043478261,24.092391304347824,815.2,815.2,1018.0,2765556.13,1463.88,296.81,13.795652173913044,32.25978260869565,Q4,661.38,26.570543478260863,23.25743143124982,-0.2803260869565207,-0.9,La Niña
Capiz,2023,2023Q1,26.167777777777776,29.35,23.74888888888889,400.6,400.6,647.0,3034662.89,1741.59,360.45,16.533333333333335,36.74111111111111,Q1,286.51,26.259949938949937,39.82059963003038,-0.0921721611721615,-0.3999999999999999,Neutral
Capiz,2023,2023Q2,26.94945054945055,30.3043956043956,24.225274725274726,731.8,731.8,777.0,3211925.55,1807.07,369.7,11.52967032967033,28.864835164835164,Q2,438.97,27.586483516483515,66.70843110007517,-0.6370329670329653,0.5,El Niño
Capiz,2023,2023Q3,26.62173913043478,30.02717391304348,23.90217391304348,732.9,732.9,830.0,3052440.85,1722.94,350.61,12.118478260869566,30.196739130434786,Q3,748.38,26.84804347826087,-2.068467890643793,-0.2263043478260904,1.3333333333333333,El Niño
Capiz,2023,2023Q4,26.792391304347827,30.26521739130435,24.10869565217392,554.3,554.3,770.0,3311620.15,1735.36,352.98,13.969565217391304,33.06630434782608,Q4,661.38,26.570543478260863,-16.19038979104298,0.2218478260869609,1.9,El Niño
Capiz,2024,2024Q1,24.4989010989011,28.973626373626374,20.883516483516484,340.3,340.3,650.0,3207786.61,1629.26,338.23,14.15824175824176,27.03406593406593,Q1,286.51,26.259949938949937,18.774213814526554,-1.7610488400488364,1.4666666666666668,El Niño
Capiz,2024,2024Q2,28.636263736263736,34.41098901098901,24.47582417582418,685.1,685.1,558.0,3565038.82,2131.95,479.17,14.107692307692307,29.77142857142857,Q2,438.97,27.586483516483515,56.06989088092582,1.0497802197802208,0.4333333333333333,Neutral
Capiz,2024,2024Q3,27.120652173913044,31.78152173913044,24.214130434782607,1315.6,1315.6,918.0,2855641.28,1773.33,373.28,11.894565217391303,26.502173913043475,Q3,748.38,26.84804347826087,75.79304631337021,0.272608695652174,-0.1,Neutral
Capiz,2024,2024Q4,25.54888888888889,29.2,23.124175824175826,1105.7,1105.7,980.0,2362971.15,1207.17,260.61,16.107692307692307,32.080219780219785,Q4,661.38,26.570543478260863,67.180743294324,-1.0216545893719768,-0.3999999999999999,Neutral
Capiz,2025,2025Q1,23.89101123595506,27.44,21.34111111111111,631.4,631.4,812.0,2355641.22,1321.59,270.59,14.953333333333331,29.11777777777778,Q1,286.51,26.259949938949937,120.37625213779624,-2.3689387029948783,-0.3999999999999999,Neutral
Capiz,2025,2025Q2,27.94065934065934,31.72967032967033,24.905494505494502,293.5,20.6,580.0,2978870.31,1773.36,382.43,12.72087912087912,29.27032967032967,Q2,438.97,27.586483516483515,-33.138938879650084,0.3541758241758259,-0.1,Neutral
Capiz,2025,2025Q3,26.60760869565217,30.28804347826087,23.85,494.4,73.4,666.0,2452102.6,1529.42,319.29,10.64891304347826,29.23260869565217,Q3,748.38,26.84804347826087,-33.93730457788824,-0.2404347826086983,-0.3,Neutral
Capiz,2025,2025Q4,26.483606557377048,29.68032786885246,24.262295081967213,408.0,96.6,503.0,1583194.98,907.55,186.68,11.521311475409837,30.20819672131148,Q4,661.38,26.570543478260863,-38.31080468112129,-0.0869369208838186,-0.6,La Niña
Cavite,2010,2010Q1,26.69537037037037,30.72,23.748148148148147,152.3,152.3,375.0,20481442.95,10214.92,2455.62,20.020925925925926,36.87611111111111,Q1,603.9,26.083366910866907,-74.7805928133797,0.6120034595034625,1.1666666666666667,El Niño
Cavite,2010,2010Q2,29.097985347985347,33.10311355311355,26.165201465201463,1645.8,1645.8,2279.0,21951555.91,12023.11,2794.12,14.9,29.65018315018315,Q2,2208.85,28.70659340659341,-25.49063992575321,0.3913919413919409,-0.1666666666666666,Neutral
Cavite,2010,2010Q3,27.418478260869566,30.45036231884057,25.38115942028985,4350.6,4350.6,5310.0,18252378.85,9765.51,2049.77,13.527898550724638,28.285326086956523,Q3,5999.15,27.03155797101449,-27.479726294558382,0.3869202898550767,-1.3,La Niña
Cavite,2010,2010Q4,26.60271739130435,29.325543478260872,24.78007246376812,1869.3,1869.3,3125.0,17531078.9,7968.06,1723.05,16.27844202898551,33.29384057971015,Q4,2395.6,26.73516304347826,-21.969443980631155,-0.1324456521739101,-1.6000000000000003,La Niña
Cavite,2011,2011Q1,25.570740740740742,28.682222222222222,23.465,657.8000000000001,657.8000000000001,1032.0,19065089.89,8852.26,2118.66,22.686481481481483,41.727777777777774,Q1,603.9,26.083366910866907,8.92531876138435,-0.5126261701261647,-1.1666666666666667,La Niña
Cavite,2011,2011Q2,27.72875457875458,31.17765567765568,25.16941391941392,3243.7,3243.7,3485.0,19314277.99,10528.08,2394.92,16.147252747252747,32.59084249084249,Q2,2208.85,28.70659340659341,46.85017090341128,-0.977838827838827,-0.5666666666666667,La Niña
Cavite,2011,2011Q3,26.757789855072463,29.190217391304348,25.08405797101449,5624.1,5624.1,8045.0,16642690.2,8951.58,1833.44,18.381521739130434,35.93007246376812,Q3,5999.15,27.03155797101449,-6.251718993524071,-0.2737681159420262,-0.6333333333333333,La Niña
Cavite,2011,2011Q4,26.51865942028985,29.284601449275364,24.582427536231883,2411.4,2411.4,3345.0,17652006.81,8123.88,1748.1,16.356884057971016,33.4393115942029,Q4,2395.6,26.73516304347826,0.6595424945733922,-0.2165036231884087,-1.0333333333333334,La Niña
Cavite,2012,2012Q1,26.32289377289377,29.52124542124542,24.11391941391941,955.4,955.4,1353.0,18453736.35,8941.03,2068.34,19.40824175824176,37.09358974358974,Q1,603.9,26.083366910866907,58.20500082795165,0.2395268620268638,-0.7333333333333334,La Niña
Cavite,2012,2012Q2,28.122710622710624,31.418498168498168,25.651282051282053,2481.4,2481.4,4123.0,20280466.39,10791.15,2393.19,15.655677655677655,31.898168498168506,Q2,2208.85,28.70659340659341,12.338999932091369,-0.5838827838827818,-0.2666666666666666,Neutral
Cavite,2012,2012Q3,26.617391304347827,29.044021739130432,24.99021739130435,7185.1,7185.1,8781.0,15499032.72,8464.34,1750.99,17.515942028985506,35.12010869565217,Q3,5999.15,27.03155797101449,19.76863388980107,-0.414166666666663,0.3333333333333333,Neutral
Cavite,2012,2012Q4,26.9161231884058,30.00561594202898,24.66177536231884,1099.5,1099.5,1634.0,19206292.88,9035.67,2039.26,18.08605072463768,35.17626811594203,Q4,2395.6,26.73516304347826,-54.10335615294707,0.1809601449275391,0.0666666666666666,Neutral
Cavite,2013,2013Q1,26.564814814814813,30.125,24.058703703703703,323.7,323.7,755.0,19636807.15,9655.34,2304.31,20.67851851851852,38.58259259259259,Q1,603.9,26.083366910866907,-46.39841033283656,0.481447903947906,-0.3666666666666667,Neutral
Cavite,2013,2013Q2,28.985347985347985,32.64981684981685,26.275457875457874,2624.1,2624.1,3145.0,20022601.51,11058.91,2549.75,13.571428571428571,28.726373626373626,Q2,2208.85,28.70659340659341,18.799375240509768,0.2787545787545795,-0.3666666666666667,Neutral
Cavite,2013,2013Q3,26.940760869565217,29.58985507246377,25.175,6397.3,6397.3,7358.0,15226670.14,8546.61,1795.58,15.642753623188405,31.97971014492753,Q3,5999.15,27.03155797101449,6.636773542918589,-0.0907971014492723,-0.3333333333333333,Neutral
Cavite,2013,2013Q4,26.529891304347824,29.20996376811594,24.61829710144928,1565.7,1565.7,2343.0,18833126.92,8387.52,1814.86,17.34836956521739,34.078804347826086,Q4,2395.6,26.73516304347826,-34.64267824344631,-0.2052717391304348,-0.2333333333333333,Neutral
Cavite,2014,2014Q1,25.695925925925923,29.43555555555556,22.91333333333333,112.0,112.0,364.0,20241452.43,9834.58,2356.22,20.54555555555556,38.56444444444444,Q1,603.9,26.083366910866907,-81.45388309322735,-0.3874409849409836,-0.3999999999999999,Neutral
Cavite,2014,2014Q2,29.13150183150183,33.05897435897436,26.298168498168497,1744.6,1744.6,2859.0,21434823.25,11419.77,2653.85,14.607692307692307,30.20824175824176,Q2,2208.85,28.70659340659341,-21.01772415510333,0.4249084249084234,0.1333333333333333,Neutral
Cavite,2014,2014Q3,27.07155797101449,29.55090579710145,25.3,6298.1,6298.1,7236.0,16480811.78,9054.88,1893.11,17.554528985507247,34.98315217391305,Q3,5999.15,27.03155797101449,4.983205954176855,0.0399999999999991,0.1,Neutral
Cavite,2014,2014Q4,26.473731884057973,29.167391304347824,24.59184782608696,2284.3,2284.3,2687.0,17943994.35,8129.92,1800.62,17.33496376811594,33.75163043478261,Q4,2395.6,26.73516304347826,-4.646017699115033,-0.2614311594202867,0.6,El Niño
Cavite,2015,2015Q1,25.45592592592593,28.995740740740743,22.79388888888889,462.0,462.0,547.0,19949412.64,9756.18,2267.44,19.9075925925926,36.94259259259259,Q1,603.9,26.083366910866907,-23.49726775956284,-0.6274409849409786,0.5,El Niño
Cavite,2015,2015Q2,29.18791208791209,33.22600732600733,26.19102564102564,878.3,878.3,1936.0,22454967.0,12131.43,2841.97,14.593589743589744,30.014285714285712,Q2,2208.85,28.70659340659341,-60.23722751658103,0.4813186813186831,0.9333333333333332,El Niño
Cavite,2015,2015Q3,27.55525362318841,30.402355072463767,25.56865942028985,3880.5,3880.5,6724.0,18878764.92,9903.33,2102.96,16.050362318840577,32.37355072463768,Q3,5999.15,27.03155797101449,-35.315836410158106,0.5236956521739202,1.8666666666666665,El Niño
Cavite,2015,2015Q4,27.190942028985507,30.22626811594203,24.973007246376813,2995.2,2995.2,2096.0,18948042.38,8894.29,2042.2,19.524818840579712,37.91829710144928,Q4,2395.6,26.73516304347826,25.029220237101352,0.4557789855072478,2.533333333333333,El Niño
Cavite,2016,2016Q1,26.66355311355312,30.128754578754577,24.10989010989011,329.0,329.0,908.0,19916921.49,9615.63,2250.48,18.6529304029304,34.63699633699633,Q1,603.9,26.083366910866907,-45.52078158635536,0.5801862026862104,2.066666666666667,El Niño
Cavite,2016,2016Q2,29.31978021978022,33.138461538461534,26.57216117216117,1673.0,1673.0,2846.0,21559838.17,11620.73,2744.28,14.726007326007323,29.80457875457876,Q2,2208.85,28.70659340659341,-24.259229916019645,0.6131868131868146,0.3999999999999999,Neutral
Cavite,2016,2016Q3,27.45,30.08532608695652,25.695289855072463,5354.2,5354.2,7551.0,17064894.28,9293.92,1944.44,16.852173913043476,33.90615942028985,Q3,5999.15,27.03155797101449,-10.750689681038144,0.4184420289855097,-0.5,La Niña
Cavite,2016,2016Q4,26.913586956521737,29.53242753623188,25.096195652173915,3557.5,3557.5,3510.0,16807828.88,7853.4,1745.51,18.167391304347824,35.54547101449275,Q4,2395.6,26.73516304347826,48.50141926865921,0.1784239130434777,-0.6666666666666666,La Niña
Cavite,2017,2017Q1,25.764814814814816,28.71,23.622037037037035,1225.5,1225.5,1720.0,19275901.94,9970.34,2287.25,23.23481481481481,43.82203703703704,Q1,603.9,26.083366910866907,102.93094883258816,-0.3185520960520911,-0.1333333333333333,Neutral
Cavite,2017,2017Q2,28.364835164835167,31.76117216117216,25.81117216117216,2591.2,2591.2,3324.0,21824249.22,11974.97,2709.9,17.573626373626375,35.15164835164835,Q2,2208.85,28.70659340659341,17.30991239785408,-0.3417582417582387,0.2666666666666666,Neutral
Cavite,2017,2017Q3,27.07717391304348,29.72536231884058,25.20833333333333,6337.3,6337.3,6734.0,17167121.75,9675.41,2005.36,17.098188405797103,34.96974637681159,Q3,5999.15,27.03155797101449,5.636631856179635,0.0456159420289914,-0.1333333333333333,Neutral
Cavite,2017,2017Q4,26.52300724637681,28.91503623188406,24.802173913043475,3501.8,3501.8,4659.0,17538775.2,8403.05,1806.32,19.16992753623188,40.09166666666666,Q4,2395.6,26.73516304347826,46.176323259308745,-0.2121557971014489,-0.8333333333333334,La Niña
Cavite,2018,2018Q1,26.064814814814813,29.02074074074074,23.802407407407404,1642.2,1642.2,1801.0,19345031.35,9924.47,2258.78,21.20685185185185,40.299814814814816,Q1,603.9,26.083366910866907,171.93243914555393,-0.0185520960520939,-0.8333333333333334,La Niña
Cavite,2018,2018Q2,28.36923076923077,31.62326007326007,25.867399267399268,2519.7,2519.7,3328.0,21132724.27,11613.2,2716.77,20.47307692307692,39.62142857142857,Q2,2208.85,28.70659340659341,14.072933879620614,-0.3373626373626344,-0.2333333333333333,Neutral
Cavite,2018,2018Q3,26.54492753623188,28.82155797101449,24.87119565217392,7104.0,7104.0,8718.0,15398265.83,8885.5,1828.73,20.535326086956523,40.20561594202898,Q3,5999.15,27.03155797101449,18.41677570989224,-0.486630434782608,0.2666666666666666,Neutral
Cavite,2018,2018Q4,26.84945652173913,29.682789855072468,24.695289855072463,2641.6,2641.6,3645.0,19145459.44,9592.88,2147.12,19.590217391304343,39.53079710144928,Q4,2395.6,26.73516304347826,10.268826181332445,0.1142934782608691,0.8333333333333334,El Niño
Cavite,2019,2019Q1,26.03481481481481,29.523888888888887,23.305925925925926,179.1,179.1,1092.0,20800316.0,11082.97,2596.57,24.47351851851852,45.74777777777778,Q1,603.9,26.083366910866907,-70.34277198211623,-0.0485520960520986,0.6999999999999998,El Niño
Cavite,2019,2019Q2,28.757875457875457,32.375091575091574,26.046520146520145,2686.7,2686.7,4197.0,21305578.73,11921.33,2781.28,19.15311355311356,37.696336996337,Q2,2208.85,28.70659340659341,21.63342915997012,0.0512820512820511,0.5666666666666667,El Niño
Cavite,2019,2019Q3,26.8822463768116,29.18550724637681,25.18586956521739,7460.3,7460.3,8318.0,15465128.68,9032.96,1899.37,21.10217391304348,40.69420289855073,Q3,5999.15,27.03155797101449,24.355950426310404,-0.1493115942028922,0.1999999999999999,Neutral
Cavite,2019,2019Q4,26.833514492753626,29.70217391304348,24.617934782608696,2029.7,2029.7,3527.0,19292221.52,9577.66,2085.83,18.36865942028985,37.62789855072464,Q4,2395.6,26.73516304347826,-15.273835364835527,0.0983514492753663,0.4333333333333333,Neutral
Cavite,2020,2020Q1,26.497252747252748,30.099633699633703,23.842857142857145,397.7,397.7,1521.0,20883634.95,10995.3,2617.27,23.86813186813187,45.27326007326008,Q1,603.9,26.083366910866907,-34.144725948004634,0.4138858363858411,0.4666666666666666,Neutral
Cavite,2020,2020Q2,28.901831501831506,32.693772893772895,26.057875457875458,3096.0,3096.0,3806.0,21763052.32,12077.41,2856.22,18.92893772893773,37.8,Q2,2208.85,28.70659340659341,40.16343346085067,0.1952380952380998,-0.0666666666666666,Neutral
Cavite,2020,2020Q3,27.526811594202897,30.344746376811592,25.304528985507247,5374.7,5374.7,5836.0,18134922.94,10364.36,2183.13,14.876449275362315,30.81032608695652,Q3,5999.15,27.03155797101449,-10.408974604735668,0.4952536231884075,-0.6333333333333333,La Niña
Cavite,2020,2020Q4,26.610869565217392,29.119746376811595,24.745652173913044,6598.4,6598.4,5838.0,16236189.17,8218.52,1751.64,19.194565217391304,39.8554347826087,Q4,2395.6,26.73516304347826,175.43830355652025,-0.1242934782608671,-1.2333333333333334,La Niña
Cavite,2021,2021Q1,25.97111111111111,28.86092592592593,23.786481481481484,1483.1,1483.1,3159.0,18460225.92,9680.91,2131.65,19.83833333333333,38.73092592592593,Q1,603.9,26.083366910866907,145.58701771816524,-0.1122557997557969,-0.9,La Niña
Cavite,2021,2021Q2,28.545238095238098,32.3474358974359,25.65750915750916,2222.2,2222.2,3343.0,21884017.8,12155.96,2862.15,20.812454212454213,40.679853479853485,Q2,2208.85,28.70659340659341,0.6043868981596718,-0.1613553113553081,-0.5333333333333333,La Niña
Cavite,2021,2021Q3,27.275,29.95507246376812,25.33677536231884,6247.7,6247.7,7658.0,17336252.02,9796.89,2062.49,19.06123188405797,38.34547101449275,Q3,5999.15,27.03155797101449,4.143086937316124,0.243442028985509,-0.5333333333333333,La Niña
Cavite,2021,2021Q4,26.88786231884058,29.82481884057971,24.740579710144925,2276.7,2276.7,3757.0,17282270.21,9015.34,2050.0,20.08605072463768,38.13405797101449,Q4,2395.6,26.73516304347826,-4.963265987644018,0.1526992753623197,-0.9333333333333332,La Niña
Cavite,2022,2022Q1,27.02462962962963,30.91111111111111,24.280185185185186,586.7,586.7,1517.0,19899031.61,10649.65,2605.81,23.805185185185184,43.81666666666667,Q1,603.9,26.083366910866907,-2.848153667825788,0.9412627187627224,-0.9666666666666668,La Niña
Cavite,2022,2022Q2,28.13864468864469,32.035164835164835,25.283882783882785,3649.9,3649.9,4061.0,20053906.14,11604.18,2691.76,18.42014652014652,35.73150183150183,Q2,2208.85,28.70659340659341,65.23983068112366,-0.5679487179487168,-1.0,La Niña
Cavite,2022,2022Q3,26.87608695652174,29.85471014492753,24.72735507246377,7152.1,7152.1,6617.0,16230124.64,9995.51,2071.89,17.296014492753624,32.739311594202896,Q3,5999.15,27.03155797101449,19.218555962094644,-0.1554710144927504,-0.9,La Niña
Cavite,2022,2022Q4,26.72844202898551,29.473731884057973,24.63115942028985,3954.2,3954.2,3975.0,18168839.07,9280.22,2003.37,19.025905797101448,35.78478260869565,Q4,2395.6,26.73516304347826,65.06094506595424,-0.0067210144927507,-0.9,La Niña
Cavite,2023,2023Q1,26.254444444444445,29.806296296296296,23.65185185185185,1157.1,1157.1,1785.0,19352226.16,10506.36,2486.63,22.85351851851852,42.16851851851852,Q1,603.9,26.083366910866907,91.60457029309488,0.171077533577538,-0.3999999999999999,Neutral
Cavite,2023,2023Q2,28.27692307692308,32.08113553113553,25.375091575091574,3503.3,3503.3,4021.0,21043197.1,11965.48,2723.02,19.58333333333333,37.00238095238095,Q2,2208.85,28.70659340659341,58.60289290807435,-0.4296703296703263,0.5,El Niño
Cavite,2023,2023Q3,27.62663043478261,30.60507246376812,25.357789855072465,4884.3,4884.3,6312.0,18707373.54,10963.39,2345.56,21.683333333333334,41.03025362318841,Q3,5999.15,27.03155797101449,-18.583465991015384,0.5950724637681191,1.3333333333333333,El Niño
Cavite,2023,2023Q4,27.46014492753623,30.565217391304348,25.11413043478261,1730.8,1730.8,3402.0,19019488.34,9625.1,2202.39,20.37228260869565,39.31358695652174,Q4,2395.6,26.73516304347826,-27.75087660711304,0.7249818840579714,1.9,El Niño
Cavite,2024,2024Q1,27.05860805860806,30.982051282051284,24.27930402930403,366.2,366.2,1145.0,20852602.25,11150.56,2825.49,25.57985347985348,48.15622710622711,Q1,603.9,26.083366910866907,-39.36082132803444,0.9752411477411512,1.4666666666666668,El Niño
Cavite,2024,2024Q2,29.3985347985348,33.47271062271062,26.402564102564103,3122.0,3122.0,3008.0,21717273.74,12702.66,3102.4,20.52728937728937,39.53113553113553,Q2,2208.85,28.70659340659341,41.340516558390114,0.6919413919413948,0.4333333333333333,Neutral
Cavite,2024,2024Q3,27.35054347826087,30.206340579710147,25.22192028985508,6234.0,6234.0,6708.0,17048829.05,10311.55,2163.0,18.74347826086957,36.14945652173913,Q3,5999.15,27.03155797101449,3.9147212521773977,0.3189855072463814,-0.1,Neutral
Cavite,2024,2024Q4,27.180925925925926,29.956227106227107,25.00897435897436,2857.9,2857.9,4086.0,17099946.3,8876.98,1965.92,18.17710622710623,37.41593406593406,Q4,2395.6,26.73516304347826,19.297879445650366,0.4457628824476671,-0.3999999999999999,Neutral
Cavite,2025,2025Q1,26.84026217228465,30.127592592592592,24.558703703703703,1043.2,1043.2,2515.0,18688107.92,9968.22,2355.82,21.142962962962965,43.89907407407407,Q1,603.9,26.083366910866907,72.74383176022522,0.7568952614177427,-0.3999999999999999,Neutral
Cavite,2025,2025Q2,29.363736263736264,33.434615384615384,26.423443223443225,2999.4,17.9,3083.0,19475228.04,12013.02,2825.37,16.86868131868132,30.55494505494505,Q2,2208.85,28.70659340659341,35.79011702922336,0.6571428571428584,-0.1,Neutral
Cavite,2025,2025Q3,27.651992753623187,28.831340579710144,26.70326086956522,8971.4,540.6,7537.0,13935902.87,9168.56,1946.29,19.815942028985507,31.84710144927536,Q3,5999.15,27.03155797101449,49.54451880683097,0.6204347826086973,-0.3,Neutral
Cavite,2025,2025Q4,27.80027322404372,29.541256830601093,26.519398907103827,2312.4,294.9,2881.0,10659771.7,5921.4800000000005,1263.08,16.53688524590164,30.31530054644809,Q4,2395.6,26.73516304347826,-3.4730338954750297,1.0651101805654584,-0.6,La Niña
Cebu,2010,2010Q1,27.21031746031746,30.04873015873016,24.896031746031746,1306.8,1306.8,2778.0,23365496.66,12488.48,2699.75,18.12,36.86507936507937,Q1,3479.79,26.707971568114424,-62.44600967299751,0.502345892203035,1.1666666666666667,El Niño
Cebu,2010,2010Q2,28.955416012558867,32.207849293563584,26.24709576138148,2730.8,2730.8,3689.0,25320508.81,14312.27,3151.49,12.670800627943484,29.024175824175828,Q2,3948.15,28.20230769230769,-30.83342831452705,0.7531083202511759,-0.1666666666666666,Neutral
Cebu,2010,2010Q3,27.76102484472049,30.71754658385093,25.40326086956522,5875.8,5875.8,6511.0,22324640.11,12657.64,2651.29,10.761180124223602,24.90248447204969,Q3,4661.11,27.59189440993789,26.06010156379061,0.1691304347826054,-1.3,La Niña
Cebu,2010,2010Q4,27.195652173913043,29.9664596273292,25.11024844720497,5864.0,5864.0,6947.0,21820335.72,10800.79,2248.56,12.75667701863354,28.610093167701866,Q4,4904.33,27.219503105590064,19.567810485835988,-0.0238509316770212,-1.6000000000000003,La Niña
Cebu,2011,2011Q1,26.390158730158728,28.775079365079364,24.66111111111111,7170.0,7170.0,6933.0,18227570.85,10044.0,2119.58,18.435396825396825,37.72714285714285,Q1,3479.79,26.707971568114424,106.04691662427904,-0.3178128379556959,-1.1666666666666667,La Niña
Cebu,2011,2011Q2,27.52668759811617,30.183202511773946,25.442072213500783,4806.2,4806.2,5791.0,21594946.7,12175.05,2550.08,13.884772370486656,30.19246467817896,Q2,3948.15,28.20230769230769,21.73296353988576,-0.6756200941915225,-0.5666666666666667,La Niña
Cebu,2011,2011Q3,27.55947204968944,30.305279503105588,25.50869565217392,4324.9,4324.9,5397.0,21707518.77,12218.72,2596.64,14.820186335403728,34.11024844720497,Q3,4661.11,27.59189440993789,-7.213088727792308,-0.0324223602484465,-0.6333333333333333,La Niña
Cebu,2011,2011Q4,27.279658385093164,29.90636645962733,25.26428571428572,5792.7,5792.7,6314.0,21659703.69,10987.44,2286.4,14.199844720496896,31.8388198757764,Q4,4904.33,27.219503105590064,18.11399314483324,0.0601552795030997,-1.0333333333333334,La Niña
Cebu,2012,2012Q1,26.886028257456832,29.456671899529045,24.953689167974883,4552.8,4552.8,5404.0,22173951.73,11716.48,2422.12,16.57613814756672,35.53563579277865,Q1,3479.79,26.707971568114424,30.835481451466904,0.1780566893424087,-0.7333333333333334,La Niña
Cebu,2012,2012Q2,27.94348508634223,30.757927786499213,25.67912087912088,3377.5,3377.5,4605.0,23903396.07,13463.08,2820.66,12.83171114599686,29.228100470957614,Q2,3948.15,28.20230769230769,-14.453604852905794,-0.258822605965463,-0.2666666666666666,Neutral
Cebu,2012,2012Q3,27.551242236024844,30.22360248447205,25.5472049689441,3978.6,3978.6,5423.0,21099466.94,12128.39,2587.81,15.729813664596271,35.20248447204969,Q3,4661.11,27.59189440993789,-14.642649497651844,-0.0406521739130418,0.3333333333333333,Neutral
Cebu,2012,2012Q4,27.364751552795035,29.95465838509317,25.331677018633545,3268.3,3268.3,4814.0,22258867.84,11446.85,2417.36,16.44254658385093,35.86304347826087,Q4,4904.33,27.219503105590064,-33.358888981777326,0.1452484472049704,0.0666666666666666,Neutral
Cebu,2013,2013Q1,26.99222222222222,29.46063492063492,25.04920634920635,4249.6,4249.6,4585.0,21085370.01,11417.36,2421.79,18.5631746031746,36.94396825396826,Q1,3479.79,26.707971568114424,22.12231197859642,0.2842506541077974,-0.3666666666666667,Neutral
Cebu,2013,2013Q2,28.42213500784929,31.378335949764523,26.00847723704867,4709.4,4709.4,5266.0,22845928.51,13092.95,2817.48,11.64160125588697,26.68477237048666,Q2,3948.15,28.20230769230769,19.28118232589945,0.2198273155416004,-0.3666666666666667,Neutral
Cebu,2013,2013Q3,27.560714285714283,30.313198757763978,25.490683229813666,5050.1,5050.1,6314.0,20743389.95,11661.43,2495.82,14.078881987577638,31.60434782608696,Q3,4661.11,27.59189440993789,8.345437031093468,-0.0311801242236029,-0.3333333333333333,Neutral
Cebu,2013,2013Q4,27.286024844720497,29.87329192546584,25.299844720496896,4196.1,4196.1,5434.0,22156420.4,11060.67,2316.54,15.652484472049691,34.04860248447205,Q4,4904.33,27.219503105590064,-14.440912418210022,0.0665217391304331,-0.2333333333333333,Neutral
Cebu,2014,2014Q1,26.26507936507937,28.658412698412697,24.34936507936508,4168.0,4168.0,4631.0,20308430.04,11145.59,2390.83,20.666349206349206,40.3915873015873,Q1,3479.79,26.707971568114424,19.777342885633907,-0.4428922030350541,-0.3999999999999999,Neutral
Cebu,2014,2014Q2,28.17394034536892,31.04191522762952,25.76169544740973,5048.2,5048.2,5136.0,22866320.54,13078.16,2759.15,12.513500784929358,27.930141287284144,Q2,3948.15,28.20230769230769,27.862416574851505,-0.0283673469387721,0.1333333333333333,Neutral
Cebu,2014,2014Q3,27.46475155279503,30.10729813664596,25.381521739130434,4804.5,4804.5,6193.0,19717988.63,11413.14,2435.66,14.483695652173912,32.417391304347824,Q3,4661.11,27.59189440993789,3.076305858475778,-0.1271428571428572,0.1,Neutral
Cebu,2014,2014Q4,27.20186335403727,29.70248447204969,25.201552795031056,5525.0,5525.0,6126.0,21037185.57,10631.69,2249.64,16.208229813664598,34.00186335403727,Q4,4904.33,27.219503105590064,12.655551318936531,-0.0176397515527959,0.6,El Niño
Cebu,2015,2015Q1,26.852857142857143,29.670952380952382,24.54142857142857,970.3,970.3,2511.0,23417992.69,12575.17,2738.6,18.405238095238094,36.47904761904762,Q1,3479.79,26.707971568114424,-72.1161334448343,0.1448855747427195,0.5,El Niño
Cebu,2015,2015Q2,28.68854003139717,31.739089481946625,26.006279434850864,2770.9,2770.9,4313.0,24028642.58,13625.54,2986.0,12.11883830455259,27.36232339089482,Q2,3948.15,28.20230769230769,-29.817762749642235,0.4862323390894794,0.9333333333333332,El Niño
Cebu,2015,2015Q3,27.79021739130435,30.465683229813667,25.64937888198758,4174.7,4174.7,5498.0,22836238.78,12374.76,2649.0,14.814751552795032,32.86086956521739,Q3,4661.11,27.59189440993789,-10.435497124075594,0.1983229813664628,1.8666666666666665,El Niño
Cebu,2015,2015Q4,27.64673913043478,30.195962732919256,25.528726708074533,2888.9,2888.9,4166.0,23182488.08,11705.47,2495.91,16.04114906832298,34.44891304347826,Q4,4904.33,27.219503105590064,-41.094910008094885,0.4272360248447171,2.533333333333333,El Niño
Cebu,2016,2016Q1,27.768131868131867,30.843642072213505,25.106593406593404,829.5,829.5,2214.0,24788072.07,13507.49,2972.27,17.17817896389325,35.9552590266876,Q1,3479.79,26.707971568114424,-76.16235462484805,1.0601603000174435,2.066666666666667,El Niño
Cebu,2016,2016Q2,29.017896389324964,32.26216640502355,26.29309262166405,4621.6,4621.6,4737.0,24550903.94,13769.3,3082.97,12.546781789638931,28.548979591836737,Q2,3948.15,28.20230769230769,17.057355976849923,0.8155886970172723,0.3999999999999999,Neutral
Cebu,2016,2016Q3,28.02919254658385,30.762267080745342,25.84813664596273,4446.4,4446.4,5646.0,22076607.24,12269.19,2628.85,14.132919254658386,32.28136645962733,Q3,4661.11,27.59189440993789,-4.606413493781526,0.437298136645964,-0.5,La Niña
Cebu,2016,2016Q4,27.356211180124227,29.91816770186336,25.36878881987577,5828.8,5828.8,6554.0,20889300.12,10451.13,2209.07,14.393788819875777,32.37748447204969,Q4,4904.33,27.219503105590064,18.85007738060041,0.1367080745341624,-0.6666666666666666,La Niña
Cebu,2017,2017Q1,26.114126984126987,28.360476190476188,24.33714285714285,5234.7,5234.7,5929.0,19165794.67,10554.03,2203.03,18.36111111111111,41.28269841269841,Q1,3479.79,26.707971568114424,50.4314915555249,-0.5938445839874369,-0.1333333333333333,Neutral
Cebu,2017,2017Q2,27.48304552590267,29.779905808477235,25.594348508634223,5005.6,5005.6,6613.0,23712396.97,12869.6,2598.5,12.21868131868132,30.28273155416012,Q2,3948.15,28.20230769230769,26.78343021415094,-0.71926216640502,0.2666666666666666,Neutral
Cebu,2017,2017Q3,27.151863354037268,29.440683229813665,25.372360248447205,6559.8,6559.8,7270.0,20457321.31,11270.22,2306.59,12.338819875776398,30.90621118012422,Q3,4661.11,27.59189440993789,40.73471769599946,-0.4400310559006186,-0.1333333333333333,Neutral
Cebu,2017,2017Q4,26.8555900621118,28.967391304347824,25.207608695652176,6589.0,6589.0,7459.0,19482136.68,9815.9,2038.52,15.062577639751552,36.71149068322981,Q4,4904.33,27.219503105590064,34.350665636284674,-0.3639130434782629,-0.8333333333333334,La Niña
Cebu,2018,2018Q1,26.45634920634921,28.798571428571424,24.604603174603174,4764.1,4764.1,5571.0,21061622.49,11428.66,2330.86,16.43095238095238,37.94920634920635,Q1,3479.79,26.707971568114424,36.90768695812105,-0.2516223617652144,-0.8333333333333334,La Niña
Cebu,2018,2018Q2,27.679434850863423,30.16342229199372,25.615227629513345,3322.8,3322.8,5771.0,23829065.52,13033.79,2699.99,13.307692307692308,32.61475667189953,Q2,3948.15,28.20230769230769,-15.839063865354658,-0.5228728414442685,-0.2333333333333333,Neutral
Cebu,2018,2018Q3,27.42282608695652,29.790838509316767,25.58214285714286,3584.8,3584.8,6029.0,22106661.98,12049.34,2555.55,16.081677018633542,40.14223602484472,Q3,4661.11,27.59189440993789,-23.091280832248103,-0.1690683229813672,0.2666666666666666,Neutral
Cebu,2018,2018Q4,26.91475155279503,29.246273291925466,25.066304347826087,4767.4,4767.4,7407.0,22043206.09,11235.15,2317.39,15.0194099378882,36.2833850931677,Q4,4904.33,27.219503105590064,-2.792022559656473,-0.3047515527950359,0.8333333333333334,El Niño
Cebu,2019,2019Q1,26.14444444444445,28.752857142857145,23.87396825396825,1552.1,1552.1,3958.0,23341941.37,12884.64,2706.62,18.157619047619047,39.84142857142857,Q1,3479.79,26.707971568114424,-55.39673371094233,-0.5635271236699744,0.6999999999999998,El Niño
Cebu,2019,2019Q2,28.13249607535322,30.86420722135008,25.84992150706437,3088.5,3088.5,5822.0,24757527.66,13650.96,2903.02,13.742229199372057,33.43877551020408,Q2,3948.15,28.20230769230769,-21.77348884920785,-0.0698116169544711,0.5666666666666667,El Niño
Cebu,2019,2019Q3,27.627639751552795,29.99301242236025,25.72468944099379,3811.5,3811.5,6200.0,20617297.28,11879.62,2562.15,16.27003105590062,38.70978260869565,Q3,4661.11,27.59189440993789,-18.22763247380988,0.0357453416149091,0.1999999999999999,Neutral
Cebu,2019,2019Q4,27.09378881987578,29.568012422360248,25.1526397515528,4323.1,4323.1,7182.0,22328635.48,11224.7,2332.68,14.288819875776396,34.78509316770186,Q4,4904.33,27.219503105590064,-11.851363998752111,-0.1257142857142845,0.4333333333333333,Neutral
Cebu,2020,2020Q1,26.832496075353216,29.520408163265305,24.58634222919937,2065.9,2065.9,5178.0,24150034.55,13042.82,2777.5,17.516326530612243,39.42244897959184,Q1,3479.79,26.707971568114424,-40.63147488785243,0.1245245072387923,0.4666666666666666,Neutral
Cebu,2020,2020Q2,28.174725274725272,30.981632653061222,25.82558869701727,3620.0,3620.0,6063.0,23594052.17,13333.78,2876.87,14.01302982731554,33.52244897959184,Q2,3948.15,28.20230769230769,-8.311487658776898,-0.027582417582419,-0.0666666666666666,Neutral
Cebu,2020,2020Q3,27.408695652173915,29.80652173913044,25.44037267080745,5831.3,5831.3,7708.0,21587306.89,11990.58,2451.43,11.993478260869566,29.857142857142858,Q3,4661.11,27.59189440993789,25.10539335051094,-0.1831987577639715,-0.6333333333333333,La Niña
Cebu,2020,2020Q4,26.95590062111801,29.182298136645965,25.286801242236027,6328.1,6328.1,8621.0,19817250.39,10138.65,2068.37,13.997360248447205,33.96816770186335,Q4,4904.33,27.219503105590064,29.030876796626664,-0.2636024844720559,-1.2333333333333334,La Niña
Cebu,2021,2021Q1,26.41206349206349,28.618253968253967,24.66031746031746,5266.8,5266.8,7881.0,20026250.71,10960.33,2232.29,15.77777777777778,37.04571428571428,Q1,3479.79,26.707971568114424,51.35396101488884,-0.2959080760509351,-0.9,La Niña
Cebu,2021,2021Q2,27.445368916797488,29.83343799058085,25.43485086342229,5493.8,5493.8,7286.0,22604736.25,12465.42,2568.03,13.120094191522764,32.61350078492936,Q2,3948.15,28.20230769230769,39.148715221052896,-0.7569387755102035,-0.5333333333333333,La Niña
Cebu,2021,2021Q3,27.481832298136645,29.77934782608696,25.601863354037263,4843.9,4843.9,7292.0,21969473.69,12098.62,2533.29,13.44503105590062,33.01506211180124,Q3,4661.11,27.59189440993789,3.921598074278444,-0.1100621118012412,-0.5333333333333333,La Niña
Cebu,2021,2021Q4,26.78664596273292,29.16894409937888,24.949378881987577,7195.6,7195.6,8100.0,19574222.12,10484.81,2163.75,16.38478260869565,36.3277950310559,Q4,4904.33,27.219503105590064,46.71932761457733,-0.432857142857145,-0.9333333333333332,La Niña
Cebu,2022,2022Q1,26.40904761904762,28.8084126984127,24.46444444444445,3927.8,3927.8,6054.0,20504856.55,11792.77,2393.6,16.678730158730158,35.65507936507937,Q1,3479.79,26.707971568114424,12.874627491888884,-0.2989239490668041,-0.9666666666666668,La Niña
Cebu,2022,2022Q2,27.13767660910518,29.55494505494505,25.07927786499215,6929.1,6929.1,7067.0,21769773.09,12904.0,2609.96,13.81397174254317,30.46546310832025,Q2,3948.15,28.20230769230769,75.50245051479808,-1.06463108320251,-1.0,La Niña
Cebu,2022,2022Q3,27.24363354037268,29.749534161490683,25.155434782608697,5974.4,5974.4,6804.0,21568450.42,12579.39,2555.59,12.316459627329191,28.175,Q3,4661.11,27.59189440993789,28.17547751501252,-0.3482608695652089,-0.9,La Niña
Cebu,2022,2022Q4,26.84472049689441,29.241304347826087,24.95388198757764,6479.8,6479.8,7846.0,19580743.48,10837.51,2217.2,15.176242236024844,33.47748447204969,Q4,4904.33,27.219503105590064,32.12406179845158,-0.3747826086956536,-0.9,La Niña
Cebu,2023,2023Q1,26.193492063492062,28.624761904761904,24.28968253968254,5977.1,5977.1,6798.0,18850189.23,11058.75,2270.04,17.264920634920635,36.345238095238095,Q1,3479.79,26.707971568114424,71.76611232287007,-0.5144795046223614,-0.3999999999999999,Neutral
Cebu,2023,2023Q2,27.794191522762954,30.49607535321821,25.48414442700157,4444.6,4444.6,5727.0,23353491.21,13471.75,2817.24,13.22072213500785,29.7414442700157,Q2,3948.15,28.20230769230769,12.574243633093989,-0.408116169544737,0.5,El Niño
Cebu,2023,2023Q3,27.70481366459628,30.40916149068323,25.575621118012425,4989.6,4989.6,6076.0,22125841.95,12805.57,2744.49,15.38090062111801,34.14409937888199,Q3,4661.11,27.59189440993789,7.047462943376163,0.1129192546583937,1.3333333333333333,El Niño
Cebu,2023,2023Q4,27.34658385093168,30.05077639751553,25.159316770186336,4283.6,4283.6,6327.0,22399275.78,11914.52,2480.01,14.489285714285716,31.793633540372667,Q4,4904.33,27.219503105590064,-12.656774727638629,0.1270807453416154,1.9,El Niño
Cebu,2024,2024Q1,27.09529042386185,30.14442700156986,24.558084772370485,1088.7,1088.7,3536.0,23785194.69,13285.9,2968.2,19.50141287284144,39.5392464678179,Q1,3479.79,26.707971568114424,-68.71362927073186,0.3873188557474272,1.4666666666666668,El Niño
Cebu,2024,2024Q2,29.04270015698588,32.49795918367347,26.1021978021978,2976.6,2976.6,4282.0,24983343.91,14675.13,3334.54,15.936106750392463,34.38414442700157,Q2,3948.15,28.20230769230769,-24.60772766992136,0.8403924646781853,0.4333333333333333,Neutral
Cebu,2024,2024Q3,27.674223602484474,30.3083850931677,25.636335403726708,6592.1,6592.1,6786.0,21044677.05,12437.08,2622.05,14.35776397515528,31.18633540372671,Q3,4661.11,27.59189440993789,41.427685680020446,0.0823291925465881,-0.1,Neutral
Cebu,2024,2024Q4,27.30619047619048,30.10502354788069,25.16091051805337,5132.5,5132.5,6450.0,20822011.51,10994.66,2341.5,15.66326530612245,33.75039246467818,Q4,4904.33,27.219503105590064,4.652419392659142,0.0866873706004156,-0.3999999999999999,Neutral
Cebu,2025,2025Q1,26.6354735152488,29.41301587301588,24.5384126984127,4774.6,4774.6,6362.0,20794487.25,11564.63,2403.97,16.993968253968255,36.6168253968254,Q1,3479.79,26.707971568114424,37.20942930464196,-0.0724980528656225,-0.3999999999999999,Neutral
Cebu,2025,2025Q2,28.229042386185245,31.82244897959184,25.49701726844584,2120.2,19.4,3790.0,22629031.29,12836.59,2721.98,10.374568288854004,26.62574568288854,Q2,3948.15,28.20230769230769,-46.29889948456873,0.0267346938775538,-0.1,Neutral
Cebu,2025,2025Q3,27.57034161490683,30.910559006211184,25.17313664596273,3353.7,354.2,4589.0,19412966.07,11535.13,2481.79,11.55776397515528,29.813198757763978,Q3,4661.11,27.59189440993789,-28.049327306156684,-0.0215527950310558,-0.3,Neutral
Cebu,2025,2025Q4,27.295550351288057,30.366276346604213,25.153161592505853,3779.7,913.0,4284.0,12586604.34,6741.28,1414.1,9.966510538641684,28.38829039812646,Q4,4904.33,27.219503105590064,-22.93136881082636,0.0760472456979926,-0.6,La Niña
Cotabato,2010,2010Q1,25.842222222222222,30.23777777777778,22.35,627.0,627.0,717.0,3282636.21,1746.84,357.7,5.68,26.256666666666664,Q1,889.3399999999999,25.270391941391942,-29.49827962309127,0.5718302808302802,1.1666666666666667,El Niño
Cotabato,2010,2010Q2,26.525274725274727,30.58681318681319,23.51098901098901,1026.9,1026.9,913.0,3206139.2,1707.72,353.36,5.6098901098901095,22.35164835164835,Q2,1025.29,25.95010989010989,0.157028743087334,0.5751648351648377,-0.1666666666666666,Neutral
Cotabato,2010,2010Q3,25.68369565217392,29.571739130434786,22.968478260869563,1023.0,1023.0,994.0,3031564.7,1631.28,334.02,5.872826086956521,22.290217391304346,Q3,715.1899999999999,25.31836956521739,43.03891273647563,0.3653260869565251,-1.3,La Niña
Cotabato,2010,2010Q4,25.491304347826084,29.36413043478261,22.768478260869564,947.8,947.8,1011.0,3115136.52,1526.59,311.99,5.8489130434782615,23.76521739130435,Q4,936.42,25.32217391304348,1.2152666538518913,0.1691304347826054,-1.6000000000000003,La Niña
Cotabato,2011,2011Q1,24.89777777777778,28.646666666666665,22.30444444444445,1633.1,1633.1,1132.0,2704091.48,1438.13,291.98,5.286666666666667,25.73,Q1,889.3399999999999,25.270391941391942,83.63055749207278,-0.3726141636141626,-1.1666666666666667,La Niña
Cotabato,2011,2011Q2,25.41428571428571,29.029670329670328,23.01318681318681,1246.8,1246.8,1105.0,2715085.98,1482.84,302.94,6.272527472527472,24.43406593406593,Q2,1025.29,25.95010989010989,21.604619180914668,-0.5358241758241782,-0.5666666666666667,La Niña
Cotabato,2011,2011Q3,25.14130434782609,28.73260869565217,22.752173913043475,575.8,575.8,814.0,2907385.05,1563.71,316.08,7.1336956521739125,26.338043478260868,Q3,715.1899999999999,25.31836956521739,-19.48992575399544,-0.1770652173913021,-0.6333333333333333,La Niña
Cotabato,2011,2011Q4,25.30978260869565,28.98369565217392,22.61304347826087,889.6999999999999,889.6999999999999,967.0,2899846.11,1502.56,306.01,5.694565217391304,24.946739130434786,Q4,936.42,25.32217391304348,-4.989214241472858,-0.0123913043478296,-1.0333333333333334,La Niña
Cotabato,2012,2012Q1,25.084615384615383,28.8934065934066,22.1978021978022,1125.3,1125.3,1047.0,2996503.79,1545.54,313.08,5.578021978021979,27.25604395604396,Q1,889.3399999999999,25.270391941391942,26.53203499224144,-0.1857765567765597,-0.7333333333333334,La Niña
Cotabato,2012,2012Q2,25.5978021978022,29.324175824175825,22.98901098901099,893.3,893.3,930.0,3033292.94,1613.76,328.95,6.317582417582417,24.28241758241758,Q2,1025.29,25.95010989010989,-12.873430931736388,-0.35230769230769,-0.2666666666666666,Neutral
Cotabato,2012,2012Q3,25.17826086956521,28.667391304347827,22.780434782608697,678.2,678.2,899.0,2882568.95,1571.99,317.69,7.423913043478261,26.79891304347826,Q3,715.1899999999999,25.31836956521739,-5.172052181937653,-0.1401086956521773,0.3333333333333333,Neutral
Cotabato,2012,2012Q4,25.38586956521739,29.073913043478264,22.64782608695652,1131.4,1131.4,1042.0,3075569.26,1524.42,309.69,5.4739130434782615,27.892391304347825,Q4,936.42,25.32217391304348,20.821853441831657,0.0636956521739122,0.0666666666666666,Neutral
Cotabato,2013,2013Q1,25.25333333333333,29.00111111111111,22.36777777777778,1263.0,1263.0,1103.0,2771171.29,1508.41,307.28,5.381111111111111,26.65,Q1,889.3399999999999,25.270391941391942,42.01542717071088,-0.0170586080586119,-0.3666666666666667,Neutral
Cotabato,2013,2013Q2,25.985714285714284,29.74285714285714,23.323076923076925,1079.9,1079.9,1059.0,2883915.28,1579.0,324.98,6.091208791208791,23.02747252747253,Q2,1025.29,25.95010989010989,5.326297925465004,0.0356043956043947,-0.3666666666666667,Neutral
Cotabato,2013,2013Q3,25.198913043478264,28.72934782608696,22.82934782608696,981.3,981.3,1022.0,2791404.67,1538.63,312.05,6.8489130434782615,25.58695652173913,Q3,715.1899999999999,25.31836956521739,37.20829429941694,-0.1194565217391279,-0.3333333333333333,Neutral
Cotabato,2013,2013Q4,25.20543478260869,28.768478260869564,22.65217391304348,1030.3,1030.3,1095.0,2938416.52,1460.5,296.51,6.242391304347826,27.0858695652174,Q4,936.42,25.32217391304348,10.025415945836256,-0.1167391304347837,-0.2333333333333333,Neutral
Cotabato,2014,2014Q1,25.112222222222226,28.828888888888887,22.147777777777776,1041.2,1041.2,961.0,2874923.74,1535.76,311.54,5.662222222222222,26.196666666666665,Q1,889.3399999999999,25.270391941391942,17.075584141048434,-0.1581697191697166,-0.3999999999999999,Neutral
Cotabato,2014,2014Q2,26.11758241758241,29.864835164835164,23.4989010989011,835.6,835.6,976.0,3050697.35,1630.87,335.08,6.217582417582417,22.41318681318681,Q2,1025.29,25.95010989010989,-18.501107003872068,0.1674725274725226,0.1333333333333333,Neutral
Cotabato,2014,2014Q3,25.344565217391303,28.720652173913045,22.992391304347827,755.0,755.0,875.0,2776426.17,1549.82,314.73,7.38804347826087,25.828260869565216,Q3,715.1899999999999,25.31836956521739,5.566352997105673,0.0261956521739108,0.1,Neutral
Cotabato,2014,2014Q4,25.49673913043478,29.09130434782609,23.01630434782609,812.6,812.6,1001.0,3006630.13,1518.35,309.2,6.644565217391304,25.37608695652174,Q4,936.42,25.32217391304348,-13.222699216163692,0.1745652173913008,0.6,El Niño
Cotabato,2015,2015Q1,25.64555555555556,29.89111111111111,22.254444444444445,549.7,549.7,754.0,3303406.55,1720.17,353.06,6.194444444444445,26.21444444444445,Q1,889.3399999999999,25.270391941391942,-38.1901185148537,0.3751636141636147,0.5,El Niño
Cotabato,2015,2015Q2,26.50879120879121,30.43186813186813,23.81868131868132,847.5,847.5,988.0,3137159.12,1649.69,343.57,6.6000000000000005,22.67142857142857,Q2,1025.29,25.95010989010989,-17.340459772357086,0.5586813186813195,0.9333333333333332,El Niño
Cotabato,2015,2015Q3,25.475,28.797826086956523,23.13804347826087,636.3,636.3,790.0,3027168.75,1582.25,320.48,7.355434782608696,27.86521739130435,Q3,715.1899999999999,25.31836956521739,-11.030635215816776,0.1566304347826097,1.8666666666666665,El Niño
Cotabato,2015,2015Q4,25.77173913043478,29.62173913043478,22.93369565217392,683.7,683.7,831.0,3335978.3,1614.14,328.84,6.123913043478261,25.815217391304348,Q4,936.42,25.32217391304348,-26.98789004933684,0.4495652173913029,2.533333333333333,El Niño
Cotabato,2016,2016Q1,27.06263736263736,32.23516483516484,23.03516483516483,159.9,159.9,385.0,3539335.07,1868.65,397.05,6.789010989010989,26.00989010989011,Q1,889.3399999999999,25.270391941391942,-82.02037465986012,1.7922454212454184,2.066666666666667,El Niño
Cotabato,2016,2016Q2,27.146153846153847,31.405494505494502,24.2956043956044,1037.5,1037.5,942.0,3099073.72,1672.1,353.73,6.208791208791209,23.13296703296703,Q2,1025.29,25.95010989010989,1.190882579562859,1.1960439560439582,0.3999999999999999,Neutral
Cotabato,2016,2016Q3,25.95217391304348,29.52065217391305,23.52717391304348,727.3000000000001,727.3000000000001,857.0,3123205.73,1661.55,339.35,6.772826086956522,26.296739130434784,Q3,715.1899999999999,25.31836956521739,1.6932563374767724,0.6338043478260893,-0.5,La Niña
Cotabato,2016,2016Q4,25.551086956521736,29.10326086956522,23.142391304347825,1306.8,1306.8,1144.0,2737270.27,1403.4,287.84000000000003,5.977173913043478,25.347826086956523,Q4,936.42,25.32217391304348,39.55276478503234,0.2289130434782578,-0.6666666666666666,La Niña
Cotabato,2017,2017Q1,24.53333333333333,27.313333333333333,22.247777777777777,1147.3,1147.3,1065.0,2828890.79,1437.7,284.43,9.276666666666667,25.78666666666667,Q1,889.3399999999999,25.270391941391942,29.005779566869823,-0.7370586080586108,-0.1333333333333333,Neutral
Cotabato,2017,2017Q2,25.236263736263737,28.021978021978025,22.98351648351648,1440.1,1440.1,1247.0,3109584.6,1586.15,314.1,8.176923076923076,22.343956043956045,Q2,1025.29,25.95010989010989,40.457821689473214,-0.713846153846152,0.2666666666666666,Neutral
Cotabato,2017,2017Q3,24.98260869565217,27.838043478260868,22.67826086956521,736.7,736.7,857.0,2864492.63,1541.59,311.55,8.11413043478261,22.10869565217392,Q3,715.1899999999999,25.31836956521739,3.0075923880367603,-0.3357608695652203,-0.1333333333333333,Neutral
Cotabato,2017,2017Q4,24.89130434782609,27.60869565217392,22.691304347826087,762.0,762.0,998.0,2787915.99,1438.91,288.59,9.094565217391304,25.89021739130435,Q4,936.42,25.32217391304348,-18.62625744858077,-0.4308695652173888,-0.8333333333333334,La Niña
Cotabato,2018,2018Q1,24.778888888888886,27.773333333333333,22.167777777777776,769.4,769.4,966.0,3013658.59,1582.45,312.32,9.162222222222224,24.02555555555556,Q1,889.3399999999999,25.270391941391942,-13.48640564913306,-0.4915030525030559,-0.8333333333333334,La Niña
Cotabato,2018,2018Q2,25.383516483516484,28.48901098901099,22.85384615384616,842.3,842.3,1099.0,3157648.32,1695.65,339.09,8.025274725274725,22.071428571428573,Q2,1025.29,25.95010989010989,-17.8476333525149,-0.5665934065934053,-0.2333333333333333,Neutral
Cotabato,2018,2018Q3,25.05326086956521,28.00543478260869,22.63043478260869,475.8,475.8,755.0,3072961.88,1700.44,348.52,9.428260869565218,26.63695652173913,Q3,715.1899999999999,25.31836956521739,-33.4722241642081,-0.2651086956521773,0.2666666666666666,Neutral
Cotabato,2018,2018Q4,24.940217391304348,27.85652173913044,22.43913043478261,843.7,843.7,1260.0,3177416.08,1608.96,316.9,8.693478260869565,22.89891304347826,Q4,936.42,25.32217391304348,-9.901539907306551,-0.3819565217391307,0.8333333333333334,El Niño
Cotabato,2019,2019Q1,24.493333333333336,27.91111111111111,21.46888888888889,577.5,577.5,843.0,3155560.78,1679.55,332.29,10.324444444444444,26.78777777777778,Q1,889.3399999999999,25.270391941391942,-35.06420491600512,-0.7770586080586064,0.6999999999999998,El Niño
Cotabato,2019,2019Q2,25.58571428571429,28.75494505494505,22.92087912087912,1003.0,1003.0,1171.0,3273322.92,1731.22,347.3,8.386813186813187,22.684615384615388,Q2,1025.29,25.95010989010989,-2.174019058022605,-0.3643956043956002,0.5666666666666667,El Niño
Cotabato,2019,2019Q3,25.17391304347826,28.269565217391307,22.52282608695652,562.5,562.5,828.0,3018074.74,1714.82,351.88,8.439130434782609,23.095652173913045,Q3,715.1899999999999,25.31836956521739,-21.34957144255372,-0.14445652173913,0.1999999999999999,Neutral
Cotabato,2019,2019Q4,25.17826086956521,28.25108695652174,22.546739130434784,956.2,956.2,1020.0,3291853.57,1659.42,333.11,8.454347826086956,22.7108695652174,Q4,936.42,25.32217391304348,2.1123000363084907,-0.143913043478264,0.4333333333333333,Neutral
Cotabato,2020,2020Q1,25.201098901098906,28.905494505494502,22.12967032967033,671.1,671.1,970.0,3342454.78,1756.54,353.18,9.85934065934066,24.503296703296705,Q1,889.3399999999999,25.270391941391942,-24.539546180313483,-0.0692930402930365,0.4666666666666666,Neutral
Cotabato,2020,2020Q2,25.77472527472528,29.214285714285715,22.96923076923077,1298.8,1298.8,1266.0,3097023.48,1721.9,349.98,8.615384615384615,22.04945054945055,Q2,1025.29,25.95010989010989,26.67635498249276,-0.1753846153846119,-0.0666666666666666,Neutral
Cotabato,2020,2020Q3,25.18369565217392,28.17717391304348,22.64130434782609,1095.7,1095.7,1221.0,2997973.4,1643.77,327.19,7.41195652173913,21.55869565217392,Q3,715.1899999999999,25.31836956521739,53.20404368070025,-0.1346739130434748,-0.6333333333333333,La Niña
Cotabato,2020,2020Q4,24.941304347826087,27.694565217391304,22.61086956521739,1082.4,1082.4,1138.0,2813187.41,1450.9,290.25,7.784782608695653,22.235869565217392,Q4,936.42,25.32217391304348,15.589158710834884,-0.3808695652173917,-1.2333333333333334,La Niña
Cotabato,2021,2021Q1,24.5,27.42555555555556,22.00555555555556,999.7,999.7,1232.0,2780226.89,1499.25,293.83,9.013333333333334,24.11333333333333,Q1,889.3399999999999,25.270391941391942,12.409202329817631,-0.7703919413919422,-0.9,La Niña
Cotabato,2021,2021Q2,25.103296703296703,27.984615384615385,22.66043956043956,1423.8,1423.8,1278.0,2962533.08,1613.7,321.82,8.071428571428571,22.686813186813183,Q2,1025.29,25.95010989010989,38.86802758244009,-0.8468131868131863,-0.5333333333333333,La Niña
Cotabato,2021,2021Q3,25.217391304347824,28.221739130434784,22.741304347826084,1078.7,1078.7,1048.0,3072695.6,1673.18,338.48,7.975,22.23478260869565,Q3,715.1899999999999,25.31836956521739,50.8270529509641,-0.1009782608695673,-0.5333333333333333,La Niña
Cotabato,2021,2021Q4,24.76304347826087,28.019565217391307,22.215217391304343,1187.5,1187.5,971.0,2753021.61,1520.98,303.66,9.247826086956522,24.070652173913043,Q4,936.42,25.32217391304348,26.81275496038101,-0.5591304347826096,-0.9333333333333332,La Niña
Cotabato,2022,2022Q1,24.436666666666667,27.85222222222222,21.796666666666667,1349.3,1349.3,1089.0,2805775.38,1564.32,306.71,9.663333333333334,25.25555555555556,Q1,889.3399999999999,25.270391941391942,51.71925247936673,-0.8337252747252748,-0.9666666666666668,La Niña
Cotabato,2022,2022Q2,24.71868131868132,27.8934065934066,22.22967032967033,1762.6,1762.6,1221.0,2713550.23,1588.47,313.28000000000003,8.437362637362638,23.33626373626373,Q2,1025.29,25.95010989010989,71.91233699733733,-1.2314285714285695,-1.0,La Niña
Cotabato,2022,2022Q3,24.80434782608696,28.257608695652173,22.07391304347826,1147.8,1147.8,935.0,2965289.82,1724.99,342.33,8.595652173913043,22.832608695652173,Q3,715.1899999999999,25.31836956521739,60.488821152421046,-0.5140217391304311,-0.9,La Niña
Cotabato,2022,2022Q4,24.654347826086955,27.90217391304348,22.175,1308.8,1308.8,1011.0,2781956.93,1534.78,304.67,9.043478260869565,23.815217391304348,Q4,936.42,25.32217391304348,39.76634416180772,-0.6678260869565236,-0.9,La Niña
Cotabato,2023,2023Q1,24.19555555555556,27.50555555555556,21.723333333333333,1286.3,1286.3,1139.0,2554699.1,1484.1,289.51,9.332222222222224,24.87,Q1,889.3399999999999,25.270391941391942,44.635347561112745,-1.0748363858363843,-0.3999999999999999,Neutral
Cotabato,2023,2023Q2,25.2956043956044,28.72967032967033,22.70769230769231,1092.6,1092.6,960.0,2958970.69,1730.25,346.69,9.04065934065934,23.84065934065934,Q2,1025.29,25.95010989010989,6.564971861619634,-0.6545054945054893,0.5,El Niño
Cotabato,2023,2023Q3,25.269565217391307,28.570652173913043,22.75,979.1,979.1,848.0,3006564.85,1733.24,356.3,9.928260869565218,24.517391304347825,Q3,715.1899999999999,25.31836956521739,36.900683734392274,-0.0488043478260848,1.3333333333333333,El Niño
Cotabato,2023,2023Q4,25.367391304347827,28.756521739130434,22.544565217391305,954.8,954.8,976.0,3166609.43,1645.53,328.72,8.566304347826087,23.165217391304346,Q4,936.42,25.32217391304348,1.9627944725657165,0.0452173913043481,1.9,El Niño
Cotabato,2024,2024Q1,25.32087912087912,29.0989010989011,22.223076923076924,751.2,751.2,867.0,3161076.24,1723.37,347.96,9.983516483516484,25.8989010989011,Q1,889.3399999999999,25.270391941391942,-15.53286706996198,0.0504871794871775,1.4666666666666668,El Niño
Cotabato,2024,2024Q2,26.103296703296703,30.140659340659344,23.003296703296705,1419.6,1419.6,1018.0,3163689.62,1801.26,369.06,9.07032967032967,22.82967032967033,Q2,1025.29,25.95010989010989,38.458387383081856,0.1531868131868137,0.4333333333333333,Neutral
Cotabato,2024,2024Q3,25.30652173913043,28.6,22.747826086956525,1002.8,1002.8,978.0,2919724.01,1678.34,340.52,8.995652173913044,22.89891304347826,Q3,715.1899999999999,25.31836956521739,40.21448845761267,-0.0118478260869601,-0.1,Neutral
Cotabato,2024,2024Q4,25.194444444444443,28.69450549450549,22.634065934065934,1208.7,1208.7,1025.0,2865250.37,1568.73,314.82,8.52087912087912,23.386813186813185,Q4,936.42,25.32217391304348,29.07669635420003,-0.1277294685990355,-0.3999999999999999,Neutral
Cotabato,2025,2025Q1,24.641573033707864,28.1,22.134444444444444,1597.7,1597.7,1237.0,2802554.47,1536.58,301.1,8.741111111111111,24.04777777777777,Q1,889.3399999999999,25.270391941391942,79.65007758562531,-0.628818907684078,-0.3999999999999999,Neutral
Cotabato,2025,2025Q2,26.386813186813185,30.625274725274725,23.22197802197802,384.2,7.399999999999999,552.0,3006175.18,1734.12,359.81,7.309890109890111,19.883516483516484,Q2,1025.29,25.95010989010989,-62.52767509680187,0.4367032967032962,-0.1,Neutral
Cotabato,2025,2025Q3,26.065217391304348,30.33695652173913,22.70217391304348,460.0,13.0,494.0,2885201.07,1761.96,364.15,8.314130434782609,21.93695652173913,Q3,715.1899999999999,25.31836956521739,-35.68142731302171,0.746847826086956,-0.3,Neutral
Cotabato,2025,2025Q4,26.237704918032787,30.308196721311475,23.162295081967216,285.6,0.5,386.0,1892776.92,1112.32,229.05,8.447540983606556,23.28852459016393,Q4,936.42,25.32217391304348,-69.50086499647594,0.9155310049893082,-0.6,La Niña
Davao Oriental,2010,2010Q1,26.39888888888889,27.93555555555556,24.837777777777777,753.8,753.8,1027.0,3313144.1,1773.45,356.97,10.617777777777778,25.35333333333333,Q1,805.67,26.319731379731383,-6.438119825735103,0.0791575091575076,1.1666666666666667,El Niño
Davao Oriental,2010,2010Q2,27.22857142857143,28.67912087912088,25.80989010989011,1111.4,1111.4,1180.0,3308187.31,1750.37,354.02,11.143956043956043,24.93956043956044,Q2,742.9100000000001,27.165274725274724,49.600893782557776,0.0632967032967073,-0.1666666666666666,Neutral
Davao Oriental,2010,2010Q3,26.720652173913045,28.132608695652173,25.279347826086955,1006.3,1006.3,1129.0,3202896.73,1725.34,342.92,12.31195652173913,24.88586956521739,Q3,471.64,27.045,113.36188618437792,-0.324347826086953,-1.3,La Niña
Davao Oriental,2010,2010Q4,26.653260869565216,28.0858695652174,25.195652173913043,908.7,908.7,1132.0,3293304.14,1606.6,322.22,10.730434782608697,23.85217391304348,Q4,669.6899999999999,26.91576086956522,35.68964744881962,-0.2625000000000028,-1.6000000000000003,La Niña
Davao Oriental,2011,2011Q1,25.97222222222222,27.32333333333333,24.63111111111112,1312.5,1312.5,1219.0,2856540.77,1471.92,293.74,11.106666666666667,26.68,Q1,805.67,26.319731379731383,62.907890327305225,-0.3475091575091618,-1.1666666666666667,La Niña
Davao Oriental,2011,2011Q2,26.470329670329672,27.796703296703296,25.15054945054945,941.6,941.6,1042.0,3055126.19,1650.05,325.04,11.0010989010989,23.521978021978025,Q2,742.9100000000001,27.165274725274724,26.744827771870067,-0.6949450549450518,-0.5666666666666667,La Niña
Davao Oriental,2011,2011Q3,26.49347826086957,27.73804347826087,25.257608695652173,301.7,301.7,629.0,3226951.68,1752.3,343.19,11.655434782608696,23.23369565217392,Q3,471.64,27.045,-36.03171910779408,-0.551521739130429,-0.6333333333333333,La Niña
Davao Oriental,2011,2011Q4,26.544565217391305,27.87934782608696,25.175,806.8,806.8,1059.0,3062313.03,1570.14,313.75,10.405434782608696,24.275,Q4,669.6899999999999,26.91576086956522,20.473651988233364,-0.3711956521739132,-1.0333333333333334,La Niña
Davao Oriental,2012,2012Q1,26.223076923076924,27.625274725274725,24.84175824175824,1049.1,1049.1,1207.0,3104979.27,1591.7,319.39,10.373626373626374,26.64395604395604,Q1,805.67,26.319731379731383,30.214603994191165,-0.0966544566544591,-0.7333333333333334,La Niña
Davao Oriental,2012,2012Q2,26.765934065934065,28.141758241758243,25.383516483516484,776.6,776.6,932.0,3295752.99,1753.43,347.58,10.778021978021975,23.421978021978024,Q2,742.9100000000001,27.165274725274724,4.534869634276014,-0.399340659340659,-0.2666666666666666,Neutral
Davao Oriental,2012,2012Q3,26.55,27.75543478260869,25.33043478260869,390.8,390.8,656.0,3190414.63,1741.96,343.99,12.28804347826087,24.35108695652174,Q3,471.64,27.045,-17.140191671613938,-0.4949999999999974,0.3333333333333333,Neutral
Davao Oriental,2012,2012Q4,26.59891304347826,27.936956521739127,25.311956521739127,950.6,950.6,1037.0,3184486.14,1583.13,319.4,10.560869565217391,26.506521739130434,Q4,669.6899999999999,26.91576086956522,41.94627364900179,-0.3168478260869598,0.0666666666666666,Neutral
Davao Oriental,2013,2013Q1,26.244444444444444,27.61111111111111,24.90888888888889,1302.5,1302.5,1213.0,2897622.52,1547.52,311.67,11.602222222222222,26.66333333333333,Q1,805.67,26.319731379731383,61.66668735338291,-0.0752869352869396,-0.3666666666666667,Neutral
Davao Oriental,2013,2013Q2,26.98351648351648,28.363736263736264,25.575824175824177,958.5,958.5,1177.0,3144588.87,1682.53,339.05,11.164835164835164,23.44395604395605,Q2,742.9100000000001,27.165274725274724,29.01966590838727,-0.1817582417582457,-0.3666666666666667,Neutral
Davao Oriental,2013,2013Q3,26.544565217391305,27.821739130434786,25.297826086956523,755.1,755.1,894.0,3045368.71,1692.47,335.94,11.896739130434783,23.27173913043478,Q3,471.64,27.045,60.10092443389027,-0.5004347826086928,-0.3333333333333333,Neutral
Davao Oriental,2013,2013Q4,26.567391304347822,27.914130434782606,25.176086956521736,732.5,732.5,958.0,3183236.64,1591.17,319.72,10.530434782608696,24.343478260869563,Q4,669.6899999999999,26.91576086956522,9.378966387433,-0.3483695652173963,-0.2333333333333333,Neutral
Davao Oriental,2014,2014Q1,25.862222222222226,27.23333333333333,24.43555555555556,1041.4,1041.4,932.0,3007634.84,1625.11,322.93,13.283333333333331,27.844444444444445,Q1,805.67,26.319731379731383,29.258877704271,-0.4575091575091576,-0.3999999999999999,Neutral
Davao Oriental,2014,2014Q2,26.9010989010989,28.28241758241758,25.47472527472528,720.0,720.0,1044.0,3277439.17,1789.15,353.95,10.836263736263737,22.709890109890107,Q2,742.9100000000001,27.165274725274724,-3.083819035953222,-0.2641758241758225,0.1333333333333333,Neutral
Davao Oriental,2014,2014Q3,26.592391304347824,27.75434782608696,25.453260869565216,502.0,502.0,614.0,3103136.33,1741.81,343.71,12.89891304347826,24.47934782608696,Q3,471.64,27.045,6.43711305232805,-0.4526086956521737,0.1,Neutral
Davao Oriental,2014,2014Q4,26.532608695652176,27.855434782608693,25.20543478260869,663.5,663.5,908.0,3221276.03,1665.83,329.51,11.180434782608694,24.539130434782606,Q4,669.6899999999999,26.91576086956522,-0.9243082620316776,-0.383152173913043,0.6,El Niño
Davao Oriental,2015,2015Q1,26.067777777777778,27.596666666666664,24.432222222222222,550.9,550.9,837.0,3350260.96,1797.0,358.38,11.978888888888887,26.306666666666665,Q1,805.67,26.319731379731383,-31.622128166619085,-0.2519536019536055,0.5,El Niño
Davao Oriental,2015,2015Q2,26.834065934065936,28.3,25.36813186813187,795.3,795.3,1014.0,3330150.01,1867.05,370.85,12.287912087912089,24.53516483516483,Q2,742.9100000000001,27.165274725274724,7.051998223203331,-0.3312087912087875,0.9333333333333332,El Niño
Davao Oriental,2015,2015Q3,26.38043478260869,27.528260869565216,25.28804347826087,334.8,334.8,653.0,3357255.19,1819.55,354.33,14.119565217391305,26.77065217391305,Q3,471.64,27.045,-29.013654482232205,-0.6645652173913064,1.8666666666666665,El Niño
Davao Oriental,2015,2015Q4,26.718478260869563,28.10217391304348,25.35978260869565,661.0,661.0,902.0,3482165.07,1745.05,345.99,11.215217391304348,25.67717391304348,Q4,669.6899999999999,26.91576086956522,-1.2976153145485136,-0.1972826086956551,2.533333333333333,El Niño
Davao Oriental,2016,2016Q1,26.91868131868132,28.58571428571429,25.223076923076924,534.7,534.7,932.0,3558773.97,1923.86,394.54,11.33956043956044,25.91318681318681,Q1,805.67,26.319731379731383,-33.63287698437325,0.5989499389499358,2.066666666666667,El Niño
Davao Oriental,2016,2016Q2,27.484615384615385,29.05934065934066,26.0021978021978,1017.3,1017.3,1280.0,3411139.68,1814.14,371.95,12.29010989010989,25.14395604395604,Q2,742.9100000000001,27.165274725274724,36.93448735378443,0.3193406593406607,0.3999999999999999,Neutral
Davao Oriental,2016,2016Q3,27.143478260869564,28.43260869565217,25.78369565217391,443.5,443.5,690.0,3289885.0,1796.85,359.6,12.575,23.530434782608697,Q3,471.64,27.045,-5.966415062335677,0.098478260869566,-0.5,La Niña
Davao Oriental,2016,2016Q4,26.67717391304348,27.98804347826087,25.32282608695652,979.0,979.0,990.0,2974170.3,1512.99,304.24,10.594565217391304,23.561956521739127,Q4,669.6899999999999,26.91576086956522,46.18704176559305,-0.2385869565217397,-0.6666666666666666,La Niña
Davao Oriental,2017,2017Q1,26.276666666666667,28.45555555555556,24.364444444444448,617.1999999999999,617.1999999999999,743.0,2804093.92,1508.03,302.44,15.338888888888889,35.794444444444444,Q1,805.67,26.319731379731383,-23.39295244951408,-0.0430647130647159,-0.1333333333333333,Neutral
Davao Oriental,2017,2017Q2,27.16153846153846,29.21868131868132,25.3043956043956,633.2,633.2,840.0,3284713.43,1730.02,347.72,14.013186813186811,32.23406593406594,Q2,742.9100000000001,27.165274725274724,-14.767603074396632,-0.0037362637362647,0.2666666666666666,Neutral
Davao Oriental,2017,2017Q3,27.29565217391304,29.60869565217392,25.42826086956521,496.3,496.3,827.0,3097134.12,1684.18,352.67,13.016304347826088,28.644565217391307,Q3,471.64,27.045,5.228564159104407,0.2506521739130427,-0.1333333333333333,Neutral
Davao Oriental,2017,2017Q4,27.19782608695652,29.440217391304348,25.26630434782609,427.0,427.0,656.0,2982339.35,1567.12,328.39,14.008695652173913,33.540217391304346,Q4,669.6899999999999,26.91576086956522,-36.239155430124384,0.2820652173913025,-0.8333333333333334,La Niña
Davao Oriental,2018,2018Q1,26.815555555555555,29.25555555555556,24.62,494.7,494.7,537.0,3025466.49,1639.32,336.38,13.864444444444445,34.156666666666666,Q1,805.67,26.319731379731383,-38.59768888006256,0.4958241758241719,-0.8333333333333334,La Niña
Davao Oriental,2018,2018Q2,27.864835164835164,30.57362637362637,25.654945054945053,247.8,247.8,686.0,3373863.48,1784.96,384.54,14.308791208791208,33.56923076923077,Q2,742.9100000000001,27.165274725274724,-66.64468105154057,0.6995604395604396,-0.2333333333333333,Neutral
Davao Oriental,2018,2018Q3,28.691304347826087,32.05,26.18369565217392,188.2,188.2,481.0,3255836.46,1823.56,440.97,16.31304347826087,37.90434782608696,Q3,471.64,27.045,-60.096683911457895,1.6463043478260886,0.2666666666666666,Neutral
Davao Oriental,2018,2018Q4,27.87608695652174,30.958695652173912,25.403260869565216,268.8,268.8,631.0,3313004.92,1727.86,379.27,15.281521739130437,37.28695652173913,Q4,669.6899999999999,26.91576086956522,-59.86202571338978,0.9603260869565204,0.8333333333333334,El Niño
Davao Oriental,2019,2019Q1,26.417777777777776,29.454444444444444,23.73,399.9,399.9,602.0,3205988.35,1738.42,367.97,17.047777777777778,38.32666666666667,Q1,805.67,26.319731379731383,-50.3642930728462,0.0980463980463923,0.6999999999999998,El Niño
Davao Oriental,2019,2019Q2,27.958241758241755,30.74065934065934,25.626373626373628,227.4,227.4,690.0,3382744.92,1818.51,392.22,15.157142857142857,35.31868131868132,Q2,742.9100000000001,27.165274725274724,-69.39063951218857,0.7929670329670309,0.5666666666666667,El Niño
Davao Oriental,2019,2019Q3,28.03804347826087,30.994565217391305,25.81413043478261,297.7,297.7,671.0,3257208.89,1792.35,406.49,14.72608695652174,33.44565217391305,Q3,471.64,27.045,-36.87982359426682,0.9930434782608728,0.1999999999999999,Neutral
Davao Oriental,2019,2019Q4,27.791304347826088,30.794565217391305,25.342391304347824,299.0,299.0,664.0,3350987.61,1733.03,376.81,13.829347826086956,34.41413043478261,Q4,669.6899999999999,26.91576086956522,-55.35247651898639,0.8755434782608695,0.4333333333333333,Neutral
Davao Oriental,2020,2020Q1,27.25824175824176,30.30989010989011,24.481318681318683,226.3,226.3,521.0,3439306.58,1797.77,393.32,19.547252747252745,42.862637362637365,Q1,805.67,26.319731379731383,-71.91157670013776,0.938510378510376,0.4666666666666666,Neutral
Davao Oriental,2020,2020Q2,27.88131868131868,30.57032967032967,25.55604395604396,355.7,355.7,817.0,3228056.07,1772.28,385.32,16.75934065934066,37.27472527472528,Q2,742.9100000000001,27.165274725274724,-52.120714487623,0.7160439560439578,-0.0666666666666666,Neutral
Davao Oriental,2020,2020Q3,27.53804347826087,29.877173913043475,25.472826086956523,459.5,459.5,817.0,3091777.26,1698.56,358.1,13.242391304347825,31.175,Q3,471.64,27.045,-2.573997116444743,0.4930434782608728,-0.6333333333333333,La Niña
Davao Oriental,2020,2020Q4,27.293478260869566,29.70217391304348,25.25108695652174,714.4,714.4,776.0,2913041.88,1522.76,322.56,13.592391304347826,31.77717391304348,Q4,669.6899999999999,26.91576086956522,6.676223327211103,0.3777173913043476,-1.2333333333333334,La Niña
Davao Oriental,2021,2021Q1,26.427777777777777,28.61555555555556,24.32,539.6,539.6,808.0,2927438.21,1586.2,317.79,14.926666666666668,35.175555555555555,Q1,805.67,26.319731379731383,-33.02468752715131,0.1080463980463939,-0.9,La Niña
Davao Oriental,2021,2021Q2,27.384615384615383,29.8043956043956,25.262637362637363,504.0,504.0,807.0,3202955.66,1757.57,366.17,14.16043956043956,32.59120879120879,Q2,742.9100000000001,27.165274725274724,-32.15867332516725,0.2193406593406592,-0.5333333333333333,La Niña
Davao Oriental,2021,2021Q3,27.98586956521739,30.768478260869564,25.703260869565216,536.3,536.3,743.0,3169715.17,1762.61,389.48,13.825,32.964130434782604,Q3,471.64,27.045,13.709609023831728,0.9408695652173904,-0.5333333333333333,La Niña
Davao Oriental,2021,2021Q4,27.34021739130435,29.94782608695652,25.08043478260869,392.1,392.1,609.0,2810606.39,1586.18,340.3,14.475,32.42717391304348,Q4,669.6899999999999,26.91576086956522,-41.45052188325941,0.4244565217391312,-0.9333333333333332,La Niña
Davao Oriental,2022,2022Q1,26.532222222222224,29.25888888888889,24.05,476.0,476.0,682.0,3014662.1,1722.31,347.97,15.944444444444445,34.67666666666667,Q1,805.67,26.319731379731383,-40.9187384412973,0.2124908424908405,-0.9666666666666668,La Niña
Davao Oriental,2022,2022Q2,27.102197802197804,29.43186813186813,24.907692307692308,469.7,469.7,805.0,2992560.46,1743.14,359.99,15.303296703296702,32.675824175824175,Q2,742.9100000000001,27.165274725274724,-36.77565250164893,-0.0630769230769203,-1.0,La Niña
Davao Oriental,2022,2022Q3,27.741304347826084,30.675,25.343478260869563,464.9,464.9,773.0,3128508.26,1806.76,392.07,14.201086956521738,30.915217391304346,Q3,471.64,27.045,-1.4290560597065578,0.6963043478260857,-0.9,La Niña
Davao Oriental,2022,2022Q4,27.382608695652173,30.230434782608693,25.02608695652174,469.7,469.7,663.0,2973715.88,1649.56,354.6,14.768478260869566,32.922826086956526,Q4,669.6899999999999,26.91576086956522,-29.86307097313681,0.4668478260869548,-0.9,La Niña
Davao Oriental,2023,2023Q1,26.313333333333333,28.76222222222222,24.121111111111112,555.4,555.4,749.0,2734669.84,1614.71,323.09,14.44111111111111,31.31222222222222,Q1,805.67,26.319731379731383,-31.06358682835404,-0.0063980463980506,-0.3999999999999999,Neutral
Davao Oriental,2023,2023Q2,28.09450549450549,31.1010989010989,25.553846153846155,355.0,355.0,745.0,3306491.51,1858.27,403.56,13.92087912087912,31.093406593406595,Q2,742.9100000000001,27.165274725274724,-52.21493855244916,0.9292307692307666,0.5,El Niño
Davao Oriental,2023,2023Q3,28.28695652173913,31.794565217391305,25.698913043478264,438.3,438.3,697.0,3175642.01,1810.57,419.17,16.210869565217394,33.608695652173914,Q3,471.64,27.045,-7.068950894750229,1.2419565217391302,1.3333333333333333,El Niño
Davao Oriental,2023,2023Q4,27.8,31.13804347826087,25.157608695652176,344.6,344.6,602.0,3269253.32,1779.55,379.8,13.830434782608696,31.845652173913045,Q4,669.6899999999999,26.91576086956522,-48.5433558810793,0.8842391304347821,1.9,El Niño
Davao Oriental,2024,2024Q1,26.18021978021978,28.47692307692308,24.410989010989013,584.3,584.3,1218.0,3211436.5,1804.05,368.72,20.33296703296704,44.42747252747253,Q1,805.67,26.319731379731383,-27.47651023371852,-0.1395115995116036,1.4666666666666668,El Niño
Davao Oriental,2024,2024Q2,28.006593406593407,30.83956043956044,25.605494505494505,380.6,380.6,639.0,3491861.49,2085.87,443.78,16.595604395604397,37.84395604395605,Q2,742.9100000000001,27.165274725274724,-48.769029895949714,0.8413186813186826,0.4333333333333333,Neutral
Davao Oriental,2024,2024Q3,27.881521739130434,30.75869565217392,25.666304347826088,608.6,608.6,844.0,3160054.72,1876.82,398.68,13.959782608695653,33.41413043478261,Q3,471.64,27.045,29.039097616826403,0.8365217391304363,-0.1,Neutral
Davao Oriental,2024,2024Q4,26.92222222222222,29.582417582417584,24.99670329670329,611.1,611.1,1106.0,2853290.45,1560.37,322.08,15.917582417582418,37.33186813186813,Q4,669.6899999999999,26.91576086956522,-8.74882408278456,0.006461352657002,-0.3999999999999999,Neutral
Davao Oriental,2025,2025Q1,25.8123595505618,28.24,24.16555555555556,784.8,784.8,1354.0,2719654.74,1564.17,299.88,16.778888888888886,39.14,Q1,805.67,26.319731379731383,-2.590390606575894,-0.5073718291695819,-0.3999999999999999,Neutral
Davao Oriental,2025,2025Q2,27.93186813186813,31.56043956043956,25.15274725274725,277.4,11.2,464.0,2971883.59,1737.55,367.03,10.074725274725274,24.94395604395605,Q2,742.9100000000001,27.165274725274724,-62.66034916746309,0.7665934065934046,-0.1,Neutral
Davao Oriental,2025,2025Q3,27.62934782608696,31.907608695652176,24.17934782608696,210.9,6.0,366.0,2954820.45,1755.31,375.73,10.227173913043478,24.075,Q3,471.64,27.045,-55.28369095072513,0.5843478260869617,-0.3,Neutral
Davao Oriental,2025,2025Q4,27.59344262295082,32.09836065573771,24.024590163934427,176.20000000000002,4.0,315.0,1896793.49,1065.12,230.61,9.350819672131149,23.67377049180328,Q4,669.6899999999999,26.91576086956522,-73.68931893861338,0.6776817533856025,-0.6,La Niña
Davao del Norte,2010,2010Q1,26.002777777777776,29.78333333333333,23.177777777777777,347.0,347.0,694.0,6651603.5600000005,3415.63,767.27,16.499444444444446,31.68611111111111,Q1,570.67,25.643884004884,-39.194280407240605,0.3588937728937758,1.1666666666666667,El Niño
Davao del Norte,2010,2010Q2,27.71868131868132,31.03736263736264,24.99615384615385,821.7,821.7,1304.0,6730885.09,3608.59,791.32,12.804395604395603,25.584615384615383,Q2,964.67,27.50543956043956,-14.820612230089049,0.2132417582417574,-0.1666666666666666,Neutral
Davao del Norte,2010,2010Q3,26.65217391304348,29.30597826086957,24.56304347826088,1569.1,1569.1,2160.0,6041368.25,3184.97,663.59,12.734782608695651,26.29076086956522,Q3,1587.22,26.55494565217391,-1.1416186792001184,0.0972282608695707,-1.3,La Niña
Davao del Norte,2010,2010Q4,26.220108695652176,29.044565217391305,24.16576086956522,921.3,921.3,1467.0,6068453.16,2844.27,608.04,13.932065217391305,29.57934782608696,Q4,875.45,26.28766304347826,5.237306528071267,-0.0675543478260856,-1.6000000000000003,La Niña
Davao del Norte,2011,2011Q1,25.10333333333333,28.10055555555556,23.03611111111111,842.1,842.1,1194.0,5930456.28,2927.79,643.46,17.710555555555555,34.56444444444445,Q1,570.67,25.643884004884,47.56339040075702,-0.5405506715506689,-1.1666666666666667,La Niña
Davao del Norte,2011,2011Q2,26.572527472527472,29.49175824175824,24.28021978021978,1418.3,1418.3,1514.0,6023582.87,3249.24,694.78,13.57857142857143,27.93021978021978,Q2,964.67,27.50543956043956,47.02437102843458,-0.93291208791209,-0.5666666666666667,La Niña
Davao del Norte,2011,2011Q3,26.21032608695652,28.56684782608696,24.360326086956523,1545.8,1545.8,2050.0,5503165.66,2974.23,616.78,14.944021739130434,31.136413043478264,Q3,1587.22,26.55494565217391,-2.609594133138448,-0.3446195652173891,-0.6333333333333333,La Niña
Davao del Norte,2011,2011Q4,26.04728260869565,28.78641304347826,24.015760869565216,832.7,832.7,1365.0,5876748.11,2853.23,606.99,14.615760869565218,30.525543478260868,Q4,875.45,26.28766304347826,-4.883202924210406,-0.2403804347826117,-1.0333333333333334,La Niña
Davao del Norte,2012,2012Q1,25.59065934065934,28.71923076923077,23.379670329670333,625.0,625.0,1135.0,6098327.95,3045.32,661.1,16.052747252747253,31.818131868131868,Q1,570.67,25.643884004884,9.52038831548882,-0.0532246642246612,-0.7333333333333334,La Niña
Davao del Norte,2012,2012Q2,27.00989010989011,30.00494505494505,24.61868131868132,922.6,922.6,1493.0,6333203.41,3352.29,715.35,13.528571428571428,27.847252747252742,Q2,964.67,27.50543956043956,-4.361076844931432,-0.4955494505494506,-0.2666666666666666,Neutral
Davao del Norte,2012,2012Q3,26.23260869565217,28.675,24.355434782608693,1633.9,1633.9,2202.0,5422464.32,2939.26,615.17,14.673369565217392,30.99347826086957,Q3,1587.22,26.55494565217391,2.940991166945985,-0.3223369565217382,0.3333333333333333,Neutral
Davao del Norte,2012,2012Q4,26.17228260869565,29.144565217391307,23.967934782608697,680.6,680.6,1085.0,6294743.7,3011.1,655.64,15.627173913043478,31.45217391304348,Q4,875.45,26.28766304347826,-22.25712490719059,-0.1153804347826117,0.0666666666666666,Neutral
Davao del Norte,2013,2013Q1,25.82444444444444,29.07611111111111,23.452222222222225,823.9,823.9,1049.0,6059721.14,3086.31,691.38,17.08888888888889,32.97,Q1,570.67,25.643884004884,44.37415669300997,0.1805604395604376,-0.3666666666666667,Neutral
Davao del Norte,2013,2013Q2,27.52692307692308,30.540109890109893,25.05934065934066,1063.5,1063.5,1446.0,6236123.84,3348.52,730.92,12.271978021978022,25.06923076923077,Q2,964.67,27.50543956043956,10.244954233053782,0.0214835164835172,-0.3666666666666667,Neutral
Davao del Norte,2013,2013Q3,26.35217391304348,28.86195652173913,24.36902173913043,1711.7,1711.7,2069.0,5266692.1,2946.43,621.15,13.678260869565218,28.99510869565217,Q3,1587.22,26.55494565217391,7.84264311185595,-0.20277173913043,-0.3333333333333333,Neutral
Davao del Norte,2013,2013Q4,26.04728260869565,28.86413043478261,23.967391304347824,667.4,667.4,1118.0,6273219.22,2932.56,622.79,14.355978260869565,30.16684782608696,Q4,875.45,26.28766304347826,-23.764920897823984,-0.2403804347826117,-0.2333333333333333,Neutral
Davao del Norte,2014,2014Q1,25.211111111111112,28.651666666666667,22.62555555555556,652.6,652.6,823.0,6242081.24,3223.4,719.84,17.10333333333333,33.11277777777778,Q1,570.67,25.643884004884,14.356808663500807,-0.4327728937728885,-0.3999999999999999,Neutral
Davao del Norte,2014,2014Q2,27.64945054945055,30.83846153846154,25.06318681318681,839.2,839.2,1439.0,6585028.87,3501.38,761.05,12.352197802197802,25.926923076923075,Q2,964.67,27.50543956043956,-13.006520364476971,0.1440109890109866,0.1333333333333333,Neutral
Davao del Norte,2014,2014Q3,26.48478260869565,28.94836956521739,24.57608695652174,1676.5,1676.5,1967.0,5511876.76,3046.07,639.02,14.714673913043478,30.86684782608696,Q3,1587.22,26.55494565217391,5.624929121356836,-0.07016304347826,0.1,Neutral
Davao del Norte,2014,2014Q4,26.191304347826087,29.12336956521739,24.061956521739127,714.6,714.6,1213.0,6202558.01,2993.83,643.72,14.542934782608697,30.4733695652174,Q4,875.45,26.28766304347826,-18.37340796161974,-0.0963586956521744,0.6,El Niño
Davao del Norte,2015,2015Q1,25.32444444444444,28.93,22.58388888888889,272.7,272.7,593.0,6673109.53,3384.44,754.6,17.547777777777778,33.32611111111111,Q1,570.67,25.643884004884,-52.21406417018593,-0.3194395604395623,0.5,El Niño
Davao del Norte,2015,2015Q2,27.77692307692308,31.23956043956044,24.96758241758242,702.0,702.0,1140.0,6974685.84,3726.89,826.59,13.50054945054945,27.17967032967033,Q2,964.67,27.50543956043956,-27.22900059087564,0.2714835164835172,0.9333333333333332,El Niño
Davao del Norte,2015,2015Q3,26.532065217391303,28.903260869565216,24.705978260869564,1373.8,1373.8,1888.0,6150875.82,3255.84,672.8,15.070108695652175,30.543478260869566,Q3,1587.22,26.55494565217391,-13.446151132168197,-0.022880434782607,1.8666666666666665,El Niño
Davao del Norte,2015,2015Q4,26.482065217391305,29.466847826086955,24.25054347826088,944.3,944.3,939.0,6587489.27,3137.35,683.91,16.516847826086956,32.90217391304348,Q4,875.45,26.28766304347826,7.864526814780959,0.1944021739130441,2.533333333333333,El Niño
Davao del Norte,2016,2016Q1,26.163736263736265,29.7434065934066,23.44175824175824,251.6,251.6,581.0,6878396.45,3462.77,764.08,15.85,30.497252747252748,Q1,570.67,25.643884004884,-55.91147247971682,0.5198522588522643,2.066666666666667,El Niño
Davao del Norte,2016,2016Q2,28.04230769230769,31.302747252747256,25.44670329670329,719.3,719.3,1393.0,6786345.29,3578.09,796.82,12.912087912087912,25.874725274725275,Q2,964.67,27.50543956043956,-25.43564120372771,0.536868131868129,0.3999999999999999,Neutral
Davao del Norte,2016,2016Q3,27.034239130434784,29.58043478260869,25.02717391304348,1389.2,1389.2,1956.0,5803243.02,3114.73,665.22,14.882608695652175,30.3,Q3,1587.22,26.55494565217391,-12.47590126132483,0.4792934782608746,-0.5,La Niña
Davao del Norte,2016,2016Q4,26.36576086956521,29.0233695652174,24.405434782608697,915.7,915.7,1439.0,5580195.93,2735.63,596.46,15.307065217391305,31.56847826086957,Q4,875.45,26.28766304347826,4.597635501741961,0.0780978260869531,-0.6666666666666666,La Niña
Davao del Norte,2017,2017Q1,25.5,28.56611111111111,23.20055555555556,982.2,982.2,1075.0,6069338.81,3132.62,676.59,19.174444444444443,39.18,Q1,570.67,25.643884004884,72.11348064555699,-0.1438840048840006,-0.1333333333333333,Neutral
Davao del Norte,2017,2017Q2,27.43516483516484,30.62692307692308,25.03516483516483,1170.4,1170.4,1405.0,6769536.56,3721.3,787.62,13.374175824175824,30.64835164835165,Q2,964.67,27.50543956043956,21.32646397213555,-0.0702747252747251,0.2666666666666666,Neutral
Davao del Norte,2017,2017Q3,26.721739130434784,29.532608695652176,24.675,1712.3,1712.3,2021.0,5728973.04,3271.35,666.51,13.019565217391303,29.714130434782607,Q3,1587.22,26.55494565217391,7.880445054875816,0.1667934782608746,-0.1333333333333333,Neutral
Davao del Norte,2017,2017Q4,26.32771739130435,29.10815217391304,24.291304347826088,1170.7,1170.7,1541.0,5730247.87,2909.14,611.33,15.891304347826088,35.58967391304348,Q4,875.45,26.28766304347826,33.72551259352333,0.0400543478260893,-0.8333333333333334,La Niña
Davao del Norte,2018,2018Q1,25.92833333333333,29.13888888888889,23.485,554.5,554.5,731.0,6291294.69,3340.01,720.11,17.34111111111111,36.195,Q1,570.67,25.643884004884,-2.8335114864983195,0.2844493284493303,-0.8333333333333334,La Niña
Davao del Norte,2018,2018Q2,27.541758241758245,30.86868131868132,25.03956043956044,1035.3,1035.3,1287.0,6695668.79,3750.48,804.35,14.381318681318682,32.30054945054945,Q2,964.67,27.50543956043956,7.32167476961032,0.0363186813186828,-0.2333333333333333,Neutral
Davao del Norte,2018,2018Q3,26.592391304347824,29.252173913043475,24.57934782608696,1576.7,1576.7,2202.0,5751130.0,3256.04,663.94,14.779347826086957,33.08586956521739,Q3,1587.22,26.55494565217391,-0.6627940676150743,0.0374456521739148,0.2666666666666666,Neutral
Davao del Norte,2018,2018Q4,26.525,29.73478260869565,24.08043478260869,807.0,807.0,1247.0,6315631.76,3282.06,705.35,16.069565217391304,35.11141304347826,Q4,875.45,26.28766304347826,-7.818836027186022,0.2373369565217373,0.8333333333333334,El Niño
Davao del Norte,2019,2019Q1,25.79,29.48,22.84611111111112,355.1,355.1,752.0,6606027.11,3583.99,798.4399999999999,19.758888888888887,40.33388888888889,Q1,570.67,25.643884004884,-37.774896174671866,0.1461159951159985,0.6999999999999998,El Niño
Davao del Norte,2019,2019Q2,27.78076923076924,31.226373626373626,25.09065934065934,954.4,954.4,1584.0,6777088.08,3767.52,816.45,14.394505494505497,32.247252747252745,Q2,964.67,27.50543956043956,-1.064612769133496,0.2753296703296755,0.5666666666666667,El Niño
Davao del Norte,2019,2019Q3,26.73695652173913,29.340760869565216,24.732065217391305,1683.2,1683.2,2333.0,5728600.57,3282.1,675.71,15.53858695652174,33.88695652173913,Q3,1587.22,26.55494565217391,6.047050818412068,0.1820108695652216,0.1999999999999999,Neutral
Davao del Norte,2019,2019Q4,26.497826086956525,29.779891304347824,23.957608695652173,1100.2,1100.2,1356.0,6442594.49,3323.89,694.63,14.620108695652174,32.9679347826087,Q4,875.45,26.28766304347826,25.672511279913184,0.2101630434782642,0.4333333333333333,Neutral
Davao del Norte,2020,2020Q1,26.365934065934063,30.21098901098901,23.38736263736264,315.5,315.5,739.0,6827087.34,3616.47,823.92,19.301098901098904,39.83571428571429,Q1,570.67,25.643884004884,-44.71410797834125,0.7220500610500622,0.4666666666666666,Neutral
Davao del Norte,2020,2020Q2,27.793956043956044,31.337362637362634,25.08681318681319,1052.9,1052.9,1561.0,6699899.47,3780.81,819.86,14.004395604395606,31.448901098901096,Q2,964.67,27.50543956043956,9.146132874454478,0.2885164835164815,-0.0666666666666666,Neutral
Davao del Norte,2020,2020Q3,26.963043478260868,29.905434782608697,24.62010869565217,1475.8,1475.8,1856.0,6017378.01,3457.72,708.52,12.47554347826087,28.811956521739127,Q3,1587.22,26.55494565217391,-7.01982081879009,0.4080978260869585,-0.6333333333333333,La Niña
Davao del Norte,2020,2020Q4,26.29402173913044,29.119565217391305,24.232065217391305,1726.6,1726.6,1934.0,5474796.3,2900.84,596.55,14.33695652173913,32.56032608695652,Q4,875.45,26.28766304347826,97.2242846536067,0.0063586956521781,-1.2333333333333334,La Niña
Davao del Norte,2021,2021Q1,25.68388888888889,28.74111111111111,23.334444444444443,951.1,951.1,1330.0,5959984.43,3204.54,670.83,16.355,34.52444444444444,Q1,570.67,25.643884004884,66.66374612297827,0.0400048840048903,-0.9,La Niña
Davao del Norte,2021,2021Q2,27.46978021978022,30.95769230769231,24.7434065934066,1258.2,1258.2,1650.0,6697109.39,3776.37,813.71,14.545604395604396,31.976373626373626,Q2,964.67,27.50543956043956,30.428022017892125,-0.0356593406593432,-0.5333333333333333,La Niña
Davao del Norte,2021,2021Q3,26.83695652173913,29.62663043478261,24.68097826086957,1724.9,1724.9,2299.0,5953735.16,3388.86,688.58,13.992391304347825,31.84945652173913,Q3,1587.22,26.55494565217391,8.67428585829312,0.2820108695652195,-0.5333333333333333,La Niña
Davao del Norte,2021,2021Q4,26.20923913043478,29.426086956521736,23.928804347826084,1162.8,1162.8,1349.0,5574878.33,3080.71,652.5,16.413586956521737,34.14945652173913,Q4,875.45,26.28766304347826,32.82311953852303,-0.0784239130434798,-0.9333333333333332,La Niña
Davao del Norte,2022,2022Q1,26.04722222222222,29.792777777777776,23.395000000000003,801.1,801.1,933.0,6213039.69,3460.34,749.64,18.043333333333333,36.534444444444446,Q1,570.67,25.643884004884,40.37885292726096,0.40333821733822,-0.9666666666666668,La Niña
Davao del Norte,2022,2022Q2,26.94120879120879,30.410989010989013,24.337912087912088,1511.8,1511.8,1592.0,6086133.54,3635.32,764.46,14.265934065934069,30.576373626373623,Q2,964.67,27.50543956043956,56.71680471041909,-0.5642307692307718,-1.0,La Niña
Davao del Norte,2022,2022Q3,26.541304347826088,29.70108695652174,24.27608695652174,1878.5,1878.5,1938.0,5569195.98,3454.62,702.86,13.37336956521739,28.87336956521739,Q3,1587.22,26.55494565217391,18.351583271380147,-0.0136413043478214,-0.9,La Niña
Davao del Norte,2022,2022Q4,26.13532608695652,29.343478260869563,23.89402173913044,1495.7,1495.7,1471.0,5833312.32,3145.01,645.24,15.158695652173911,31.80978260869565,Q4,875.45,26.28766304347826,70.84927751442115,-0.15233695652174,-0.9,La Niña
Davao del Norte,2023,2023Q1,25.63055555555556,29.19555555555556,23.08722222222222,1072.3,1072.3,1077.0,5844932.48,3345.1,716.7,18.776666666666667,37.44833333333333,Q1,570.67,25.643884004884,87.90193982511785,-0.0133284493284406,-0.3999999999999999,Neutral
Davao del Norte,2023,2023Q2,27.373076923076923,31.13296703296703,24.62252747252748,1535.1,1535.1,1525.0,6684928.97,3922.81,829.31,14.21978021978022,30.63846153846153,Q2,964.67,27.50543956043956,59.132138451491166,-0.1323626373626396,0.5,El Niño
Davao del Norte,2023,2023Q3,26.95271739130435,30.35054347826087,24.419565217391305,1736.2,1736.2,1933.0,5948723.15,3539.51,734.49,14.192391304347826,30.63967391304348,Q3,1587.22,26.55494565217391,9.386222451834026,0.3977717391304409,1.3333333333333333,El Niño
Davao del Norte,2023,2023Q4,26.68804347826088,30.47554347826087,23.9875,952.2,952.2,1294.0,6236332.52,3332.64,715.07,15.87336956521739,33.49782608695652,Q4,875.45,26.28766304347826,8.766919869781255,0.4003804347826154,1.9,El Niño
Davao del Norte,2024,2024Q1,26.96648351648352,31.09175824175824,23.87582417582417,669.2,669.2,750.0,6613019.84,3596.95,845.5600000000001,19.556593406593407,40.229670329670334,Q1,570.67,25.643884004884,17.265670177160196,1.3225995115995168,1.4666666666666668,El Niño
Davao del Norte,2024,2024Q2,28.6978021978022,32.9478021978022,25.53021978021978,969.2,969.2,1188.0,6761718.06,4020.71,909.09,14.882967032967032,32.684615384615384,Q2,964.67,27.50543956043956,0.4695906372127227,1.1923626373626384,0.4333333333333333,Neutral
Davao del Norte,2024,2024Q3,27.22717391304348,30.657065217391303,24.79891304347826,1783.6,1783.6,2045.0,5660965.4,3460.77,719.39,13.41304347826087,29.31793478260869,Q3,1587.22,26.55494565217391,12.372575950403842,0.67222826086957,-0.1,Neutral
Davao del Norte,2024,2024Q4,27.002777777777776,30.71978021978022,24.4,1219.6,1219.6,1396.0,5755563.01,3133.11,675.16,15.163736263736263,33.31758241758242,Q4,875.45,26.28766304347826,39.311211377006096,0.7151147342995152,-0.3999999999999999,Neutral
Davao del Norte,2025,2025Q1,26.441011235955056,30.32777777777778,23.75888888888889,771.4,771.4,1121.0,5853112.96,3240.98,714.63,17.747222222222224,37.925,Q1,570.67,25.643884004884,35.17444407450891,0.7971272310710553,-0.3999999999999999,Neutral
Davao del Norte,2025,2025Q2,27.703296703296704,32.309890109890105,24.343956043956045,968.9,26.3,1116.0,6245955.34,3686.56,805.05,12.233516483516484,26.238461538461536,Q2,964.67,27.50543956043956,0.4384919195165087,0.197857142857142,-0.1,Neutral
Davao del Norte,2025,2025Q3,25.88586956521739,29.49673913043478,23.23641304347826,1433.0,148.2,1578.0,4923290.79,3019.0,630.08,12.805434782608694,35.136413043478264,Q3,1587.22,26.55494565217391,-9.716359420874236,-0.6690760869565189,-0.3,Neutral
Davao del Norte,2025,2025Q4,26.286065573770493,30.29262295081967,23.437704918032782,593.4,65.7,713.0,3781160.95,2072.82,442.76,13.597540983606558,34.218032786885246,Q4,875.45,26.28766304347826,-32.21771660288995,-0.001597469707768,-0.6,La Niña
Davao del Sur,2010,2010Q1,26.74,30.466666666666665,24.195,867.5,867.5,1239.0,6467311.48,3406.26,727.76,11.130555555555556,27.39,Q1,1205.54,26.436639804639803,-28.04054614529588,0.3033601953601952,1.1666666666666667,El Niño
Davao del Sur,2010,2010Q2,27.543956043956044,30.964285714285715,25.04945054945055,1366.3,1366.3,1693.0,6320620.77,3312.95,705.4,9.445054945054943,24.503296703296705,Q2,1292.14,27.191978021978024,5.739316173170097,0.3519780219780202,-0.1666666666666666,Neutral
Davao del Sur,2010,2010Q3,26.78369565217391,29.980978260869566,24.34945652173913,1488.7,1488.7,1967.0,6033335.78,3211.71,667.17,9.128260869565215,23.878804347826087,Q3,963.65,26.81108695652174,54.48554973278681,-0.0273913043478302,-1.3,La Niña
Davao del Sur,2010,2010Q4,26.68423913043478,29.98804347826087,24.325,1228.4,1228.4,1780.0,6233313.32,3015.86,632.55,9.218478260869563,24.51413043478261,Q4,1138.54,26.74701086956522,7.892564161118637,-0.0627717391304401,-1.6000000000000003,La Niña
Davao del Sur,2011,2011Q1,25.781666666666663,28.742222222222225,23.715,2145.0,2145.0,2096.0,5329148.87,2775.89,577.27,10.169444444444444,26.69777777777778,Q1,1205.54,26.436639804639803,77.92856313353353,-0.6549731379731405,-1.1666666666666667,La Niña
Davao del Sur,2011,2011Q2,26.51428571428572,29.70384615384616,24.291208791208792,1609.0,1609.0,1823.0,5546725.76,2998.36,623.52,9.192307692307692,24.119230769230768,Q2,1292.14,27.191978021978024,24.52211060720976,-0.677692307692304,-0.5666666666666667,La Niña
Davao del Sur,2011,2011Q3,26.422826086956523,29.828260869565216,23.9125,819.2,819.2,1349.0,5957184.5,3207.35,662.03,9.831521739130435,26.194021739130434,Q3,963.65,26.81108695652174,-14.989882218647844,-0.3882608695652187,-0.6333333333333333,La Niña
Davao del Sur,2011,2011Q4,26.360326086956523,29.45217391304348,24.080978260869564,1122.4,1122.4,1597.0,5767661.55,2961.49,616.28,9.303804347826087,24.90869565217391,Q4,1138.54,26.74701086956522,-1.4176050028984375,-0.3866847826086967,-1.0333333333333334,La Niña
Davao del Sur,2012,2012Q1,25.965934065934068,29.06923076923077,23.74175824175824,1419.5,1419.5,1883.0,5861496.26,3005.34,624.33,10.141208791208792,26.72582417582418,Q1,1205.54,26.436639804639803,17.74806310864841,-0.4707057387057354,-0.7333333333333334,La Niña
Davao del Sur,2012,2012Q2,26.72252747252747,30.072527472527472,24.254395604395604,1096.5,1096.5,1467.0,6108363.63,3239.5,671.67,9.424725274725274,24.70604395604396,Q2,1292.14,27.191978021978024,-15.14077421951181,-0.4694505494505527,-0.2666666666666666,Neutral
Davao del Sur,2012,2012Q3,26.50054347826088,29.79836956521739,23.970108695652176,908.8,908.8,1475.0,5895515.82,3218.85,665.71,9.928260869565218,26.7108695652174,Q3,963.65,26.81108695652174,-5.69190058631246,-0.3105434782608647,0.3333333333333333,Neutral
Davao del Sur,2012,2012Q4,26.458695652173912,29.57771739130435,24.195652173913043,1366.7,1366.7,1662.0,6116227.01,3005.51,630.96,10.0,27.42717391304348,Q4,1138.54,26.74701086956522,20.03969996662393,-0.2883152173913075,0.0666666666666666,Neutral
Davao del Sur,2013,2013Q1,26.08,29.111666666666668,23.905,1785.7,1785.7,1890.0,5479099.9,2931.26,613.9,10.598888888888888,27.23777777777778,Q1,1205.54,26.436639804639803,48.12449192892812,-0.3566398046398049,-0.3666666666666667,Neutral
Davao del Sur,2013,2013Q2,27.07472527472528,30.31153846153846,24.684615384615388,1321.8,1321.8,1789.0,5734224.26,3114.23,656.35,9.004945054945056,23.321428571428573,Q2,1292.14,27.191978021978024,2.295416905288908,-0.117252747252742,-0.3666666666666667,Neutral
Davao del Sur,2013,2013Q3,26.492934782608696,29.730434782608693,24.041304347826088,1257.8,1257.8,1713.0,5661459.94,3131.8,650.65,9.456521739130435,25.301086956521736,Q3,963.65,26.81108695652174,30.52456804856535,-0.3181521739130453,-0.3333333333333333,Neutral
Davao del Sur,2013,2013Q4,26.40271739130435,29.569021739130434,24.092934782608697,1286.0,1286.0,1645.0,5978538.6,2939.18,614.7,9.440217391304348,26.217934782608697,Q4,1138.54,26.74701086956522,12.95167495213168,-0.3442934782608695,-0.2333333333333333,Neutral
Davao del Sur,2014,2014Q1,26.01388888888889,29.27111111111111,23.719444444444445,1490.8,1490.8,1610.0,5724284.62,3031.83,643.23,11.237222222222222,27.494444444444444,Q1,1205.54,26.436639804639803,23.66242513728288,-0.4227509157509139,-0.3999999999999999,Neutral
Davao del Sur,2014,2014Q2,27.227472527472525,30.52142857142857,24.75989010989011,1109.2,1109.2,1641.0,6141211.76,3275.48,686.34,8.971978021978023,23.140659340659344,Q2,1292.14,27.191978021978024,-14.157908585756948,0.0354945054945012,0.1333333333333333,Neutral
Davao del Sur,2014,2014Q3,26.66358695652174,29.92391304347826,24.17228260869565,1019.3,1019.3,1427.0,5710898.27,3186.32,662.82,10.1625,26.129891304347822,Q3,963.65,26.81108695652174,5.774918279458308,-0.1475000000000008,0.1,Neutral
Davao del Sur,2014,2014Q4,26.60815217391304,29.90380434782609,24.194021739130434,987.9,987.9,1554.0,6080723.03,3073.61,641.84,9.601630434782608,25.10217391304348,Q4,1138.54,26.74701086956522,-13.230980027052189,-0.1388586956521784,0.6,El Niño
Davao del Sur,2015,2015Q1,26.718333333333334,30.50166666666667,24.07611111111111,676.1,676.1,1115.0,6581420.55,3410.98,737.12,11.735,27.85111111111111,Q1,1205.54,26.436639804639803,-43.91724870182656,0.2816935286935305,0.5,El Niño
Davao del Sur,2015,2015Q2,27.517032967032968,31.12692307692308,24.91263736263737,1148.0,1148.0,1578.0,6345258.39,3365.89,717.18,9.781318681318682,24.390659340659344,Q2,1292.14,27.191978021978024,-11.15513798814369,0.3250549450549442,0.9333333333333332,El Niño
Davao del Sur,2015,2015Q3,26.75543478260869,29.907608695652176,24.44619565217392,908.0,908.0,1416.0,6269563.63,3304.15,683.76,10.882065217391304,28.280978260869563,Q3,963.65,26.81108695652174,-5.774918279458308,-0.0556521739130495,1.8666666666666665,El Niño
Davao del Sur,2015,2015Q4,26.922826086956523,30.275,24.54891304347826,886.2,886.2,1287.0,6685072.88,3234.33,681.1,10.415760869565217,26.48641304347826,Q4,1138.54,26.74701086956522,-22.1634725174346,0.1758152173913032,2.533333333333333,El Niño
Davao del Sur,2016,2016Q1,27.65824175824176,32.011538461538464,24.64450549450549,305.1,305.1,689.0,7012722.46,3683.82,808.18,11.253846153846151,27.78956043956044,Q1,1205.54,26.436639804639803,-74.69183934170579,1.221601953601958,2.066666666666667,El Niño
Davao del Sur,2016,2016Q2,27.843406593406595,31.42252747252747,25.286813186813188,1238.5,1238.5,1710.0,6312918.51,3335.67,715.43,9.621978021978022,25.103296703296703,Q2,1292.14,27.191978021978024,-4.151252960205541,0.6514285714285712,0.3999999999999999,Neutral
Davao del Sur,2016,2016Q3,27.49184782608696,30.833695652173912,24.88858695652174,926.9,926.9,1300.0,6269146.04,3355.57,713.4,10.15,26.650543478260868,Q3,963.65,26.81108695652174,-3.813625278887563,0.6807608695652192,-0.5,La Niña
Davao del Sur,2016,2016Q4,26.67336956521739,29.758152173913043,24.49076086956521,1599.6,1599.6,1800.0,5491004.08,2806.54,591.61,9.409239130434782,24.971739130434784,Q4,1138.54,26.74701086956522,40.49572259209162,-0.0736413043478307,-0.6666666666666666,La Niña
Davao del Sur,2017,2017Q1,26.308333333333334,29.08277777777777,24.171666666666663,1328.0,1328.0,1302.0,5814007.31,3064.67,661.93,16.775555555555556,34.504444444444445,Q1,1205.54,26.436639804639803,10.158103422532644,-0.1283064713064696,-0.1333333333333333,Neutral
Davao del Sur,2017,2017Q2,27.022527472527475,29.665384615384617,24.997252747252748,1661.1,1661.1,1999.0,6502461.23,3609.7,726.49,12.673076923076923,27.89120879120879,Q2,1292.14,27.191978021978024,28.55418143544818,-0.1694505494505485,0.2666666666666666,Neutral
Davao del Sur,2017,2017Q3,26.75326086956522,29.42065217391304,24.72934782608696,1052.6,1052.6,1379.0,6052241.32,3352.96,682.16,12.694021739130434,27.62119565217392,Q3,963.65,26.81108695652174,9.23052975665438,-0.0578260869565205,-0.1333333333333333,Neutral
Davao del Sur,2017,2017Q4,26.95217391304348,29.74673913043478,24.8483695652174,847.4,847.4,1286.0,5821445.49,3115.74,663.87,14.222826086956522,30.01304347826087,Q4,1138.54,26.74701086956522,-25.57134575860313,0.2051630434782616,-0.8333333333333334,La Niña
Davao del Sur,2018,2018Q1,26.665,29.73833333333333,24.216111111111108,817.0,817.0,1104.0,6206954.9,3460.16,729.98,15.46277777777778,31.467777777777776,Q1,1205.54,26.436639804639803,-32.22954028899912,0.2283601953601959,-0.8333333333333334,La Niña
Davao del Sur,2018,2018Q2,27.12692307692308,29.97142857142857,24.92087912087912,1071.0,1071.0,1543.0,6529730.23,3683.92,751.04,12.905494505494506,28.250549450549453,Q2,1292.14,27.191978021978024,-17.114244586499908,-0.0650549450549426,-0.2333333333333333,Neutral
Davao del Sur,2018,2018Q3,27.34130434782609,30.63097826086957,24.92771739130435,459.9,459.9,915.0,6415198.03,3506.61,780.49,15.622282608695652,32.98315217391304,Q3,963.65,26.81108695652174,-52.2752036527785,0.5302173913043475,0.2666666666666666,Neutral
Davao del Sur,2018,2018Q4,27.20271739130435,30.51467391304348,24.75543478260869,945.4,945.4,1496.0,6543898.85,3518.96,751.03,14.554891304347825,31.636413043478264,Q4,1138.54,26.74701086956522,-16.96383087111564,0.4557065217391312,0.8333333333333334,El Niño
Davao del Sur,2019,2019Q1,26.435,29.99833333333333,23.659444444444443,1220.7,1220.7,1079.0,6401109.53,3591.72,804.3100000000001,18.90055555555556,37.62777777777778,Q1,1205.54,26.436639804639803,1.2575277469018102,-0.0016398046398045,0.6999999999999998,El Niño
Davao del Sur,2019,2019Q2,27.32692307692308,30.343406593406595,25.02802197802198,1300.0,1300.0,1561.0,6801516.54,3781.72,781.91,13.754395604395606,29.818131868131868,Q2,1292.14,27.191978021978024,0.6082932190010469,0.1349450549450566,0.5666666666666667,El Niño
Davao del Sur,2019,2019Q3,26.905434782608697,29.69728260869565,24.686956521739127,795.3,795.3,1075.0,6386446.97,3576.67,749.35,15.904347826086957,32.73478260869565,Q3,963.65,26.81108695652174,-17.47003580138017,0.0943478260869561,0.1999999999999999,Neutral
Davao del Sur,2019,2019Q4,27.204891304347825,30.44836956521739,24.720652173913045,1115.4,1115.4,1395.0,6712437.54,3603.41,758.02,13.740217391304348,29.569565217391304,Q4,1138.54,26.74701086956522,-2.032427494861829,0.4578804347826057,0.4333333333333333,Neutral
Davao del Sur,2020,2020Q1,27.02912087912088,30.557692307692307,24.318131868131868,690.5,690.5,1139.0,6779456.3,3756.04,836.01,18.552747252747253,37.13736263736264,Q1,1205.54,26.436639804639803,-42.72276324302802,0.5924810744810785,0.4666666666666666,Neutral
Davao del Sur,2020,2020Q2,27.40384615384616,30.41043956043956,25.1,1478.8,1478.8,1837.0,6451590.79,3733.82,779.6899999999999,13.88901098901099,30.574175824175825,Q2,1292.14,27.191978021978024,14.445803086352878,0.2118681318681332,-0.0666666666666666,Neutral
Davao del Sur,2020,2020Q3,26.92771739130435,29.569565217391304,24.7108695652174,1188.6,1188.6,1693.0,6270298.39,3613.47,724.1,13.13586956521739,28.81413043478261,Q3,963.65,26.81108695652174,23.34353759144917,0.116630434782607,-0.6333333333333333,La Niña
Davao del Sur,2020,2020Q4,26.72119565217391,29.49619565217392,24.60108695652174,1343.2,1343.2,1585.0,5952012.99,3140.25,643.68,12.209782608695653,26.936956521739127,Q4,1138.54,26.74701086956522,17.97565302931826,-0.0258152173913082,-1.2333333333333334,La Niña
Davao del Sur,2021,2021Q1,26.328333333333337,29.22722222222222,24.08666666666667,1250.2,1250.2,1683.0,5912652.37,3307.51,681.27,14.236666666666666,30.292222222222225,Q1,1205.54,26.436639804639803,3.704563929857167,-0.1083064713064665,-0.9,La Niña
Davao del Sur,2021,2021Q2,26.904395604395607,29.69670329670329,24.738461538461536,1791.8,1791.8,1797.0,6197080.67,3522.48,718.66,12.695604395604397,27.485714285714284,Q2,1292.14,27.191978021978024,38.66918445369698,-0.2875824175824171,-0.5333333333333333,La Niña
Davao del Sur,2021,2021Q3,26.97717391304348,29.78369565217391,24.727717391304346,1166.9,1166.9,1517.0,6374227.26,3619.25,740.52,13.180978260869566,28.55923913043478,Q3,963.65,26.81108695652174,21.09168266486796,0.1660869565217382,-0.5333333333333333,La Niña
Davao del Sur,2021,2021Q4,26.76304347826087,29.903260869565216,24.477717391304346,1422.2,1422.2,1447.0,5860777.48,3324.98,694.29,14.505434782608695,29.39565217391305,Q4,1138.54,26.74701086956522,24.914364010047965,0.0160326086956494,-0.9333333333333332,La Niña
Davao del Sur,2022,2022Q1,26.433333333333334,29.836111111111112,23.94111111111111,1383.1,1383.1,1438.0,6013763.41,3550.74,741.58,16.81111111111111,33.01111111111111,Q1,1205.54,26.436639804639803,14.728669310018743,-0.0033064713064696,-0.9666666666666668,La Niña
Davao del Sur,2022,2022Q2,26.63791208791209,29.43076923076923,24.3934065934066,1916.2,1916.2,1899.0,5948791.31,3578.61,719.6,13.62032967032967,28.146703296703297,Q2,1292.14,27.191978021978024,48.29662420480755,-0.5540659340659353,-1.0,La Niña
Davao del Sur,2022,2022Q3,26.7858695652174,29.77717391304348,24.342934782608697,1370.3,1370.3,1305.0,6304748.14,3738.05,754.81,13.465760869565216,27.86304347826087,Q3,963.65,26.81108695652174,42.198931147200746,-0.0252173913043449,-0.9,La Niña
Davao del Sur,2022,2022Q4,26.659239130434784,29.794565217391305,24.32119565217392,1565.4,1565.4,1542.0,5893875.57,3308.11,683.35,14.325,29.14891304347826,Q4,1138.54,26.74701086956522,37.49187555992764,-0.0877717391304351,-0.9,La Niña
Davao del Sur,2023,2023Q1,26.17888888888889,29.496111111111112,23.80055555555556,1392.9,1392.9,1577.0,5648474.12,3394.06,697.37,16.434444444444445,32.132777777777775,Q1,1205.54,26.436639804639803,15.541583025034436,-0.2577509157509148,-0.3999999999999999,Neutral
Davao del Sur,2023,2023Q2,27.184615384615388,30.41263736263737,24.78131868131868,1193.0,1193.0,1465.0,6432240.19,3706.74,760.81,13.732417582417584,28.32087912087912,Q2,1292.14,27.191978021978024,-7.672543222870577,-0.007362637362636,0.5,El Niño
Davao del Sur,2023,2023Q3,27.02880434782609,30.633152173913043,24.429891304347827,934.5,934.5,1204.0,6211035.71,3540.07,761.06,15.092391304347826,33.014673913043474,Q3,963.65,26.81108695652174,-3.0249571940019693,0.2177173913043475,1.3333333333333333,El Niño
Davao del Sur,2023,2023Q4,27.150543478260868,31.07880434782609,24.30869565217392,1079.9,1079.9,1383.0,6478161.62,3612.34,766.96,14.156521739130437,31.20543478260869,Q4,1138.54,26.74701086956522,-5.150455846961888,0.4035326086956488,1.9,El Niño
Davao del Sur,2024,2024Q1,27.0967032967033,31.0989010989011,24.10164835164835,1153.3,1153.3,1112.0,6505881.31,3792.14,865.21,19.26538461538461,39.14120879120879,Q1,1205.54,26.436639804639803,-4.3333278033080616,0.6600634920634967,1.4666666666666668,El Niño
Davao del Sur,2024,2024Q2,27.67142857142857,31.58186813186813,24.71538461538461,1424.8,1424.8,1484.0,6614654.75,3952.85,843.21,14.77307692307692,33.00989010989011,Q2,1292.14,27.191978021978024,10.266689368025144,0.4794505494505472,0.4333333333333333,Neutral
Davao del Sur,2024,2024Q3,26.95978260869565,30.32771739130435,24.445108695652173,1146.8,1146.8,1426.0,6090497.69,3609.18,752.22,14.27282608695652,31.37336956521739,Q3,963.65,26.81108695652174,19.005863124578426,0.1486956521739095,-0.1,Neutral
Davao del Sur,2024,2024Q4,27.299444444444443,31.176923076923075,24.575274725274724,1149.4,1149.4,1387.0,6187741.84,3454.63,750.5,14.616483516483516,33.51373626373626,Q4,1138.54,26.74701086956522,0.9538531803889304,0.552433574879224,-0.3999999999999999,Neutral
Davao del Sur,2025,2025Q1,26.6376404494382,30.66,23.92055555555556,1495.6,1495.6,1588.0,5857778.51,3438.85,735.12,15.975555555555555,36.35166666666667,Q1,1205.54,26.436639804639803,24.06058695688239,0.2010006447983983,-0.3999999999999999,Neutral
Davao del Sur,2025,2025Q2,28.02472527472528,32.15494505494505,24.935714285714287,681.5,15.2,900.0,6067099.21,3609.52,774.17,11.173626373626371,25.43516483516484,Q2,1292.14,27.191978021978024,-47.2580370548083,0.8327472527472537,-0.1,Neutral
Davao del Sur,2025,2025Q3,27.85326086956522,32.50380434782608,24.31358695652174,616.0,10.4,864.0,5973075.72,3501.78,774.93,12.484782608695651,27.47228260869565,Q3,963.65,26.81108695652174,-36.07637627769418,1.0421739130434773,-0.3,Neutral
Davao del Sur,2025,2025Q4,27.841803278688523,32.67704918032787,24.198360655737705,581.0,3.4,703.0,3881683.29,2203.07,483.42,11.059016393442624,24.57049180327869,Q4,1138.54,26.74701086956522,-48.96973316703848,1.094792409123304,-0.6,La Niña
Eastern Samar,2010,2010Q1,25.67555555555556,27.703333333333337,24.17888888888889,374.0,374.0,868.0,3298514.25,1663.77,332.07,19.746666666666663,39.19111111111111,Q1,906.82,25.45335164835165,-58.75697492335855,0.2222039072039123,1.1666666666666667,El Niño
Eastern Samar,2010,2010Q2,27.427472527472528,29.71208791208792,25.583516483516483,281.7,281.7,787.0,3730909.52,1995.16,400.36,14.925274725274726,31.932967032967035,Q2,593.75,27.065494505494502,-52.55578947368421,0.3619780219780217,-0.1666666666666666,Neutral
Eastern Samar,2010,2010Q3,27.00326086956522,29.43804347826088,25.13043478260869,743.2,743.2,1061.0,3192572.55,1712.51,345.52,12.146739130434783,27.14673913043478,Q3,706.3100000000001,27.23532608695652,5.22291911483626,-0.2320652173912982,-1.3,La Niña
Eastern Samar,2010,2010Q4,26.22826086956522,28.407608695652176,24.73586956521739,801.6,801.6,1380.0,2958294.12,1398.17,276.06,13.479347826086956,29.48260869565217,Q4,998.67,26.29,-19.733245216137465,-0.0617391304347805,-1.6000000000000003,La Niña
Eastern Samar,2011,2011Q1,25.146666666666665,26.99111111111111,23.917777777777776,1474.7,1474.7,1600.0,2334987.93,1244.99,246.22,21.427777777777777,41.67666666666667,Q1,906.82,25.45335164835165,62.62323283562339,-0.3066849816849846,-1.1666666666666667,La Niña
Eastern Samar,2011,2011Q2,26.436263736263733,28.55604395604396,24.83076923076923,911.2,911.2,1087.0,2901185.9,1596.81,319.64,15.932967032967031,33.301098901098904,Q2,593.75,27.065494505494502,53.465263157894746,-0.629230769230773,-0.5666666666666667,La Niña
Eastern Samar,2011,2011Q3,27.167391304347827,29.88913043478261,25.33478260869565,642.6,642.6,818.0,3131996.18,1731.41,361.74,13.57391304347826,32.58152173913044,Q3,706.3100000000001,27.23532608695652,-9.020118644787704,-0.0679347826086917,-0.6333333333333333,La Niña
Eastern Samar,2011,2011Q4,26.18260869565217,28.323913043478264,24.69347826086957,854.9,854.9,1348.0,3052973.78,1445.09,281.54,15.48804347826087,33.596739130434784,Q4,998.67,26.29,-14.396146875344217,-0.1073913043478285,-1.0333333333333334,La Niña
Eastern Samar,2012,2012Q1,25.525274725274727,27.436263736263733,24.186813186813183,890.3,890.3,1404.0,2956451.97,1500.06,288.77,19.27472527472528,37.86593406593407,Q1,906.82,25.45335164835165,-1.8217507333318728,0.0719230769230776,-0.7333333333333334,La Niña
Eastern Samar,2012,2012Q2,27.11318681318681,29.623076923076923,25.23516483516484,503.4,503.4,855.0,3379853.23,1860.11,374.41,12.79010989010989,28.94835164835165,Q2,593.75,27.065494505494502,-15.21684210526316,0.047692307692305,-0.2666666666666666,Neutral
Eastern Samar,2012,2012Q3,27.18152173913043,29.77065217391305,25.418478260869566,682.5,682.5,807.0,3049857.52,1703.68,360.92,14.701086956521738,34.047826086956526,Q3,706.3100000000001,27.23532608695652,-3.371041044300669,-0.0538043478260874,0.3333333333333333,Neutral
Eastern Samar,2012,2012Q4,26.25108695652174,28.35217391304348,24.768478260869564,902.6,902.6,1164.0,3041480.57,1481.9,294.33,18.592391304347824,38.61304347826087,Q4,998.67,26.29,-9.619794326454189,-0.03891304347826,0.0666666666666666,Neutral
Eastern Samar,2013,2013Q1,25.64333333333333,27.54,24.28333333333333,778.0,778.0,1237.0,2913173.04,1500.46,297.78,20.7,40.81666666666667,Q1,906.82,25.45335164835165,-14.20568580313624,0.1899816849816815,-0.3666666666666667,Neutral
Eastern Samar,2013,2013Q2,27.15824175824176,29.46483516483517,25.312087912087915,640.2,640.2,968.0,3148668.72,1789.87,360.04,13.407692307692306,29.178021978021977,Q2,593.75,27.065494505494502,7.82315789473685,0.0927472527472552,-0.3666666666666667,Neutral
Eastern Samar,2013,2013Q3,26.85869565217392,29.32717391304348,25.11847826086957,772.5,772.5,1045.0,2949351.27,1621.26,334.79,13.878260869565215,31.7,Q3,706.3100000000001,27.23532608695652,9.371239257549792,-0.3766304347826015,-0.3333333333333333,Neutral
Eastern Samar,2013,2013Q4,26.168478260869566,28.392391304347825,24.67934782608696,774.9,774.9,1250.0,3113719.59,1486.26,292.66,17.428260869565214,36.73586956521739,Q4,998.67,26.29,-22.406801045390377,-0.1215217391304328,-0.2333333333333333,Neutral
Eastern Samar,2014,2014Q1,25.038888888888888,26.83,23.68555555555556,1135.7,1135.7,1113.0,2733081.85,1422.15,293.29,23.11888888888889,44.54777777777778,Q1,906.82,25.45335164835165,25.23984914315961,-0.4144627594627614,-0.3999999999999999,Neutral
Eastern Samar,2014,2014Q2,27.130769230769232,29.50879120879121,25.29890109890109,685.0,685.0,1005.0,3390160.66,1830.4,363.57,13.245054945054944,28.904395604395607,Q2,593.75,27.065494505494502,15.36842105263158,0.0652747252747261,0.1333333333333333,Neutral
Eastern Samar,2014,2014Q3,27.13695652173913,29.722826086956523,25.35108695652174,892.0,892.0,917.0,2851344.86,1619.98,343.37,14.031521739130437,31.59021739130435,Q3,706.3100000000001,27.23532608695652,26.29015588056235,-0.0983695652173892,0.1,Neutral
Eastern Samar,2014,2014Q4,26.097826086956523,28.166304347826088,24.70543478260869,1156.6,1156.6,1237.0,2803109.0,1373.54,275.24,17.99891304347826,36.94130434782608,Q4,998.67,26.29,15.81403266344236,-0.1921739130434758,0.6,El Niño
Eastern Samar,2015,2015Q1,25.27111111111111,27.313333333333333,23.78666666666667,492.3,492.3,964.0,3235084.64,1618.49,328.91,20.586666666666662,39.92666666666667,Q1,906.82,25.45335164835165,-45.711387044838006,-0.1822405372405384,0.5,El Niño
Eastern Samar,2015,2015Q2,26.96153846153846,29.405494505494502,25.057142857142853,380.6,380.6,839.0,3492423.86,1901.43,380.5,13.36043956043956,28.765934065934065,Q2,593.75,27.065494505494502,-35.89894736842105,-0.103956043956046,0.9333333333333332,El Niño
Eastern Samar,2015,2015Q3,27.43478260869565,30.155434782608697,25.54891304347826,552.8,552.8,777.0,3401401.47,1818.46,382.47,13.809782608695652,31.65108695652174,Q3,706.3100000000001,27.23532608695652,-21.73408276818962,0.1994565217391297,1.8666666666666665,El Niño
Eastern Samar,2015,2015Q4,26.542391304347827,28.68152173913043,24.995652173913044,436.9,436.9,1113.0,3262533.73,1580.29,317.11,17.444565217391304,36.48369565217392,Q4,998.67,26.29,-56.25181491383541,0.2523913043478281,2.533333333333333,El Niño
Eastern Samar,2016,2016Q1,25.75824175824176,27.924175824175823,24.16813186813187,367.2,367.2,891.0,3472130.91,1754.17,337.67,18.17252747252748,36.88241758241758,Q1,906.82,25.45335164835165,-59.50684810657022,0.3048901098901098,2.066666666666667,El Niño
Eastern Samar,2016,2016Q2,27.27692307692308,29.520879120879123,25.55604395604396,530.6,530.6,1028.0,3467312.02,1865.06,370.74,14.378021978021978,31.127472527472527,Q2,593.75,27.065494505494502,-10.635789473684207,0.2114285714285735,0.3999999999999999,Neutral
Eastern Samar,2016,2016Q3,27.55760869565217,30.13804347826087,25.79891304347826,800.2,800.2,853.0,3134685.09,1719.5,361.49,13.705434782608696,31.644565217391307,Q3,706.3100000000001,27.23532608695652,13.293029972674884,0.3222826086956516,-0.5,La Niña
Eastern Samar,2016,2016Q4,26.35434782608696,28.415217391304346,24.991304347826084,942.2,942.2,1321.0,2804744.77,1358.05,271.7,17.041304347826088,34.9804347826087,Q4,998.67,26.29,-5.654520512281336,0.0643478260869585,-0.6666666666666666,La Niña
Eastern Samar,2017,2017Q1,25.431111111111115,27.276666666666667,24.08888888888889,1588.0,1588.0,1581.0,2484803.27,1279.52,264.22,20.488888888888887,47.878888888888895,Q1,906.82,25.45335164835165,75.1174433735471,-0.0222405372405347,-0.1333333333333333,Neutral
Eastern Samar,2017,2017Q2,26.954945054945057,29.463736263736266,25.05164835164835,879.3,879.3,1197.0,3385264.0,1795.51,352.9,12.35934065934066,33.409890109890114,Q2,593.75,27.065494505494502,48.09263157894736,-0.110549450549449,0.2666666666666666,Neutral
Eastern Samar,2017,2017Q3,27.116304347826084,30.176086956521736,25.01304347826087,819.6,819.6,879.0,2871197.13,1609.98,332.75,11.444565217391306,30.72391304347826,Q3,706.3100000000001,27.23532608695652,16.03969928218487,-0.1190217391304351,-0.1333333333333333,Neutral
Eastern Samar,2017,2017Q4,26.3,28.60652173913044,24.73695652173913,1811.0,1811.0,1525.0,2488625.57,1237.25,252.14,16.034782608695654,40.16847826086956,Q4,998.67,26.29,81.34118377441996,0.0100000000000015,-0.8333333333333334,La Niña
Eastern Samar,2018,2018Q1,25.78,27.93,24.31222222222222,1383.0,1383.0,1515.0,2523201.65,1369.73,273.34,17.89888888888889,42.95555555555556,Q1,906.82,25.45335164835165,52.51097240907787,0.3266483516483518,-0.8333333333333334,La Niña
Eastern Samar,2018,2018Q2,27.04615384615384,29.654945054945053,25.04725274725275,570.2,570.2,1113.0,3284201.76,1780.76,357.13,12.282417582417583,33.067032967032965,Q2,593.75,27.065494505494502,-3.966315789473677,-0.019340659340667,-0.2333333333333333,Neutral
Eastern Samar,2018,2018Q3,27.40978260869565,30.59130434782609,25.20108695652174,523.7,523.7,688.0,3032505.42,1714.21,366.09,14.209782608695653,37.720652173913045,Q3,706.3100000000001,27.23532608695652,-25.85408673245459,0.1744565217391311,0.2666666666666666,Neutral
Eastern Samar,2018,2018Q4,26.22934782608696,28.43913043478261,24.631521739130434,1520.7,1520.7,1540.0,2894317.28,1430.32,283.7,16.715217391304346,41.37391304347826,Q4,998.67,26.29,52.27252245486497,-0.0606521739130414,0.8333333333333334,El Niño
Eastern Samar,2019,2019Q1,25.26333333333333,27.37,23.64888888888889,585.0,585.0,1162.0,3225496.28,1651.77,335.3,19.066666666666663,44.87111111111111,Q1,906.82,25.45335164835165,-35.48885115017313,-0.190018315018321,0.6999999999999998,El Niño
Eastern Samar,2019,2019Q2,27.14945054945055,29.790109890109893,25.042857142857144,555.3,555.3,1140.0,3360737.13,1864.95,370.81,11.82967032967033,32.293406593406594,Q2,593.75,27.065494505494502,-6.475789473684218,0.0839560439560429,0.5666666666666667,El Niño
Eastern Samar,2019,2019Q3,27.48695652173913,30.52391304347826,25.23478260869565,634.0,634.0,803.0,2836188.86,1660.83,357.19,13.778260869565216,35.75108695652174,Q3,706.3100000000001,27.23532608695652,-10.23771431807564,0.2516304347826121,0.1999999999999999,Neutral
Eastern Samar,2019,2019Q4,26.54565217391304,29.21521739130435,24.64891304347826,785.3,785.3,1297.0,3108946.14,1536.6,310.89,14.753260869565215,38.00760869565217,Q4,998.67,26.29,-21.36541600328438,0.2556521739130417,0.4333333333333333,Neutral
Eastern Samar,2020,2020Q1,25.66923076923077,27.81648351648352,24.057142857142853,754.1,754.1,1408.0,3311383.84,1649.81,324.84,18.00989010989011,43.09450549450549,Q1,906.82,25.45335164835165,-16.841269491188992,0.2158791208791193,0.4666666666666666,Neutral
Eastern Samar,2020,2020Q2,27.09450549450549,29.506593406593407,25.21208791208792,678.5,678.5,1395.0,3345449.09,1840.35,361.79,13.237362637362637,34.54615384615384,Q2,593.75,27.065494505494502,14.273684210526316,0.0290109890109846,-0.0666666666666666,Neutral
Eastern Samar,2020,2020Q3,27.13695652173913,30.042391304347827,24.948913043478264,753.6,753.6,1098.0,2998038.74,1669.05,339.48,10.819565217391304,30.25108695652174,Q3,706.3100000000001,27.23532608695652,6.695360394161199,-0.0983695652173892,-0.6333333333333333,La Niña
Eastern Samar,2020,2020Q4,26.436956521739127,28.89891304347826,24.85217391304348,1275.5,1275.5,1552.0,2530826.29,1279.83,256.62,14.076086956521738,36.71630434782609,Q4,998.67,26.29,27.71986742367348,0.1469565217391277,-1.2333333333333334,La Niña
Eastern Samar,2021,2021Q1,25.74777777777778,27.864444444444448,24.23111111111111,1844.4,1844.4,1734.0,2627174.26,1360.45,269.53,17.533333333333335,42.78888888888889,Q1,906.82,25.45335164835165,103.39207339935156,0.2944261294261316,-0.9,La Niña
Eastern Samar,2021,2021Q2,26.94835164835165,29.587912087912088,24.86703296703297,797.7,797.7,1248.0,3284328.51,1772.69,354.11,13.542857142857144,35.748351648351644,Q2,593.75,27.065494505494502,34.34947368421054,-0.1171428571428556,-0.5333333333333333,La Niña
Eastern Samar,2021,2021Q3,27.39130434782609,30.42934782608696,25.192391304347822,761.0,761.0,990.0,3064697.79,1696.04,356.99,13.141304347826088,35.16630434782609,Q3,706.3100000000001,27.23532608695652,7.743058996757789,0.1559782608695705,-0.5333333333333333,La Niña
Eastern Samar,2021,2021Q4,26.044565217391305,28.419565217391305,24.377173913043475,1382.8,1382.8,1604.0,2287722.21,1260.46,255.72,16.891304347826086,40.225,Q4,998.67,26.29,38.46415732924788,-0.2454347826086937,-0.9333333333333332,La Niña
Eastern Samar,2022,2022Q1,25.452222222222225,27.58333333333333,23.778888888888886,1234.3,1234.3,1601.0,2405523.37,1401.45,279.21,17.90222222222222,41.09777777777778,Q1,906.82,25.45335164835165,36.11301029972871,-0.0011294261294239,-0.9666666666666668,La Niña
Eastern Samar,2022,2022Q2,26.59450549450549,29.16043956043956,24.467032967032967,957.3,957.3,1276.0,2926559.14,1748.35,344.57,14.27912087912088,34.4923076923077,Q2,593.75,27.065494505494502,61.229473684210525,-0.4709890109890153,-1.0,La Niña
Eastern Samar,2022,2022Q3,27.02173913043478,30.48260869565217,24.61195652173913,894.0,894.0,887.0,3026419.34,1765.27,360.85,10.929347826086955,28.321739130434786,Q3,706.3100000000001,27.23532608695652,26.57331766504792,-0.2135869565217376,-0.9,La Niña
Eastern Samar,2022,2022Q4,26.23804347826087,28.75434782608696,24.416304347826088,1144.6,1144.6,1524.0,2419556.31,1353.25,273.48,15.31195652173913,36.167391304347824,Q4,998.67,26.29,14.612434537935435,-0.0519565217391289,-0.9,La Niña
Eastern Samar,2023,2023Q1,25.36777777777778,27.486666666666668,23.73,1791.2,1791.2,1610.0,2244896.65,1363.81,270.19,18.995555555555555,42.95777777777778,Q1,906.82,25.45335164835165,97.52541849540152,-0.0855738705738708,-0.3999999999999999,Neutral
Eastern Samar,2023,2023Q2,27.23076923076923,30.384615384615383,24.83516483516484,579.1,579.1,934.0,3328097.92,1918.19,390.73,12.906593406593409,31.861538461538466,Q2,593.75,27.065494505494502,-2.467368421052628,0.1652747252747239,0.5,El Niño
Eastern Samar,2023,2023Q3,27.7108695652174,31.267391304347825,25.186956521739127,560.0,560.0,746.0,3118663.15,1845.47,391.63,13.81413043478261,33.22608695652174,Q3,706.3100000000001,27.23532608695652,-20.71470034404157,0.475543478260878,1.3333333333333333,El Niño
Eastern Samar,2023,2023Q4,26.665217391304346,29.506521739130434,24.619565217391305,1077.6,1077.6,1389.0,2979123.55,1576.29,315.32,14.881521739130434,35.19347826086957,Q4,998.67,26.29,7.903511670521778,0.3752173913043464,1.9,El Niño
Eastern Samar,2024,2024Q1,25.982417582417582,28.357142857142858,24.136263736263736,577.8,577.8,1279.0,3143281.97,1749.57,354.01,18.984615384615385,41.66593406593407,Q1,906.82,25.45335164835165,-36.28283452063255,0.5290659340659332,1.4666666666666668,El Niño
Eastern Samar,2024,2024Q2,27.529670329670328,30.357142857142858,25.243956043956043,544.5,544.5,1062.0,3466818.47,2026.71,404.26,13.95054945054945,33.245054945054946,Q2,593.75,27.065494505494502,-8.294736842105262,0.4641758241758218,0.4333333333333333,Neutral
Eastern Samar,2024,2024Q3,27.52717391304348,30.941304347826087,25.22826086956522,780.7,780.7,965.0,3031944.44,1769.63,368.6,11.718478260869563,29.97717391304348,Q3,706.3100000000001,27.23532608695652,10.532202573940618,0.2918478260869612,-0.1,Neutral
Eastern Samar,2024,2024Q4,26.48777777777778,29.25604395604396,24.624175824175826,1267.6,1267.6,1340.0,2550263.03,1380.67,278.19,14.221978021978025,35.4010989010989,Q4,998.67,26.29,26.92881532438141,0.1977777777777802,-0.3999999999999999,Neutral
Eastern Samar,2025,2025Q1,25.519101123595505,27.974444444444444,23.87555555555556,1458.7,1458.7,1704.0,2386139.86,1394.13,266.3,15.606666666666666,38.70444444444445,Q1,906.82,25.45335164835165,60.85882534571358,0.0657494752438552,-0.3999999999999999,Neutral
Eastern Samar,2025,2025Q2,26.81868131868132,29.91978021978022,24.465934065934068,381.1,17.5,782.0,3032837.41,1703.58,338.61,11.124175824175824,28.296703296703296,Q2,593.75,27.065494505494502,-35.81473684210526,-0.2468131868131848,-0.1,Neutral
Eastern Samar,2025,2025Q3,26.18152173913043,29.9,23.578260869565216,449.6,102.2,516.0,2537537.13,1541.97,321.72,11.67608695652174,32.48695652173913,Q3,706.3100000000001,27.23532608695652,-36.34523084764481,-1.0538043478260877,-0.3,Neutral
Eastern Samar,2025,2025Q4,25.645901639344263,28.51475409836065,23.64754098360656,357.2,49.6,475.0,1726900.03,880.36,174.37,11.8,35.94754098360656,Q4,998.67,26.29,-64.23242913074388,-0.644098360655736,-0.6,La Niña
Ilocos Norte,2010,2010Q1,25.35611111111111,30.092777777777776,21.61277777777778,80.7,80.7,348.0,6871347.01,3586.92,856.92,19.56833333333333,37.35388888888889,Q1,142.27,25.243931013431016,-43.27686792718071,0.1121800976800955,1.1666666666666667,El Niño
Ilocos Norte,2010,2010Q2,27.70934065934066,31.12197802197802,24.70054945054945,911.6,911.6,995.0,7159664.47,4076.44,885.05,15.008791208791209,30.964285714285715,Q2,1115.14,27.7606043956044,-18.252416736911947,-0.0512637362637349,-0.1666666666666666,Neutral
Ilocos Norte,2010,2010Q3,26.533152173913045,29.408152173913045,24.26032608695652,2087.3,2087.3,1761.0,6134540.37,3493.38,716.19,14.425,30.285326086956523,Q3,2807.8,26.45967391304348,-25.66065959113897,0.0734782608695638,-1.3,La Niña
Ilocos Norte,2010,2010Q4,25.63695652173913,28.86413043478261,23.37336956521739,1004.7,1004.7,1141.0,6136268.66,2848.59,687.68,21.88043478260869,41.3320652173913,Q4,723.9300000000001,25.987065217391308,38.78413658779163,-0.3501086956521781,-1.6000000000000003,La Niña
Ilocos Norte,2011,2011Q1,24.366666666666667,28.539444444444445,21.43111111111111,227.8,227.8,702.0,6386149.2,3148.68,851.45,25.34,47.58444444444445,Q1,142.27,25.243931013431016,60.118085330709214,-0.8772643467643491,-1.1666666666666667,La Niña
Ilocos Norte,2011,2011Q2,27.09945054945055,30.7978021978022,23.90274725274725,1509.8,1509.8,1012.0,6900520.46,3979.39,889.08,16.083516483516483,33.75,Q2,1115.14,27.7606043956044,35.39107197302582,-0.6611538461538444,-0.5666666666666667,La Niña
Ilocos Norte,2011,2011Q3,25.948913043478264,28.407608695652176,24.07228260869565,2818.7,2818.7,2384.0,5642770.11,3216.64,645.4,17.8625,36.317934782608695,Q3,2807.8,26.45967391304348,0.3882042880546917,-0.5107608695652175,-0.6333333333333333,La Niña
Ilocos Norte,2011,2011Q4,25.55271739130435,28.582065217391307,23.436956521739127,1084.8,1084.8,1339.0,5754602.7,2719.68,654.55,21.77663043478261,41.926086956521736,Q4,723.9300000000001,25.987065217391308,49.8487422817123,-0.4343478260869595,-1.0333333333333334,La Niña
Ilocos Norte,2012,2012Q1,25.214285714285715,29.31153846153846,22.164285714285715,227.9,227.9,594.0,6550094.6,3328.59,798.2,20.698901098901096,39.286813186813184,Q1,142.27,25.243931013431016,60.18837421803613,-0.0296452991453008,-0.7333333333333334,La Niña
Ilocos Norte,2012,2012Q2,27.096153846153847,30.19945054945055,24.43351648351648,1323.8,1323.8,1414.0,6952810.85,3850.12,806.19,16.313736263736264,34.111538461538466,Q2,1115.14,27.7606043956044,18.711551912764328,-0.6644505494505495,-0.2666666666666666,Neutral
Ilocos Norte,2012,2012Q3,25.939673913043475,28.3483695652174,24.069565217391304,2787.7,2787.7,2312.0,5839512.79,3256.82,648.13,18.285326086956523,37.506521739130434,Q3,2807.8,26.45967391304348,-0.7158629532018079,-0.5200000000000067,0.3333333333333333,Neutral
Ilocos Norte,2012,2012Q4,25.84021739130435,29.6,23.069565217391304,508.5,508.5,642.0,6393441.51,3092.18,740.16,19.765760869565216,36.91847826086956,Q4,723.9300000000001,25.987065217391308,-29.75840205544736,-0.1468478260869581,0.0666666666666666,Neutral
Ilocos Norte,2013,2013Q1,25.71166666666667,30.045,22.414444444444445,181.4,181.4,427.0,6750736.47,3415.24,851.05,21.13111111111111,39.59722222222222,Q1,142.27,25.243931013431016,27.50404161102129,0.4677356532356533,-0.3666666666666667,Neutral
Ilocos Norte,2013,2013Q2,27.7956043956044,31.31978021978022,24.861538461538466,853.4,853.4,998.0,7096711.8,4026.57,881.96,14.803846153846155,31.186263736263733,Q2,1115.14,27.7606043956044,-23.47149236867119,0.0350000000000036,-0.3666666666666667,Neutral
Ilocos Norte,2013,2013Q3,26.390760869565216,29.095652173913045,24.27445652173913,2742.1,2742.1,2081.0,5820200.3,3345.44,689.02,16.40108695652174,34.32336956521739,Q3,2807.8,26.45967391304348,-2.3399102500178173,-0.0689130434782647,-0.3333333333333333,Neutral
Ilocos Norte,2013,2013Q4,25.1375,28.213043478260868,22.95,730.0,730.0,1069.0,6279289.58,2847.11,686.05,22.597826086956523,42.62934782608696,Q4,723.9300000000001,25.987065217391308,0.8384788584531564,-0.8495652173913086,-0.2333333333333333,Neutral
Ilocos Norte,2014,2014Q1,23.889444444444447,28.14888888888889,20.65055555555556,138.0,138.0,466.0,6734511.52,3437.53,824.27,21.951666666666668,41.025,Q1,142.27,25.243931013431016,-3.0013354888592185,-1.3544865689865695,-0.3999999999999999,Neutral
Ilocos Norte,2014,2014Q2,27.70054945054945,31.13846153846153,24.565934065934066,1128.1,1128.1,924.0,7164531.51,4032.81,877.58,15.6521978021978,32.76043956043956,Q2,1115.14,27.7606043956044,1.162185913876288,-0.0600549450549472,0.1333333333333333,Neutral
Ilocos Norte,2014,2014Q3,26.5358695652174,29.12391304347826,24.405434782608697,2364.9,2364.9,1898.0,6256090.26,3492.27,717.31,18.58695652173913,37.48913043478261,Q3,2807.8,26.45967391304348,-15.77391552104851,0.0761956521739151,0.1,Neutral
Ilocos Norte,2014,2014Q4,25.78804347826087,29.36413043478261,23.31141304347826,318.1,318.1,785.0,6479096.61,2993.77,782.5,23.395108695652173,43.77119565217391,Q4,723.9300000000001,25.987065217391308,-56.05928750017267,-0.1990217391304369,0.6,El Niño
Ilocos Norte,2015,2015Q1,24.48777777777778,29.02055555555556,21.03611111111111,160.0,160.0,457.0,6668208.74,3375.28,842.5,21.574444444444445,40.855555555555554,Q1,142.27,25.243931013431016,12.462219723061777,-0.7561532356532368,0.5,El Niño
Ilocos Norte,2015,2015Q2,27.915384615384617,31.81043956043956,24.44120879120879,457.0,457.0,702.0,7601362.8,4333.99,952.02,14.906593406593409,31.60439560439561,Q2,1115.14,27.7606043956044,-59.018598561615576,0.1547802197802212,0.9333333333333332,El Niño
Ilocos Norte,2015,2015Q3,26.282065217391303,28.80652173913043,24.125,3510.8,3510.8,2002.0,5995247.57,3334.59,681.6,17.72554347826087,35.87445652173913,Q3,2807.8,26.45967391304348,25.037395825913528,-0.1776086956521787,1.8666666666666665,El Niño
Ilocos Norte,2015,2015Q4,26.07445652173913,29.69184782608696,23.35760869565217,1054.4,1054.4,880.0,6178825.25,3031.72,717.38,20.785326086956523,39.09347826086957,Q4,723.9300000000001,25.987065217391308,45.6494412443192,0.0873913043478218,2.533333333333333,El Niño
Ilocos Norte,2016,2016Q1,24.8978021978022,28.964285714285715,21.84450549450549,174.0,174.0,565.0,6667461.08,3315.65,792.11,20.821978021978023,38.93296703296704,Q1,142.27,25.243931013431016,22.30266394882968,-0.3461288156288162,2.066666666666667,El Niño
Ilocos Norte,2016,2016Q2,27.890659340659344,31.30879120879121,24.87197802197802,829.5,829.5,1043.0,7252812.64,4112.37,870.38,13.446153846153845,29.238461538461536,Q2,1115.14,27.7606043956044,-25.61472102157576,0.1300549450549475,0.3999999999999999,Neutral
Ilocos Norte,2016,2016Q3,26.419565217391305,28.77228260869565,24.54510869565217,3242.3,3242.3,2387.0,5385067.55,3160.99,642.96,17.90869565217391,35.94619565217391,Q3,2807.8,26.45967391304348,15.474748913740294,-0.0401086956521758,-0.5,La Niña
Ilocos Norte,2016,2016Q4,26.261413043478264,29.48478260869565,23.95815217391305,1300.5,1300.5,1376.0,5925612.11,2799.0,694.12,22.18804347826087,42.994565217391305,Q4,723.9300000000001,25.987065217391308,79.64444076084702,0.2743478260869558,-0.6666666666666666,La Niña
Ilocos Norte,2017,2017Q1,26.037222222222223,30.69333333333333,22.258888888888887,103.3,103.3,240.0,6518591.05,3409.07,816.74,17.91111111111111,36.71111111111111,Q1,142.27,25.243931013431016,-27.391579391298244,0.7932912087912065,-0.1333333333333333,Neutral
Ilocos Norte,2017,2017Q2,27.99615384615385,31.904945054945053,24.747252747252748,1244.6,1244.6,1178.0,7042834.55,3975.44,857.14,14.812087912087913,33.37197802197802,Q2,1115.14,27.7606043956044,11.609304661298138,0.2355494505494526,0.2666666666666666,Neutral
Ilocos Norte,2017,2017Q3,27.17717391304348,30.533152173913045,24.63043478260869,2351.2,2351.2,1714.0,5689821.59,3249.16,680.79,14.23858695652174,32.05054347826087,Q3,2807.8,26.45967391304348,-16.261842011539297,0.7174999999999976,-0.1333333333333333,Neutral
Ilocos Norte,2017,2017Q4,26.69347826086957,30.561956521739127,23.72608695652174,404.9,404.9,458.0,6090140.99,2990.8,712.08,16.73804347826087,35.31956521739131,Q4,723.9300000000001,25.987065217391308,-44.06917795919496,0.7064130434782605,-0.8333333333333334,La Niña
Ilocos Norte,2018,2018Q1,26.17222222222222,30.870555555555555,22.48611111111111,88.6,88.6,205.0,6685304.63,3525.27,844.97,17.954444444444444,37.23555555555556,Q1,142.27,25.243931013431016,-37.72404582835455,0.9282912087912044,-0.8333333333333334,La Niña
Ilocos Norte,2018,2018Q2,28.178571428571427,32.10384615384615,24.83296703296704,1511.5,1511.5,1283.0,6861402.59,3798.26,833.86,15.414835164835164,34.48571428571428,Q2,1115.14,27.7606043956044,35.54351919938305,0.4179670329670308,-0.2333333333333333,Neutral
Ilocos Norte,2018,2018Q3,26.48804347826087,29.454891304347825,24.20108695652174,3433.9,3433.9,2610.0,5092315.66,2997.47,618.28,18.17445652173913,38.0179347826087,Q3,2807.8,26.45967391304348,22.29859676615143,0.0283695652173889,0.2666666666666666,Neutral
Ilocos Norte,2018,2018Q4,26.745652173913044,31.332608695652173,22.80652173913043,253.0,253.0,407.0,6634223.6,3360.95,772.78,15.353804347826086,32.341847826086955,Q4,723.9300000000001,25.987065217391308,-65.05186965590596,0.7585869565217358,0.8333333333333334,El Niño
Ilocos Norte,2019,2019Q1,26.306111111111115,31.59611111111112,21.40055555555556,41.0,41.0,181.0,6840675.08,3724.63,858.98,17.766111111111112,37.55611111111112,Q1,142.27,25.243931013431016,-71.18155619596543,1.0621800976800984,0.6999999999999998,El Niño
Ilocos Norte,2019,2019Q2,28.224175824175827,32.183516483516485,24.95769230769231,1382.1,1382.1,1578.0,6768513.71,3831.2,827.55,15.495604395604394,34.14725274725275,Q2,1115.14,27.7606043956044,23.93959502842693,0.4635714285714307,0.5666666666666667,El Niño
Ilocos Norte,2019,2019Q3,26.881521739130434,29.94184782608696,24.58858695652174,2739.1,2739.1,2476.0,5321478.5,3162.35,658.11,18.45217391304348,38.52880434782609,Q3,2807.8,26.45967391304348,-2.446755466913608,0.4218478260869531,0.1999999999999999,Neutral
Ilocos Norte,2019,2019Q4,26.14021739130435,30.42119565217392,22.73369565217392,580.4,580.4,593.0,6271622.24,3218.48,721.39,16.421195652173914,34.00923913043478,Q4,723.9300000000001,25.987065217391308,-19.826502562402453,0.1531521739130426,0.4333333333333333,Neutral
Ilocos Norte,2020,2020Q1,26.208791208791208,31.35769230769231,21.821978021978023,48.4,48.4,166.0,6992348.43,3797.93,885.97,18.134615384615383,38.1489010989011,Q1,142.27,25.243931013431016,-65.98017853377381,0.964860195360192,0.4666666666666666,Neutral
Ilocos Norte,2020,2020Q2,28.826373626373623,33.11098901098901,25.093406593406595,735.4,735.4,952.0,7276070.87,4110.95,923.04,15.441758241758242,34.98571428571428,Q2,1115.14,27.7606043956044,-34.05312337464353,1.0657692307692272,-0.0666666666666666,Neutral
Ilocos Norte,2020,2020Q3,27.41576086956522,31.08858695652174,24.51467391304348,1829.5,1829.5,1770.0,6398531.22,3594.14,744.48,12.747826086956522,29.38586956521739,Q3,2807.8,26.45967391304348,-34.84222522971722,0.9560869565217374,-0.6333333333333333,La Niña
Ilocos Norte,2020,2020Q4,26.984239130434784,30.975,23.999456521739127,595.0,595.0,740.0,5865339.17,2944.07,704.87,17.389130434782608,36.98804347826087,Q4,723.9300000000001,25.987065217391308,-17.80973298523339,0.9971739130434756,-1.2333333333333334,La Niña
Ilocos Norte,2021,2021Q1,26.292222222222225,31.22222222222222,22.416666666666668,305.1,305.1,416.0,6681909.97,3507.18,827.85,17.053333333333335,36.47277777777778,Q1,142.27,25.243931013431016,114.45139523441344,1.048291208791209,-0.9,La Niña
Ilocos Norte,2021,2021Q2,28.73076923076923,33.229670329670334,24.863736263736264,872.4,872.4,1088.0,7323112.11,4098.02,937.02,17.384615384615383,37.830219780219785,Q2,1115.14,27.7606043956044,-21.76767042703157,0.9701648351648338,-0.5333333333333333,La Niña
Ilocos Norte,2021,2021Q3,27.23369565217392,30.69076086956522,24.57608695652174,1888.0,1888.0,2049.0,5774015.48,3373.69,700.2,15.532065217391304,34.47282608695652,Q3,2807.8,26.45967391304348,-32.75874350024931,0.7740217391304363,-0.5333333333333333,La Niña
Ilocos Norte,2021,2021Q4,27.305434782608696,31.80163043478261,23.854891304347827,594.8,594.8,463.0,6265971.3,3150.2,771.58,16.381521739130434,33.14076086956521,Q4,723.9300000000001,25.987065217391308,-17.837359965742557,1.318369565217388,-0.9333333333333332,La Niña
Ilocos Norte,2022,2022Q1,27.037222222222223,32.10611111111111,22.82277777777778,245.6,245.6,369.0,6754553.09,3574.14,838.06,16.99222222222222,35.034444444444446,Q1,142.27,25.243931013431016,72.62950727489982,1.7932912087912063,-0.9666666666666668,La Niña
Ilocos Norte,2022,2022Q2,28.217032967032967,32.77252747252747,24.51318681318681,1278.5,1278.5,1167.0,6918305.22,3939.04,882.31,14.98021978021978,32.30714285714286,Q2,1115.14,27.7606043956044,14.649281704539357,0.4564285714285709,-1.0,La Niña
Ilocos Norte,2022,2022Q3,27.01684782608696,30.88043478260869,24.15978260869565,1807.7,1807.7,1676.0,5987765.51,3567.91,740.13,14.247826086956522,30.171739130434784,Q3,2807.8,26.45967391304348,-35.618633805826626,0.5571739130434779,-0.9,La Niña
Ilocos Norte,2022,2022Q4,26.83152173913044,30.792391304347827,23.63097826086957,1002.6,1002.6,602.0,6015000.55,3017.72,701.28,15.889673913043476,31.80923913043478,Q4,723.9300000000001,25.987065217391308,38.49405329244539,0.8444565217391293,-0.9,La Niña
Ilocos Norte,2023,2023Q1,26.474444444444444,31.4,22.517222222222223,82.1,82.1,142.0,6632126.18,3558.84,899.9399999999999,19.921666666666667,39.623333333333335,Q1,142.27,25.243931013431016,-42.29282350460393,1.2305134310134278,-0.3999999999999999,Neutral
Ilocos Norte,2023,2023Q2,28.64230769230769,33.152747252747254,24.860439560439563,1135.8,1135.8,1294.0,6956502.58,4044.64,923.31,16.934615384615384,36.207142857142856,Q2,1115.14,27.7606043956044,1.8526821744355044,0.881703296703293,0.5,El Niño
Ilocos Norte,2023,2023Q3,27.091847826086955,30.52065217391305,24.44076086956522,2960.1,2960.1,2033.0,5784753.97,3466.34,718.36,18.419565217391305,35.88695652173913,Q3,2807.8,26.45967391304348,5.424175511076277,0.6321739130434736,1.3333333333333333,El Niño
Ilocos Norte,2023,2023Q4,27.42336956521739,31.793478260869566,23.74021739130435,325.5,325.5,423.0,6465521.61,3218.03,762.67,15.782065217391304,30.28804347826087,Q4,723.9300000000001,25.987065217391308,-55.03708922133356,1.4363043478260806,1.9,El Niño
Ilocos Norte,2024,2024Q1,26.70934065934066,31.860439560439563,22.187912087912085,45.7,45.7,116.0,6985524.57,3802.09,903.8,19.28296703296704,37.747252747252745,Q1,142.27,25.243931013431016,-67.87797849160047,1.465409645909645,1.4666666666666668,El Niño
Ilocos Norte,2024,2024Q2,29.21483516483517,33.53791208791208,25.37362637362637,1029.4,1029.4,930.0,7226814.15,4171.19,936.24,15.7010989010989,32.97087912087912,Q2,1115.14,27.7606043956044,-7.688720698746327,1.4542307692307723,0.4333333333333333,Neutral
Ilocos Norte,2024,2024Q3,27.217934782608697,30.62119565217392,24.554891304347827,2557.2,2557.2,1984.0,5332749.65,3314.63,690.17,15.306521739130435,30.92336956521739,Q3,2807.8,26.45967391304348,-8.925137118028362,0.7582608695652162,-0.1,Neutral
Ilocos Norte,2024,2024Q4,26.73833333333333,30.63021978021978,23.71868131868132,1083.1,1083.1,728.0,5715653.35,2851.78,660.75,18.41648351648352,35.667582417582416,Q4,723.9300000000001,25.987065217391308,49.61391294738439,0.7512681159420218,-0.3999999999999999,Neutral
Ilocos Norte,2025,2025Q1,26.587640449438204,31.44833333333333,22.844444444444445,181.6,181.6,237.0,6505473.59,3417.47,824.14,17.72222222222222,37.635,Q1,142.27,25.243931013431016,27.64461938567512,1.3437094360071882,-0.3999999999999999,Neutral
Ilocos Norte,2025,2025Q2,28.87252747252748,32.571978021978026,25.572527472527472,725.7,27.4,832.0,6939675.84,4202.67,912.61,17.171978021978024,30.348351648351645,Q2,1115.14,27.7606043956044,-34.922969313270066,1.1119230769230803,-0.1,Neutral
Ilocos Norte,2025,2025Q3,28.42934782608696,29.71195652173913,27.25869565217392,3046.1,649.5,1793.0,4727771.95,3207.79,692.63,19.722826086956523,31.63097826086957,Q3,2807.8,26.45967391304348,8.487071728755598,1.9696739130434795,-0.3,Neutral
Ilocos Norte,2025,2025Q4,28.85737704918033,30.97131147540984,27.35737704918033,251.0,37.7,358.0,3916378.57,2134.54,531.16,22.879508196721314,35.91393442622951,Q4,723.9300000000001,25.987065217391308,-65.32813946099762,2.870311831789021,-0.6,La Niña
Ilocos Sur,2010,2010Q1,25.15111111111111,28.45777777777777,21.96444444444444,7.7,7.7,47.0,3453307.62,1856.29,396.28,17.05,30.39333333333333,Q1,58.44,25.319764346764348,-86.82409308692675,-0.1686532356532382,1.1666666666666667,El Niño
Ilocos Sur,2010,2010Q2,27.33296703296704,29.627472527472527,24.805494505494508,517.4,517.4,654.0,3542601.0,2007.74,413.13,13.428571428571429,26.676923076923075,Q2,598.52,27.426813186813188,-13.553431798436144,-0.093846153846151,-0.1666666666666666,Neutral
Ilocos Sur,2010,2010Q3,26.468478260869563,28.555434782608696,24.34130434782609,1295.2,1295.2,1135.0,2955269.85,1699.57,346.39,12.91304347826087,25.936956521739127,Q3,1760.2099999999998,26.439891304347828,-26.41787059498581,0.0285869565217353,-1.3,La Niña
Ilocos Sur,2010,2010Q4,26.006521739130434,28.40652173913044,23.73804347826087,512.6,512.6,542.0,3112262.41,1493.57,336.23,16.816304347826087,30.088043478260868,Q4,366.21,26.10326086956522,39.974331667622415,-0.0967391304347842,-1.6000000000000003,La Niña
Ilocos Sur,2011,2011Q1,25.22555555555556,28.26,22.48777777777778,73.60000000000001,73.60000000000001,151.0,3264421.91,1652.12,403.71,19.406666666666663,34.86555555555556,Q1,58.44,25.319764346764348,25.94113620807668,-0.0942087912087892,-1.1666666666666667,La Niña
Ilocos Sur,2011,2011Q2,26.66813186813187,29.02747252747253,24.021978021978025,821.6999999999999,821.6999999999999,607.0,3405865.77,1963.62,405.05,15.26043956043956,30.01318681318681,Q2,598.52,27.426813186813188,37.28864532513533,-0.7586813186813188,-0.5666666666666667,La Niña
Ilocos Sur,2011,2011Q3,25.980434782608693,27.680434782608696,24.257608695652173,1578.1,1578.1,1413.0,2641954.31,1527.87,314.99,17.1,32.17065217391304,Q3,1760.2099999999998,26.439891304347828,-10.34592463399253,-0.4594565217391348,-0.6333333333333333,La Niña
Ilocos Sur,2011,2011Q4,26.00108695652174,28.44347826086957,23.708695652173912,436.6,436.6,546.0,2985554.02,1441.48,328.36,16.43913043478261,30.494565217391305,Q4,366.21,26.10326086956522,19.221211872969075,-0.1021739130434795,-1.0333333333333334,La Niña
Ilocos Sur,2012,2012Q1,25.46153846153846,28.301098901098904,22.663736263736265,119.7,119.7,252.0,3312808.85,1722.41,372.17,16.372527472527473,29.72857142857143,Q1,58.44,25.319764346764348,104.82546201232034,0.1417741147741118,-0.7333333333333334,La Niña
Ilocos Sur,2012,2012Q2,26.69010989010989,28.75714285714286,24.3978021978022,804.9,804.9,906.0,3414103.34,1898.49,386.22,15.372527472527471,29.61868131868132,Q2,598.52,27.426813186813188,34.48172157989708,-0.7367032967032969,-0.2666666666666666,Neutral
Ilocos Sur,2012,2012Q3,25.86195652173913,27.51630434782609,24.22934782608696,1969.6,1969.6,1421.0,2674045.69,1541.85,312.44,17.29021739130435,32.551086956521736,Q3,1760.2099999999998,26.439891304347828,11.895739712875177,-0.5779347826086969,0.3333333333333333,Neutral
Ilocos Sur,2012,2012Q4,25.86195652173913,28.570652173913043,23.10760869565217,245.0,245.0,255.0,3193537.44,1599.1,346.91,14.93913043478261,26.942391304347822,Q4,366.21,26.10326086956522,-33.09849539881488,-0.2413043478260874,0.0666666666666666,Neutral
Ilocos Sur,2013,2013Q1,25.454444444444444,28.41555555555556,22.53111111111111,87.19999999999999,87.19999999999999,150.0,3397802.14,1755.59,383.4,17.214444444444442,30.71,Q1,58.44,25.319764346764348,49.21286789869951,0.1346800976800963,-0.3666666666666667,Neutral
Ilocos Sur,2013,2013Q2,27.35824175824176,29.750549450549453,24.805494505494508,609.8,609.8,675.0,3471294.89,1981.23,408.08,13.232967032967034,26.87912087912088,Q2,598.52,27.426813186813188,1.884648800374252,-0.0685714285714276,-0.3666666666666667,Neutral
Ilocos Sur,2013,2013Q3,26.172826086956523,28.070652173913043,24.36521739130435,1914.2,1914.2,1271.0,2694562.71,1578.07,327.58,15.066304347826089,29.745652173913044,Q3,1760.2099999999998,26.439891304347828,8.748387976434644,-0.2670652173913055,-0.3333333333333333,Neutral
Ilocos Sur,2013,2013Q4,25.70217391304348,28.055434782608696,23.34021739130435,338.7,338.7,373.0,3264706.3,1504.58,337.43,17.289130434782606,31.172826086956523,Q4,366.21,26.10326086956522,-7.512083230933069,-0.4010869565217376,-0.2333333333333333,Neutral
Ilocos Sur,2014,2014Q1,24.33333333333333,27.520000000000003,21.346666666666668,25.9,25.9,87.0,3404993.01,1807.96,403.28,18.322222222222223,32.654444444444444,Q1,58.44,25.319764346764348,-55.68104038329911,-0.9864310134310196,-0.3999999999999999,Neutral
Ilocos Sur,2014,2014Q2,27.19670329670329,29.40989010989011,24.60989010989011,620.4,620.4,659.0,3512215.16,1974.19,405.94,14.614285714285716,28.57362637362637,Q2,598.52,27.426813186813188,3.655684020584107,-0.2301098901098939,0.1333333333333333,Neutral
Ilocos Sur,2014,2014Q3,26.39891304347826,28.165217391304346,24.5858695652174,1711.6,1711.6,1184.0,2927752.19,1651.15,342.35,17.657608695652176,32.823913043478264,Q3,1760.2099999999998,26.439891304347828,-2.76160230881542,-0.0409782608695685,0.1,Neutral
Ilocos Sur,2014,2014Q4,25.914130434782606,28.59021739130435,23.43369565217392,192.7,192.7,316.0,3330198.23,1565.71,360.06,17.090217391304346,30.414130434782606,Q4,366.21,26.10326086956522,-47.379918625925015,-0.1891304347826121,0.6,El Niño
Ilocos Sur,2015,2015Q1,24.53777777777778,27.646666666666665,21.605555555555554,57.7,57.7,165.0,3387949.0,1749.72,384.3,18.556666666666665,33.27666666666667,Q1,58.44,25.319764346764348,-1.266255989048588,-0.7819865689865679,0.5,El Niño
Ilocos Sur,2015,2015Q2,27.065934065934066,29.548351648351648,24.21648351648352,272.5,272.5,509.0,3770187.51,2129.92,430.73,13.85934065934066,26.74175824175824,Q2,598.52,27.426813186813188,-54.47102853705808,-0.3608791208791224,0.9333333333333332,El Niño
Ilocos Sur,2015,2015Q3,26.30326086956521,28.116304347826084,24.296739130434784,2019.7,2019.7,1195.0,2850705.17,1601.26,332.1,16.67608695652174,31.666304347826088,Q3,1760.2099999999998,26.439891304347828,14.741991012436031,-0.1366304347826137,1.8666666666666665,El Niño
Ilocos Sur,2015,2015Q4,25.775,28.51413043478261,23.09891304347826,605.1,605.1,433.0,3156889.45,1565.75,334.82,16.2,29.50434782608696,Q4,366.21,26.10326086956522,65.2330629966413,-0.32826086956522,2.533333333333333,El Niño
Ilocos Sur,2016,2016Q1,25.35054945054945,28.07032967032967,22.81648351648352,29.200000000000003,29.200000000000003,132.0,3377875.11,1723.63,377.4,17.605494505494505,31.384615384615383,Q1,58.44,25.319764346764348,-50.03422313483914,0.030785103785103,2.066666666666667,El Niño
Ilocos Sur,2016,2016Q2,27.445054945054945,29.81868131868132,24.87252747252748,542.6,542.6,693.0,3586156.54,2032.33,412.9,13.054945054945057,26.00879120879121,Q2,598.52,27.426813186813188,-9.343046180578757,0.0182417582417571,0.3999999999999999,Neutral
Ilocos Sur,2016,2016Q3,26.525,28.292391304347827,24.73478260869565,2023.4,2023.4,1393.0,2548367.97,1542.17,324.21,16.770652173913046,31.50326086956522,Q3,1760.2099999999998,26.439891304347828,14.952193204219968,0.0851086956521705,-0.5,La Niña
Ilocos Sur,2016,2016Q4,26.518478260869564,29.039130434782606,24.10869565217392,623.2,623.2,530.0,3023286.61,1455.6,330.77,16.68804347826087,31.328260869565216,Q4,366.21,26.10326086956522,70.17558231615742,0.4152173913043455,-0.6666666666666666,La Niña
Ilocos Sur,2017,2017Q1,25.756666666666664,28.467777777777776,23.057777777777776,97.0,97.0,231.0,3227472.53,1661.82,341.64,14.51222222222222,32.714444444444446,Q1,58.44,25.319764346764348,65.98220396988364,0.4369023199023161,-0.1333333333333333,Neutral
Ilocos Sur,2017,2017Q2,28.105494505494505,30.575824175824177,25.81758241758242,556.9,556.9,518.0,3504220.7,2042.27,426.79,13.728571428571428,32.34945054945055,Q2,598.52,27.426813186813188,-6.953819421239057,0.678681318681317,0.2666666666666666,Neutral
Ilocos Sur,2017,2017Q3,27.256521739130434,29.442391304347822,25.43260869565217,1136.6,1136.6,945.0,2726949.42,1583.51,325.15,14.904347826086957,32.97608695652174,Q3,1760.2099999999998,26.439891304347828,-35.4281591401026,0.8166304347826063,-0.1333333333333333,Neutral
Ilocos Sur,2017,2017Q4,26.632608695652173,29.343478260869563,24.191304347826087,313.2,313.2,350.0,2994298.44,1438.39,303.93,13.721739130434784,30.491304347826084,Q4,366.21,26.10326086956522,-14.475301056770704,0.5293478260869549,-0.8333333333333334,La Niña
Ilocos Sur,2018,2018Q1,26.072222222222223,29.046666666666663,23.27777777777778,50.900000000000006,50.900000000000006,155.0,3351467.59,1752.4,370.4,14.431111111111113,32.32222222222222,Q1,58.44,25.319764346764348,-12.902121834360011,0.7524578754578748,-0.8333333333333334,La Niña
Ilocos Sur,2018,2018Q2,28.067032967032965,30.51538461538461,25.73736263736264,706.9,706.9,561.0,3320911.89,1871.05,400.48,14.62087912087912,34.32967032967033,Q2,598.52,27.426813186813188,18.107999732673928,0.6402197802197769,-0.2333333333333333,Neutral
Ilocos Sur,2018,2018Q3,26.55434782608696,28.52391304347826,25.02717391304348,2223.0,2223.0,1364.0,2380044.29,1457.95,295.65,18.37717391304348,39.0195652173913,Q3,1760.2099999999998,26.439891304347828,26.29174927991548,0.1144565217391324,0.2666666666666666,Neutral
Ilocos Sur,2018,2018Q4,26.45,29.06413043478261,23.7,143.7,143.7,262.0,3257302.35,1635.03,335.75,13.056521739130435,29.14782608695652,Q4,366.21,26.10326086956522,-60.76021954616204,0.3467391304347806,0.8333333333333334,El Niño
Ilocos Sur,2019,2019Q1,25.854444444444447,28.534444444444443,22.76333333333333,35.5,35.5,134.0,3432033.35,1843.47,377.23,13.942222222222222,31.75,Q1,58.44,25.319764346764348,-39.2539356605065,0.5346800976800985,0.6999999999999998,El Niño
Ilocos Sur,2019,2019Q2,28.33846153846154,30.83956043956044,26.067032967032965,532.1,532.1,756.0,3372556.63,1937.53,409.56,13.632967032967032,32.472527472527474,Q2,598.52,27.426813186813188,-11.097373521352663,0.9116483516483528,0.5666666666666667,El Niño
Ilocos Sur,2019,2019Q3,26.877173913043475,28.90978260869565,25.2858695652174,1730.7,1730.7,1366.0,2411600.09,1498.32,307.75,18.90543478260869,39.619565217391305,Q3,1760.2099999999998,26.439891304347828,-1.6765045079848293,0.4372826086956465,0.1999999999999999,Neutral
Ilocos Sur,2019,2019Q4,26.17065217391304,28.78152173913044,23.589130434782607,251.3,251.3,382.0,3106847.91,1558.74,314.56,12.390217391304349,27.88695652173913,Q4,366.21,26.10326086956522,-31.378170994784405,0.0673913043478222,0.4333333333333333,Neutral
Ilocos Sur,2020,2020Q1,25.846153846153847,28.641758241758243,22.750549450549453,34.1,34.1,139.0,3439263.59,1853.47,380.63,14.454945054945057,32.57912087912088,Q1,58.44,25.319764346764348,-41.64955509924709,0.5263894993894986,0.4666666666666666,Neutral
Ilocos Sur,2020,2020Q2,28.52857142857143,30.97472527472528,26.115384615384617,379.5,379.5,431.0,3556799.92,2030.99,430.47,13.486813186813189,32.01868131868132,Q2,598.52,27.426813186813188,-36.59359754060014,1.1017582417582403,-0.0666666666666666,Neutral
Ilocos Sur,2020,2020Q3,27.57608695652174,29.926086956521736,25.494565217391305,634.4,634.4,843.0,3003475.9,1778.43,363.04,12.607608695652177,29.166304347826088,Q3,1760.2099999999998,26.439891304347828,-63.9588458195329,1.1361956521739105,-0.6333333333333333,La Niña
Ilocos Sur,2020,2020Q4,26.8,29.38043478260869,24.430434782608696,429.3,429.3,538.0,2764562.94,1389.22,290.22,13.286956521739132,29.64891304347826,Q4,366.21,26.10326086956522,17.227820103219475,0.6967391304347821,-1.2333333333333334,La Niña
Ilocos Sur,2021,2021Q1,25.92555555555556,28.75555555555556,23.104444444444447,136.3,136.3,298.0,3275800.23,1694.51,348.21,13.545555555555554,30.92888888888889,Q1,58.44,25.319764346764348,133.23066392881591,0.6057912087912136,-0.9,La Niña
Ilocos Sur,2021,2021Q2,28.35494505494505,31.04065934065934,25.703296703296704,367.2,367.2,494.0,3584812.5,2020.74,433.43,15.386813186813187,35.03846153846154,Q2,598.52,27.426813186813188,-38.64866671122101,0.9281318681318638,-0.5333333333333333,La Niña
Ilocos Sur,2021,2021Q3,27.18586956521739,29.280434782608697,25.344565217391303,1350.6,1350.6,1144.0,2652789.0,1603.96,326.35,15.097826086956522,33.62717391304348,Q3,1760.2099999999998,26.439891304347828,-23.270518858545284,0.7459782608695633,-0.5333333333333333,La Niña
Ilocos Sur,2021,2021Q4,26.76521739130435,29.567391304347822,24.042391304347827,465.5,465.5,302.0,3101398.4,1578.79,331.86,13.191304347826089,28.26630434782609,Q4,366.21,26.10326086956522,27.11285874225172,0.6619565217391319,-0.9333333333333332,La Niña
Ilocos Sur,2022,2022Q1,26.10222222222222,28.97111111111112,23.15222222222222,168.4,168.4,287.0,3335578.66,1767.33,357.3,13.252222222222224,29.46,Q1,58.44,25.319764346764348,188.1587953456537,0.7824578754578724,-0.9666666666666668,La Niña
Ilocos Sur,2022,2022Q2,27.9934065934066,30.775824175824173,25.37912087912088,422.9,422.9,531.0,3379681.71,2004.71,421.23,13.275824175824177,29.80989010989011,Q2,598.52,27.426813186813188,-29.342377865401325,0.5665934065934088,-1.0,La Niña
Ilocos Sur,2022,2022Q3,27.164130434782606,29.654347826086955,25.11521739130435,1085.3,1085.3,896.0,2807476.25,1747.55,356.48,14.30108695652174,30.207608695652173,Q3,1760.2099999999998,26.439891304347828,-38.34258412348526,0.7242391304347784,-0.9,La Niña
Ilocos Sur,2022,2022Q4,26.95108695652174,29.801086956521736,24.196739130434786,340.2,340.2,332.0,3086296.18,1556.05,336.47,14.741304347826087,30.244565217391305,Q4,366.21,26.10326086956522,-7.102482182354384,0.8478260869565197,-0.9,La Niña
Ilocos Sur,2023,2023Q1,26.51333333333333,29.69555555555556,23.316666666666663,50.4,50.4,146.0,3322092.45,1817.92,401.0,16.466666666666665,34.83444444444444,Q1,58.44,25.319764346764348,-13.757700205338809,1.1935689865689805,-0.3999999999999999,Neutral
Ilocos Sur,2023,2023Q2,28.23406593406593,31.145054945054945,25.578021978021976,588.4,588.4,671.0,3435242.24,2024.45,431.02,15.276923076923078,33.48461538461538,Q2,598.52,27.426813186813188,-1.6908373989173304,0.8072527472527433,0.5,El Niño
Ilocos Sur,2023,2023Q3,27.242391304347827,29.596739130434784,25.28695652173913,1631.7,1631.7,1075.0,2712448.43,1700.39,350.95,17.68913043478261,35.422826086956526,Q3,1760.2099999999998,26.439891304347828,-7.300833423284709,0.8024999999999984,1.3333333333333333,El Niño
Ilocos Sur,2023,2023Q4,27.290217391304346,30.22934782608696,24.42934782608696,161.7,161.7,334.0,3190538.43,1624.37,342.66,13.230434782608697,28.60108695652174,Q4,366.21,26.10326086956522,-55.84500696321783,1.186956521739127,1.9,El Niño
Ilocos Sur,2024,2024Q1,26.39120879120879,29.51098901098901,23.134065934065934,28.8,28.8,84.0,3486856.49,1903.32,400.04,15.943956043956044,34.55384615384615,Q1,58.44,25.319764346764348,-50.71868583162218,1.0714444444444418,1.4666666666666668,El Niño
Ilocos Sur,2024,2024Q2,29.24175824175824,32.07142857142857,26.46483516483517,275.6,275.6,404.0,3557801.3,2113.93,461.89,14.063736263736264,31.94835164835165,Q2,598.52,27.426813186813188,-53.95308427454387,1.8149450549450528,0.4333333333333333,Neutral
Ilocos Sur,2024,2024Q3,27.4,29.707608695652173,25.418478260869566,1415.5,1415.5,1033.0,2648323.78,1634.75,338.2,15.204347826086956,31.907608695652176,Q3,1760.2099999999998,26.439891304347828,-19.58345879184869,0.9601086956521704,-0.1,Neutral
Ilocos Sur,2024,2024Q4,26.776666666666667,29.67912087912088,24.125274725274725,525.1,525.1,429.0,2865951.15,1473.33,308.77,15.5010989010989,32.26483516483516,Q4,366.21,26.10326086956522,43.387673739111456,0.6734057971014487,-0.3999999999999999,Neutral
Ilocos Sur,2025,2025Q1,26.43595505617978,29.80444444444445,23.204444444444444,88.60000000000001,88.60000000000001,154.0,3244422.52,1748.85,373.2,14.867777777777777,33.153333333333336,Q1,58.44,25.319764346764348,51.60848733744013,1.1161907094154309,-0.3999999999999999,Neutral
Ilocos Sur,2025,2025Q2,28.71098901098901,32.042857142857144,25.68021978021978,531.3,12.7,567.0,3247822.94,1967.05,419.49,15.18021978021978,28.004395604395604,Q2,598.52,27.426813186813188,-11.23103655684021,1.284175824175822,-0.1,Neutral
Ilocos Sur,2025,2025Q3,29.21195652173913,29.969565217391303,28.541304347826088,1985.4,269.1,1095.0,2139437.57,1525.76,343.59,21.246739130434783,30.692391304347822,Q3,1760.2099999999998,26.439891304347828,12.793359883195771,2.772065217391301,-0.3,Neutral
Ilocos Sur,2025,2025Q4,29.521311475409835,30.627868852459017,28.6,238.8,22.4,236.0,1889788.63,1054.71,240.46,19.249180327868853,28.32950819672131,Q4,366.21,26.10326086956522,-34.791513066273446,3.4180506058446163,-0.6,La Niña
Iloilo,2010,2010Q1,25.94888888888889,29.273333333333333,23.565555555555555,408.1,408.1,1136.0,6766578.45,3571.94,769.88,21.413888888888888,42.27777777777778,Q1,813.79,25.55315323565324,-49.85192740141805,0.3957356532356577,1.1666666666666667,El Niño
Iloilo,2010,2010Q2,28.232417582417582,32.21813186813187,25.147252747252747,592.0,592.0,1034.0,7234088.56,3980.42,890.9,14.150549450549452,31.8934065934066,Q2,1000.64,27.45703296703297,-40.837863767189,0.7753846153846169,-0.1666666666666666,Neutral
Iloilo,2010,2010Q3,26.69184782608696,30.030978260869563,24.289130434782606,1568.0,1568.0,1957.0,5976229.88,3245.27,667.72,10.341847826086957,25.154891304347824,Q3,1737.0400000000002,26.40038043478261,-9.731497259706176,0.2914673913043515,-1.3,La Niña
Iloilo,2010,2010Q4,25.89021739130435,28.75326086956522,24.030434782608697,1639.9,1639.9,2165.0,5512195.73,2685.57,540.31,14.684239130434785,30.82554347826087,Q4,1435.47,26.06755434782609,14.241328624074349,-0.1773369565217351,-1.6000000000000003,La Niña
Iloilo,2011,2011Q1,24.98388888888889,27.405555555555555,23.45055555555556,1700.9,1700.9,2281.0,4906609.55,2596.95,528.75,21.404444444444444,41.7,Q1,813.79,25.55315323565324,109.00969537595697,-0.5692643467643421,-1.1666666666666667,La Niña
Iloilo,2011,2011Q2,26.255494505494507,29.205494505494503,24.08296703296704,1189.5,1189.5,1796.0,5757648.17,3200.24,651.78,14.786813186813186,31.55054945054945,Q2,1000.64,27.45703296703297,18.87392069075792,-1.2015384615384583,-0.5666666666666667,La Niña
Iloilo,2011,2011Q3,26.117934782608696,29.02771739130435,24.092934782608697,1964.7,1964.7,2288.0,5550597.44,3004.6,610.1,14.870108695652174,34.42554347826087,Q3,1737.0400000000002,26.40038043478261,13.10620365679546,-0.2824456521739122,-0.6333333333333333,La Niña
Iloilo,2011,2011Q4,25.93913043478261,28.872826086956525,24.06086956521739,1852.9,1852.9,2122.0,5842222.73,2855.13,572.35,16.10326086956522,33.91141304347826,Q4,1435.47,26.06755434782609,29.07967425303212,-0.128423913043477,-1.0333333333333334,La Niña
Iloilo,2012,2012Q1,25.49010989010989,28.28296703296704,23.687912087912085,1370.5,1370.5,2083.0,6094999.59,3076.71,609.84,19.52252747252747,39.0956043956044,Q1,813.79,25.55315323565324,68.40954054485802,-0.0630433455433454,-0.7333333333333334,La Niña
Iloilo,2012,2012Q2,26.69395604395605,29.94670329670329,24.28516483516483,1039.6,1039.6,1685.0,6402104.32,3496.38,711.59,13.204395604395604,30.227472527472525,Q2,1000.64,27.45703296703297,3.893508154780932,-0.7630769230769161,-0.2666666666666666,Neutral
Iloilo,2012,2012Q3,26.096739130434784,28.999456521739127,24.12119565217392,1680.6,1680.6,2223.0,5470067.31,2984.57,606.98,15.277717391304348,35.658152173913045,Q3,1737.0400000000002,26.40038043478261,-3.249205545065184,-0.3036413043478241,0.3333333333333333,Neutral
Iloilo,2012,2012Q4,25.98586956521739,28.820652173913043,24.01086956521739,1260.9,1260.9,1779.0,6187256.35,3027.32,611.59,18.41304347826087,38.20978260869565,Q4,1435.47,26.06755434782609,-12.161173692240167,-0.081684782608697,0.0666666666666666,Neutral
Iloilo,2013,2013Q1,25.555,28.306111111111115,23.688333333333333,1002.5,1002.5,1670.0,5969359.93,3138.14,640.15,21.47833333333333,41.98388888888889,Q1,813.79,25.55315323565324,23.18902911070424,0.0018467643467658,-0.3666666666666667,Neutral
Iloilo,2013,2013Q2,27.275824175824173,30.674175824175823,24.621428571428574,1103.8,1103.8,1590.0,6255286.82,3512.76,738.71,12.2,27.88186813186813,Q2,1000.64,27.45703296703297,10.30940198273105,-0.1812087912087925,-0.3666666666666667,Neutral
Iloilo,2013,2013Q3,26.089130434782607,28.992934782608696,24.06576086956522,1938.9,1938.9,2328.0,5179839.92,2854.96,584.38,13.791847826086956,31.50054347826088,Q3,1737.0400000000002,26.40038043478261,11.6209183438493,-0.3112500000000011,-0.3333333333333333,Neutral
Iloilo,2013,2013Q4,25.918478260869566,28.84021739130435,23.976630434782606,1265.4,1265.4,1910.0,6256385.29,2936.28,588.12,17.002717391304348,36.15108695652174,Q4,1435.47,26.06755434782609,-11.847687516980496,-0.1490760869565193,-0.2333333333333333,Neutral
Iloilo,2014,2014Q1,24.71444444444445,27.438333333333333,22.74111111111112,917.0,917.0,1457.0,5843519.81,3088.69,637.5,21.96222222222222,42.82277777777778,Q1,813.79,25.55315323565324,12.682633111736449,-0.8387087912087843,-0.3999999999999999,Neutral
Iloilo,2014,2014Q2,27.052747252747256,30.215934065934068,24.647252747252747,1417.1,1417.1,1612.0,6425509.43,3465.09,714.32,13.06153846153846,28.725274725274726,Q2,1000.64,27.45703296703297,41.619363607291326,-0.4042857142857095,0.1333333333333333,Neutral
Iloilo,2014,2014Q3,26.129891304347822,29.020108695652173,24.102717391304346,1945.5,1945.5,2297.0,5058912.95,2849.84,584.26,14.065760869565215,33.136413043478264,Q3,1737.0400000000002,26.40038043478261,12.000875051812269,-0.270489130434786,0.1,Neutral
Iloilo,2014,2014Q4,25.784239130434784,28.478804347826088,23.99021739130435,1661.0,1661.0,2128.0,5528584.61,2694.43,547.33,17.652173913043477,36.19565217391305,Q4,1435.47,26.06755434782609,15.71123046806969,-0.2833152173913014,0.6,El Niño
Iloilo,2015,2015Q1,25.27277777777778,28.335,22.97111111111112,393.1,393.1,1149.0,6763146.54,3445.8,720.57,21.44,41.81444444444445,Q1,813.79,25.55315323565324,-51.69515476965801,-0.2803754578754542,0.5,El Niño
Iloilo,2015,2015Q2,27.64120879120879,31.465934065934068,24.692857142857147,771.3,771.3,1305.0,6874572.5,3724.41,811.53,12.712087912087911,29.173626373626377,Q2,1000.64,27.45703296703297,-22.91933162775824,0.1841758241758242,0.9333333333333332,El Niño
Iloilo,2015,2015Q3,26.355978260869566,29.24184782608696,24.31793478260869,1588.1,1588.1,2117.0,6065278.4,3106.04,633.52,14.547826086956524,32.827173913043474,Q3,1737.0400000000002,26.40038043478261,-8.574356376364406,-0.044402173913042,1.8666666666666665,El Niño
Iloilo,2015,2015Q4,26.258152173913043,29.127717391304348,24.289130434782606,709.5,709.5,1738.0,6378895.44,3080.88,626.68,17.891304347826086,37.00217391304348,Q4,1435.47,26.06755434782609,-50.5736797007252,0.1905978260869574,2.533333333333333,El Niño
Iloilo,2016,2016Q1,26.021978021978025,29.29890109890109,23.624175824175826,585.4,585.4,1217.0,6878410.84,3641.96,758.35,19.92252747252748,39.69615384615385,Q1,813.79,25.55315323565324,-28.064979908821684,0.4688247863247916,2.066666666666667,El Niño
Iloilo,2016,2016Q2,28.13791208791209,31.92087912087912,25.21978021978022,890.3,890.3,1298.0,6842571.75,3708.36,828.4,12.856593406593406,29.626373626373628,Q2,1000.64,27.45703296703297,-11.026942756635757,0.6808791208791227,0.3999999999999999,Neutral
Iloilo,2016,2016Q3,26.654891304347824,29.534239130434784,24.57663043478261,1702.3,1702.3,2164.0,5593008.14,2999.63,617.97,13.853804347826086,32.64673913043478,Q3,1737.0400000000002,26.40038043478261,-1.9999539446414725,0.254510869565216,-0.5,La Niña
Iloilo,2016,2016Q4,26.08043478260869,28.8375,24.27771739130435,1901.4,1901.4,2242.0,5509384.71,2696.06,545.07,15.69945652173913,34.417391304347824,Q4,1435.47,26.06755434782609,32.458358586386346,0.012880434782609,-0.6666666666666666,La Niña
Iloilo,2017,2017Q1,25.67277777777777,28.58944444444445,23.497222222222224,737.9,737.9,1192.0,5617592.41,2936.12,655.36,23.24111111111111,44.952777777777776,Q1,813.79,25.55315323565324,-9.32550166504872,0.1196245421245407,-0.1333333333333333,Neutral
Iloilo,2017,2017Q2,27.414835164835164,30.97197802197802,24.75879120879121,1296.2,1296.2,1486.0,6649543.88,3588.5,764.82,14.384065934065935,30.825274725274724,Q2,1000.64,27.45703296703297,29.53709625839464,-0.0421978021978013,0.2666666666666666,Neutral
Iloilo,2017,2017Q3,26.58858695652174,29.44945652173913,24.561956521739127,1984.2,1984.2,1991.0,5240267.78,2975.23,615.96,15.617391304347825,33.35108695652174,Q3,1737.0400000000002,26.40038043478261,14.22880302123151,0.1882065217391328,-0.1333333333333333,Neutral
Iloilo,2017,2017Q4,26.18858695652174,29.154891304347824,24.17228260869565,1730.2,1730.2,1862.0,5394704.37,2657.36,557.9,18.167391304347827,38.03478260869565,Q4,1435.47,26.06755434782609,20.531951207618413,0.1210326086956534,-0.8333333333333334,La Niña
Iloilo,2018,2018Q1,25.881666666666664,29.00111111111111,23.634444444444444,849.1,849.1,1200.0,5855541.59,3094.18,662.16,20.99111111111112,41.19277777777778,Q1,813.79,25.55315323565324,4.338957224836882,0.3285134310134303,-0.8333333333333334,La Niña
Iloilo,2018,2018Q2,27.467032967032967,31.12802197802198,24.707142857142856,868.6,868.6,1378.0,6816194.29,3613.24,792.89,16.923076923076923,35.41593406593407,Q2,1000.64,27.45703296703297,-13.19555484489926,0.0100000000000015,-0.2333333333333333,Neutral
Iloilo,2018,2018Q3,26.46195652173913,29.080978260869564,24.591847826086955,1597.2,1597.2,2243.0,5775569.48,3199.92,654.35,21.42717391304348,44.32826086956521,Q3,1737.0400000000002,26.40038043478261,-8.050476672960906,0.0615760869565207,0.2666666666666666,Neutral
Iloilo,2018,2018Q4,26.29402173913044,29.36902173913043,24.140760869565216,1088.4,1088.4,1932.0,6194232.73,3054.76,634.73,18.96793478260869,38.69945652173913,Q4,1435.47,26.06755434782609,-24.178143743860893,0.2264673913043537,0.8333333333333334,El Niño
Iloilo,2019,2019Q1,25.99,29.767777777777777,23.01611111111111,173.4,173.4,545.0,6724526.55,3685.71,854.05,23.616666666666667,45.59444444444444,Q1,813.79,25.55315323565324,-78.69229162314603,0.4368467643467646,0.6999999999999998,El Niño
Iloilo,2019,2019Q2,28.3989010989011,32.652197802197804,25.26318681318681,838.0,838.0,1366.0,6954171.08,3824.47,885.49,17.262637362637363,36.385714285714286,Q2,1000.64,27.45703296703297,-16.253597697473616,0.9418681318681336,0.5666666666666667,El Niño
Iloilo,2019,2019Q3,26.81684782608696,29.47445652173913,24.870652173913044,1400.9,1400.9,2147.0,5670087.81,3187.46,668.2,21.092391304347824,43.02336956521739,Q3,1737.0400000000002,26.40038043478261,-19.351310274950496,0.4164673913043515,0.1999999999999999,Neutral
Iloilo,2019,2019Q4,26.33641304347826,29.506521739130434,24.105434782608693,1245.1,1245.1,1993.0,6135317.8,2978.24,618.67,18.2733695652174,37.92173913043479,Q4,1435.47,26.06755434782609,-13.261858485374136,0.2688586956521739,0.4333333333333333,Neutral
Iloilo,2020,2020Q1,26.379670329670333,29.934615384615388,23.624175824175826,363.6,363.6,1129.0,6703637.35,3532.52,803.29,22.334065934065936,43.681868131868136,Q1,813.79,25.55315323565324,-55.32016859386327,0.8265170940170989,0.4666666666666666,Neutral
Iloilo,2020,2020Q2,28.36648351648352,32.71758241758242,25.18901098901099,954.7,954.7,1662.0,6765151.89,3716.99,864.49,15.877472527472529,33.596703296703296,Q2,1000.64,27.45703296703297,-4.591061720498875,0.909450549450554,-0.0666666666666666,Neutral
Iloilo,2020,2020Q3,26.875,30.12010869565217,24.56304347826088,2003.1,2003.1,2176.0,5765895.92,3196.29,658.63,14.314673913043478,30.23152173913044,Q3,1737.0400000000002,26.40038043478261,15.31686086676183,0.4746195652173917,-0.6333333333333333,La Niña
Iloilo,2020,2020Q4,26.367391304347827,29.285326086956523,24.43152173913043,1844.7,1844.7,2394.0,5322559.46,2690.45,555.62,17.53586956521739,36.2195652173913,Q4,1435.47,26.06755434782609,28.50843277811449,0.2998369565217409,-1.2333333333333334,La Niña
Iloilo,2021,2021Q1,25.745555555555555,28.716111111111108,23.69833333333333,1191.3,1191.3,1978.0,5401682.86,2958.04,619.11,20.413888888888888,40.46722222222223,Q1,813.79,25.55315323565324,46.38911758561791,0.192402319902321,-0.9,La Niña
Iloilo,2021,2021Q2,27.30054945054945,30.78406593406593,24.636263736263736,1117.0,1117.0,1626.0,6370245.47,3530.92,759.27,16.843956043956045,35.13186813186813,Q2,1000.64,27.45703296703297,11.628557723057243,-0.1564835164835152,-0.5333333333333333,La Niña
Iloilo,2021,2021Q3,26.89130434782609,29.95217391304348,24.70271739130435,1768.1,1768.1,2325.0,5991796.25,3265.13,682.7,17.146195652173912,35.86304347826087,Q3,1737.0400000000002,26.40038043478261,1.788099295352998,0.4909239130434812,-0.5333333333333333,La Niña
Iloilo,2021,2021Q4,26.17717391304348,29.38532608695652,23.953260869565216,1577.6,1577.6,1922.0,5259037.43,2859.29,606.6,20.28586956521739,39.52934782608696,Q4,1435.47,26.06755434782609,9.901286686590446,0.1096195652173932,-0.9333333333333332,La Niña
Iloilo,2022,2022Q1,26.092777777777776,29.62388888888889,23.566666666666663,736.1,736.1,1274.0,5917482.24,3342.65,724.3,21.16555555555556,40.30611111111112,Q1,813.79,25.55315323565324,-9.546688949237511,0.5396245421245425,-0.9666666666666668,La Niña
Iloilo,2022,2022Q2,26.8510989010989,30.61098901098901,24.11758241758241,1894.0,1894.0,1698.0,6069536.64,3593.1,755.94,15.466483516483516,31.04065934065934,Q2,1000.64,27.45703296703297,89.27886152862169,-0.6059340659340648,-1.0,La Niña
Iloilo,2022,2022Q3,26.685326086956525,30.05597826086957,24.32445652173913,1601.7,1601.7,1797.0,5533135.24,3371.34,697.08,16.30217391304348,32.63532608695652,Q3,1737.0400000000002,26.40038043478261,-7.791415281167971,0.2849456521739171,-0.9,La Niña
Iloilo,2022,2022Q4,26.21521739130435,29.60217391304348,23.96521739130435,1547.6,1547.6,1853.0,5352381.13,2946.17,619.19,19.37228260869565,37.44782608695652,Q4,1435.47,26.06755434782609,7.811378851525973,0.1476630434782642,-0.9,La Niña
Iloilo,2023,2023Q1,25.60388888888889,28.86777777777778,23.256666666666664,1168.1,1168.1,1729.0,5325059.19,3125.95,670.03,22.931666666666665,42.88333333333333,Q1,813.79,25.55315323565324,43.53825925607343,0.0507356532356553,-0.3999999999999999,Neutral
Iloilo,2023,2023Q2,27.53076923076924,31.68021978021978,24.576373626373623,1261.9,1261.9,1467.0,6444459.91,3750.25,822.7,16.73131868131868,33.88406593406593,Q2,1000.64,27.45703296703297,26.109290054365218,0.0737362637362721,0.5,El Niño
Iloilo,2023,2023Q3,26.97934782608696,30.18858695652174,24.667934782608693,1490.6,1490.6,1838.0,5940928.23,3465.27,731.4,19.66086956521739,38.555978260869566,Q3,1737.0400000000002,26.40038043478261,-14.187353198544669,0.5789673913043494,1.3333333333333333,El Niño
Iloilo,2023,2023Q4,26.66684782608696,30.351630434782606,24.08043478260869,1018.2,1018.2,1688.0,6142781.12,3247.07,689.34,18.70108695652174,36.80434782608695,Q4,1435.47,26.06755434782609,-29.068528077911765,0.5992934782608721,1.9,El Niño
Iloilo,2024,2024Q1,27.333516483516483,31.70769230769231,23.97692307692308,189.8,189.8,716.0,6763247.61,3737.15,952.22,24.49175824175824,46.15164835164836,Q1,813.79,25.55315323565324,-76.677029700537,1.7803632478632494,1.4666666666666668,El Niño
Iloilo,2024,2024Q2,29.47912087912088,34.50824175824176,25.620329670329667,951.2,951.2,1162.0,6916539.4,4074.97,1020.31,17.861538461538462,35.88461538461539,Q2,1000.64,27.45703296703297,-4.940837863767183,2.0220879120879154,0.4333333333333333,Neutral
Iloilo,2024,2024Q3,26.96358695652174,30.279347826086955,24.672826086956523,2085.5,2085.5,2003.0,5598235.72,3357.94,709.11,17.97119565217391,35.76576086956521,Q3,1737.0400000000002,26.40038043478261,20.06056279648136,0.5632065217391329,-0.1,Neutral
Iloilo,2024,2024Q4,26.466666666666665,30.14835164835165,24.045054945054943,1357.9,1357.9,1790.0,5418889.49,2954.9,622.39,17.46868131868132,35.425274725274726,Q4,1435.47,26.06755434782609,-5.403805025531703,0.3991123188405794,-0.3999999999999999,Neutral
Iloilo,2025,2025Q1,26.21011235955056,30.01611111111111,23.702222222222225,1133.8,1133.8,1598.0,5730151.54,3172.23,687.22,19.944444444444443,40.52388888888889,Q1,813.79,25.55315323565324,39.32341267403138,0.6569591238973267,-0.3999999999999999,Neutral
Iloilo,2025,2025Q2,28.395054945054945,32.82032967032967,25.157692307692308,710.2,8.9,972.0,6294032.15,3608.08,834.25,14.413186813186812,28.981318681318683,Q2,1000.64,27.45703296703297,-29.02542372881356,0.938021978021979,-0.1,Neutral
Iloilo,2025,2025Q3,26.96521739130435,30.48967391304348,24.292391304347827,1141.7,109.8,1366.0,5214747.11,3137.55,671.72,14.50054347826087,30.09402173913044,Q3,1737.0400000000002,26.40038043478261,-34.27324644222356,0.5648369565217415,-0.3,Neutral
Iloilo,2025,2025Q4,27.00901639344262,30.531147540983607,24.498360655737702,1100.7,336.6,951.0,3562134.12,1947.66,417.61,14.908196721311477,30.04016393442623,Q4,1435.47,26.06755434782609,-23.32128153148446,0.941462045616536,-0.6,La Niña
Isabela,2010,2010Q1,23.97111111111112,28.156666666666663,20.767777777777777,153.4,153.4,520.0,5851693.82,2785.66,578.62,9.515555555555554,21.944444444444443,Q1,493.18,23.39914652014652,-68.89573786447139,0.5719645909645976,1.1666666666666667,El Niño
Isabela,2010,2010Q2,28.442857142857147,33.36593406593407,24.77417582417582,606.8,606.8,702.0,7098216.07,3967.08,874.87,9.50989010989011,23.641758241758243,Q2,705.71,27.899945054945057,-14.0156721599524,0.5429120879120894,-0.1666666666666666,Neutral
Isabela,2010,2010Q3,26.93097826086957,30.94945652173913,24.245652173913044,1257.6,1257.6,1416.0,5799128.59,3363.9,707.64,8.873913043478261,23.426086956521736,Q3,1453.96,27.138967391304345,-13.50518583729952,-0.2079891304347754,-1.3,La Niña
Isabela,2010,2010Q4,24.76521739130435,27.90217391304348,22.70923913043478,1420.8,1420.8,1396.0,4823777.94,2133.72,452.91,10.539130434782608,27.217391304347824,Q4,1371.44,24.84391304347826,3.599136673861044,-0.0786956521739092,-1.6000000000000003,La Niña
Isabela,2011,2011Q1,22.35333333333333,25.32388888888889,20.215,455.4,455.4,1242.0,4166171.48,1926.1,394.95,10.29888888888889,24.31111111111111,Q1,493.18,23.39914652014652,-7.660489070927456,-1.045813186813188,-1.1666666666666667,La Niña
Isabela,2011,2011Q2,26.50989010989011,30.69175824175824,23.415384615384617,893.0,893.0,1012.0,6366654.78,3536.88,748.26,10.17142857142857,25.0967032967033,Q2,705.71,27.899945054945057,26.53922999532385,-1.3900549450549455,-0.5666666666666667,La Niña
Isabela,2011,2011Q3,26.671739130434784,30.45108695652174,24.07880434782609,1775.8,1775.8,1652.0,5422062.72,3141.54,667.51,10.359782608695651,25.99347826086957,Q3,1453.96,27.138967391304345,22.13540950232468,-0.467228260869561,-0.6333333333333333,La Niña
Isabela,2011,2011Q4,24.66684782608696,27.672826086956523,22.705978260869564,1748.4,1748.4,1868.0,4572565.43,2009.58,422.03,10.613043478260868,30.10978260869565,Q4,1371.44,24.84391304347826,27.48643761301989,-0.1770652173913021,-1.0333333333333334,La Niña
Isabela,2012,2012Q1,23.63131868131868,27.000549450549453,21.19395604395605,944.0,944.0,1174.0,5213321.35,2338.34,473.86,9.391208791208792,23.91868131868132,Q1,493.18,23.39914652014652,91.41084391094527,0.2321721611721621,-0.7333333333333334,La Niña
Isabela,2012,2012Q2,27.46153846153846,31.94835164835165,24.24230769230769,591.0,591.0,842.0,6969428.26,3880.62,829.83,10.058241758241758,24.6934065934066,Q2,705.71,27.899945054945057,-16.25455215315073,-0.4384065934065972,-0.2666666666666666,Neutral
Isabela,2012,2012Q3,26.77445652173913,30.565217391304348,24.217934782608697,1407.6,1407.6,1420.0,5748793.92,3223.52,684.84,9.645652173913044,25.08152173913044,Q3,1453.96,27.138967391304345,-3.1885333846873456,-0.3645108695652155,0.3333333333333333,Neutral
Isabela,2012,2012Q4,24.70815217391305,28.13695652173913,22.32717391304348,702.2,702.2,1108.0,5554384.0200000005,2406.74,495.27,8.940217391304348,23.695652173913043,Q4,1371.44,24.84391304347826,-48.798343347138776,-0.1357608695652103,0.0666666666666666,Neutral
Isabela,2013,2013Q1,23.854444444444447,27.39,21.341666666666665,390.0,390.0,858.0,5413703.01,2473.58,504.83,8.858888888888888,22.543333333333333,Q1,493.18,23.39914652014652,-20.921367452045907,0.4552979242979269,-0.3666666666666667,Neutral
Isabela,2013,2013Q2,27.57472527472528,31.886813186813185,24.46153846153846,757.0,757.0,946.0,6597669.54,3743.98,797.6,9.295604395604396,23.88571428571429,Q2,705.71,27.899945054945057,7.267857901971059,-0.3252197802197756,-0.3666666666666667,Neutral
Isabela,2013,2013Q3,26.696739130434786,30.44836956521739,24.14130434782609,1352.4,1352.4,1536.0,5539884.85,3109.82,662.62,10.07717391304348,25.48260869565217,Q3,1453.96,27.138967391304345,-6.985061487248613,-0.4422282608695589,-0.3333333333333333,Neutral
Isabela,2013,2013Q4,24.10652173913044,27.01630434782609,22.0625,1206.4,1206.4,1584.0,4486440.65,2023.84,425.56,11.30108695652174,28.61847826086957,Q4,1371.44,24.84391304347826,-12.03406638278014,-0.7373913043478204,-0.2333333333333333,Neutral
Isabela,2014,2014Q1,22.502777777777776,26.153333333333336,19.70277777777778,205.6,205.6,686.0,5474350.52,2435.38,495.13,10.063333333333334,22.96222222222222,Q1,493.18,23.39914652014652,-58.31136704651446,-0.8963687423687432,-0.3999999999999999,Neutral
Isabela,2014,2014Q2,28.146703296703297,32.89780219780219,24.68351648351648,560.0,560.0,744.0,7140335.5,3971.04,868.18,9.97912087912088,24.871428571428574,Q2,705.71,27.899945054945057,-20.64729138031203,0.2467582417582399,0.1333333333333333,Neutral
Isabela,2014,2014Q3,27.178804347826084,31.131521739130434,24.48967391304348,1913.2,1913.2,1438.0,5855906.84,3314.92,711.0,10.429347826086955,25.68369565217392,Q3,1453.96,27.138967391304345,31.58546314891744,0.0398369565217393,0.1,Neutral
Isabela,2014,2014Q4,24.24836956521739,27.28478260869565,22.13858695652174,1118.6,1118.6,1424.0,4865085.58,2072.02,435.1,10.771739130434783,27.28478260869565,Q4,1371.44,24.84391304347826,-18.436096365863627,-0.5955434782608684,0.6,El Niño
Isabela,2015,2015Q1,22.43277777777778,26.124444444444443,19.68722222222222,671.2,671.2,880.0,5177213.29,2454.72,494.86,9.395555555555555,22.683333333333334,Q1,493.18,23.39914652014652,36.09635427227382,-0.96636874236874,0.5,El Niño
Isabela,2015,2015Q2,27.410989010989013,31.958241758241755,23.982967032967032,617.4,617.4,632.0,7339451.95,4053.42,859.89,9.45054945054945,23.775824175824173,Q2,705.71,27.899945054945057,-12.513638746794015,-0.4889560439560441,0.9333333333333332,El Niño
Isabela,2015,2015Q3,27.25434782608696,31.32336956521739,24.36141304347826,1239.4,1239.4,1222.0,6323179.78,3508.72,753.69,10.320652173913045,24.268478260869564,Q3,1453.96,27.138967391304345,-14.756939668216454,0.1153804347826152,1.8666666666666665,El Niño
Isabela,2015,2015Q4,25.34402173913044,28.678804347826084,22.994565217391305,1122.4,1122.4,1278.0,5670115.48,2400.38,505.84,10.255434782608695,28.89673913043478,Q4,1371.44,24.84391304347826,-18.15901534153882,0.5001086956521803,2.533333333333333,El Niño
Isabela,2016,2016Q1,23.686813186813183,27.06538461538461,21.25054945054945,339.4,339.4,972.0,4906010.39,2312.08,476.19,9.697802197802195,23.7021978021978,Q1,493.18,23.39914652014652,-31.18131311083175,0.2876666666666629,2.066666666666667,El Niño
Isabela,2016,2016Q2,28.464285714285715,33.28131868131868,24.874725274725275,508.2,508.2,608.0,7353240.6,4067.66,892.93,10.343956043956045,25.94945054945055,Q2,705.71,27.899945054945057,-27.98741692763317,0.5643406593406581,0.3999999999999999,Neutral
Isabela,2016,2016Q3,27.499456521739127,31.46521739130435,24.83043478260869,1257.6,1257.6,1378.0,5754077.91,3334.38,710.31,8.909782608695652,22.664130434782606,Q3,1453.96,27.138967391304345,-13.50518583729952,0.3604891304347823,-0.5,La Niña
Isabela,2016,2016Q4,25.207608695652173,28.308152173913044,23.194021739130434,1851.2,1851.2,1858.0,4839433.52,2084.6,440.41,11.039130434782608,31.995652173913044,Q4,1371.44,24.84391304347826,34.98220848159598,0.363695652173913,-0.6666666666666666,La Niña
Isabela,2017,2017Q1,23.44833333333333,26.85055555555556,20.647777777777776,1010.9,1010.9,1229.0,5047184.59,2420.84,508.22,14.166666666666666,29.159444444444443,Q1,493.18,23.39914652014652,104.97587087878668,0.0491868131868109,-0.1333333333333333,Neutral
Isabela,2017,2017Q2,27.772527472527475,32.18681318681319,24.495054945054942,1173.7,1173.7,1066.0,6993043.11,3882.09,843.42,12.100549450549453,25.92527472527472,Q2,705.71,27.899945054945057,66.31477519094246,-0.127417582417582,0.2666666666666666,Neutral
Isabela,2017,2017Q3,27.53369565217391,31.377173913043475,24.8375,1247.5,1247.5,1384.0,6368281.84,3487.3,747.51,12.285326086956522,27.73804347826087,Q3,1453.96,27.138967391304345,-14.199840435775402,0.3947282608695666,-0.1333333333333333,Neutral
Isabela,2017,2017Q4,24.98804347826087,27.965760869565216,22.92934782608696,1653.0,1653.0,1978.0,4572565.78,2072.42,445.95,13.427717391304348,33.50217391304348,Q4,1371.44,24.84391304347826,20.530245581286817,0.1441304347826104,-0.8333333333333334,La Niña
Isabela,2018,2018Q1,23.755,27.098333333333333,21.06,523.7,523.7,1026.0,4894134.9,2415.55,512.56,14.08,27.68888888888889,Q1,493.18,23.39914652014652,6.188409911188621,0.3558534798534793,-0.8333333333333334,La Niña
Isabela,2018,2018Q2,28.498351648351647,33.37197802197802,24.832417582417584,510.3,510.3,806.0,7105321.1,3841.35,897.02,15.12967032967033,30.468131868131863,Q2,705.71,27.899945054945057,-27.689844270309337,0.5984065934065903,-0.2333333333333333,Neutral
Isabela,2018,2018Q3,27.225,31.07228260869565,24.66358695652174,1640.2,1640.2,1818.0,5684092.93,3278.2,705.46,12.522282608695653,27.428804347826084,Q3,1453.96,27.138967391304345,12.80915568516328,0.0860326086956568,0.2666666666666666,Neutral
Isabela,2018,2018Q4,25.42228260869565,29.27445652173913,22.48641304347826,1024.9,1024.9,1598.0,6113973.33,2800.16,599.25,14.517391304347823,30.34891304347826,Q4,1371.44,24.84391304347826,-25.268331097240853,0.5783695652173897,0.8333333333333334,El Niño
Isabela,2019,2019Q1,24.355555555555554,29.023333333333333,20.36777777777778,238.2,238.2,739.0,6500579.26,3246.76,695.6,15.212222222222222,28.799444444444443,Q1,493.18,23.39914652014652,-51.70120442840342,0.9564090354090348,0.6999999999999998,El Niño
Isabela,2019,2019Q2,28.71758241758242,33.77307692307692,25.004395604395604,839.7,839.7,1270.0,6887938.21,3935.06,893.92,12.937362637362638,26.85604395604396,Q2,705.71,27.899945054945057,18.986552549914272,0.8176373626373632,0.5666666666666667,El Niño
Isabela,2019,2019Q3,27.624456521739127,31.40652173913044,24.88695652173913,1448.3,1448.3,1610.0,5901741.67,3459.69,754.21,12.303260869565218,26.530434782608697,Q3,1453.96,27.138967391304345,-0.3892816858785717,0.4854891304347823,0.1999999999999999,Neutral
Isabela,2019,2019Q4,24.982065217391305,28.46195652173913,22.51413043478261,1866.5,1866.5,2158.0,5620972.68,2503.8,516.0,12.894565217391303,30.32934782608696,Q4,1371.44,24.84391304347826,36.097824184798455,0.1381521739130455,0.4333333333333333,Neutral
Isabela,2020,2020Q1,24.21758241758242,28.36263736263736,20.75164835164836,365.2,365.2,1148.0,6546135.49,3098.9,645.95,14.267032967032966,28.503296703296705,Q1,493.18,23.39914652014652,-25.94995741919786,0.8184358974359007,0.4666666666666666,Neutral
Isabela,2020,2020Q2,28.65989010989011,33.51923076923077,24.826373626373623,695.3,695.3,1073.0,7216835.03,4028.56,910.51,13.866483516483516,29.03736263736264,Q2,705.71,27.899945054945057,-1.475110172733854,0.759945054945053,-0.0666666666666666,Neutral
Isabela,2020,2020Q3,27.86847826086957,32.14076086956521,24.79076086956522,1236.7,1236.7,1442.0,6691694.58,3741.96,803.36,11.735326086956524,26.395108695652173,Q3,1453.96,27.138967391304345,-14.942639412363476,0.7295108695652246,-0.6333333333333333,La Niña
Isabela,2020,2020Q4,25.36847826086957,28.57771739130435,23.186956521739127,3026.6,3026.6,2872.0,4832670.17,2234.1,467.44,13.43695652173913,34.80869565217392,Q4,1371.44,24.84391304347826,120.68774426879772,0.5245652173913093,-1.2333333333333334,La Niña
Isabela,2021,2021Q1,23.829444444444444,27.307222222222222,21.128888888888888,1108.6,1108.6,1795.0,5430006.77,2572.8,524.29,12.742777777777777,28.151666666666667,Q1,493.18,23.39914652014652,124.78608216067153,0.4302979242979248,-0.9,La Niña
Isabela,2021,2021Q2,28.640659340659344,33.72802197802198,24.563736263736267,543.8,543.8,835.0,7436552.91,4136.24,964.97,16.11208791208791,31.205494505494503,Q2,705.71,27.899945054945057,-22.94285187966729,0.7407142857142865,-0.5333333333333333,La Niña
Isabela,2021,2021Q3,28.07608695652174,32.28913043478261,25.10815217391304,1211.5,1211.5,1468.0,6432286.29,3594.08,809.23,12.847282608695652,28.03804347826087,Q3,1453.96,27.138967391304345,-16.675837024402323,0.9371195652173938,-0.5333333333333333,La Niña
Isabela,2021,2021Q4,25.00597826086957,28.58858695652174,22.48695652173913,1627.6,1627.6,1904.0,5150744.63,2513.09,522.43,12.973369565217393,27.08695652173913,Q4,1371.44,24.84391304347826,18.67817768185264,0.1620652173913086,-0.9333333333333332,La Niña
Isabela,2022,2022Q1,24.476666666666667,28.635555555555552,21.33277777777778,865.8,865.8,1211.0,5925913.81,3070.67,631.71,14.040555555555557,26.49833333333333,Q1,493.18,23.39914652014652,75.55456425645808,1.077520146520147,-0.9666666666666668,La Niña
Isabela,2022,2022Q2,27.227472527472525,31.94670329670329,23.861538461538466,1356.5,1356.5,1450.0,6575482.28,3922.65,839.91,13.232967032967034,27.333516483516483,Q2,705.71,27.899945054945057,92.21776650465488,-0.6724725274725323,-1.0,La Niña
Isabela,2022,2022Q3,27.033152173913045,31.42717391304348,24.140760869565216,1701.0,1701.0,1541.0,5867031.13,3616.61,764.4,12.959782608695653,26.67554347826087,Q3,1453.96,27.138967391304345,16.990838812622076,-0.1058152173912994,-0.9,La Niña
Isabela,2022,2022Q4,25.10760869565217,28.722826086956523,22.671739130434784,1954.4,1954.4,1852.0,4737469.15,2465.65,518.11,13.946739130434782,28.588043478260868,Q4,1371.44,24.84391304347826,42.50714577378522,0.2636956521739115,-0.9,La Niña
Isabela,2023,2023Q1,23.856666666666666,27.832222222222224,20.622222222222224,629.4,629.4,1072.0,5402452.92,2903.94,604.84,15.51388888888889,28.87666666666667,Q1,493.18,23.39914652014652,27.620746988928985,0.4575201465201459,-0.3999999999999999,Neutral
Isabela,2023,2023Q2,27.917582417582416,33.12417582417583,24.28241758241758,1021.8,1021.8,1178.0,7025023.87,4058.63,904.05,15.358241758241755,30.3478021978022,Q2,705.71,27.899945054945057,44.79035297785208,0.0176373626373589,0.5,El Niño
Isabela,2023,2023Q3,27.594565217391303,32.045108695652175,24.55,1798.7,1798.7,1522.0,6097743.1,3705.34,801.96,13.60054347826087,27.332065217391307,Q3,1453.96,27.138967391304345,23.71041844342348,0.455597826086958,1.3333333333333333,El Niño
Isabela,2023,2023Q4,25.655978260869563,29.55163043478261,22.95380434782609,981.1,981.1,1682.0,5598009.51,2737.44,569.1,12.27445652173913,26.02880434782609,Q4,1371.44,24.84391304347826,-28.46205448287932,0.8120652173913037,1.9,El Niño
Isabela,2024,2024Q1,24.77142857142857,29.19450549450549,21.17032967032967,365.6,365.6,973.0,6388510.76,3193.6,685.71,15.527472527472527,28.49285714285714,Q1,493.18,23.39914652014652,-25.86885112940508,1.372282051282049,1.4666666666666668,El Niño
Isabela,2024,2024Q2,28.951648351648352,34.55274725274725,24.81758241758242,1016.3,1016.3,925.0,7106026.58,4234.14,969.46,14.957692307692309,29.678571428571427,Q2,705.71,27.899945054945057,44.010996018194426,1.0517032967032949,0.4333333333333333,Neutral
Isabela,2024,2024Q3,27.59619565217391,31.90978260869565,24.67119565217392,1821.8,1821.8,1592.0,5758977.06,3523.6,762.24,12.646195652173914,26.532608695652176,Q3,1453.96,27.138967391304345,25.299182921125745,0.4572282608695666,-0.1,Neutral
Isabela,2024,2024Q4,25.50777777777777,28.93901098901099,23.13296703296703,2150.9,2150.9,1958.0,4626579.26,2413.22,513.89,14.775824175824177,30.73956043956044,Q4,1371.44,24.84391304347826,56.83515137373856,0.6638647342995121,-0.3999999999999999,Neutral
Isabela,2025,2025Q1,23.91067415730337,27.39777777777778,21.282777777777778,1111.5,1111.5,1625.0,4628036.06,2583.65,523.82,13.34888888888889,26.77388888888889,Q1,493.18,23.39914652014652,125.37410276166916,0.5115276371568491,-0.3999999999999999,Neutral
Isabela,2025,2025Q2,29.16868131868132,35.01483516483516,24.89945054945055,885.1,9.2,902.0,6885775.27,4128.84,939.83,13.05,24.578021978021976,Q2,705.71,27.899945054945057,25.419789998724685,1.2687362637362618,-0.1,Neutral
Isabela,2025,2025Q3,27.53369565217391,31.769565217391307,24.49402173913043,1639.3,160.3,1434.0,5040923.38,3362.35,718.73,10.230978260869565,21.79184782608696,Q3,1453.96,27.138967391304345,12.7472557704476,0.3947282608695666,-0.3,Neutral
Isabela,2025,2025Q4,26.48606557377049,30.072131147540983,24.07622950819672,1024.9,335.6,1173.0,3407634.32,1766.92,377.1,13.274590163934429,28.704918032786885,Q4,1371.44,24.84391304347826,-25.268331097240853,1.642152530292229,-0.6,La Niña
La Union,2010,2010Q1,25.45,27.557777777777776,23.772222222222226,193.8,193.8,504.0,3281875.52,1724.43,346.33,16.793333333333333,35.83555555555555,Q1,511.41,25.1515347985348,-62.10476916759548,0.2984652014651985,1.1666666666666667,El Niño
La Union,2010,2010Q2,27.446153846153845,30.1010989010989,25.35824175824176,325.9,325.9,573.0,3640191.56,2033.02,423.59,11.723076923076922,28.99670329670329,Q2,514.79,26.93648351648352,-36.69263194700752,0.5096703296703318,-0.1666666666666666,Neutral
La Union,2010,2010Q3,26.497826086956525,28.77173913043478,24.70108695652174,778.5,778.5,900.0,3136541.35,1791.57,363.38,9.746739130434785,24.083695652173912,Q3,632.4300000000001,26.37913043478261,23.09662729472035,0.1186956521739155,-1.3,La Niña
La Union,2010,2010Q4,25.85217391304348,27.84891304347826,24.38804347826087,854.9,854.9,1094.0,2935765.18,1482.88,296.23,11.64782608695652,28.143478260869564,Q4,725.71,25.85695652173913,17.801876782736898,-0.004782608695649,-1.6000000000000003,La Niña
La Union,2011,2011Q1,24.885555555555552,26.68777777777778,23.64444444444445,944.4,944.4,1077.0,2406245.14,1356.37,272.83,17.244444444444444,38.03777777777778,Q1,511.41,25.1515347985348,84.66592362292485,-0.2659792429792489,-1.1666666666666667,La Niña
La Union,2011,2011Q2,26.007692307692302,28.072527472527472,24.44065934065934,685.8,685.8,876.0,3033489.73,1707.36,342.5,12.80989010989011,29.654945054945053,Q2,514.79,26.93648351648352,33.21937100565279,-0.9287912087912104,-0.5666666666666667,La Niña
La Union,2011,2011Q3,26.08695652173913,28.20108695652174,24.55760869565217,623.8,623.8,669.0,2998860.38,1718.02,351.23,14.45,35.39673913043478,Q3,632.4300000000001,26.37913043478261,-1.3645778979491974,-0.2921739130434808,-0.6333333333333333,La Niña
La Union,2011,2011Q4,25.801086956521736,27.81413043478261,24.33043478260869,833.4,833.4,1001.0,3026005.56,1520.52,302.25,12.940217391304348,31.71630434782609,Q4,725.71,25.85695652173913,14.839260861776737,-0.0558695652173923,-1.0333333333333334,La Niña
La Union,2012,2012Q1,25.26043956043956,27.25494505494505,23.77142857142857,663.1,663.1,932.0,3083547.28,1609.52,312.84,15.295604395604396,35.52527472527473,Q1,511.41,25.1515347985348,29.66113294616844,0.1089047619047605,-0.7333333333333334,La Niña
La Union,2012,2012Q2,26.468131868131863,28.71648351648352,24.73186813186813,470.8,470.8,674.0,3360799.37,1925.85,386.18,12.083516483516483,28.75824175824176,Q2,514.79,26.93648351648352,-8.545232036364334,-0.4683516483516499,-0.2666666666666666,Neutral
La Union,2012,2012Q3,26.10869565217392,28.18260869565217,24.63695652173913,519.3,519.3,679.0,2970150.09,1708.36,352.47,15.480434782608697,36.32065217391305,Q3,632.4300000000001,26.37913043478261,-17.888145723637415,-0.2704347826086923,0.3333333333333333,Neutral
La Union,2012,2012Q4,25.84130434782609,27.75543478260869,24.39565217391305,474.1,474.1,780.0,3103287.12,1584.36,316.35,15.377173913043478,36.16413043478261,Q4,725.71,25.85695652173913,-34.67087404059473,-0.0156521739130397,0.0666666666666666,Neutral
La Union,2013,2013Q1,25.335555555555555,27.167777777777776,23.94111111111111,590.2,590.2,726.0,2914536.38,1573.89,314.96,17.384444444444444,37.47444444444445,Q1,511.41,25.1515347985348,15.406425372988409,0.1840207570207539,-0.3666666666666667,Neutral
La Union,2013,2013Q2,26.883516483516484,29.134065934065934,25.05934065934066,602.5,602.5,817.0,3269801.11,1864.48,380.69,10.541758241758242,25.95604395604396,Q2,514.79,26.93648351648352,17.038015501466624,-0.0529670329670288,-0.3666666666666667,Neutral
La Union,2013,2013Q3,26.082608695652173,28.15652173913044,24.570652173913043,814.5,814.5,905.0,2834243.2,1622.37,335.42,13.259782608695652,32.089130434782604,Q3,632.4300000000001,26.37913043478261,28.78895688060337,-0.2965217391304371,-0.3333333333333333,Neutral
La Union,2013,2013Q4,25.742391304347827,27.691304347826087,24.3358695652174,622.3,622.3,847.0,3095922.02,1542.14,307.33,14.821739130434782,34.34891304347826,Q4,725.71,25.85695652173913,-14.24949359937166,-0.1145652173913021,-0.2333333333333333,Neutral
La Union,2014,2014Q1,24.61111111111111,26.384444444444444,23.32555555555556,655.1,655.1,775.0,2807705.24,1522.31,310.13,19.75777777777778,41.03777777777778,Q1,511.41,25.1515347985348,28.09683033182769,-0.5404236874236901,-0.3999999999999999,Neutral
La Union,2014,2014Q2,26.63516483516484,28.745054945054942,24.957142857142856,772.1,772.1,802.0,3243117.12,1835.16,368.61,11.43956043956044,27.198901098901096,Q2,514.79,26.93648351648352,49.983488412750845,-0.3013186813186728,0.1333333333333333,Neutral
La Union,2014,2014Q3,26.08152173913044,28.119565217391305,24.56847826086957,733.6,733.6,824.0,2688512.09,1595.1,329.87,13.76304347826087,32.73152173913044,Q3,632.4300000000001,26.37913043478261,15.99702733899403,-0.2976086956521726,0.1,Neutral
La Union,2014,2014Q4,25.691304347826087,27.561956521739127,24.3,969.5,969.5,975.0,2888648.1,1461.5,295.88,15.218478260869563,34.06739130434782,Q4,725.71,25.85695652173913,33.5933086219013,-0.1656521739130418,0.6,El Niño
La Union,2015,2015Q1,25.093333333333334,27.254444444444445,23.468888888888888,135.2,135.2,460.0,3280512.03,1731.34,354.15,17.332222222222224,35.803333333333335,Q1,511.41,25.1515347985348,-73.56328581764143,-0.058201465201467,0.5,El Niño
La Union,2015,2015Q2,27.03846153846154,29.53626373626373,25.01868131868132,427.6,427.6,720.0,3407588.08,1919.05,400.23,11.023076923076925,26.826373626373623,Q2,514.79,26.93648351648352,-16.937003438295218,0.1019780219780273,0.9333333333333332,El Niño
La Union,2015,2015Q3,26.256521739130434,28.33152173913044,24.74673913043478,616.7,616.7,750.0,3209850.68,1761.73,360.44,13.930434782608694,33.01521739130435,Q3,632.4300000000001,26.37913043478261,-2.4872317884983346,-0.1226086956521754,1.8666666666666665,El Niño
La Union,2015,2015Q4,26.07934782608696,27.957608695652173,24.691304347826087,489.3,489.3,719.0,3227405.44,1612.72,322.4,14.51195652173913,33.971739130434784,Q4,725.71,25.85695652173913,-32.576373482520566,0.2223913043478305,2.533333333333333,El Niño
La Union,2016,2016Q1,25.85824175824176,28.142857142857142,24.102197802197804,133.9,133.9,434.0,3491229.55,1865.7,374.74,15.417582417582418,33.73956043956044,Q1,511.41,25.1515347985348,-73.81748499247179,0.7067069597069597,2.066666666666667,El Niño
La Union,2016,2016Q2,27.53406593406593,30.147252747252747,25.503296703296705,585.2,585.2,687.0,3487659.75,1949.68,415.43,11.507692307692308,28.432967032967035,Q2,514.79,26.93648351648352,13.677421861341536,0.5975824175824158,0.3999999999999999,Neutral
La Union,2016,2016Q3,26.653260869565216,28.7,25.15108695652174,624.0,624.0,719.0,3043470.59,1716.91,355.04,13.696739130434782,32.81739130434782,Q3,632.4300000000001,26.37913043478261,-1.3329538446942844,0.2741304347826059,-0.5,La Niña
La Union,2016,2016Q4,25.96521739130435,27.82934782608696,24.570652173913043,878.3,878.3,1024.0,2858359.28,1430.24,289.53000000000003,13.142391304347823,32.12173913043478,Q4,725.71,25.85695652173913,21.026305273456327,0.1082608695652211,-0.6666666666666666,La Niña
La Union,2017,2017Q1,24.94,27.87,22.54111111111111,800.5,800.5,890.0,2668816.59,1405.26,287.66,16.397777777777776,38.824444444444445,Q1,511.41,25.1515347985348,56.52803034747072,-0.2115347985347995,-0.1333333333333333,Neutral
La Union,2017,2017Q2,26.58571428571429,29.628571428571423,24.15714285714286,659.6,659.6,930.0,3366434.72,1779.07,359.81,11.751648351648353,29.48681318681319,Q2,514.79,26.93648351648352,28.12991705355583,-0.3507692307692238,0.2666666666666666,Neutral
La Union,2017,2017Q3,26.172826086956523,29.194565217391304,23.96521739130435,867.4,867.4,977.0,2916982.59,1632.99,332.13,10.985869565217392,28.718478260869563,Q3,632.4300000000001,26.37913043478261,37.15351896652592,-0.2063043478260873,-0.1333333333333333,Neutral
La Union,2017,2017Q4,25.68586956521739,28.39673913043478,23.570652173913043,855.8000000000001,855.8000000000001,1021.0,2769107.87,1340.85,273.33,13.527173913043478,35.19456521739131,Q4,725.71,25.85695652173913,17.925893263149195,-0.1710869565217372,-0.8333333333333334,La Niña
La Union,2018,2018Q1,25.226666666666667,28.22888888888889,22.796666666666663,745.6,745.6,776.0,2985527.48,1526.83,306.46,14.73111111111111,36.36333333333333,Q1,511.41,25.1515347985348,45.79300365655736,0.0751318681318657,-0.8333333333333334,La Niña
La Union,2018,2018Q2,26.923076923076923,30.27032967032967,24.21318681318681,358.7,358.7,800.0,3383043.87,1783.37,373.74,11.776923076923078,31.51868131868132,Q2,514.79,26.93648351648352,-30.32110180850444,-0.0134065934065894,-0.2333333333333333,Neutral
La Union,2018,2018Q3,26.80434782608696,30.20543478260869,24.31413043478261,336.3,336.3,689.0,3200522.24,1767.32,384.09,15.547826086956524,39.6,Q3,632.4300000000001,26.37913043478261,-46.8241544518761,0.4252173913043506,0.2666666666666666,Neutral
La Union,2018,2018Q4,25.85760869565217,28.980434782608693,23.39673913043478,749.6,749.6,1088.0,3110819.94,1505.28,308.94,13.208695652173914,34.62717391304348,Q4,725.71,25.85695652173913,3.291948574499454,0.0006521739130427,0.8333333333333334,El Niño
La Union,2019,2019Q1,24.854444444444447,28.356666666666666,21.506666666666664,252.3,252.3,632.0,3258532.74,1700.18,349.4,15.185555555555556,34.77111111111111,Q1,511.41,25.1515347985348,-50.66580630022878,-0.2970903540903542,0.6999999999999998,El Niño
La Union,2019,2019Q2,27.84285714285714,31.75714285714286,24.705494505494503,259.7,259.7,728.0,3565318.22,1908.53,426.37,13.534065934065934,33.64725274725275,Q2,514.79,26.93648351648352,-49.55224460459605,0.9063736263736288,0.5666666666666667,El Niño
La Union,2019,2019Q3,27.046739130434784,30.52717391304348,24.448913043478264,410.2,410.2,742.0,2982371.4,1723.6,380.44,14.306521739130435,37.19565217391305,Q3,632.4300000000001,26.37913043478261,-35.13906677418846,0.6676086956521736,0.1999999999999999,Neutral
La Union,2019,2019Q4,26.05326086956521,29.35108695652174,23.60869565217392,529.9,529.9,1021.0,3176629.72,1538.18,317.95,12.61304347826087,32.88478260869565,Q4,725.71,25.85695652173913,-26.981852255033008,0.1963043478260857,0.4333333333333333,Neutral
La Union,2020,2020Q1,25.95274725274725,29.67252747252747,22.667032967032966,287.0,287.0,749.0,3419505.47,1738.59,374.25,15.831868131868132,37.22197802197802,Q1,511.41,25.1515347985348,-43.8806437105258,0.8012124542124504,0.4666666666666666,Neutral
La Union,2020,2020Q2,27.8043956043956,31.749450549450547,24.64395604395604,507.3,507.3,875.0,3370671.58,1838.48,411.5,13.876923076923076,34.113186813186815,Q2,514.79,26.93648351648352,-1.4549622176032853,0.8679120879120887,-0.0666666666666666,Neutral
La Union,2020,2020Q3,26.582608695652173,29.80652173913043,24.10869565217392,738.0,738.0,1096.0,3104598.47,1699.7,349.88,11.298913043478262,28.84891304347826,Q3,632.4300000000001,26.37913043478261,16.692756510601953,0.2034782608695629,-0.6333333333333333,La Niña
La Union,2020,2020Q4,25.93369565217392,28.86521739130435,23.79565217391304,833.0,833.0,1218.0,2831654.28,1409.67,285.12,12.139130434782608,32.09891304347826,Q4,725.71,25.85695652173913,14.784142426037944,0.0767391304347882,-1.2333333333333334,La Niña
La Union,2021,2021Q1,25.26333333333333,28.14777777777778,22.94,837.6,837.6,1180.0,2770292.14,1465.03,293.85,13.895555555555555,34.60444444444445,Q1,511.41,25.1515347985348,63.78248372147591,0.1117985347985275,-0.9,La Niña
La Union,2021,2021Q2,26.470329670329672,29.602197802197804,23.97802197802197,677.6,677.6,1054.0,3198359.5,1746.9,356.51,12.216483516483516,30.701098901098906,Q2,514.79,26.93648351648352,31.62648847102704,-0.4661538461538406,-0.5333333333333333,La Niña
La Union,2021,2021Q3,26.566304347826087,29.61086956521739,24.22717391304348,639.0,639.0,942.0,3142615.81,1718.74,359.76,12.054347826086955,30.88913043478261,Q3,632.4300000000001,26.37913043478261,1.0388501494236415,0.1871739130434768,-0.5333333333333333,La Niña
La Union,2021,2021Q4,25.588043478260868,28.65978260869565,23.36086956521739,1099.0,1099.0,1202.0,2694891.75,1409.04,285.38,14.36413043478261,34.30978260869565,Q4,725.71,25.85695652173913,51.43790219233577,-0.2689130434782605,-0.9333333333333332,La Niña
La Union,2022,2022Q1,25.25888888888889,28.50888888888889,22.593333333333334,640.3,640.3,929.0,2886809.8,1594.6,318.46,14.434444444444445,32.522222222222226,Q1,511.41,25.1515347985348,25.202870495297304,0.1073540903540895,-0.9666666666666668,La Niña
La Union,2022,2022Q2,26.1010989010989,29.31868131868132,23.5010989010989,1053.1,1053.1,1070.0,3072070.94,1791.85,360.7,12.91978021978022,29.37802197802198,Q2,514.79,26.93648351648352,104.56885331882904,-0.8353846153846121,-1.0,La Niña
La Union,2022,2022Q3,26.203260869565216,29.49673913043478,23.668478260869566,733.2,733.2,892.0,3070683.66,1790.51,361.82,11.315217391304348,26.695652173913043,Q3,632.4300000000001,26.37913043478261,15.933779232484223,-0.1758695652173934,-0.9,La Niña
La Union,2022,2022Q4,25.68478260869565,28.75869565217392,23.369565217391305,801.1,801.1,1164.0,2738634.62,1473.03,297.06,13.431521739130435,31.30869565217392,Q4,725.71,25.85695652173913,10.388447175869146,-0.1721739130434798,-0.9,La Niña
La Union,2023,2023Q1,24.95,28.085555555555555,22.47111111111112,865.7,865.7,1065.0,2629304.84,1486.24,297.75,14.703333333333331,33.18666666666667,Q1,511.41,25.1515347985348,69.27709665434779,-0.2015347985348015,-0.3999999999999999,Neutral
La Union,2023,2023Q2,26.906593406593405,30.53846153846154,24.020879120879123,514.2,514.2,800.0,3329106.78,1914.96,398.25,11.813186813186814,27.7956043956044,Q2,514.79,26.93648351648352,-0.1146098409059846,-0.0298901098901076,0.5,El Niño
La Union,2023,2023Q3,26.867391304347827,30.543478260869566,24.01521739130435,478.8,478.8,729.0,3192062.26,1866.64,398.55,15.01195652173913,33.62282608695652,Q3,632.4300000000001,26.37913043478261,-24.292016507755804,0.4882608695652166,1.3333333333333333,El Niño
La Union,2023,2023Q4,26.144565217391307,29.86304347826087,23.26304347826087,560.1,560.1,904.0,3190788.17,1634.95,334.73,12.575,29.05326086956521,Q4,725.71,25.85695652173913,-22.82041035675408,0.2876086956521781,1.9,El Niño
La Union,2024,2024Q1,27.072527472527472,30.663736263736265,23.337362637362634,26.6,26.6,97.0,3492496.67,1899.4,435.42,18.869230769230768,35.97032967032968,Q1,511.41,25.1515347985348,-94.79869380731702,1.920992673992672,1.4666666666666668,El Niño
La Union,2024,2024Q2,29.53516483516483,33.33516483516483,26.384615384615383,331.7,331.7,431.0,3577926.01,2098.14,489.53,17.46923076923077,34.65934065934066,Q2,514.79,26.93648351648352,-35.56595893471124,2.5986813186813187,0.4333333333333333,Neutral
La Union,2024,2024Q3,27.289130434782606,30.04891304347826,25.088043478260868,1469.1,1469.1,1057.0,2716744.89,1647.0,346.13,16.36195652173913,32.040217391304346,Q3,632.4300000000001,26.37913043478261,132.29448318390965,0.9099999999999966,-0.1,Neutral
La Union,2024,2024Q4,26.76,29.545054945054943,24.052747252747256,441.6,441.6,536.0,2906914.86,1461.59,304.0,15.28021978021978,30.698901098901096,Q4,725.71,25.85695652173913,-39.14924694437172,0.903043478260873,-0.3999999999999999,Neutral
La Union,2025,2025Q1,26.56067415730337,30.01333333333333,23.03777777777778,111.6,111.6,237.0,3274503.72,1719.47,371.33,15.245555555555557,33.34111111111111,Q1,511.41,25.1515347985348,-78.17797852994663,1.40913935876857,-0.3999999999999999,Neutral
La Union,2025,2025Q2,27.583516483516483,30.704395604395604,25.145054945054945,318.6,1.3,684.0,3376160.27,1915.37,400.54,10.663736263736263,22.97142857142857,Q2,514.79,26.93648351648352,-38.11068591075972,0.6470329670329704,-0.1,Neutral
La Union,2025,2025Q3,28.35760869565217,29.480434782608693,27.57282608695652,514.3,29.8,746.0,3002365.81,1859.62,410.75,14.095652173913043,21.97391304347826,Q3,632.4300000000001,26.37913043478261,-18.678747055010056,1.9784782608695608,-0.3,Neutral
La Union,2025,2025Q4,28.021311475409835,29.22622950819672,27.139344262295083,860.8,63.5,861.0,1897213.83,1098.86,234.38,14.067213114754098,23.42131147540984,Q4,725.71,25.85695652173913,18.6148737098841,2.1643549536707063,-0.6,La Niña
Laguna,2010,2010Q1,26.73388888888889,30.49277777777778,23.94777777777778,53.2,53.2,124.0,6800545.94,3343.6,789.72,19.594444444444445,36.94,Q1,200.67,26.11107081807081,-73.48881247819804,0.6228180708180737,1.1666666666666667,El Niño
Laguna,2010,2010Q2,29.1521978021978,33.03131868131868,26.27032967032967,504.2,504.2,732.0,7293758.34,3958.56,915.82,14.60989010989011,29.912087912087912,Q2,707.49,28.741208791208795,-28.733975038516448,0.410989010989006,-0.1666666666666666,Neutral
Laguna,2010,2010Q3,27.544565217391305,30.525,25.471739130434784,1349.2,1349.2,1730.0,6042194.04,3203.64,675.8,12.979347826086956,28.221739130434784,Q3,1768.0700000000002,27.17086956521739,-23.690804097122857,0.3736956521739145,-1.3,La Niña
Laguna,2010,2010Q4,26.7375,29.32119565217392,24.92934782608696,559.0,559.0,1010.0,5805925.0,2615.04,563.79,15.557608695652174,32.95434782608696,Q4,838.8399999999999,26.79358695652174,-33.36035477564255,-0.0560869565217387,-1.6000000000000003,La Niña
Laguna,2011,2011Q1,25.68722222222222,28.612222222222226,23.639444444444447,220.8,220.8,340.0,6320052.23,2906.1,686.36,22.23,41.784444444444446,Q1,200.67,26.11107081807081,10.031394827328446,-0.4238485958485967,-1.1666666666666667,La Niña
Laguna,2011,2011Q2,27.78901098901099,31.062087912087915,25.29615384615384,1037.0,1037.0,1140.0,6403128.91,3456.62,782.05,15.713186813186814,32.678021978021974,Q2,707.49,28.741208791208795,46.57450988706554,-0.952197802197805,-0.5666666666666667,La Niña
Laguna,2011,2011Q3,26.867391304347827,29.256521739130434,25.12826086956522,1770.8,1770.8,2640.0,5478571.51,2929.36,604.5,17.816304347826087,35.825,Q3,1768.0700000000002,27.17086956521739,0.1544056513599456,-0.3034782608695643,-0.6333333333333333,La Niña
Laguna,2011,2011Q4,26.678804347826084,29.30923913043478,24.77173913043478,807.2,807.2,1098.0,5842515.6,2660.18,572.71,15.65108695652174,33.08586956521739,Q4,838.8399999999999,26.79358695652174,-3.771875447045906,-0.1147826086956556,-1.0333333333333334,La Niña
Laguna,2012,2012Q1,26.454945054945057,29.446153846153845,24.325824175824177,281.0,281.0,438.0,6118526.56,2929.24,671.98,18.869230769230768,37.12527472527473,Q1,200.67,26.11107081807081,40.03089649673592,0.3438742368742389,-0.7333333333333334,La Niña
Laguna,2012,2012Q2,28.27032967032967,31.5021978021978,25.803846153846155,739.6,739.6,1332.0,6747719.56,3556.26,790.91,15.237362637362637,32.11538461538461,Q2,707.49,28.741208791208795,4.538580050601424,-0.4708791208791254,-0.2666666666666666,Neutral
Laguna,2012,2012Q3,26.72608695652174,29.129891304347822,25.05326086956521,2206.2,2206.2,2892.0,5136323.16,2784.08,580.05,16.878260869565217,34.993478260869566,Q3,1768.0700000000002,27.17086956521739,24.78012748364033,-0.4447826086956503,0.3333333333333333,Neutral
Laguna,2012,2012Q4,27.054891304347827,30.00054347826088,24.85869565217392,360.0,360.0,536.0,6378538.42,2963.6,665.19,17.481521739130436,35.05652173913043,Q4,838.8399999999999,26.79358695652174,-57.08359162653187,0.261304347826087,0.0666666666666666,Neutral
Laguna,2013,2013Q1,26.61277777777778,29.88666666666667,24.249444444444443,101.4,101.4,240.0,6520152.76,3165.96,742.05,20.282222222222224,38.79888888888889,Q1,200.67,26.11107081807081,-49.46927791897145,0.5017069597069614,-0.3666666666666667,Neutral
Laguna,2013,2013Q2,29.07472527472528,32.63516483516484,26.37802197802198,801.2,801.2,1002.0,6642065.97,3641.16,837.55,13.13956043956044,28.9,Q2,707.49,28.741208791208795,13.245416896351896,0.3335164835164868,-0.3666666666666667,Neutral
Laguna,2013,2013Q3,27.078260869565216,29.67065217391304,25.282065217391303,1954.8,1954.8,2414.0,5049192.0,2812.68,593.79,15.076086956521738,31.7858695652174,Q3,1768.0700000000002,27.17086956521739,10.561233435327772,-0.0926086956521743,-0.3333333333333333,Neutral
Laguna,2013,2013Q4,26.675,29.229891304347827,24.7858695652174,493.6,493.6,760.0,6224094.6,2740.3,592.22,16.76195652173913,33.86304347826087,Q4,838.8399999999999,26.79358695652174,-41.15683563015592,-0.1185869565217387,-0.2333333333333333,Neutral
Laguna,2014,2014Q1,25.78333333333333,29.259444444444444,23.16333333333333,35.6,35.6,120.0,6739528.23,3228.12,762.4,20.154444444444444,38.76222222222222,Q1,200.67,26.11107081807081,-82.25943090646335,-0.3277374847374865,-0.3999999999999999,Neutral
Laguna,2014,2014Q2,29.223076923076924,33.029670329670324,26.412087912087912,538.8,538.8,922.0,7129290.02,3759.5,873.98,14.265934065934069,30.5021978021978,Q2,707.49,28.741208791208795,-23.84344655048129,0.4818681318681292,0.1333333333333333,Neutral
Laguna,2014,2014Q3,27.194565217391304,29.64673913043478,25.36847826086957,1924.2,1924.2,2386.0,5483781.58,2986.2,627.66,17.00108695652174,34.99782608695652,Q3,1768.0700000000002,27.17086956521739,8.830532727776607,0.0236956521739131,0.1,Neutral
Laguna,2014,2014Q4,26.62173913043478,29.15869565217391,24.7858695652174,768.2,768.2,884.0,5959183.61,2658.78,587.77,16.67608695652174,33.46739130434783,Q4,838.8399999999999,26.79358695652174,-8.421153020838286,-0.1718478260869602,0.6,El Niño
Laguna,2015,2015Q1,25.571666666666665,28.87,23.056666666666665,150.6,150.6,178.0,6624531.26,3196.08,736.25,19.43777777777778,36.96111111111111,Q1,200.67,26.11107081807081,-24.95141276722979,-0.5394041514041525,0.5,El Niño
Laguna,2015,2015Q2,29.26043956043956,33.167032967032966,26.333516483516483,257.4,257.4,608.0,7470710.76,3997.5,934.44,14.276923076923078,30.51098901098901,Q2,707.49,28.741208791208795,-63.61786032311411,0.5192307692307665,0.9333333333333332,El Niño
Laguna,2015,2015Q3,27.67826086956521,30.51358695652174,25.65652173913044,1178.4,1178.4,2198.0,6265085.88,3255.44,695.32,15.626086956521736,32.57826086956521,Q3,1768.0700000000002,27.17086956521739,-33.351055105284296,0.5073913043478235,1.8666666666666665,El Niño
Laguna,2015,2015Q4,27.31358695652174,30.1875,25.18097826086957,948.2,948.2,676.0,6307527.13,2917.96,666.25,19.055434782608696,38.01739130434783,Q4,838.8399999999999,26.79358695652174,13.037051165895775,0.5199999999999996,2.533333333333333,El Niño
Laguna,2016,2016Q1,26.78131868131868,30.04725274725275,24.343406593406595,103.8,103.8,296.0,6603375.45,3136.52,729.0,18.18131868131868,34.754945054945054,Q1,200.67,26.11107081807081,-48.27328449693527,0.6702478632478623,2.066666666666667,El Niño
Laguna,2016,2016Q2,29.36868131868132,33.04835164835165,26.66923076923077,509.4,509.4,930.0,7184752.68,3829.96,899.31,14.431868131868132,30.19010989010989,Q2,707.49,28.741208791208795,-27.998982317771283,0.6274725274725235,0.3999999999999999,Neutral
Laguna,2016,2016Q3,27.57880434782609,30.195652173913043,25.784239130434784,1648.6,1648.6,2504.0,5642464.08,3047.68,642.38,16.317391304347826,33.85434782608696,Q3,1768.0700000000002,27.17086956521739,-6.757085409514343,0.4079347826086987,-0.5,La Niña
Laguna,2016,2016Q4,27.04565217391304,29.534239130434784,25.26521739130435,1120.8,1120.8,1150.0,5575271.64,2583.06,571.64,17.56413043478261,35.34782608695652,Q4,838.8399999999999,26.79358695652174,33.613084736064096,0.2520652173913014,-0.6666666666666666,La Niña
Laguna,2017,2017Q1,25.657222222222224,28.37,23.85333333333333,408.4,408.4,884.0,6339230.06,3217.86,724.26,23.861666666666668,45.87611111111112,Q1,200.67,26.11107081807081,103.5182139831564,-0.4538485958485942,-0.1333333333333333,Neutral
Laguna,2017,2017Q2,28.34945054945055,31.761538461538464,25.8978021978022,881.9,881.9,1273.0,7246079.59,3904.26,875.07,16.15934065934066,34.182967032967035,Q2,707.49,28.741208791208795,24.65193854330096,-0.391758241758243,0.2666666666666666,Neutral
Laguna,2017,2017Q3,27.191304347826087,29.971739130434784,25.317391304347822,1795.5,1795.5,2112.0,5649734.19,3135.22,654.18,14.520652173913044,32.01902173913044,Q3,1768.0700000000002,27.17086956521739,1.551409163664325,0.0204347826086959,-0.1333333333333333,Neutral
Laguna,2017,2017Q4,26.38586956521739,28.546739130434784,24.89293478260869,1419.7,1419.7,2057.0,5756877.77,2733.07,569.42,19.80271739130435,40.96141304347826,Q4,838.8399999999999,26.79358695652174,69.24562491059085,-0.4077173913043488,-0.8333333333333334,La Niña
Laguna,2018,2018Q1,25.91333333333333,28.62388888888889,24.025,534.2,534.2,727.0,6305623.89,3198.77,716.19,22.13777777777777,42.94222222222223,Q1,200.67,26.11107081807081,166.2082025215528,-0.1977374847374875,-0.8333333333333334,La Niña
Laguna,2018,2018Q2,28.29945054945055,31.611538461538466,25.86703296703297,786.2,786.2,1214.0,7059904.63,3839.82,888.53,18.85439560439561,38.62087912087912,Q2,707.49,28.741208791208795,11.12524558651006,-0.4417582417582437,-0.2333333333333333,Neutral
Laguna,2018,2018Q3,26.77880434782609,29.325,24.96521739130435,1867.5,1867.5,2581.0,5172992.6,2897.06,603.83,14.902173913043478,34.14945652173913,Q3,1768.0700000000002,27.17086956521739,5.623646122608258,-0.3920652173913019,0.2666666666666666,Neutral
Laguna,2018,2018Q4,26.717391304347824,29.30869565217392,24.85434782608696,1128.9,1128.9,1636.0,6342034.97,3117.8,682.02,20.55163043478261,41.06467391304348,Q4,838.8399999999999,26.79358695652174,34.57870392446715,-0.0761956521739151,0.8333333333333334,El Niño
Laguna,2019,2019Q1,25.915,29.14888888888889,23.51222222222222,117.7,117.7,632.0,6899773.61,3615.28,825.84,23.98333333333333,46.46722222222223,Q1,200.67,26.11107081807081,-41.34648926097573,-0.1960708180708188,0.6999999999999998,El Niño
Laguna,2019,2019Q2,28.624725274725275,32.301648351648346,25.998351648351647,1019.2,1019.2,1431.0,6989172.85,3864.99,888.74,16.195604395604395,34.348351648351645,Q2,707.49,28.741208791208795,44.05857326605324,-0.1164835164835196,0.5666666666666667,El Niño
Laguna,2019,2019Q3,27.070652173913043,29.666304347826088,25.2375,1985.5,1985.5,2437.0,5108705.41,2967.19,627.77,15.778804347826089,34.27554347826087,Q3,1768.0700000000002,27.17086956521739,12.297590027544148,-0.1002173913043478,0.1999999999999999,Neutral
Laguna,2019,2019Q4,26.70543478260869,29.381521739130434,24.794565217391305,782.8,782.8,1526.0,6356591.6,3120.81,668.34,18.8375,38.96304347826087,Q4,838.8399999999999,26.79358695652174,-6.680654236803201,-0.0881521739130448,0.4333333333333333,Neutral
Laguna,2020,2020Q1,26.41648351648352,29.785714285714285,24.03150183150183,320.1,320.1,1131.0,10370397.74,5403.86,1266.06,23.35531135531136,46.810256410256414,Q1,200.67,26.11107081807081,59.51562266407535,0.3054126984127023,0.4666666666666666,Neutral
Laguna,2020,2020Q2,28.81794871794872,32.549084249084245,26.042124542124544,1538.4,1538.4,2031.0,10813464.78,5991.43,1399.96,17.95128205128205,38.27472527472528,Q2,707.49,28.741208791208795,117.44476953737863,0.0767399267399255,-0.0666666666666666,Neutral
Laguna,2020,2020Q3,27.505797101449275,30.55797101449276,25.21014492753623,2455.1,2455.1,2883.0,9049168.8,5098.37,1071.96,13.322101449275362,29.628260869565217,Q3,1768.0700000000002,27.17086956521739,38.8576244153229,0.3349275362318842,-0.6333333333333333,La Niña
Laguna,2020,2020Q4,26.544565217391305,29.008333333333333,24.78333333333333,3686.3,3686.3,3183.0,8049641.96,4020.37,844.9,19.120652173913044,40.617753623188406,Q4,838.8399999999999,26.79358695652174,339.45210051976545,-0.2490217391304341,-1.2333333333333334,La Niña
Laguna,2021,2021Q1,25.89,28.64925925925926,23.925925925925927,771.7,771.7,1879.0,9083561.8,4768.39,1038.18,20.31851851851852,41.0225925925926,Q1,200.67,26.11107081807081,284.561718243883,-0.2210708180708174,-0.9,La Niña
Laguna,2021,2021Q2,28.527838827838828,32.447985347985345,25.59010989010989,1085.2,1085.2,1780.0,10865076.73,5980.9,1398.67,18.76336996336996,39.78095238095239,Q2,707.49,28.741208791208795,53.38732702935731,-0.213369963369967,-0.5333333333333333,La Niña
Laguna,2021,2021Q3,27.38731884057971,30.325000000000003,25.319565217391304,2715.2,2715.2,3669.0,8600663.86,4839.85,1028.16,16.517028985507245,36.72934782608695,Q3,1768.0700000000002,27.17086956521739,53.56858042950786,0.2164492753623186,-0.5333333333333333,La Niña
Laguna,2021,2021Q4,26.88840579710145,29.769927536231883,24.87572463768116,1109.0,1109.0,1882.0,8557176.44,4484.51,1028.21,20.7072463768116,40.93224637681159,Q4,838.8399999999999,26.79358695652174,32.2063802393782,0.094818840579709,-0.9333333333333332,La Niña
Laguna,2022,2022Q1,26.97925925925926,30.750370370370373,24.41777777777778,332.3,332.3,874.0,9817888.95,5247.76,1280.54,23.33333333333333,45.76703703703704,Q1,200.67,26.11107081807081,65.59525589275925,0.8681884411884404,-0.9666666666666668,La Niña
Laguna,2022,2022Q2,28.063369963369965,31.940659340659337,25.264102564102565,1853.4,1853.4,2060.0,9985418.42,5802.7300000000005,1329.29,17.52124542124542,36.14505494505495,Q2,707.49,28.741208791208795,161.96836704405715,-0.6778388278388299,-1.0,La Niña
Laguna,2022,2022Q3,26.91521739130435,30.14565217391305,24.67355072463768,3319.0,3319.0,3203.0,8046669.31,4973.2,1026.32,14.019927536231885,29.183333333333334,Q3,1768.0700000000002,27.17086956521739,87.7188120379849,-0.2556521739130417,-0.9,La Niña
Laguna,2022,2022Q4,26.672463768115943,29.370652173913044,24.7072463768116,2004.2,2004.2,2135.0,8960000.88,4582.12,980.9,19.3822463768116,37.99891304347826,Q4,838.8399999999999,26.79358695652174,138.9251823947356,-0.1211231884057966,-0.9,La Niña
Laguna,2023,2023Q1,26.19074074074074,29.522592592592595,23.834444444444443,577.9,577.9,1021.0,9493698.45,5190.01,1230.6,23.37962962962963,45.14814814814815,Q1,200.67,26.11107081807081,187.98524941446152,0.0796699226699217,-0.3999999999999999,Neutral
Laguna,2023,2023Q2,28.32234432234432,32.26373626373626,25.3948717948718,1554.7,1554.7,1998.0,10453181.43,5941.85,1357.2,17.514285714285712,35.83369963369964,Q2,707.49,28.741208791208795,119.74868902740674,-0.4188644688644736,0.5,El Niño
Laguna,2023,2023Q3,27.922826086956523,30.88731884057971,25.720289855072465,2211.9,2211.9,3025.0,9427849.21,5469.63,1186.56,19.30942028985508,35.151086956521745,Q3,1768.0700000000002,27.17086956521739,25.10251290955674,0.7519565217391317,1.3333333333333333,El Niño
Laguna,2023,2023Q4,27.403623188405795,29.93913043478261,25.526086956521738,859.7,859.7,1763.0,9485803.41,4798.66,1088.02,22.65543478260869,39.78804347826087,Q4,838.8399999999999,26.79358695652174,2.486767440751529,0.610036231884056,1.9,El Niño
Laguna,2024,2024Q1,26.6970695970696,29.68864468864469,24.5948717948718,144.0,144.0,560.0,10422221.7,5619.05,1342.49,27.566300366300368,47.6007326007326,Q1,200.67,26.11107081807081,-28.24039467782928,0.5859987789987819,1.4666666666666668,El Niño
Laguna,2024,2024Q2,29.19743589743589,32.64981684981685,26.67985347985348,1713.2,1713.2,1682.0,10803387.03,6343.36,1499.57,21.444322344322345,38.341025641025645,Q2,707.49,28.741208791208795,142.15183253473546,0.4562271062270966,0.4333333333333333,Neutral
Laguna,2024,2024Q3,27.569202898550724,30.29891304347826,25.57572463768116,2969.1,2969.1,3251.0,8526207.41,5122.85,1079.22,17.04963768115942,31.65217391304348,Q3,1768.0700000000002,27.17086956521739,67.92887159445043,0.3983333333333334,-0.1,Neutral
Laguna,2024,2024Q4,27.20629629629629,29.55201465201465,25.3904761904762,1374.8,1374.8,2145.0,8378240.2,4409.33,973.56,20.15714285714285,37.35457875457875,Q4,838.8399999999999,26.79358695652174,63.89299508845549,0.4127093397745511,-0.3999999999999999,Neutral
Laguna,2025,2025Q1,26.48426966292135,28.881481481481483,24.805185185185184,661.0,661.0,1394.0,9160310.92,4923.01,1112.53,23.811481481481483,44.50925925925926,Q1,200.67,26.11107081807081,229.39652165246423,0.3731988448505312,-0.3999999999999999,Neutral
Laguna,2025,2025Q2,29.14945054945055,33.489010989010985,26.053846153846155,519.6,12.4,824.0,6456981.88,3823.66,891.87,14.429670329670328,31.807692307692307,Q2,707.49,28.741208791208795,-26.557265827078822,0.4082417582417541,-0.1,Neutral
Laguna,2025,2025Q3,26.93586956521739,30.35652173913044,24.543478260869566,995.6,169.0,1406.0,4512269.08,2971.94,639.66,14.107608695652177,34.66630434782609,Q3,1768.0700000000002,27.17086956521739,-43.69001227326973,-0.2349999999999994,-0.3,Neutral
Laguna,2025,2025Q4,26.94098360655737,30.21639344262295,24.73934426229508,550.4,135.4,910.0,3464344.98,1863.7,398.46,15.81311475409836,38.90491803278688,Q4,838.8399999999999,26.79358695652174,-34.38558008678651,0.1473966500356347,-0.6,La Niña
Lanao del Norte,2010,2010Q1,23.993333333333336,26.236666666666668,21.564444444444444,520.3,520.3,663.0,3216299.57,1721.49,319.48,10.653333333333332,31.03333333333333,Q1,940.43,23.818327228327227,-44.67424476037557,0.1750061050061084,1.1666666666666667,El Niño
Lanao del Norte,2010,2010Q2,25.146153846153847,27.301098901098904,22.97692307692308,1092.3,1092.3,855.0,3325664.55,1786.33,342.65,8.826373626373627,28.198901098901096,Q2,861.75,24.981428571428573,26.75369886858137,0.1647252747252743,-0.1666666666666666,Neutral
Lanao del Norte,2010,2010Q3,24.7,26.846739130434784,22.56086956521739,1268.7,1268.7,1047.0,3100107.78,1663.66,322.06,7.770652173913043,26.945652173913043,Q3,673.4399999999999,24.804891304347827,88.39094796863866,-0.1048913043478272,-1.3,La Niña
Lanao del Norte,2010,2010Q4,24.332608695652173,26.55652173913043,22.241304347826087,1238.8,1238.8,977.0,3134712.54,1513.06,290.3,8.180434782608696,28.15,Q4,941.98,24.41021739130435,31.51022314698827,-0.0776086956521773,-1.6000000000000003,La Niña
Lanao del Norte,2011,2011Q1,23.76555555555556,25.72777777777777,22.004444444444445,1573.6,1573.6,1159.0,2554824.43,1384.36,260.67,9.26888888888889,30.60888888888889,Q1,940.43,23.818327228327227,67.32771179141457,-0.0527716727716658,-1.1666666666666667,La Niña
Lanao del Norte,2011,2011Q2,24.494505494505493,26.55824175824176,22.519780219780223,1215.3,1215.3,932.0,2850761.29,1554.99,299.08,8.728571428571428,27.87912087912088,Q2,861.75,24.981428571428573,41.02697998259355,-0.4869230769230803,-0.5666666666666667,La Niña
Lanao del Norte,2011,2011Q3,24.495652173913044,26.83152173913044,22.23804347826087,553.6,553.6,691.0,3000121.58,1630.47,319.35,8.621739130434783,28.448913043478264,Q3,673.4399999999999,24.804891304347827,-17.79520076027559,-0.3092391304347828,-0.6333333333333333,La Niña
Lanao del Norte,2011,2011Q4,24.35,26.517391304347825,22.196739130434786,1086.4,1086.4,883.0,2981954.87,1527.78,293.16,8.404347826086957,28.518478260869564,Q4,941.98,24.41021739130435,15.331535701394955,-0.0602173913043486,-1.0333333333333334,La Niña
Lanao del Norte,2012,2012Q1,24.041758241758245,26.18241758241758,21.97472527472528,1174.0,1174.0,956.0,3024561.75,1567.28,294.21,9.229670329670329,31.738461538461536,Q1,940.43,23.818327228327227,24.836510957753376,0.2234310134310178,-0.7333333333333334,La Niña
Lanao del Norte,2012,2012Q2,24.75714285714286,27.031868131868134,22.49010989010989,831.4,831.4,770.0,3232838.96,1721.27,332.47,8.303296703296704,28.048351648351648,Q2,861.75,24.981428571428573,-3.5219031041485374,-0.2242857142857133,-0.2666666666666666,Neutral
Lanao del Norte,2012,2012Q3,24.444565217391304,26.83152173913044,22.245652173913044,707.0,707.0,801.0,2920556.35,1647.93,324.17,9.309782608695652,29.970652173913045,Q3,673.4399999999999,24.804891304347827,4.983368971252088,-0.3603260869565226,0.3333333333333333,Neutral
Lanao del Norte,2012,2012Q4,24.323913043478264,26.52282608695652,22.25869565217392,960.6,960.6,843.0,3126792.89,1559.54,297.34,9.31195652173913,31.169565217391305,Q4,941.98,24.41021739130435,1.976687403129591,-0.0863043478260863,0.0666666666666666,Neutral
Lanao del Norte,2013,2013Q1,23.99777777777778,25.988888888888887,22.034444444444443,1059.8,1059.8,1010.0,2829321.04,1515.89,283.93,10.156666666666666,31.11333333333333,Q1,940.43,23.818327228327227,12.693129738523869,0.1794505494505536,-0.3666666666666667,Neutral
Lanao del Norte,2013,2013Q2,25.01868131868132,27.06263736263736,22.87912087912088,993.3,993.3,919.0,3007974.71,1652.76,320.63,8.284615384615384,26.714285714285715,Q2,861.75,24.981428571428573,15.265448215839855,0.0372527472527473,-0.3666666666666667,Neutral
Lanao del Norte,2013,2013Q3,24.414130434782606,26.67391304347826,22.25434782608696,971.4,971.4,895.0,2921409.93,1608.63,313.93,8.439130434782609,28.27173913043478,Q3,673.4399999999999,24.804891304347827,44.24447612259445,-0.39076086956522,-0.3333333333333333,Neutral
Lanao del Norte,2013,2013Q4,24.19782608695652,26.425,22.039130434782606,895.5,895.5,862.0,3029345.29,1524.57,291.69,8.975,29.08043478260869,Q4,941.98,24.41021739130435,-4.934287352173072,-0.2123913043478289,-0.2333333333333333,Neutral
Lanao del Norte,2014,2014Q1,23.26,25.21222222222222,21.31,1287.5,1287.5,1028.0,2606673.32,1449.64,269.34,10.525555555555554,31.23777777777778,Q1,940.43,23.818327228327227,36.90545814148848,-0.5583272283272258,-0.3999999999999999,Neutral
Lanao del Norte,2014,2014Q2,24.87802197802198,27.03406593406593,22.75384615384615,869.4,869.4,938.0,3093451.36,1684.67,324.76,8.586813186813187,26.337362637362634,Q2,861.75,24.981428571428573,0.8877284595300236,-0.1034065934065928,0.1333333333333333,Neutral
Lanao del Norte,2014,2014Q3,24.50108695652174,26.825,22.20652173913044,557.6,557.6,755.0,2939329.46,1625.98,318.8,8.755434782608695,28.542391304347827,Q3,673.4399999999999,24.804891304347827,-17.201235447849836,-0.3038043478260874,0.1,Neutral
Lanao del Norte,2014,2014Q4,24.301086956521736,26.37173913043478,22.305434782608696,909.2,909.2,874.0,2970980.51,1498.76,286.89,9.431521739130435,29.131521739130434,Q4,941.98,24.41021739130435,-3.4799040319327226,-0.1091304347826138,0.6,El Niño
Lanao del Norte,2015,2015Q1,23.614444444444448,25.72111111111112,21.352222222222224,438.6,438.6,794.0,3280238.11,1701.29,312.96,11.258888888888889,31.063333333333333,Q1,940.43,23.818327228327227,-53.36176004593642,-0.2038827838827792,0.5,El Niño
Lanao del Norte,2015,2015Q2,24.9,27.13186813186813,22.582417582417584,649.1,649.1,754.0,3257120.14,1742.87,336.85,9.138461538461538,26.692307692307693,Q2,861.75,24.981428571428573,-24.676530316217,-0.0814285714285745,0.9333333333333332,El Niño
Lanao del Norte,2015,2015Q3,24.61413043478261,26.844565217391303,22.453260869565216,626.9,626.9,751.0,3068241.56,1642.28,321.84,9.615217391304348,29.47608695652174,Q3,673.4399999999999,24.804891304347827,-6.910786410073647,-0.1907608695652172,1.8666666666666665,El Niño
Lanao del Norte,2015,2015Q4,24.45652173913044,26.73152173913044,22.13043478260869,735.4,735.4,749.0,3342888.97,1643.36,313.51,9.310869565217391,30.28695652173913,Q4,941.98,24.41021739130435,-21.93040191936134,0.0463043478260871,2.533333333333333,El Niño
Lanao del Norte,2016,2016Q1,24.363736263736264,26.709890109890107,21.98131868131868,274.4,274.4,512.0,3529127.01,1877.33,348.57,11.573626373626372,31.762637362637363,Q1,940.43,23.818327228327227,-70.82185808619461,0.5454090354090368,2.066666666666667,El Niño
Lanao del Norte,2016,2016Q2,25.352747252747253,27.61208791208791,23.136263736263736,1126.6,1126.6,898.0,3303195.69,1736.45,337.95,9.217582417582417,28.249450549450547,Q2,861.75,24.981428571428573,30.73397156948069,0.3713186813186802,0.3999999999999999,Neutral
Lanao del Norte,2016,2016Q3,25.041304347826088,27.39782608695652,22.77282608695652,545.6,545.6,716.0,3159685.64,1706.59,335.64,9.125,28.532608695652176,Q3,673.4399999999999,24.804891304347827,-18.9831313851271,0.2364130434782616,-0.5,La Niña
Lanao del Norte,2016,2016Q4,24.5,26.543478260869566,22.55217391304348,1039.1,1039.1,959.0,2863186.49,1453.38,280.19,8.439130434782609,28.620652173913044,Q4,941.98,24.41021739130435,10.310197668740315,0.0897826086956499,-0.6666666666666666,La Niña
Lanao del Norte,2017,2017Q1,23.75222222222222,26.495555555555555,21.662222222222223,1180.7,1180.7,956.0,2580017.08,1356.89,260.22,10.428888888888888,32.06222222222222,Q1,940.43,23.818327228327227,25.54895101177122,-0.0661050061050083,-0.1333333333333333,Neutral
Lanao del Norte,2017,2017Q2,24.981318681318683,27.87362637362637,22.87802197802198,876.0,876.0,777.0,3021817.33,1685.23,328.54,8.003296703296703,25.67582417582417,Q2,861.75,24.981428571428573,1.6536118363794603,-0.0001098901098899,0.2666666666666666,Neutral
Lanao del Norte,2017,2017Q3,24.816304347826087,27.7858695652174,22.60108695652174,649.6,649.6,734.0,2791730.01,1580.33,313.29,8.243478260869566,25.305434782608696,Q3,673.4399999999999,24.804891304347827,-3.540033262057484,0.0114130434782602,-0.1333333333333333,Neutral
Lanao del Norte,2017,2017Q4,24.52065217391305,27.370652173913044,22.344565217391303,802.8,802.8,831.0,2734524.91,1431.82,280.22,8.816304347826087,29.722826086956523,Q4,941.98,24.41021739130435,-14.775260621244607,0.1104347826086993,-0.8333333333333334,La Niña
Lanao del Norte,2018,2018Q1,23.896666666666665,26.916666666666668,21.565555555555555,1191.4,1191.4,841.0,2860721.71,1532.87,292.05,9.676666666666666,30.85,Q1,940.43,23.818327228327227,26.686728411471368,0.0783394383394373,-0.8333333333333334,La Niña
Lanao del Norte,2018,2018Q2,24.97142857142857,28.04615384615384,22.53406593406593,494.2,494.2,657.0,3206956.9,1791.74,350.35,8.645054945054946,27.81428571428572,Q2,861.75,24.981428571428573,-42.65158108500145,-0.0100000000000015,-0.2333333333333333,Neutral
Lanao del Norte,2018,2018Q3,25.316304347826087,28.55326086956521,22.894565217391307,502.6,502.6,721.0,3048633.69,1723.61,348.71,9.890217391304349,31.268478260869564,Q3,673.4399999999999,24.804891304347827,-25.36825849370396,0.5114130434782602,0.2666666666666666,Neutral
Lanao del Norte,2018,2018Q4,24.28152173913044,27.338043478260868,21.958695652173912,1040.2,1040.2,1038.0,3023402.6,1582.88,304.01,8.964130434782609,29.972826086956523,Q4,941.98,24.41021739130435,10.42697297182532,-0.12869565217391,0.8333333333333334,El Niño
Lanao del Norte,2019,2019Q1,23.49777777777778,26.664444444444445,20.802222222222223,704.0,704.0,753.0,3157995.9,1721.3,323.44,11.79888888888889,33.84777777777778,Q1,940.43,23.818327228327227,-25.140627159916207,-0.3205494505494464,0.6999999999999998,El Niño
Lanao del Norte,2019,2019Q2,25.31428571428572,28.61648351648352,22.784615384615385,469.9,469.9,698.0,3205789.16,1834.9,361.89,9.065934065934066,28.04945054945055,Q2,861.75,24.981428571428573,-45.471424427038,0.3328571428571436,0.5666666666666667,El Niño
Lanao del Norte,2019,2019Q3,25.70543478260869,29.208695652173912,23.030434782608697,351.4,351.4,635.0,3026570.38,1751.53,366.08,10.018478260869566,31.43478260869565,Q3,673.4399999999999,24.804891304347827,-47.82014730339748,0.9005434782608681,0.1999999999999999,Neutral
Lanao del Norte,2019,2019Q4,24.838043478260868,28.32934782608696,22.29565217391304,711.8,711.8,827.0,3103799.23,1643.4,325.5,9.113043478260868,30.219565217391303,Q4,941.98,24.41021739130435,-24.43576296736661,0.427826086956518,0.4333333333333333,Neutral
Lanao del Norte,2020,2020Q1,24.18021978021978,27.61978021978022,21.48131868131868,531.6,531.6,735.0,3356262.1,1811.87,344.81,11.393406593406594,33.66373626373626,Q1,940.43,23.818327228327227,-43.47266675882309,0.3618925518925522,0.4666666666666666,Neutral
Lanao del Norte,2020,2020Q2,25.187912087912085,28.47692307692308,22.812087912087915,646.5,646.5,823.0,3116067.44,1789.41,351.27,9.41868131868132,29.71098901098901,Q2,861.75,24.981428571428573,-24.978241949521323,0.2064835164835123,-0.0666666666666666,Neutral
Lanao del Norte,2020,2020Q3,24.905434782608697,28.14891304347826,22.547826086956523,1056.2,1056.2,895.0,2888014.69,1666.53,328.98,8.251086956521739,25.926086956521736,Q3,673.4399999999999,24.804891304347827,56.83654074602045,0.1005434782608709,-0.6333333333333333,La Niña
Lanao del Norte,2020,2020Q4,24.470652173913045,27.528260869565216,22.279347826086955,1032.9,1032.9,1076.0,2630704.31,1430.53,279.72,8.220652173913043,28.06304347826088,Q4,941.98,24.41021739130435,9.652009596806748,0.060434782608695,-1.2333333333333334,La Niña
Lanao del Norte,2021,2021Q1,23.917777777777776,26.816666666666663,21.64666666666667,1097.7,1097.7,1039.0,2686880.21,1510.11,287.61,9.568888888888887,30.00777777777777,Q1,940.43,23.818327228327227,16.723201088863615,0.0994505494505482,-0.9,La Niña
Lanao del Norte,2021,2021Q2,24.85164835164835,27.9934065934066,22.521978021978025,825.8,825.8,1007.0,2956356.53,1696.02,332.58,8.967032967032967,27.9021978021978,Q2,861.75,24.981428571428573,-4.171743545111696,-0.1297802197802227,-0.5333333333333333,La Niña
Lanao del Norte,2021,2021Q3,25.22826086956522,28.60326086956522,22.801086956521736,934.3,934.3,873.0,2935112.01,1704.71,343.3,8.941304347826087,28.47717391304348,Q3,673.4399999999999,24.804891304347827,38.73544784984557,0.4233695652173921,-0.5333333333333333,La Niña
Lanao del Norte,2021,2021Q4,24.29891304347826,27.45108695652174,22.097826086956523,1464.5,1464.5,1012.0,2623607.42,1483.14,288.62,9.143478260869566,26.78478260869565,Q4,941.98,24.41021739130435,55.470392152699645,-0.1113043478260884,-0.9333333333333332,La Niña
Lanao del Norte,2022,2022Q1,23.788888888888888,27.07333333333333,21.38111111111111,1085.6,1085.6,941.0,2697935.05,1581.9,299.21,10.126666666666669,28.51333333333333,Q1,940.43,23.818327228327227,15.43655561817466,-0.0294383394383395,-0.9666666666666668,La Niña
Lanao del Norte,2022,2022Q2,24.4021978021978,27.692307692307693,22.084615384615383,1427.6,1427.6,1022.0,2665125.37,1638.14,317.74,9.512087912087912,25.16813186813187,Q2,861.75,24.981428571428573,65.66289527125035,-0.5792307692307723,-1.0,La Niña
Lanao del Norte,2022,2022Q3,24.756521739130434,28.207608695652173,22.27608695652174,778.9,778.9,868.0,2793664.89,1713.91,338.91,9.107608695652171,24.02717391304348,Q3,673.4399999999999,24.804891304347827,15.65989546210502,-0.0483695652173921,-0.9,La Niña
Lanao del Norte,2022,2022Q4,24.186956521739127,27.45978260869565,21.996739130434783,1326.4,1326.4,1039.0,2578942.05,1476.44,286.37,9.076086956521738,25.34021739130435,Q4,941.98,24.41021739130435,40.80978364721122,-0.2232608695652231,-0.9,La Niña
Lanao del Norte,2023,2023Q1,23.45888888888889,26.442222222222224,21.288888888888888,1600.9,1600.9,1197.0,2362193.22,1417.25,267.1,9.896666666666668,27.27777777777778,Q1,940.43,23.818327228327227,70.23063917569624,-0.3594383394383378,-0.3999999999999999,Neutral
Lanao del Norte,2023,2023Q2,25.05934065934066,28.53626373626373,22.531868131868134,827.5,827.5,825.0,3071670.42,1801.18,354.64,9.378021978021978,25.60769230769231,Q2,861.75,24.981428571428573,-3.974470554105019,0.077912087912086,0.5,El Niño
Lanao del Norte,2023,2023Q3,25.4108695652174,29.17065217391304,22.89782608695652,677.5,677.5,773.0,2863353.72,1718.57,347.72,10.080434782608696,28.16304347826087,Q3,673.4399999999999,24.804891304347827,0.6028747921121496,0.6059782608695699,1.3333333333333333,El Niño
Lanao del Norte,2023,2023Q4,24.70434782608696,28.27065217391305,22.35869565217392,1013.1,1013.1,909.0,3002007.17,1631.29,318.7,9.046739130434782,25.95652173913044,Q4,941.98,24.41021739130435,7.550054141276898,0.294130434782609,1.9,El Niño
Lanao del Norte,2024,2024Q1,24.33076923076923,27.9010989010989,21.51648351648352,656.2,656.2,778.0,3247080.36,1810.39,346.28,12.149450549450547,31.73186813186813,Q1,940.43,23.818327228327227,-30.22340844081961,0.512442002442004,1.4666666666666668,El Niño
Lanao del Norte,2024,2024Q2,25.750549450549453,29.526373626373623,23.142857142857142,658.1,658.1,719.0,3236590.23,1909.96,379.43,10.212087912087911,27.81098901098901,Q2,861.75,24.981428571428573,-23.632143893240496,0.7691208791208801,0.4333333333333333,Neutral
Lanao del Norte,2024,2024Q3,25.31413043478261,28.95217391304348,22.921739130434784,717.5,717.5,809.0,2818934.56,1721.18,345.03,9.269565217391303,25.31413043478261,Q3,673.4399999999999,24.804891304347827,6.542527916369694,0.5092391304347821,-0.1,Neutral
Lanao del Norte,2024,2024Q4,24.98111111111111,28.73736263736264,22.63296703296703,891.2,891.2,842.0,2817915.96,1581.66,314.55,9.3010989010989,25.859340659340656,Q4,941.98,24.41021739130435,-5.390772627868942,0.5708937198067616,-0.3999999999999999,Neutral
Lanao del Norte,2025,2025Q1,24.256179775280906,27.706666666666667,21.924444444444443,987.5,987.5,887.0,2684233.63,1577.12,302.56,9.573333333333334,26.45,Q1,940.43,23.818327228327227,5.005157215316404,0.4378525469536782,-0.3999999999999999,Neutral
Lanao del Norte,2025,2025Q2,26.18131868131868,29.81978021978022,23.10439560439561,588.0,8.7,536.0,2954524.09,1821.23,367.41,11.247252747252746,24.980219780219777,Q2,861.75,24.981428571428573,-31.766753698868584,1.1998901098901058,-0.1,Neutral
Lanao del Norte,2025,2025Q3,27.40869565217391,30.725,24.68804347826088,453.1,27.7,492.0,2804890.08,1842.54,389.32,12.68586956521739,25.025,Q3,673.4399999999999,24.804891304347827,-32.718579234972665,2.6038043478260846,-0.3,Neutral
Lanao del Norte,2025,2025Q4,27.247540983606555,30.068852459016394,24.918032786885245,411.3,33.5,424.0,1838410.95,1120.85,232.95,11.4,23.30327868852459,Q4,941.98,24.41021739130435,-56.33665258285737,2.837323592302205,-0.6,La Niña
Lanao del Sur,2010,2010Q1,22.284444444444443,25.34555555555556,20.362222222222226,503.5,503.5,597.0,3222510.63,1704.84,313.55,10.87111111111111,30.8,Q1,734.53,21.9834126984127,-31.45276571413012,0.3010317460317431,1.1666666666666667,El Niño
Lanao del Sur,2010,2010Q2,23.529670329670328,26.507692307692302,21.78021978021978,1242.6,1242.6,872.0,3131148.98,1689.08,324.37,7.434065934065934,26.14945054945055,Q2,1002.79,23.185824175824173,23.914279161140414,0.3438461538461546,-0.1666666666666666,Neutral
Lanao del Sur,2010,2010Q3,22.94782608695652,25.992391304347827,21.22934782608696,1476.2,1476.2,1024.0,2937663.04,1575.57,302.84,7.231521739130434,25.60760869565217,Q3,804.1,22.77695652173913,83.58413132694939,0.1708695652173908,-1.3,La Niña
Lanao del Sur,2010,2010Q4,22.595652173913045,25.48695652173913,20.930434782608696,1217.2,1217.2,935.0,2930327.01,1430.19,271.92,7.720652173913043,26.86195652173913,Q4,879.45,22.56467391304348,38.40468474614816,0.030978260869567,-1.6000000000000003,La Niña
Lanao del Sur,2011,2011Q1,21.816666666666663,24.55555555555556,20.252222222222223,1453.1,1453.1,1040.0,2470445.54,1339.77,246.93,9.424444444444443,30.243333333333336,Q1,734.53,21.9834126984127,97.82718200754223,-0.1667460317460367,-1.1666666666666667,La Niña
Lanao del Sur,2011,2011Q2,22.66813186813187,25.35054945054945,21.09230769230769,1143.2,1143.2,913.0,2633112.43,1457.95,276.58,8.987912087912088,27.787912087912087,Q2,1002.79,23.185824175824173,14.001934602459148,-0.5176923076923039,-0.5666666666666667,La Niña
Lanao del Sur,2011,2011Q3,22.632608695652173,25.32608695652174,20.969565217391303,568.0,568.0,779.0,2884538.05,1535.98,293.08,10.77608695652174,30.57282608695652,Q3,804.1,22.77695652173913,-29.36201964929736,-0.1443478260869568,-0.6333333333333333,La Niña
Lanao del Sur,2011,2011Q4,22.53804347826087,25.4108695652174,20.83043478260869,1037.1,1037.1,854.0,2863195.8,1463.6,277.49,8.620652173913044,28.05978260869565,Q4,879.45,22.56467391304348,17.925976462561813,-0.0266304347826071,-1.0333333333333334,La Niña
Lanao del Sur,2012,2012Q1,22.18021978021978,25.04945054945055,20.5010989010989,1136.2,1136.2,864.0,2880325.12,1507.81,280.03,9.192307692307692,30.80879120879121,Q1,734.53,21.9834126984127,54.683947558302606,0.1968070818070799,-0.7333333333333334,La Niña
Lanao del Sur,2012,2012Q2,22.968131868131863,25.79230769230769,21.25164835164836,1046.5,1046.5,809.0,3034394.42,1625.21,310.06,8.605494505494505,27.468131868131863,Q2,1002.79,23.185824175824173,4.358838839637415,-0.2176923076923103,-0.2666666666666666,Neutral
Lanao del Sur,2012,2012Q3,22.59891304347826,25.39565217391305,20.93478260869565,694.3,694.3,905.0,2774775.5,1543.26,293.61,11.241304347826087,32.27065217391304,Q3,804.1,22.77695652173913,-13.65501803258302,-0.1780434782608715,0.3333333333333333,Neutral
Lanao del Sur,2012,2012Q4,22.51521739130435,25.34891304347826,20.86521739130435,958.0,958.0,800.0,3017625.32,1497.44,280.88,9.790217391304347,31.02065217391305,Q4,879.45,22.56467391304348,8.931718687816243,-0.0494565217391276,0.0666666666666666,Neutral
Lanao del Sur,2013,2013Q1,22.135555555555555,24.93555555555556,20.488888888888887,916.6,916.6,923.0,2784768.48,1483.44,272.53,10.473333333333333,30.60222222222222,Q1,734.53,21.9834126984127,24.78727894027474,0.1521428571428558,-0.3666666666666667,Neutral
Lanao del Sur,2013,2013Q2,23.23736263736264,26.00989010989011,21.59450549450549,1309.5,1309.5,1015.0,2839333.4,1557.17,299.0,7.590109890109891,25.491208791208788,Q2,1002.79,23.185824175824173,30.585665991882653,0.0515384615384668,-0.3666666666666667,Neutral
Lanao del Sur,2013,2013Q3,22.565217391304348,25.290217391304346,20.92826086956521,1011.4,1011.4,906.0,2719920.82,1506.27,288.11,9.766304347826088,29.942391304347822,Q3,804.1,22.77695652173913,25.78037557517721,-0.2117391304347826,-0.3333333333333333,Neutral
Lanao del Sur,2013,2013Q4,22.382608695652173,25.172826086956523,20.75978260869565,926.4,926.4,848.0,2894028.02,1450.62,272.62,9.386956521739132,29.43913043478261,Q4,879.45,22.56467391304348,5.338563875149234,-0.1820652173913046,-0.2333333333333333,Neutral
Lanao del Sur,2014,2014Q1,21.28111111111111,23.834444444444443,19.61,966.9,966.9,922.0,2589039.96,1441.48,259.37,11.984444444444444,32.91888888888889,Q1,734.53,21.9834126984127,31.63519529495052,-0.7023015873015908,-0.3999999999999999,Neutral
Lanao del Sur,2014,2014Q2,23.154945054945053,25.861538461538466,21.4989010989011,998.9,998.9,914.0,2887571.9,1590.14,303.7,7.826373626373627,25.68131868131868,Q2,1002.79,23.185824175824173,-0.3879177095902419,-0.0308791208791205,0.1333333333333333,Neutral
Lanao del Sur,2014,2014Q3,22.64565217391305,25.32282608695652,20.99891304347826,738.3,738.3,869.0,2832942.81,1533.5,293.97,10.51086956521739,30.502173913043475,Q3,804.1,22.77695652173913,-8.183061808232814,-0.1313043478260809,0.1,Neutral
Lanao del Sur,2014,2014Q4,22.441304347826087,25.14130434782609,20.81195652173913,872.3,872.3,879.0,2940852.73,1445.45,270.91,9.745652173913044,29.15217391304348,Q4,879.45,22.56467391304348,-0.8130081300813111,-0.1233695652173914,0.6,El Niño
Lanao del Sur,2015,2015Q1,21.773333333333333,24.67222222222222,19.87,346.5,346.5,626.0,3271622.78,1682.47,304.16,11.568888888888887,30.93888888888889,Q1,734.53,21.9834126984127,-52.8269777953249,-0.2100793650793662,0.5,El Niño
Lanao del Sur,2015,2015Q2,23.15934065934066,25.92967032967033,21.4010989010989,794.5,794.5,802.0,3152871.58,1649.16,315.61,8.275824175824177,25.24285714285714,Q2,1002.79,23.185824175824173,-20.77104877392076,-0.0264835164835126,0.9333333333333332,El Niño
Lanao del Sur,2015,2015Q3,22.77391304347826,25.347826086956523,21.17717391304348,741.4,741.4,831.0,2947345.0300000003,1545.93,296.68,11.097826086956522,31.547826086956523,Q3,804.1,22.77695652173913,-7.797537619699048,-0.0030434782608708,1.8666666666666665,El Niño
Lanao del Sur,2015,2015Q4,22.698913043478264,25.60434782608696,20.90543478260869,627.3,627.3,706.0,3264741.0,1586.14,297.74,9.668478260869565,30.23913043478261,Q4,879.45,22.56467391304348,-28.67132867132868,0.1342391304347856,2.533333333333333,El Niño
Lanao del Sur,2016,2016Q1,22.748351648351647,25.99010989010989,20.67472527472528,219.1,219.1,418.0,3543570.89,1837.46,342.1,10.467032967032967,30.075824175824177,Q1,734.53,21.9834126984127,-70.17140212108423,0.7649389499389478,2.066666666666667,El Niño
Lanao del Sur,2016,2016Q2,23.667032967032966,26.63956043956044,21.94065934065934,1271.2,1271.2,891.0,3056861.71,1636.75,317.42,7.848351648351649,25.567032967032965,Q2,1002.79,23.185824175824173,26.766321961726792,0.4812087912087932,0.3999999999999999,Neutral
Lanao del Sur,2016,2016Q3,23.222826086956523,26.03369565217391,21.55760869565217,665.3,665.3,763.0,3038824.12,1609.91,310.18,10.182608695652174,30.092391304347824,Q3,804.1,22.77695652173913,-17.261534634995655,0.4458695652173929,-0.5,La Niña
Lanao del Sur,2016,2016Q4,22.65,25.320652173913043,21.092391304347824,1019.4,1019.4,928.0,2735209.65,1399.99,264.19,8.792391304347825,28.790217391304346,Q4,879.45,22.56467391304348,15.913354937745172,0.0853260869565204,-0.6666666666666666,La Niña
Lanao del Sur,2017,2017Q1,21.884444444444444,24.68555555555556,19.796666666666667,724.4,724.4,803.0,2488011.09,1329.09,244.29,15.076666666666668,32.57666666666667,Q1,734.53,21.9834126984127,-1.3791131744108474,-0.0989682539682554,-0.1333333333333333,Neutral
Lanao del Sur,2017,2017Q2,23.11758241758241,25.82967032967033,20.9010989010989,887.7,887.7,952.0,2925323.23,1589.18,302.24,10.756043956043955,25.98681318681319,Q2,1002.79,23.185824175824173,-11.476979227954,-0.0682417582417613,0.2666666666666666,Neutral
Lanao del Sur,2017,2017Q3,22.82934782608696,25.45543478260869,20.83152173913044,825.7,825.7,923.0,2665991.89,1512.93,289.42,12.588043478260868,28.070652173913043,Q3,804.1,22.77695652173913,2.686233055590104,0.0523913043478287,-0.1333333333333333,Neutral
Lanao del Sur,2017,2017Q4,22.68260869565217,25.30217391304348,20.628260869565217,761.8000000000001,761.8000000000001,929.0,2675025.39,1391.23,263.08,13.016304347826088,29.76304347826087,Q4,879.45,22.56467391304348,-13.377679231337764,0.1179347826086925,-0.8333333333333334,La Niña
Lanao del Sur,2018,2018Q1,22.167777777777776,25.17888888888889,19.828888888888887,593.7,593.7,737.0,2805977.34,1507.56,277.83,14.295555555555554,30.744444444444444,Q1,734.53,21.9834126984127,-19.17280437830993,0.1843650793650759,-0.8333333333333334,La Niña
Lanao del Sur,2018,2018Q2,23.08571428571429,25.83516483516484,20.75494505494505,649.0,649.0,788.0,3040268.04,1688.33,319.68,12.32197802197802,27.95604395604396,Q2,1002.79,23.185824175824173,-35.28056721746328,-0.1001098901098842,-0.2333333333333333,Neutral
Lanao del Sur,2018,2018Q3,22.83043478260869,25.355434782608693,21.08152173913044,629.5,629.5,960.0,2916823.96,1665.6,314.54,14.979347826086956,32.93260869565218,Q3,804.1,22.77695652173913,-21.713717199353315,0.0534782608695643,0.2666666666666666,Neutral
Lanao del Sur,2018,2018Q4,22.518478260869564,25.519565217391307,20.132608695652173,775.0,775.0,989.0,2891177.43,1533.3,284.28,13.22608695652174,29.10434782608696,Q4,879.45,22.56467391304348,-11.876741145033831,-0.0461956521739139,0.8333333333333334,El Niño
Lanao del Sur,2019,2019Q1,21.56222222222222,25.056666666666665,18.863333333333333,485.3,485.3,688.0,3038202.19,1668.12,298.29,17.41111111111111,34.93888888888889,Q1,734.53,21.9834126984127,-33.930540617810024,-0.4211904761904783,0.6999999999999998,El Niño
Lanao del Sur,2019,2019Q2,23.27032967032967,26.186813186813183,20.936263736263736,684.8,684.8,949.0,3037407.36,1709.99,324.18,12.121978021978022,27.48681318681319,Q2,1002.79,23.185824175824173,-31.71052762791811,0.0845054945054961,0.5666666666666667,El Niño
Lanao del Sur,2019,2019Q3,22.722826086956523,25.296739130434784,20.72391304347826,690.9,690.9,896.0,2880204.55,1683.38,317.4,16.14021739130435,33.50108695652174,Q3,804.1,22.77695652173913,-14.077851013555534,-0.054130434782607,0.1999999999999999,Neutral
Lanao del Sur,2019,2019Q4,22.62391304347826,25.620652173913044,20.269565217391303,600.0,600.0,848.0,3030539.95,1606.66,301.25,12.225,27.198913043478264,Q4,879.45,22.56467391304348,-31.775541531639096,0.0592391304347827,0.4333333333333333,Neutral
Lanao del Sur,2020,2020Q1,22.25824175824176,25.701098901098906,19.59450549450549,483.2,483.2,685.0,3245793.89,1774.59,320.34,16.054945054945055,33.20989010989011,Q1,734.53,21.9834126984127,-34.216437722080784,0.2748290598290595,0.4666666666666666,Neutral
Lanao del Sur,2020,2020Q2,23.31978021978022,26.30879120879121,20.93406593406593,833.0,833.0,989.0,2912365.48,1684.67,319.69,12.326373626373629,27.967032967032967,Q2,1002.79,23.185824175824173,-16.931760388516036,0.1339560439560472,-0.0666666666666666,Neutral
Lanao del Sur,2020,2020Q3,22.894565217391307,25.66304347826087,20.70978260869565,1094.2,1094.2,1066.0,2688448.38,1572.6,298.76,11.66304347826087,27.52173913043478,Q3,804.1,22.77695652173913,36.0776022882726,0.1176086956521764,-0.6333333333333333,La Niña
Lanao del Sur,2020,2020Q4,22.666304347826088,25.47934782608696,20.55978260869565,875.1,875.1,1115.0,2569883.03,1414.35,266.22,12.721739130434784,28.780434782608697,Q4,879.45,22.56467391304348,-0.4946273238956192,0.10163043478261,-1.2333333333333334,La Niña
Lanao del Sur,2021,2021Q1,22.128888888888888,25.063333333333333,19.79555555555556,814.5,814.5,997.0,2596853.29,1486.93,271.23,14.394444444444444,31.29,Q1,734.53,21.9834126984127,10.887234013586925,0.1454761904761881,-0.9,La Niña
Lanao del Sur,2021,2021Q2,22.84175824175824,25.67912087912088,20.56153846153846,958.5,958.5,1097.0,2759650.85,1578.02,297.22,11.685714285714289,26.95934065934066,Q2,1002.79,23.185824175824173,-4.41667746985909,-0.3440659340659344,-0.5333333333333333,La Niña
Lanao del Sur,2021,2021Q3,22.97391304347826,25.68260869565217,20.92826086956521,818.8,818.8,1036.0,2805178.41,1640.88,310.85,13.396739130434783,29.532608695652176,Q3,804.1,22.77695652173913,1.82813082949881,0.1969565217391284,-0.5333333333333333,La Niña
Lanao del Sur,2021,2021Q4,22.56413043478261,25.57282608695652,20.50978260869565,1105.8,1105.8,996.0,2524774.19,1460.16,272.61,13.666304347826086,28.75434782608696,Q4,879.45,22.56467391304348,25.737676957189144,-0.0005434782608695,-0.9333333333333332,La Niña
Lanao del Sur,2022,2022Q1,22.07,25.22,19.846666666666668,952.7,952.7,859.0,2634712.75,1548.28,281.14,14.21111111111111,29.418888888888887,Q1,734.53,21.9834126984127,29.7019863041673,0.0865873015873006,-0.9666666666666668,La Niña
Lanao del Sur,2022,2022Q2,22.67912087912088,25.583516483516483,20.4967032967033,1232.6,1232.6,1054.0,2403642.85,1522.48,286.53000000000003,11.68021978021978,25.76923076923077,Q2,1002.79,23.185824175824173,22.91706139869763,-0.506703296703293,-1.0,La Niña
Lanao del Sur,2022,2022Q3,22.843478260869563,25.82934782608696,20.672826086956523,782.4,782.4,965.0,2705341.74,1658.92,313.77,12.603260869565217,26.73695652173913,Q3,804.1,22.77695652173913,-2.6986693197363567,0.0665217391304331,-0.9,La Niña
Lanao del Sur,2022,2022Q4,22.50326086956522,25.43369565217392,20.366304347826087,1076.0,1076.0,1041.0,2468067.18,1434.54,269.29,12.542391304347827,26.475,Q4,879.45,22.56467391304348,22.34919551992722,-0.0614130434782573,-0.9,La Niña
Lanao del Sur,2023,2023Q1,21.86555555555556,24.69333333333333,19.816666666666663,1188.6,1188.6,1161.0,2213507.54,1394.47,250.54,14.754444444444443,29.841111111111108,Q1,734.53,21.9834126984127,61.81776101724912,-0.1178571428571402,-0.3999999999999999,Neutral
Lanao del Sur,2023,2023Q2,23.089010989010987,26.083516483516483,20.821978021978023,856.4,856.4,1017.0,2804815.83,1707.9,322.82,12.217582417582417,25.80879120879121,Q2,1002.79,23.185824175824173,-14.598270824399922,-0.0968131868131862,0.5,El Niño
Lanao del Sur,2023,2023Q3,22.86847826086957,25.48695652173913,21.04021739130435,869.3,869.3,1053.0,2710359.74,1657.82,309.13,15.0,30.93260869565217,Q3,804.1,22.77695652173913,8.108444223355296,0.0915217391304388,1.3333333333333333,El Niño
Lanao del Sur,2023,2023Q4,22.83043478260869,25.825,20.63043478260869,910.7,910.7,926.0,2833523.07,1564.44,293.0,12.43695652173913,26.442391304347822,Q4,879.45,22.56467391304348,3.553357211893797,0.2657608695652165,1.9,El Niño
Lanao del Sur,2024,2024Q1,22.365934065934063,25.59010989010989,20.01868131868132,450.3,450.3,708.0,3017325.97,1703.36,304.91,17.07032967032967,33.26483516483516,Q1,734.53,21.9834126984127,-38.69549235565599,0.3825213675213632,1.4666666666666668,El Niño
Lanao del Sur,2024,2024Q2,23.60879120879121,26.76813186813187,21.228571428571428,726.4,726.4,860.0,2996624.07,1767.35,335.46,12.323076923076924,26.374725274725275,Q2,1002.79,23.185824175824173,-27.562101736156126,0.4229670329670369,0.4333333333333333,Neutral
Lanao del Sur,2024,2024Q3,23.01304347826087,25.825,21.05108695652174,904.1,904.1,985.0,2658378.8,1632.98,308.83,13.9,29.48586956521739,Q3,804.1,22.77695652173913,12.436264146250466,0.2360869565217385,-0.1,Neutral
Lanao del Sur,2024,2024Q4,22.90222222222222,26.04615384615384,20.87362637362637,990.8,990.8,987.0,2651512.34,1511.65,286.5,11.886813186813187,27.11428571428572,Q4,879.45,22.56467391304348,12.661322417419967,0.337548309178743,-0.3999999999999999,Neutral
Lanao del Sur,2025,2025Q1,22.50561797752809,25.94111111111111,20.57333333333333,876.9,876.9,912.0,2572938.02,1495.12,276.76,12.55111111111111,29.164444444444445,Q1,734.53,21.9834126984127,19.382462254775163,0.5222052791153899,-0.3999999999999999,Neutral
Lanao del Sur,2025,2025Q2,24.46483516483517,27.68241758241758,22.47692307692308,757.9,16.7,646.0,2669845.35,1599.76,321.46,10.62087912087912,23.517582417582418,Q2,1002.79,23.185824175824173,-24.420865784461352,1.2790109890109953,-0.1,Neutral
Lanao del Sur,2025,2025Q3,24.22934782608696,27.041304347826088,22.59021739130435,727.0,33.7,591.0,2397544.73,1562.7,321.02,11.427173913043475,21.14565217391305,Q3,804.1,22.77695652173913,-9.588359656759112,1.4523913043478274,-0.3,Neutral
Lanao del Sur,2025,2025Q4,24.036065573770493,26.81311475409836,22.531147540983607,505.7,33.7,413.0,1645532.75,964.06,193.38,11.97377049180328,23.02950819672131,Q4,879.45,22.56467391304348,-42.498152254249824,1.471391660727015,-0.6,La Niña
Leyte,2010,2010Q1,26.18388888888889,28.941666666666663,23.94777777777778,366.0,366.0,942.0,6686818.63,3530.79,731.7,14.318333333333335,37.53111111111112,Q1,1121.7,25.702021978021985,-67.37095480074886,0.4818669108669091,1.1666666666666667,El Niño
Leyte,2010,2010Q2,28.497252747252748,31.485714285714284,26.09175824175824,494.8,494.8,858.0,7432956.18,4251.41,907.39,11.064835164835165,31.26648351648352,Q2,962.68,27.71972527472527,-48.601819919391694,0.7775274725274777,-0.1666666666666666,Neutral
Leyte,2010,2010Q3,27.203260869565216,29.71902173913044,25.42554347826087,1729.2,1729.2,2116.0,6297287.5,3584.79,731.01,9.992391304347825,28.25108695652174,Q3,1697.9599999999998,27.095489130434785,1.839854884685166,0.1077717391304347,-1.3,La Niña
Leyte,2010,2010Q4,26.51304347826087,28.79076086956522,24.968478260869563,1345.9,1345.9,2052.0,5859287.94,2890.46,585.08,11.622282608695652,32.28532608695652,Q4,1587.13,26.54016304347826,-15.19913302628014,-0.0271195652173901,-1.6000000000000003,La Niña
Leyte,2011,2011Q1,25.42277777777777,27.546666666666663,23.99888888888889,1728.9,1728.9,2002.0,5125359.29,2779.29,572.69,16.627222222222223,42.35722222222223,Q1,1121.7,25.702021978021985,54.13212088793795,-0.2792442002442072,-1.1666666666666667,La Niña
Leyte,2011,2011Q2,26.8,29.11318681318681,24.981318681318683,1536.2,1536.2,1702.0,6039113.77,3476.19,710.07,12.592307692307694,33.809890109890105,Q2,962.68,27.71972527472527,59.57535214193711,-0.9197252747252698,-0.5666666666666667,La Niña
Leyte,2011,2011Q3,26.88804347826087,29.002717391304348,25.24728260869565,1484.6,1484.6,2149.0,6143509.35,3465.72,702.92,14.002173913043478,39.13532608695652,Q3,1697.9599999999998,27.095489130434785,-12.565667035736997,-0.2074456521739129,-0.6333333333333333,La Niña
Leyte,2011,2011Q4,26.520108695652173,28.854891304347827,24.917934782608693,1556.5,1556.5,1966.0,6103198.77,3031.11,611.12,12.584239130434783,35.94076086956522,Q4,1587.13,26.54016304347826,-1.9298986220410488,-0.0200543478260861,-1.0333333333333334,La Niña
Leyte,2012,2012Q1,25.907692307692308,28.29230769230769,24.21648351648352,1334.7,1334.7,1765.0,6129809.98,3142.5,629.85,14.08021978021978,38.24285714285714,Q1,1121.7,25.702021978021985,18.98903450120353,0.2056703296703261,-0.7333333333333334,La Niña
Leyte,2012,2012Q2,27.4021978021978,29.9021978021978,25.4021978021978,897.1,897.1,1543.0,6791179.0200000005,3852.93,787.46,11.13901098901099,31.03736263736264,Q2,962.68,27.71972527472527,-6.812232517555152,-0.3175274725274697,-0.2666666666666666,Neutral
Leyte,2012,2012Q3,26.881521739130434,29.00597826086957,25.30978260869565,1578.0,1578.0,2226.0,5841387.9,3392.13,692.7,14.206521739130435,39.2929347826087,Q3,1697.9599999999998,27.095489130434785,-7.064948526467044,-0.2139673913043474,0.3333333333333333,Neutral
Leyte,2012,2012Q4,26.55652173913043,28.91576086956522,24.81413043478261,1121.8,1121.8,1668.0,6290573.99,3146.56,640.53,13.891847826086956,38.477717391304346,Q4,1587.13,26.54016304347826,-29.318959379508936,0.0163586956521726,0.0666666666666666,Neutral
Leyte,2013,2013Q1,25.97833333333333,28.30055555555556,24.231666666666666,1184.4,1184.4,1496.0,6024616.5,3204.77,657.13,15.571111111111112,40.31166666666667,Q1,1121.7,25.702021978021985,5.589729874297944,0.2763113553113498,-0.3666666666666667,Neutral
Leyte,2013,2013Q2,27.864835164835164,30.521978021978025,25.745054945054942,1081.7,1081.7,1383.0,6748577.23,3915.84,813.16,10.363736263736264,28.63736263736264,Q2,962.68,27.71972527472527,12.36340216894504,0.145109890109893,-0.3666666666666667,Neutral
Leyte,2013,2013Q3,26.87391304347826,29.06847826086957,25.23152173913044,1875.7,1875.7,2442.0,5636900.32,3263.93,669.33,12.813586956521736,35.55326086956522,Q3,1697.9599999999998,27.095489130434785,10.467855544300232,-0.2215760869565208,-0.3333333333333333,Neutral
Leyte,2013,2013Q4,26.41467391304348,28.659239130434784,24.80652173913043,1016.5,1016.5,1794.0,6329924.93,3069.53,617.19,13.559239130434785,37.243478260869566,Q4,1587.13,26.54016304347826,-35.953576581628475,-0.1254891304347793,-0.2333333333333333,Neutral
Leyte,2014,2014Q1,25.26833333333333,27.586111111111112,23.468888888888888,791.3,791.3,1270.0,5909371.53,3192.13,667.18,17.482222222222223,42.75888888888889,Q1,1121.7,25.702021978021985,-29.4552910760453,-0.433688644688651,-0.3999999999999999,Neutral
Leyte,2014,2014Q2,27.747252747252748,30.231318681318683,25.692307692307693,1043.1,1043.1,1421.0,6863923.12,3897.71,803.43,11.033516483516484,30.217032967032967,Q2,962.68,27.71972527472527,8.35376241326297,0.0275274725274776,0.1333333333333333,Neutral
Leyte,2014,2014Q3,26.98695652173913,29.069565217391304,25.38913043478261,2115.4,2115.4,2220.0,5692119.94,3309.6,679.88,14.43586956521739,38.85,Q3,1697.9599999999998,27.095489130434785,24.58479587269431,-0.1085326086956506,0.1,Neutral
Leyte,2014,2014Q4,26.37228260869565,28.530434782608697,24.82717391304348,1932.5,1932.5,1982.0,5781625.9,2895.27,593.05,14.469565217391304,38.53152173913043,Q4,1587.13,26.54016304347826,21.760662327597604,-0.1678804347826101,0.6,El Niño
Leyte,2015,2015Q1,25.486666666666668,27.966111111111108,23.502777777777776,743.1,743.1,985.0,6544685.6,3420.95,704.7,15.914444444444444,39.28111111111112,Q1,1121.7,25.702021978021985,-33.75234019791388,-0.2153553113553137,0.5,El Niño
Leyte,2015,2015Q2,27.80494505494505,30.47967032967033,25.64835164835165,664.3,664.3,1120.0,7101552.69,4054.01,844.1,10.332417582417582,28.24175824175824,Q2,962.68,27.71972527472527,-30.994723064777496,0.0852197802197807,0.9333333333333332,El Niño
Leyte,2015,2015Q3,27.154347826086955,29.370652173913044,25.50978260869565,1380.0,1380.0,2112.0,6613360.74,3637.84,739.86,13.491847826086955,35.93369565217392,Q3,1697.9599999999998,27.095489130434785,-18.726000612499696,0.058858695652173,1.8666666666666665,El Niño
Leyte,2015,2015Q4,26.870652173913044,29.166304347826088,25.160326086956523,817.9,817.9,1473.0,6490670.45,3233.25,661.45,14.160869565217393,38.63641304347826,Q4,1587.13,26.54016304347826,-48.4667292534323,0.3304891304347848,2.533333333333333,El Niño
Leyte,2016,2016Q1,26.37252747252748,29.04945054945055,24.174175824175823,507.2,507.2,1025.0,6754087.5,3586.88,733.23,13.27032967032967,35.12967032967033,Q1,1121.7,25.702021978021985,-54.782918783988585,0.6705054945054947,2.066666666666667,El Niño
Leyte,2016,2016Q2,28.317032967032965,31.11318681318681,26.105494505494505,797.3,797.3,1290.0,7068737.38,4046.88,860.46,10.902747252747252,29.9934065934066,Q2,962.68,27.71972527472527,-17.179124942867826,0.5973076923076945,0.3999999999999999,Neutral
Leyte,2016,2016Q3,27.45,29.62336956521739,25.83423913043478,1716.8,1716.8,2141.0,6228828.37,3488.14,715.71,13.169565217391304,36.40597826086957,Q3,1697.9599999999998,27.095489130434785,1.109566774246752,0.3545108695652175,-0.5,La Niña
Leyte,2016,2016Q4,26.672826086956523,28.82880434782609,25.1483695652174,1583.7,1583.7,2121.0,5826275.34,2881.08,587.87,13.5,37.66847826086956,Q4,1587.13,26.54016304347826,-0.2161133618544204,0.1326630434782636,-0.6666666666666666,La Niña
Leyte,2017,2017Q1,25.488888888888887,28.209444444444443,23.42555555555556,1698.8,1698.8,2261.0,5302352.37,2793.7,560.14,13.871111111111112,50.74666666666666,Q1,1121.7,25.702021978021985,51.44869394668805,-0.2131330891330947,-0.1333333333333333,Neutral
Leyte,2017,2017Q2,27.50714285714286,30.396153846153847,25.13846153846153,1329.4,1329.4,1712.0,6760574.14,3664.51,746.12,9.554945054945057,34.35329670329671,Q2,962.68,27.71972527472527,38.093655212531694,-0.2125824175824107,0.2666666666666666,Neutral
Leyte,2017,2017Q3,27.151630434782607,29.7233695652174,25.21141304347826,1947.7,1947.7,2302.0,5430134.69,3040.27,623.07,9.539673913043478,36.39945652173913,Q3,1697.9599999999998,27.095489130434785,14.70823812103938,0.0561413043478253,-0.1333333333333333,Neutral
Leyte,2017,2017Q4,26.471739130434784,29.03858695652174,24.57880434782609,2788.3,2788.3,2475.0,4902573.72,2533.98,516.75,11.77391304347826,48.03641304347826,Q4,1587.13,26.54016304347826,75.68189121244006,-0.0684239130434747,-0.8333333333333334,La Niña
Leyte,2018,2018Q1,25.77555555555556,28.599444444444444,23.59888888888889,2008.1,2008.1,2058.0,5332272.41,2862.13,573.66,12.133888888888889,46.57611111111112,Q1,1121.7,25.702021978021985,79.02291165195685,0.0735335775335777,-0.8333333333333334,La Niña
Leyte,2018,2018Q2,27.442307692307693,30.446153846153845,24.980219780219777,965.1,965.1,1865.0,6736937.47,3637.06,742.65,10.36758241758242,38.19505494505494,Q2,962.68,27.71972527472527,0.2513815598121985,-0.2774175824175771,-0.2333333333333333,Neutral
Leyte,2018,2018Q3,27.08858695652174,29.67663043478261,25.16467391304348,1573.7,1573.7,2644.0,5694049.6,3189.46,651.01,11.659239130434784,47.20869565217391,Q3,1697.9599999999998,27.095489130434785,-7.318193597022296,-0.0069021739130405,0.2666666666666666,Neutral
Leyte,2018,2018Q4,26.41902173913044,29.27771739130435,24.217934782608697,1783.2,1783.2,2493.0,5961335.09,2971.48,597.27,11.547826086956524,46.0358695652174,Q4,1587.13,26.54016304347826,12.353745439882047,-0.1211413043478195,0.8333333333333334,El Niño
Leyte,2019,2019Q1,25.135555555555552,28.685,21.996666666666663,854.5,854.5,1509.0,6597466.53,3483.15,691.42,13.587222222222222,45.72277777777778,Q1,1121.7,25.702021978021985,-23.82098600338772,-0.56646642246643,0.6999999999999998,El Niño
Leyte,2019,2019Q2,27.81428571428572,31.1510989010989,24.93131868131868,817.8,817.8,1721.0,6901110.01,3785.73,789.05,10.433516483516485,35.582967032967034,Q2,962.68,27.71972527472527,-15.049653051896788,0.0945604395604462,0.5666666666666667,El Niño
Leyte,2019,2019Q3,27.276630434782607,29.76413043478261,25.270108695652173,1578.5,1578.5,2358.0,5273128.29,3092.3,640.31,12.08695652173913,47.45489130434783,Q3,1697.9599999999998,27.095489130434785,-7.035501425239689,0.1811413043478253,0.1999999999999999,Neutral
Leyte,2019,2019Q4,26.590760869565216,29.392391304347825,24.45652173913044,1925.0,1925.0,2331.0,5865324.09,2919.65,590.2,11.882608695652175,45.25054347826087,Q4,1587.13,26.54016304347826,21.28811124482556,0.0505978260869568,0.4333333333333333,Neutral
Leyte,2020,2020Q1,25.87692307692308,29.13296703296703,23.227472527472525,1158.6,1158.6,1922.0,6428578.1,3363.28,676.91,13.30989010989011,46.25329670329671,Q1,1121.7,25.702021978021985,3.289649638940881,0.174901098901099,0.4666666666666666,Neutral
Leyte,2020,2020Q2,27.869230769230768,31.171978021978024,25.04230769230769,1254.3,1254.3,1842.0,6995613.19,3787.43,787.3100000000001,10.935164835164835,37.66813186813187,Q2,962.68,27.71972527472527,30.29251672414509,0.1495054945054974,-0.0666666666666666,Neutral
Leyte,2020,2020Q3,27.4,30.12336956521739,25.196739130434786,1598.9,1598.9,2302.0,5607271.68,3171.26,653.18,8.956521739130435,33.26576086956521,Q3,1697.9599999999998,27.095489130434785,-5.834059695163592,0.3045108695652168,-0.6333333333333333,La Niña
Leyte,2020,2020Q4,26.640760869565216,29.26630434782609,24.73152173913044,3118.5,3118.5,2846.0,5049614.34,2582.16,524.53,11.215760869565216,46.26467391304348,Q4,1587.13,26.54016304347826,96.4867402166174,0.1005978260869575,-1.2333333333333334,La Niña
Leyte,2021,2021Q1,25.813333333333333,28.494444444444444,23.67944444444445,2740.2,2740.2,2568.0,5146987.42,2781.13,557.2,12.13722222222222,47.089444444444446,Q1,1121.7,25.702021978021985,144.289917090131,0.1113113553113507,-0.9,La Niña
Leyte,2021,2021Q2,27.29725274725275,30.165934065934064,24.94175824175824,1486.3,1486.3,2277.0,6542157.04,3545.85,721.08,10.28021978021978,37.8032967032967,Q2,962.68,27.71972527472527,54.39190592928076,-0.4224725274725216,-0.5333333333333333,La Niña
Leyte,2021,2021Q3,27.37336956521739,30.00543478260869,25.345108695652176,1847.1,1847.1,2419.0,5846644.0,3243.23,667.42,10.77554347826087,41.28913043478261,Q3,1697.9599999999998,27.095489130434785,8.78348135409551,0.2778804347826096,-0.5333333333333333,La Niña
Leyte,2021,2021Q4,26.404891304347824,29.116304347826084,24.395108695652173,2178.0,2178.0,2553.0,4994801.75,2702.53,547.53,12.1,42.92445652173913,Q4,1587.13,26.54016304347826,37.22883443700263,-0.1352717391304345,-0.9333333333333332,La Niña
Leyte,2022,2022Q1,25.837777777777777,28.723333333333333,23.57277777777778,1417.6,1417.6,2239.0,5443454.26,3025.04,601.91,12.23,40.09,Q1,1121.7,25.702021978021985,26.379602389230616,0.1357557997557954,-0.9666666666666668,La Niña
Leyte,2022,2022Q2,27.07087912087912,29.975274725274726,24.66813186813187,1640.0,1640.0,1973.0,5950388.18,3531.12,715.81,10.536813186813188,34.0532967032967,Q2,962.68,27.71972527472527,70.35775127768315,-0.6488461538461507,-1.0,La Niña
Leyte,2022,2022Q3,27.11467391304348,29.99184782608696,24.917391304347827,1960.6,1960.6,2380.0,5604850.24,3333.93,679.59,9.73532608695652,32.98478260869565,Q3,1697.9599999999998,27.095489130434785,15.467973332705135,0.019184782608697,-0.9,La Niña
Leyte,2022,2022Q4,26.51467391304348,29.27228260869565,24.444565217391304,2241.5,2241.5,2472.0,5016330.0,2746.83,557.38,11.516847826086956,39.8570652173913,Q4,1587.13,26.54016304347826,41.22976693780597,-0.0254891304347779,-0.9,La Niña
Leyte,2023,2023Q1,25.489444444444448,28.194444444444443,23.336111111111112,2785.5,2785.5,2515.0,4618663.6,2787.58,554.71,12.813888888888888,43.81222222222222,Q1,1121.7,25.702021978021985,148.3284300615138,-0.2125775335775337,-0.3999999999999999,Neutral
Leyte,2023,2023Q2,27.5456043956044,30.684615384615388,24.95274725274725,1331.4,1331.4,1854.0,6519103.96,3750.32,769.64,10.312087912087913,33.253846153846155,Q2,962.68,27.71972527472527,38.30140856774838,-0.1741208791208706,0.5,El Niño
Leyte,2023,2023Q3,27.37010869565217,30.679891304347827,24.900543478260868,1561.8,1561.8,2067.0,6046518.68,3534.93,730.2,11.588043478260868,36.89891304347826,Q3,1697.9599999999998,27.095489130434785,-8.019034606233355,0.2746195652173888,1.3333333333333333,El Niño
Leyte,2023,2023Q4,26.51521739130435,30.029891304347824,23.95271739130435,1766.8,1766.8,2197.0,5845733.09,3042.54,615.34,9.904891304347826,33.81413043478261,Q4,1587.13,26.54016304347826,11.320433738887164,-0.0249456521739084,1.9,El Niño
Leyte,2024,2024Q1,25.86703296703297,29.89835164835165,22.535714285714285,1224.4,1224.4,1852.0,6344674.7,3454.05,705.52,12.65989010989011,37.57142857142857,Q1,1121.7,25.702021978021985,9.15574574306856,0.1650109890109874,1.4666666666666668,El Niño
Leyte,2024,2024Q2,28.27142857142857,32.487912087912086,24.69945054945055,917.2,917.2,1405.0,6923571.65,4016.98,862.88,11.107142857142858,32.681868131868136,Q2,962.68,27.71972527472527,-4.724311297627446,0.5517032967032982,0.4333333333333333,Neutral
Leyte,2024,2024Q3,27.36195652173913,30.506521739130434,24.99076086956521,2070.7,2070.7,2266.0,5545736.59,3332.47,689.68,10.532608695652174,34.2875,Q3,1697.9599999999998,27.095489130434785,21.95222502296874,0.2664673913043494,-0.1,Neutral
Leyte,2024,2024Q4,26.54111111111111,29.947252747252744,24.1,2583.0,2583.0,2190.0,5023215.24,2765.47,566.0,10.57967032967033,36.70769230769231,Q4,1587.13,26.54016304347826,62.7465929066932,0.0009480676328514,-0.3999999999999999,Neutral
Leyte,2025,2025Q1,25.59494382022472,28.976666666666667,23.13111111111112,2346.1,2346.1,2377.0,4952772.03,2810.27,560.24,10.395,36.501666666666665,Q1,1121.7,25.702021978021985,109.15574574306856,-0.107078157797261,-0.3999999999999999,Neutral
Leyte,2025,2025Q2,28.76428571428572,32.31978021978022,25.98901098901099,570.3,9.6,1093.0,6438904.06,3616.26,773.82,10.576923076923077,30.56318681318681,Q2,962.68,27.71972527472527,-40.75913075996178,1.044560439560449,-0.1,Neutral
Leyte,2025,2025Q3,28.367391304347827,31.29728260869565,26.0858695652174,1285.7,186.3,1606.0,4977801.73,3060.62,655.49,11.627173913043478,28.45380434782609,Q3,1697.9599999999998,27.095489130434785,-24.27972390397888,1.2719021739130447,-0.3,Neutral
Leyte,2025,2025Q4,28.55163934426229,31.881967213114752,26.017213114754096,686.4,305.5,695.0,3586109.37,1919.94,417.01,10.663934426229508,27.32950819672131,Q4,1587.13,26.54016304347826,-56.75212490470221,2.0114763007840324,-0.6,La Niña
Maguindanao del Norte,2010,2010Q1,27.124444444444443,30.42333333333333,24.40111111111111,254.0,254.0,412.0,3342094.19,1837.01,383.7,9.332222222222224,31.82,Q1,460.32,26.752664224664223,-44.820994091067085,0.3717802197802164,1.1666666666666667,El Niño
Maguindanao del Norte,2010,2010Q2,27.572527472527472,30.61208791208791,25.352747252747253,498.7,498.7,696.0,3335432.07,1818.48,376.18,7.914285714285715,26.81318681318681,Q2,607.12,27.149890109890112,-17.858084069047308,0.42263736263736,-0.1666666666666666,Neutral
Maguindanao del Norte,2010,2010Q3,26.74891304347826,29.597826086956523,24.73586956521739,579.0,579.0,835.0,3152239.93,1730.29,352.07,7.807608695652173,25.11521739130435,Q3,626.28,26.45097826086957,-7.549338953822568,0.2979347826086922,-1.3,La Niña
Maguindanao del Norte,2010,2010Q4,26.55434782608696,29.45,24.551086956521736,494.7,494.7,688.0,3153075.52,1607.15,326.35,7.761956521739131,27.382608695652173,Q4,520.5899999999999,26.70228260869565,-4.973203480666155,-0.14793478260869,-1.6000000000000003,La Niña
Maguindanao del Norte,2011,2011Q1,26.14777777777778,29.08888888888889,24.14777777777778,718.9,718.9,781.0,2826169.83,1561.98,316.01,7.3788888888888895,28.127777777777776,Q1,460.32,26.752664224664223,56.173965936739656,-0.6048864468864465,-1.1666666666666667,La Niña
Maguindanao del Norte,2011,2011Q2,26.52417582417582,29.057142857142853,24.69450549450549,732.9,732.9,907.0,2850796.28,1543.76,313.52,8.294505494505493,26.75164835164836,Q2,607.12,27.149890109890112,20.71748583476084,-0.6257142857142917,-0.5666666666666667,La Niña
Maguindanao del Norte,2011,2011Q3,26.1608695652174,28.53804347826087,24.31304347826088,475.7,475.7,842.0,3000846.22,1575.62,315.76,9.881521739130434,28.494565217391305,Q3,626.28,26.45097826086957,-24.04355879159481,-0.2901086956521723,-0.6333333333333333,La Niña
Maguindanao del Norte,2011,2011Q4,26.547826086956523,29.34130434782609,24.425,478.6,478.6,658.0,2995845.53,1572.05,319.61,7.456521739130435,27.319565217391304,Q4,520.5899999999999,26.70228260869565,-8.065848364355809,-0.154456521739128,-1.0333333333333334,La Niña
Maguindanao del Norte,2012,2012Q1,26.47802197802197,29.56263736263736,24.23406593406593,512.7,512.7,598.0,3092210.73,1650.44,337.08,8.771428571428572,31.02857142857143,Q1,460.32,26.752664224664223,11.379040667361846,-0.2746422466422515,-0.7333333333333334,La Niña
Maguindanao del Norte,2012,2012Q2,26.602197802197804,29.37362637362637,24.61318681318681,483.0,483.0,709.0,3080176.46,1679.09,339.61,9.013186813186811,28.31428571428572,Q2,607.12,27.149890109890112,-20.444063776518647,-0.5476923076923086,-0.2666666666666666,Neutral
Maguindanao del Norte,2012,2012Q3,26.10978260869565,28.403260869565216,24.305434782608696,797.1,797.1,986.0,2915259.9,1560.93,312.2,10.455434782608696,29.67826086956521,Q3,626.28,26.45097826086957,27.275340103468103,-0.3411956521739192,0.3333333333333333,Neutral
Maguindanao del Norte,2012,2012Q4,26.51413043478261,29.26195652173913,24.39891304347826,579.4,579.4,600.0,3152473.16,1608.85,325.48,8.159782608695652,28.86304347826087,Q4,520.5899999999999,26.70228260869565,11.296797863962055,-0.1881521739130391,0.0666666666666666,Neutral
Maguindanao del Norte,2013,2013Q1,26.492222222222225,29.273333333333333,24.34,635.1,635.1,701.0,2890460.33,1604.96,326.91,7.806666666666667,26.961111111111112,Q1,460.32,26.752664224664223,37.96923879040668,-0.2604420024420015,-0.3666666666666667,Neutral
Maguindanao del Norte,2013,2013Q2,27.025274725274727,29.84065934065934,25.0021978021978,622.3,622.3,789.0,2987556.13,1662.19,340.72,7.887912087912087,25.94835164835165,Q2,607.12,27.149890109890112,2.5003294241665484,-0.1246153846153852,-0.3666666666666667,Neutral
Maguindanao del Norte,2013,2013Q3,26.16195652173913,28.63043478260869,24.30978260869565,688.3,688.3,902.0,2873506.47,1571.92,316.76,9.314130434782609,27.343478260869563,Q3,626.28,26.45097826086957,9.902918822252026,-0.2890217391304404,-0.3333333333333333,Neutral
Maguindanao del Norte,2013,2013Q4,26.31086956521739,28.86413043478261,24.291304347826088,666.1,666.1,779.0,2976681.56,1512.32,305.56,8.565217391304348,27.76086956521739,Q4,520.5899999999999,26.70228260869565,27.95097869724738,-0.3914130434782592,-0.2333333333333333,Neutral
Maguindanao del Norte,2014,2014Q1,26.162222222222223,28.78777777777778,24.09888888888889,598.6,598.6,688.0,2916583.24,1590.54,321.9,7.38111111111111,26.067777777777778,Q1,460.32,26.752664224664223,30.03997219325687,-0.5904420024420034,-0.3999999999999999,Neutral
Maguindanao del Norte,2014,2014Q2,27.04725274725275,29.7,25.07912087912088,464.8,464.8,757.0,3100932.68,1690.05,344.83,8.773626373626373,26.847252747252742,Q2,607.12,27.149890109890112,-23.44182369218605,-0.1026373626373633,0.1333333333333333,Neutral
Maguindanao del Norte,2014,2014Q3,26.2,28.4608695652174,24.40869565217391,589.8,589.8,944.0,2839706.15,1546.73,311.66,10.62391304347826,29.45217391304348,Q3,626.28,26.45097826086957,-5.824870664878333,-0.2509782608695694,0.1,Neutral
Maguindanao del Norte,2014,2014Q4,26.519565217391307,29.093478260869563,24.53152173913044,434.0,434.0,769.0,3071334.12,1545.85,313.63,9.397826086956522,28.58695652173913,Q4,520.5899999999999,26.70228260869565,-16.633050961409158,-0.1827173913043438,0.6,El Niño
Maguindanao del Norte,2015,2015Q1,26.656666666666663,29.58666666666667,24.15111111111111,277.0,277.0,482.0,3375174.3,1816.41,372.44,8.267777777777779,29.10222222222222,Q1,460.32,26.752664224664223,-39.82446993395898,-0.0959975579975633,0.5,El Niño
Maguindanao del Norte,2015,2015Q2,26.985714285714284,29.507692307692302,25.029670329670328,690.0,690.0,867.0,3175512.07,1695.78,347.79,10.227472527472528,28.065934065934066,Q2,607.12,27.149890109890112,13.65133746211622,-0.1641758241758282,0.9333333333333332,El Niño
Maguindanao del Norte,2015,2015Q3,26.168478260869566,28.430434782608696,24.345652173913045,745.3,745.3,870.0,2951022.84,1551.1,311.45,10.420652173913044,29.21521739130435,Q3,626.28,26.45097826086957,19.00427923612441,-0.2825000000000024,1.8666666666666665,El Niño
Maguindanao del Norte,2015,2015Q4,26.866304347826084,29.63586956521739,24.63043478260869,374.2,374.2,587.0,3375061.94,1701.22,345.16,8.696739130434782,29.36195652173913,Q4,520.5899999999999,26.70228260869565,-28.12001767225647,0.1640217391304332,2.533333333333333,El Niño
Maguindanao del Norte,2016,2016Q1,27.824175824175825,31.24175824175824,24.9978021978022,139.3,139.3,375.0,3579046.4,1948.2,417.92,10.886813186813187,32.5956043956044,Q1,460.32,26.752664224664223,-69.73844282238443,1.0715115995115987,2.066666666666667,El Niño
Maguindanao del Norte,2016,2016Q2,27.603296703296703,30.484615384615385,25.4978021978022,572.2,572.2,761.0,3218557.69,1765.2,365.71,8.81868131868132,27.47802197802197,Q2,607.12,27.149890109890112,-5.751745948082744,0.4534065934065907,0.3999999999999999,Neutral
Maguindanao del Norte,2016,2016Q3,26.76086956521739,29.241304347826084,24.85760869565217,576.5,576.5,825.0,3146167.85,1682.46,340.15,10.344565217391304,29.22826086956522,Q3,626.28,26.45097826086957,-7.948521428115216,0.3098913043478219,-0.5,La Niña
Maguindanao del Norte,2016,2016Q4,26.67065217391304,29.154347826086955,24.84021739130435,769.7,769.7,923.0,2818012.26,1457.52,297.65,7.743478260869565,26.507608695652173,Q4,520.5899999999999,26.70228260869565,47.8514762096852,-0.0316304347826097,-0.6666666666666666,La Niña
Maguindanao del Norte,2017,2017Q1,26.66,30.337777777777777,24.19333333333333,626.6,626.6,573.0,2856100.64,1603.86,342.59,13.688888888888888,34.94111111111111,Q1,460.32,26.752664224664223,36.12269725408412,-0.0926642246642259,-0.1333333333333333,Neutral
Maguindanao del Norte,2017,2017Q2,27.16153846153846,30.687912087912085,24.78131868131868,909.0,909.0,905.0,3191696.88,1755.92,360.94,12.072527472527472,30.1,Q2,607.12,27.149890109890112,49.72328370009224,0.0116483516483469,0.2666666666666666,Neutral
Maguindanao del Norte,2017,2017Q3,26.692391304347822,29.972826086956523,24.44782608695652,723.9,723.9,931.0,2905452.07,1615.1,330.84,12.463043478260868,30.941304347826087,Q3,626.28,26.45097826086957,15.587277256179346,0.2414130434782535,-0.1333333333333333,Neutral
Maguindanao del Norte,2017,2017Q4,26.79565217391304,30.069565217391304,24.55652173913043,618.4,618.4,792.0,2847922.22,1534.52,317.94,13.645652173913044,35.03695652173913,Q4,520.5899999999999,26.70228260869565,18.78829789277552,0.0933695652173902,-0.8333333333333334,La Niña
Maguindanao del Norte,2018,2018Q1,26.842222222222222,30.64555555555556,24.11,488.9,488.9,526.0,3112233.19,1749.16,366.32,12.863333333333332,32.132222222222225,Q1,460.32,26.752664224664223,6.208724365658669,0.0895579975579963,-0.8333333333333334,La Niña
Maguindanao del Norte,2018,2018Q2,27.27692307692308,30.97692307692308,24.74615384615385,598.6,598.6,735.0,3257999.14,1818.71,376.82,12.948351648351649,31.9021978021978,Q2,607.12,27.149890109890112,-1.4033469495322146,0.1270329670329673,-0.2333333333333333,Neutral
Maguindanao del Norte,2018,2018Q3,26.631521739130434,29.50108695652174,24.463043478260868,563.9,563.9,1055.0,3156726.2,1712.98,345.39,15.41304347826087,37.9108695652174,Q3,626.28,26.45097826086957,-9.960401098550168,0.1805434782608657,0.2666666666666666,Neutral
Maguindanao del Norte,2018,2018Q4,27.018478260869564,30.82934782608696,24.418478260869566,390.5,390.5,712.0,3270790.06,1768.84,366.23,12.825,33.34347826086957,Q4,520.5899999999999,26.70228260869565,-24.988954839701098,0.3161956521739135,0.8333333333333334,El Niño
Maguindanao del Norte,2019,2019Q1,27.13888888888889,31.543333333333333,23.96222222222222,352.1,352.1,462.0,3232550.92,1844.84,412.6,14.993333333333334,37.20111111111111,Q1,460.32,26.752664224664223,-23.50973236009732,0.3862246642246632,0.6999999999999998,El Niño
Maguindanao del Norte,2019,2019Q2,27.7,31.606593406593404,25.029670329670328,499.7,499.7,813.0,3304865.3,1870.05,395.63,13.76153846153846,33.62527472527473,Q2,607.12,27.149890109890112,-17.69337198576888,0.5501098901098871,0.5666666666666667,El Niño
Maguindanao del Norte,2019,2019Q3,26.875,30.27717391304348,24.34021739130435,523.3,523.3,911.0,3074081.03,1732.6,360.79,14.56086956521739,35.8,Q3,626.28,26.45097826086957,-16.44312448106279,0.4240217391304313,0.1999999999999999,Neutral
Maguindanao del Norte,2019,2019Q4,27.225,31.282608695652176,24.457608695652173,400.3,400.3,690.0,3284594.37,1764.87,374.9,14.008695652173913,34.30760869565218,Q4,520.5899999999999,26.70228260869565,-23.106475345281304,0.5227173913043508,0.4333333333333333,Neutral
Maguindanao del Norte,2020,2020Q1,27.965934065934068,33.01868131868132,24.66263736263737,410.1,410.1,551.0,3381394.18,1896.28,440.6,15.802197802197805,38.21868131868132,Q1,460.32,26.752664224664223,-10.909801876955155,1.2132698412698415,0.4666666666666666,Neutral
Maguindanao del Norte,2020,2020Q2,27.83516483516484,32.184615384615384,24.93846153846154,637.5,637.5,913.0,3195057.16,1828.01,393.06,14.062637362637362,34.55714285714286,Q2,607.12,27.149890109890112,5.0039530899986815,0.6852747252747271,-0.0666666666666666,Neutral
Maguindanao del Norte,2020,2020Q3,27.0,30.62173913043478,24.49347826086957,666.4,666.4,927.0,3057966.57,1742.48,358.31,12.77282608695652,31.95217391304348,Q3,626.28,26.45097826086957,6.406080347448427,0.5490217391304313,-0.6333333333333333,La Niña
Maguindanao del Norte,2020,2020Q4,26.718478260869563,30.316304347826087,24.346739130434784,797.2,797.2,969.0,2855202.25,1574.86,323.39,12.372826086956522,31.441304347826087,Q4,520.5899999999999,26.70228260869565,53.13394417872033,0.0161956521739128,-1.2333333333333334,La Niña
Maguindanao del Norte,2021,2021Q1,26.60333333333333,30.557777777777776,23.88777777777777,526.8,526.8,755.0,2909040.23,1665.37,346.49,12.454444444444446,32.29777777777778,Q1,460.32,26.752664224664223,14.442127215849837,-0.1493308913308944,-0.9,La Niña
Maguindanao del Norte,2021,2021Q2,27.087912087912088,30.65054945054945,24.53736263736264,708.1,708.1,952.0,3033045.77,1753.8,364.26,13.585714285714284,33.17362637362638,Q2,607.12,27.149890109890112,16.632626169455794,-0.0619780219780246,-0.5333333333333333,La Niña
Maguindanao del Norte,2021,2021Q3,27.02282608695652,30.665217391304346,24.453260869565216,597.0,597.0,942.0,3127140.98,1769.08,365.58,13.193478260869565,32.6608695652174,Q3,626.28,26.45097826086957,-4.675225138915497,0.5718478260869517,-0.5333333333333333,La Niña
Maguindanao del Norte,2021,2021Q4,26.571739130434786,30.77608695652174,24.039130434782606,925.5,925.5,818.0,2854092.42,1657.22,340.89,12.343478260869563,30.38804347826087,Q4,520.5899999999999,26.70228260869565,77.77905837607332,-0.130543478260865,-0.9333333333333332,La Niña
Maguindanao del Norte,2022,2022Q1,26.48777777777778,31.06,23.723333333333333,699.3,699.3,703.0,2824200.38,1744.75,364.13,13.56222222222222,31.85222222222222,Q1,460.32,26.752664224664223,51.91605839416058,-0.2648864468864467,-0.9666666666666668,La Niña
Maguindanao del Norte,2022,2022Q2,26.55054945054945,30.859340659340656,23.96483516483517,1119.6,1119.6,1023.0,2879305.95,1798.23,365.29,12.893406593406594,30.94395604395605,Q2,607.12,27.149890109890112,84.41164843852943,-0.5993406593406618,-1.0,La Niña
Maguindanao del Norte,2022,2022Q3,26.61521739130435,30.594565217391303,23.93586956521739,764.1,764.1,909.0,3006233.46,1804.01,368.73,12.839130434782607,30.27608695652174,Q3,626.28,26.45097826086957,22.00613144280514,0.1642391304347796,-0.9,La Niña
Maguindanao del Norte,2022,2022Q4,26.518478260869564,30.696739130434786,23.97826086956522,771.1,771.1,849.0,2756434.59,1669.09,342.06,12.80108695652174,30.81847826086957,Q4,520.5899999999999,26.70228260869565,48.12040185174517,-0.1838043478260864,-0.9,La Niña
Maguindanao del Norte,2023,2023Q1,26.146666666666665,30.48111111111111,23.531111111111112,825.1,825.1,858.0,2661789.88,1671.52,341.15,11.952222222222222,28.98,Q1,460.32,26.752664224664223,79.24487313173445,-0.6059975579975614,-0.3999999999999999,Neutral
Maguindanao del Norte,2023,2023Q2,27.11318681318681,31.10879120879121,24.35494505494505,854.9,854.9,916.0,3120429.93,1863.41,384.17,13.946153846153845,32.02087912087912,Q2,607.12,27.149890109890112,40.812359994729206,-0.0367032967033011,0.5,El Niño
Maguindanao del Norte,2023,2023Q3,26.74021739130435,30.49347826086957,24.02608695652174,680.7,680.7,955.0,3020661.05,1761.15,362.56,14.918478260869565,34.32282608695652,Q3,626.28,26.45097826086957,8.689404100402388,0.2892391304347796,1.3333333333333333,El Niño
Maguindanao del Norte,2023,2023Q4,27.0358695652174,31.75326086956522,23.970652173913045,566.0,566.0,715.0,3151148.81,1812.58,376.23,12.904347826086957,30.539130434782606,Q4,520.5899999999999,26.70228260869565,8.722795289959487,0.3335869565217457,1.9,El Niño
Maguindanao del Norte,2024,2024Q1,27.55494505494505,32.706593406593406,23.94945054945055,398.6,398.6,486.0,3271828.69,1947.17,429.89,15.074725274725274,34.114285714285714,Q1,460.32,26.752664224664223,-13.408063955509206,0.8022808302808251,1.4666666666666668,El Niño
Maguindanao del Norte,2024,2024Q2,27.87252747252748,32.79120879120879,24.602197802197804,750.2,750.2,770.0,3270792.04,1961.55,418.74,13.637362637362637,31.458241758241755,Q2,607.12,27.149890109890112,23.56700487547767,0.7226373626373643,0.4333333333333333,Neutral
Maguindanao del Norte,2024,2024Q3,26.80217391304348,30.85869565217392,24.093478260869563,762.7,762.7,1002.0,2936418.61,1757.77,363.1,14.085869565217392,32.14782608695652,Q3,626.28,26.45097826086957,21.782589257201263,0.3511956521739101,-0.1,Neutral
Maguindanao del Norte,2024,2024Q4,26.818888888888885,31.363736263736264,23.9989010989011,794.7,794.7,852.0,2934117.86,1695.64,351.35,13.621978021978022,31.54065934065934,Q4,520.5899999999999,26.70228260869565,52.65371981789896,0.1166062801932348,-0.3999999999999999,Neutral
Maguindanao del Norte,2025,2025Q1,26.46966292134832,31.51,23.51555555555556,750.6,750.6,699.0,2786361.95,1703.14,354.39,13.93,32.605555555555554,Q1,460.32,26.752664224664223,63.06047966631909,-0.2830013033159062,-0.3999999999999999,Neutral
Maguindanao del Norte,2025,2025Q2,28.36263736263736,31.56153846153846,26.224175824175827,716.4,4.3,675.0,3079897.53,1871.49,396.31,14.32857142857143,26.8956043956044,Q2,607.12,27.149890109890112,17.99973646066675,1.2127472527472491,-0.1,Neutral
Maguindanao del Norte,2025,2025Q3,28.01086956521739,29.24021739130435,26.816304347826087,933.4,37.0,942.0,2945826.77,1868.21,390.11,16.80108695652174,26.30217391304348,Q3,626.28,26.45097826086957,49.03876860190331,1.559891304347822,-0.3,Neutral
Maguindanao del Norte,2025,2025Q4,28.191803278688525,29.654098360655738,26.891803278688528,561.2,3.3000000000000003,551.0,1977036.3,1205.87,251.96,15.452459016393442,23.87049180327869,Q4,520.5899999999999,26.70228260869565,7.800764517182452,1.4895206699928742,-0.6,La Niña
Masbate,2010,2010Q1,26.406666666666663,28.81,24.81,83.4,83.4,248.0,3383839.97,1805.87,398.93,21.517777777777777,37.5,Q1,318.78000000000003,25.840579975579978,-73.83775644645209,0.5660866910866851,1.1666666666666667,El Niño
Masbate,2010,2010Q2,28.53296703296704,31.11098901098901,26.565934065934066,260.0,260.0,436.0,3726437.17,2112.37,464.13,15.338461538461535,28.46153846153846,Q2,446.42,27.83252747252747,-41.75888177052999,0.7004395604395661,-0.1666666666666666,Neutral
Masbate,2010,2010Q3,27.38913043478261,29.37934782608696,25.86086956521739,816.1,816.1,1117.0,3061704.43,1698.99,352.28,12.953260869565218,25.26195652173913,Q3,795.61,27.15641304347826,2.5753824109802554,0.2327173913043516,-1.3,La Niña
Masbate,2010,2010Q4,26.64782608695652,28.39891304347826,25.442391304347822,688.1,688.1,996.0,2941680.67,1434.5,295.15,17.306521739130435,31.42934782608696,Q4,603.9399999999999,26.66032608695652,13.935159121767075,-0.0124999999999992,-1.6000000000000003,La Niña
Masbate,2011,2011Q1,25.52555555555556,27.19111111111111,24.493333333333336,576.7,576.7,652.0,2655732.96,1409.07,302.91,23.772222222222226,41.81333333333333,Q1,318.78000000000003,25.840579975579978,80.90846351715916,-0.3150244200244181,-1.1666666666666667,La Niña
Masbate,2011,2011Q2,26.91978021978022,28.78131868131868,25.565934065934066,652.6,652.6,818.0,3032266.45,1715.78,356.54,16.78021978021978,31.505494505494507,Q2,446.42,27.83252747252747,46.18520675596973,-0.912747252747252,-0.5666666666666667,La Niña
Masbate,2011,2011Q3,27.03695652173913,28.730434782608693,25.707608695652173,822.2,822.2,1054.0,2998822.85,1674.03,349.23,19.40543478260869,36.868478260869566,Q3,795.61,27.15641304347826,3.3420897173238187,-0.1194565217391314,-0.6333333333333333,La Niña
Masbate,2011,2011Q4,26.68586956521739,28.45978260869565,25.48804347826087,512.6,512.6,840.0,3092762.9,1518.56,310.66,18.125,33.4804347826087,Q4,603.9399999999999,26.66032608695652,-15.124018942279022,0.0255434782608716,-1.0333333333333334,La Niña
Masbate,2012,2012Q1,26.057142857142853,27.93516483516484,24.908791208791207,423.6,423.6,624.0,3155873.09,1615.57,330.7,21.475824175824176,37.83846153846154,Q1,318.78000000000003,25.840579975579978,32.88161114248071,0.2165628815628757,-0.7333333333333334,La Niña
Masbate,2012,2012Q2,27.529670329670328,29.421978021978024,26.071428571428573,484.5,484.5,783.0,3297194.98,1863.51,386.15,15.397802197802198,29.583516483516483,Q2,446.42,27.83252747252747,8.530083777608539,-0.3028571428571425,-0.2666666666666666,Neutral
Masbate,2012,2012Q3,27.00434782608696,28.752173913043475,25.680434782608696,718.8,718.8,1077.0,2923139.21,1646.54,345.03,18.75217391304348,37.05217391304348,Q3,795.61,27.15641304347826,-9.654227573811298,-0.1520652173912999,0.3333333333333333,Neutral
Masbate,2012,2012Q4,26.76304347826087,28.507608695652173,25.589130434782607,409.1,409.1,562.0,3231214.06,1585.84,332.7,20.992391304347827,37.69021739130435,Q4,603.9399999999999,26.66032608695652,-32.26148292876775,0.102717391304349,0.0666666666666666,Neutral
Masbate,2013,2013Q1,26.03777777777778,27.86777777777778,24.84555555555556,431.8,431.8,433.0,3087081.77,1632.18,343.0,22.71444444444444,39.47,Q1,318.78000000000003,25.840579975579978,35.4539180626137,0.1971978021978024,-0.3666666666666667,Neutral
Masbate,2013,2013Q2,27.91868131868132,29.985714285714284,26.36703296703297,568.3,568.3,829.0,3253522.64,1883.23,397.13,14.417582417582418,26.965934065934068,Q2,446.42,27.83252747252747,27.30164419156848,0.0861538461538486,-0.3666666666666667,Neutral
Masbate,2013,2013Q3,26.98260869565217,28.74891304347826,25.62391304347826,960.4,960.4,1227.0,2769462.78,1566.45,328.38,17.190217391304348,33.297826086956526,Q3,795.61,27.15641304347826,20.71240934628775,-0.1738043478260884,-0.3333333333333333,Neutral
Masbate,2013,2013Q4,26.63043478260869,28.338043478260868,25.48804347826087,390.4,390.4,728.0,3262044.94,1570.67,322.39,20.169565217391305,36.62173913043478,Q4,603.9399999999999,26.66032608695652,-35.35781700168891,-0.0298913043478279,-0.2333333333333333,Neutral
Masbate,2014,2014Q1,25.46333333333333,27.47222222222222,24.104444444444447,211.3,211.3,308.0,3061673.94,1644.8,363.54,23.08888888888889,40.14,Q1,318.78000000000003,25.840579975579978,-33.71604241169459,-0.3772466422466465,-0.3999999999999999,Neutral
Masbate,2014,2014Q2,27.859340659340656,29.869230769230768,26.28131868131868,577.6,577.6,751.0,3426751.37,1918.97,400.92,15.38241758241758,28.303296703296706,Q2,446.42,27.83252747252747,29.38488418977646,0.026813186813186,0.1333333333333333,Neutral
Masbate,2014,2014Q3,27.13369565217392,28.8358695652174,25.86304347826087,955.2,955.2,1047.0,2781295.9,1609.61,339.18,18.817391304347822,35.482608695652175,Q3,795.61,27.15641304347826,20.05882279006046,-0.0227173913043401,0.1,Neutral
Masbate,2014,2014Q4,26.44782608695652,28.05760869565217,25.325,848.1,848.1,850.0,2836869.6,1400.37,291.24,20.215217391304343,36.64347826086957,Q4,603.9399999999999,26.66032608695652,40.42785707189457,-0.2124999999999985,0.6,El Niño
Masbate,2015,2015Q1,25.65777777777777,27.743333333333336,24.26111111111112,177.6,177.6,250.0,3339469.15,1718.51,374.47,22.20111111111111,38.9,Q1,318.78000000000003,25.840579975579978,-44.28759646150951,-0.1828021978022072,0.5,El Niño
Masbate,2015,2015Q2,27.84175824175824,30.09450549450549,26.145054945054945,432.2,432.2,592.0,3491259.48,1982.91,421.39,14.505494505494504,26.67032967032967,Q2,446.42,27.83252747252747,-3.185341158550238,0.0092307692307684,0.9333333333333332,El Niño
Masbate,2015,2015Q3,27.30978260869565,29.15,25.93478260869565,637.1,637.1,1053.0,3353349.43,1745.72,361.37,16.452173913043477,32.45434782608696,Q3,795.61,27.15641304347826,-19.92307788992094,0.1533695652173889,1.8666666666666665,El Niño
Masbate,2015,2015Q4,27.018478260869564,28.877173913043475,25.73586956521739,301.1,301.1,491.0,3229192.29,1606.45,340.34,20.226086956521737,36.88478260869565,Q4,603.9399999999999,26.66032608695652,-50.144054045103815,0.3581521739130444,2.533333333333333,El Niño
Masbate,2016,2016Q1,26.42087912087912,28.65714285714286,24.9021978021978,102.1,102.1,267.0,3411910.01,1825.1,385.75,20.912087912087912,36.7021978021978,Q1,318.78000000000003,25.840579975579978,-67.97164188468537,0.5802991452991435,2.066666666666667,El Niño
Masbate,2016,2016Q2,28.47692307692308,30.92967032967033,26.6010989010989,392.4,392.4,646.0,3549024.25,1997.78,440.15,15.138461538461538,27.59230769230769,Q2,446.42,27.83252747252747,-12.100712333676803,0.6443956043956085,0.3999999999999999,Neutral
Masbate,2016,2016Q3,27.59130434782609,29.32608695652174,26.225,803.4,803.4,1062.0,3002341.19,1659.63,350.3,17.08695652173913,33.30760869565218,Q3,795.61,27.15641304347826,0.9791229371174274,0.4348913043478291,-0.5,La Niña
Masbate,2016,2016Q4,26.791304347826088,28.445652173913043,25.654347826086955,708.9,708.9,861.0,2908321.23,1418.96,295.42,19.74021739130435,35.85,Q4,603.9399999999999,26.66032608695652,17.379209855283644,0.1309782608695684,-0.6666666666666666,La Niña
Masbate,2017,2017Q1,25.46555555555556,27.75111111111111,23.96555555555556,499.0,499.0,784.0,2987573.68,1530.59,316.02,21.81111111111111,48.18111111111112,Q1,318.78000000000003,25.840579975579978,56.53428696906956,-0.3750244200244168,-0.1333333333333333,Neutral
Masbate,2017,2017Q2,27.61758241758241,30.468131868131863,25.47142857142857,458.8,458.8,692.0,3551682.91,1904.12,394.89,13.51868131868132,32.994505494505496,Q2,446.42,27.83252747252747,2.7731732449263147,-0.2149450549450584,0.2666666666666666,Neutral
Masbate,2017,2017Q3,26.99673913043478,29.458695652173912,25.186956521739127,892.4,892.4,1076.0,2694111.74,1491.77,309.96,13.667391304347827,32.834782608695654,Q3,795.61,27.15641304347826,12.165508226392324,-0.1596739130434805,-0.1333333333333333,Neutral
Masbate,2017,2017Q4,26.442391304347822,28.540217391304346,25.01195652173913,1022.4,1022.4,1179.0,2773178.33,1322.2,270.96,18.101086956521737,41.66413043478261,Q4,603.9399999999999,26.66032608695652,69.28833990131471,-0.2179347826086974,-0.8333333333333334,La Niña
Masbate,2018,2018Q1,25.80555555555556,28.07777777777778,24.226666666666667,523.9,523.9,822.0,2959098.44,1542.97,311.35,19.254444444444445,43.23888888888889,Q1,318.78000000000003,25.840579975579978,64.34531651922954,-0.0350244200244169,-0.8333333333333334,La Niña
Masbate,2018,2018Q2,27.61648351648352,30.41428571428571,25.58021978021978,339.7,339.7,653.0,3510691.25,1884.85,397.36,15.87032967032967,37.62967032967033,Q2,446.42,27.83252747252747,-23.90573899018861,-0.2160439560439506,-0.2333333333333333,Neutral
Masbate,2018,2018Q3,26.95,29.43152173913043,25.1608695652174,703.7,703.7,1080.0,2954006.96,1622.17,337.0,17.568478260869565,42.221739130434784,Q3,795.61,27.15641304347826,-11.552142381317475,-0.2064130434782605,0.2666666666666666,Neutral
Masbate,2018,2018Q4,26.518478260869564,28.654347826086955,24.958695652173912,519.2,519.2,1167.0,3237061.61,1565.46,318.45,18.14130434782609,41.87717391304348,Q4,603.9399999999999,26.66032608695652,-14.03119515183626,-0.1418478260869555,0.8333333333333334,El Niño
Masbate,2019,2019Q1,25.565555555555555,28.28555555555556,23.62,158.4,158.4,496.0,3403322.29,1841.4,389.42,21.293333333333333,47.53,Q1,318.78000000000003,25.840579975579978,-50.31055900621119,-0.2750244200244225,0.6999999999999998,El Niño
Masbate,2019,2019Q2,28.01208791208791,31.12197802197802,25.687912087912085,298.1,298.1,654.0,3547366.92,1955.95,419.51,14.538461538461538,34.78791208791208,Q2,446.42,27.83252747252747,-33.2243179069038,0.17956043956044,0.5666666666666667,El Niño
Masbate,2019,2019Q3,27.169565217391305,29.453260869565216,25.448913043478264,646.8,646.8,1039.0,2747581.72,1557.69,330.15,17.268478260869564,40.87934782608696,Q3,795.61,27.15641304347826,-18.703887583112337,0.0131521739130455,0.1999999999999999,Neutral
Masbate,2019,2019Q4,26.657608695652176,29.01195652173913,24.944565217391304,639.5,639.5,1125.0,3173457.49,1526.89,313.51,17.344565217391306,40.23695652173913,Q4,603.9399999999999,26.66032608695652,5.888002119415846,-0.0027173913043441,0.4333333333333333,Neutral
Masbate,2020,2020Q1,25.85604395604396,28.291208791208792,24.11428571428572,304.4,304.4,787.0,3389632.04,1753.21,358.25,20.08681318681319,44.917582417582416,Q1,318.78000000000003,25.840579975579978,-4.510947989208876,0.0154639804639806,0.4666666666666666,Neutral
Masbate,2020,2020Q2,27.98351648351648,30.94395604395605,25.78901098901099,454.6,454.6,753.0,3537378.88,1941.82,416.1,15.925274725274726,37.07142857142857,Q2,446.42,27.83252747252747,1.8323551812194936,0.1509890109890079,-0.0666666666666666,Neutral
Masbate,2020,2020Q3,27.27717391304348,29.855434782608693,25.256521739130434,870.7,870.7,1115.0,2940168.61,1604.59,331.68,12.567391304347826,30.37608695652174,Q3,795.61,27.15641304347826,9.43804125136688,0.1207608695652204,-0.6333333333333333,La Niña
Masbate,2020,2020Q4,26.5358695652174,28.80652173913043,24.98913043478261,1190.1,1190.1,1380.0,2683701.23,1319.38,269.84,16.434782608695652,38.82282608695652,Q4,603.9399999999999,26.66032608695652,97.05599894029208,-0.1244565217391233,-1.2333333333333334,La Niña
Masbate,2021,2021Q1,25.784444444444443,27.94555555555556,24.28,755.2,755.2,1163.0,2779486.25,1472.99,299.29,18.627777777777776,42.47444444444445,Q1,318.78000000000003,25.840579975579978,136.90319342493257,-0.0561355311355349,-0.9,La Niña
Masbate,2021,2021Q2,27.35054945054945,29.951648351648352,25.25824175824176,572.0,572.0,943.0,3388099.0,1804.19,372.49,14.961538461538462,35.2967032967033,Q2,446.42,27.83252747252747,28.130460104834025,-0.4819780219780192,-0.5333333333333333,La Niña
Masbate,2021,2021Q3,27.30869565217392,29.872826086956525,25.40869565217391,811.7,811.7,1103.0,3102354.11,1670.12,349.86,15.146739130434783,36.57173913043478,Q3,795.61,27.15641304347826,2.0223476326340832,0.152282608695657,-0.5333333333333333,La Niña
Masbate,2021,2021Q4,26.517391304347825,28.85,24.867391304347827,599.7,599.7,1137.0,2834500.7,1455.65,303.1,18.73913043478261,41.25869565217391,Q4,603.9399999999999,26.66032608695652,-0.7020564956783614,-0.1429347826086946,-0.9333333333333332,La Niña
Masbate,2022,2022Q1,25.927777777777777,28.25,24.23333333333333,304.6,304.6,785.0,3059687.3,1639.96,334.09,19.71444444444444,42.21111111111111,Q1,318.78000000000003,25.840579975579978,-4.448208796034884,0.0871978021977994,-0.9666666666666668,La Niña
Masbate,2022,2022Q2,27.127472527472527,29.761538461538464,24.923076923076923,690.1,690.1,915.0,3124622.02,1842.78,378.26,15.121978021978022,33.63956043956044,Q2,446.42,27.83252747252747,54.58536803906637,-0.7050549450549433,-1.0,La Niña
Masbate,2022,2022Q3,27.092391304347824,30.03695652173913,24.85217391304348,800.0,800.0,1066.0,3084679.36,1750.1,359.1,13.576086956521738,31.18586956521739,Q3,795.61,27.15641304347826,0.5517778811226589,-0.0640217391304354,-0.9,La Niña
Masbate,2022,2022Q4,26.67065217391304,28.97391304347826,24.99673913043478,689.8,689.8,1110.0,2819224.73,1484.23,308.7,18.33152173913044,39.89673913043478,Q4,603.9399999999999,26.66032608695652,14.216644037487171,0.0103260869565211,-0.9,La Niña
Masbate,2023,2023Q1,25.57333333333333,27.854444444444447,23.92333333333333,719.8,719.8,1067.0,2648854.4,1529.72,313.82,20.315555555555555,43.477777777777774,Q1,318.78000000000003,25.840579975579978,125.7983562331388,-0.267246642246647,-0.3999999999999999,Neutral
Masbate,2023,2023Q2,27.745054945054942,30.727472527472525,25.43186813186813,438.9,438.9,739.0,3504879.7,1939.92,408.46,13.989010989010987,32.402197802197804,Q2,446.42,27.83252747252747,-1.6845123426369748,-0.0874725274725278,0.5,El Niño
Masbate,2023,2023Q3,27.62391304347826,30.57608695652174,25.419565217391305,561.6,561.6,918.0,3137603.77,1809.06,386.01,16.90869565217391,38.24021739130435,Q3,795.61,27.15641304347826,-29.41265192745189,0.4675000000000011,1.3333333333333333,El Niño
Masbate,2023,2023Q4,27.10326086956522,29.690217391304348,25.131521739130434,422.2,422.2,975.0,3170887.36,1629.64,339.32,17.231521739130436,38.29891304347826,Q4,603.9399999999999,26.66032608695652,-30.092393284101064,0.4429347826086989,1.9,El Niño
Masbate,2024,2024Q1,26.575824175824177,29.584615384615383,24.432967032967035,145.9,145.9,604.0,3400558.64,1864.35,416.24,21.88901098901099,46.793406593406594,Q1,318.78000000000003,25.840579975579978,-54.23175857958466,0.7352442002441997,1.4666666666666668,El Niño
Masbate,2024,2024Q2,28.869230769230768,32.58461538461538,26.15824175824176,327.8,327.8,523.0,3604818.77,2105.53,481.87,16.803296703296702,37.54615384615384,Q2,446.42,27.83252747252747,-26.571390170691267,1.0367032967032976,0.4333333333333333,Neutral
Masbate,2024,2024Q3,27.547826086956523,30.345652173913045,25.442391304347822,815.1,815.1,1055.0,2986462.23,1734.42,364.16,15.407608695652174,34.3945652173913,Q3,795.61,27.15641304347826,2.449692688628852,0.3914130434782628,-0.1,Neutral
Masbate,2024,2024Q4,26.83,29.424175824175823,24.981318681318683,781.3000000000001,781.3000000000001,1099.0,2840702.58,1467.49,301.53000000000003,16.965934065934068,38.23296703296703,Q4,603.9399999999999,26.66032608695652,29.367155677716354,0.1696739130434785,-0.3999999999999999,Neutral
Masbate,2025,2025Q1,25.9438202247191,28.335555555555555,24.21444444444445,565.7,565.7,995.0,2800573.57,1562.96,311.82,19.067777777777778,42.55555555555556,Q1,318.78000000000003,25.840579975579978,77.45780789259051,0.1032402491391231,-0.3999999999999999,Neutral
Masbate,2025,2025Q2,28.68131868131868,31.957142857142856,26.326373626373623,317.90000000000003,14.7,558.0,3292758.39,1830.58,400.69,13.125274725274728,29.7021978021978,Q2,446.42,27.83252747252747,-28.78903274942877,0.8487912087912086,-0.1,Neutral
Masbate,2025,2025Q3,28.35869565217392,30.40652173913044,26.820652173913043,680.4,139.5,903.0,2498067.8,1515.93,327.43,13.972826086956522,30.153260869565216,Q3,795.61,27.15641304347826,-14.48071291210518,1.2022826086956575,-0.3,Neutral
Masbate,2025,2025Q4,28.32131147540984,30.91639344262295,26.56229508196721,280.9,69.89999999999999,408.0,1844755.14,942.71,205.8,13.439344262295082,28.496721311475408,Q4,603.9399999999999,26.66032608695652,-53.48875716130741,1.6609853884533194,-0.6,La Niña
Misamis Occidental,2010,2010Q1,25.95555555555556,28.23388888888889,24.32611111111111,1077.2,1077.2,1756.0,6715766.7,3769.06,718.85,19.33333333333333,32.254444444444445,Q1,1486.73,25.94191697191697,-27.545687515554267,0.0136385836385848,1.1666666666666667,El Niño
Misamis Occidental,2010,2010Q2,27.38736263736264,29.88516483516484,25.44120879120879,713.4,713.4,1362.0,7054420.32,3908.88,778.02,13.57912087912088,23.984615384615385,Q2,986.95,27.20197802197802,-27.716702973808204,0.185384615384617,-0.1666666666666666,Neutral
Misamis Occidental,2010,2010Q3,26.89565217391305,29.39891304347826,25.00597826086957,1157.0,1157.0,1574.0,6656836.02,3612.0,726.56,11.44891304347826,22.25434782608696,Q3,1151.34,26.68690217391304,0.4916010909027813,0.2087500000000091,-1.3,La Niña
Misamis Occidental,2010,2010Q4,26.417391304347827,28.83641304347826,24.69619565217392,1611.2,1611.2,2174.0,6407438.1,3153.48,627.46,12.910869565217393,24.415217391304346,Q4,1475.64,26.53239130434783,9.186522458052094,-0.1150000000000019,-1.6000000000000003,La Niña
Misamis Occidental,2011,2011Q1,25.59722222222222,27.74833333333333,24.15888888888889,2642.0,2642.0,2938.0,5356856.73,3002.62,577.68,19.135555555555555,32.35444444444445,Q1,1486.73,25.94191697191697,77.70543407343634,-0.344694749694753,-1.1666666666666667,La Niña
Misamis Occidental,2011,2011Q2,26.427472527472528,28.704395604395604,24.743956043956043,1209.2,1209.2,1696.0,6102739.44,3405.36,672.64,13.626373626373626,25.248351648351647,Q2,986.95,27.20197802197802,22.51887127007447,-0.7745054945054939,-0.5666666666666667,La Niña
Misamis Occidental,2011,2011Q3,26.407065217391303,28.825,24.75434782608696,1004.4,1004.4,1430.0,6142928.5,3402.56,690.0,13.258695652173913,25.464130434782607,Q3,1151.34,26.68690217391304,-12.762520193861064,-0.2798369565217378,-0.6333333333333333,La Niña
Misamis Occidental,2011,2011Q4,26.359239130434784,28.672826086956523,24.64728260869565,1516.4,1516.4,2342.0,6118460.89,3179.56,628.38,14.443478260869565,26.49673913043478,Q4,1475.64,26.53239130434783,2.762191320376243,-0.1731521739130457,-1.0333333333333334,La Niña
Misamis Occidental,2012,2012Q1,25.95384615384616,28.19065934065934,24.361538461538466,1320.2,1320.2,2292.0,6312814.65,3415.36,653.99,17.99230769230769,30.454945054945057,Q1,1486.73,25.94191697191697,-11.201092330147368,0.0119291819291866,-0.7333333333333334,La Niña
Misamis Occidental,2012,2012Q2,26.802747252747256,29.261538461538464,24.99175824175824,882.0,882.0,1322.0,6857256.52,3712.8,736.5699999999999,13.089010989010989,24.021978021978025,Q2,986.95,27.20197802197802,-10.63377070773596,-0.3992307692307655,-0.2666666666666666,Neutral
Misamis Occidental,2012,2012Q3,26.428804347826084,28.825,24.76902173913044,992.0,992.0,1484.0,6183009.38,3424.7,694.59,14.167391304347827,26.53695652173913,Q3,1151.34,26.68690217391304,-13.83952611739364,-0.2580978260869564,0.3333333333333333,Neutral
Misamis Occidental,2012,2012Q4,26.372826086956525,28.62826086956522,24.71467391304348,1369.4,1369.4,2134.0,6409263.25,3320.16,653.36,17.168478260869566,30.08152173913044,Q4,1475.64,26.53239130434783,-7.199587975386951,-0.1595652173913038,0.0666666666666666,Neutral
Misamis Occidental,2013,2013Q1,25.903888888888886,28.022222222222226,24.41,1287.4,1287.4,2242.0,5998442.25,3347.28,642.3100000000001,19.11888888888889,32.632222222222225,Q1,1486.73,25.94191697191697,-13.407276371634389,-0.0380280830280881,-0.3666666666666667,Neutral
Misamis Occidental,2013,2013Q2,27.110439560439563,29.43736263736264,25.3043956043956,898.0,898.0,1520.0,6269776.96,3535.86,708.12,12.747252747252746,23.26923076923077,Q2,986.95,27.20197802197802,-9.012614620801465,-0.0915384615384589,-0.3666666666666667,Neutral
Misamis Occidental,2013,2013Q3,26.442391304347822,28.83967391304348,24.71032608695652,1128.2,1128.2,1666.0,6232334.87,3390.2,686.29,12.771739130434783,24.57282608695652,Q3,1151.34,26.68690217391304,-2.0098320218180445,-0.244510869565218,-0.3333333333333333,Neutral
Misamis Occidental,2013,2013Q4,26.285326086956523,28.56684782608696,24.62608695652174,1447.4,1447.4,2054.0,6079027.92,3147.06,623.25,15.747826086956522,27.95652173913044,Q4,1475.64,26.53239130434783,-1.913745900084032,-0.2470652173913059,-0.2333333333333333,Neutral
Misamis Occidental,2014,2014Q1,25.21555555555556,27.245555555555555,23.71,1900.8,1900.8,2512.0,5712516.03,3229.46,623.97,20.78333333333333,35.153333333333336,Q1,1486.73,25.94191697191697,27.85105567251619,-0.7263614163614136,-0.3999999999999999,Neutral
Misamis Occidental,2014,2014Q2,27.031868131868134,29.38131868131868,25.19010989010989,1020.0,1020.0,1610.0,6606667.89,3636.36,724.32,12.494505494505496,22.97142857142857,Q2,986.95,27.20197802197802,3.3487005420740616,-0.170109890109888,0.1333333333333333,Neutral
Misamis Occidental,2014,2014Q3,26.48967391304348,28.80271739130435,24.81793478260869,1027.2,1027.2,1520.0,5912737.77,3271.6,670.54,13.966304347826089,26.10869565217392,Q3,1151.34,26.68690217391304,-10.782218979623732,-0.1972282608695614,0.1,Neutral
Misamis Occidental,2014,2014Q4,26.25,28.506521739130434,24.583695652173912,1489.4,1489.4,2198.0,6120084.95,3088.44,612.35,15.757608695652175,27.916304347826088,Q4,1475.64,26.53239130434783,0.9324767558483092,-0.2823913043478292,0.6,El Niño
Misamis Occidental,2015,2015Q1,25.675,27.957222222222224,23.91611111111111,890.4,890.4,2016.0,6804705.01,3769.3,730.78,19.276666666666667,32.37444444444444,Q1,1486.73,25.94191697191697,-40.11017467865719,-0.2669169719169737,0.5,El Niño
Misamis Occidental,2015,2015Q2,27.26043956043956,29.744505494505493,25.24065934065934,668.0,668.0,1358.0,6803462.61,3788.24,765.46,13.5010989010989,24.17032967032967,Q2,986.95,27.20197802197802,-32.316733370484826,0.0584615384615396,0.9333333333333332,El Niño
Misamis Occidental,2015,2015Q3,26.506521739130434,28.753804347826087,24.854891304347827,1146.6,1146.6,1468.0,6225316.97,3394.18,690.74,14.123913043478264,26.573913043478264,Q3,1151.34,26.68690217391304,-0.4116941998019706,-0.1803804347826059,1.8666666666666665,El Niño
Misamis Occidental,2015,2015Q4,26.542934782608693,28.852717391304346,24.85869565217392,1075.2,1075.2,1962.0,6783612.79,3427.08,676.54,16.445652173913043,28.63586956521739,Q4,1475.64,26.53239130434783,-27.136700008132063,0.0105434782608639,2.533333333333333,El Niño
Misamis Occidental,2016,2016Q1,26.520879120879123,28.9934065934066,24.640659340659344,324.2,324.2,1328.0,7199478.33,4040.02,793.83,18.05934065934066,30.348351648351645,Q1,1486.73,25.94191697191697,-78.19375407774109,0.5789621489621481,2.066666666666667,El Niño
Misamis Occidental,2016,2016Q2,27.63956043956044,30.232417582417582,25.69010989010989,938.0,938.0,1304.0,6986134.36,3850.2,782.41,14.025274725274723,25.285714285714285,Q2,986.95,27.20197802197802,-4.959724403465225,0.4375824175824192,0.3999999999999999,Neutral
Misamis Occidental,2016,2016Q3,27.03478260869565,29.495652173913044,25.29565217391304,924.2,924.2,1388.0,6543184.51,3545.16,723.6,13.281521739130437,25.25543478260869,Q3,1151.34,26.68690217391304,-19.728316570257256,0.3478804347826099,-0.5,La Niña
Misamis Occidental,2016,2016Q4,26.54510869565217,28.842391304347824,24.944021739130434,1371.8,1371.8,2324.0,5958023.75,3057.08,610.75,14.680434782608694,26.752173913043475,Q4,1475.64,26.53239130434783,-7.036946680762254,0.0127173913043421,-0.6666666666666666,La Niña
Misamis Occidental,2017,2017Q1,26.125,27.95277777777778,24.692777777777778,2644.7,2644.7,2370.0,5453969.52,2982.29,619.67,20.407777777777778,43.91444444444445,Q1,1486.73,25.94191697191697,77.8870406866075,0.1830830280830255,-0.1333333333333333,Neutral
Misamis Occidental,2017,2017Q2,27.29065934065934,29.703296703296704,25.3467032967033,1715.0,1715.0,1783.0,6575083.07,3598.77,725.3,12.636263736263738,30.020879120879123,Q2,986.95,27.20197802197802,73.76766806829119,0.0886813186813171,0.2666666666666666,Neutral
Misamis Occidental,2017,2017Q3,26.87010869565217,29.20163043478261,25.02228260869565,1416.9,1416.9,1679.0,6034354.71,3299.75,668.02,12.404891304347826,30.17445652173913,Q3,1151.34,26.68690217391304,23.06529782688,0.1832065217391303,-0.1333333333333333,Neutral
Misamis Occidental,2017,2017Q4,26.851630434782606,29.039130434782606,25.1608695652174,1853.5,1853.5,2129.0,5691973.62,2942.13,604.6,14.056521739130435,34.04673913043479,Q4,1475.64,26.53239130434783,25.60651649453796,0.3192391304347772,-0.8333333333333334,La Niña
Misamis Occidental,2018,2018Q1,26.453888888888887,28.52444444444444,24.78777777777778,1941.9,1941.9,2075.0,5924726.83,3242.57,658.35,17.86722222222222,39.51222222222222,Q1,1486.73,25.94191697191697,30.61551189523317,0.5119719169719126,-0.8333333333333334,La Niña
Misamis Occidental,2018,2018Q2,27.396703296703297,29.90989010989011,25.36263736263736,1003.6,1003.6,1569.0,6731527.48,3729.55,761.12,13.516483516483516,31.951648351648352,Q2,986.95,27.20197802197802,1.6870155529662063,0.1947252747252754,-0.2333333333333333,Neutral
Misamis Occidental,2018,2018Q3,26.782608695652176,29.24347826086957,24.957065217391307,1574.6,1574.6,2158.0,6268218.05,3431.63,685.32,14.291304347826086,37.11304347826087,Q3,1151.34,26.68690217391304,36.76238122535481,0.0957065217391353,0.2666666666666666,Neutral
Misamis Occidental,2018,2018Q4,26.77771739130435,28.970652173913045,25.05978260869565,1698.7,1698.7,2687.0,6311605.72,3268.29,659.3,15.57336956521739,35.2,Q4,1475.64,26.53239130434783,15.116152991244473,0.2453260869565205,0.8333333333333334,El Niño
Misamis Occidental,2019,2019Q1,26.01833333333333,27.924444444444443,24.33277777777777,838.5,838.5,1739.0,6480110.5,3636.34,750.44,21.58277777777778,46.07833333333333,Q1,1486.73,25.94191697191697,-43.60105735405891,0.0764163614163564,0.6999999999999998,El Niño
Misamis Occidental,2019,2019Q2,27.67252747252747,30.3510989010989,25.44835164835165,822.3,822.3,1524.0,6817569.81,3794.64,787.68,13.523626373626374,32.25604395604396,Q2,986.95,27.20197802197802,-16.682709357110298,0.4705494505494485,0.5666666666666667,El Niño
Misamis Occidental,2019,2019Q3,27.011413043478264,29.54836956521739,25.061956521739127,1142.3,1142.3,1745.0,6092659.55,3467.99,709.8100000000001,14.665217391304347,35.85434782608696,Q3,1151.34,26.68690217391304,-0.7851720603818129,0.3245108695652234,0.1999999999999999,Neutral
Misamis Occidental,2019,2019Q4,26.921739130434784,29.32445652173913,24.919565217391305,1323.4,1323.4,2100.0,6367273.25,3325.72,676.27,13.754891304347826,32.67173913043479,Q4,1475.64,26.53239130434783,-10.3168794556938,0.3893478260869543,0.4333333333333333,Neutral
Misamis Occidental,2020,2020Q1,26.70604395604396,28.730219780219777,25.041758241758245,1022.6,1022.6,1791.0,6842816.2,3787.02,773.45,20.29945054945055,43.46098901098901,Q1,1486.73,25.94191697191697,-31.21817680412718,0.7641269841269853,0.4666666666666666,Neutral
Misamis Occidental,2020,2020Q2,27.589010989010987,30.093956043956045,25.417032967032966,1261.6,1261.6,1703.0,6608433.55,3756.4,773.14,13.536813186813186,31.682967032967035,Q2,986.95,27.20197802197802,27.82815745478493,0.3870329670329653,-0.0666666666666666,Neutral
Misamis Occidental,2020,2020Q3,27.11576086956521,29.67663043478261,25.105978260869566,1537.1,1537.1,1910.0,6106321.8,3499.68,711.25,12.159239130434784,29.29565217391304,Q3,1151.34,26.68690217391304,33.50530685983289,0.428858695652174,-0.6333333333333333,La Niña
Misamis Occidental,2020,2020Q4,26.780978260869563,29.11304347826087,25.01358695652174,2122.7,2122.7,2452.0,5694837.19,2996.98,608.8,13.78641304347826,32.46304347826087,Q4,1475.64,26.53239130434783,43.84944837494238,0.2485869565217342,-1.2333333333333334,La Niña
Misamis Occidental,2021,2021Q1,26.45888888888889,28.51333333333333,24.793888888888887,2034.5,2034.5,2494.0,5628136.76,3195.03,647.6,17.15222222222222,38.15444444444445,Q1,1486.73,25.94191697191697,36.84394610991909,0.5169719169719151,-0.9,La Niña
Misamis Occidental,2021,2021Q2,27.20054945054945,29.624725274725275,25.178571428571427,1470.3,1470.3,1940.0,6374283.28,3542.44,717.92,13.123076923076924,31.75274725274725,Q2,986.95,27.20197802197802,48.97411216373676,-0.0014285714285726,-0.5333333333333333,La Niña
Misamis Occidental,2021,2021Q3,27.21630434782609,29.819021739130434,25.14565217391305,1164.3,1164.3,1947.0,6381249.07,3539.18,720.78,13.054891304347825,32.017391304347825,Q3,1151.34,26.68690217391304,1.1256449007243767,0.5294021739130486,-0.5333333333333333,La Niña
Misamis Occidental,2021,2021Q4,26.704891304347825,29.12228260869565,24.846739130434784,2173.9,2173.9,2481.0,5576104.51,3104.99,635.05,15.41304347826087,34.403260869565216,Q4,1475.64,26.53239130434783,47.31912932693611,0.1724999999999958,-0.9333333333333332,La Niña
Misamis Occidental,2022,2022Q1,26.329444444444444,28.63222222222222,24.45277777777778,1704.7,1704.7,2267.0,5773115.9,3371.68,681.73,18.73777777777778,39.11333333333333,Q1,1486.73,25.94191697191697,14.66103461960141,0.38752747252747,-0.9666666666666668,La Niña
Misamis Occidental,2022,2022Q2,26.998351648351647,29.60824175824176,24.917032967032966,1943.6,1943.6,1941.0,6128028.78,3575.49,724.34,13.414285714285716,29.83076923076923,Q2,986.95,27.20197802197802,96.9299356603678,-0.2036263736263741,-1.0,La Niña
Misamis Occidental,2022,2022Q3,27.01630434782609,29.878804347826087,24.79945652173913,1418.5,1418.5,1783.0,6212667.47,3620.09,741.37,12.963043478260868,29.16141304347826,Q3,1151.34,26.68690217391304,23.20426633314226,0.3294021739130492,-0.9,La Niña
Misamis Occidental,2022,2022Q4,26.69782608695652,29.342391304347824,24.727717391304346,2081.6,2081.6,2315.0,5581508.59,3128.17,639.94,14.317391304347826,31.682065217391305,Q4,1475.64,26.53239130434783,41.0642162044943,0.1654347826086919,-0.9,La Niña
Misamis Occidental,2023,2023Q1,26.022222222222226,28.12277777777778,24.39,2658.0,2658.0,2764.0,5001004.15,3048.09,615.96,19.27055555555556,40.11722222222223,Q1,1486.73,25.94191697191697,78.78162141074708,0.0803052503052512,-0.3999999999999999,Neutral
Misamis Occidental,2023,2023Q2,27.33516483516484,30.19120879120879,25.07692307692308,1623.7,1623.7,1789.0,6457724.77,3703.27,757.81,13.424175824175824,30.328021978021976,Q2,986.95,27.20197802197802,64.51694614722123,0.1331868131868177,0.5,El Niño
Misamis Occidental,2023,2023Q3,26.769565217391307,29.87228260869565,24.480978260869566,1860.6,1860.6,1988.0,6119698.02,3493.39,710.17,13.540217391304347,32.09402173913043,Q3,1151.34,26.68690217391304,61.60300171973528,0.0826630434782664,1.3333333333333333,El Niño
Misamis Occidental,2023,2023Q4,27.05760869565217,30.07445652173913,24.667391304347827,1559.2,1559.2,2107.0,6272024.66,3430.67,708.71,14.51304347826087,32.49184782608695,Q4,1475.64,26.53239130434783,5.662627741183482,0.5252173913043414,1.9,El Niño
Misamis Occidental,2024,2024Q1,26.91868131868132,29.42087912087912,24.86758241758241,889.7,889.7,1806.0,6547768.91,3725.69,807.0,21.520879120879123,45.81703296703297,Q1,1486.73,25.94191697191697,-40.15725787466453,0.9767643467643444,1.4666666666666668,El Niño
Misamis Occidental,2024,2024Q2,28.36648351648352,32.05494505494506,25.401648351648355,756.6,756.6,1187.0,6889738.7,4034.09,875.38,14.525274725274723,33.76648351648352,Q2,986.95,27.20197802197802,-23.33958153908506,1.164505494505498,0.4333333333333333,Neutral
Misamis Occidental,2024,2024Q3,27.067391304347822,30.332608695652173,24.69836956521739,1430.2,1430.2,1784.0,6077593.65,3560.13,737.72,13.05108695652174,30.794565217391305,Q3,1151.34,26.68690217391304,24.220473535185103,0.3804891304347819,-0.1,Neutral
Misamis Occidental,2024,2024Q4,27.14444444444445,30.69835164835165,24.629670329670333,1789.9,1789.9,1969.0,5890447.2,3271.25,691.33,13.546703296703296,31.90714285714286,Q4,1475.64,26.53239130434783,21.296522186983275,0.61205314009662,-0.3999999999999999,Neutral
Misamis Occidental,2025,2025Q1,26.59325842696629,29.75555555555556,24.293888888888887,1821.1,1821.1,2315.0,5683729.15,3323.0,687.62,16.191111111111113,37.141666666666666,Q1,1486.73,25.94191697191697,22.49029749853705,0.651341455049316,-0.3999999999999999,Neutral
Misamis Occidental,2025,2025Q2,27.249450549450547,30.736263736263737,24.75604395604396,966.5,10.0,953.0,5830703.09,3436.41,718.59,12.024725274725276,28.75934065934066,Q2,986.95,27.20197802197802,-2.072040123613156,0.0474725274725251,-0.1,Neutral
Misamis Occidental,2025,2025Q3,25.06086956521739,28.315217391304348,22.89728260869565,1525.4,93.0,1206.0,5181533.28,3151.4,645.07,11.994021739130435,36.908152173913045,Q3,1151.34,26.68690217391304,32.48909965779007,-1.626032608695649,-0.3,Neutral
Misamis Occidental,2025,2025Q4,25.0844262295082,28.24426229508197,22.90737704918033,764.9,33.4,800.0,3483558.41,1977.75,397.26,11.181147540983606,35.208196721311474,Q4,1475.64,26.53239130434783,-48.16486405898458,-1.4479650748396296,-0.6,La Niña
Misamis Oriental,2010,2010Q1,26.89074074074074,29.48814814814815,24.52777777777778,1015.8,1015.8,1523.0,9811828.27,5399.42,1081.68,13.595555555555556,29.93962962962963,Q1,1834.11,26.53897883597883,-44.616189868655646,0.3517619047619078,1.1666666666666667,El Niño
Misamis Oriental,2010,2010Q2,28.39194139194139,31.195238095238093,25.9007326007326,2081.8,2081.8,2202.0,10426927.02,5807.1,1200.63,10.102564102564102,25.29597069597069,Q2,1991.24,28.0085347985348,4.5479198891143175,0.3834065934065904,-0.1666666666666666,Neutral
Misamis Oriental,2010,2010Q3,27.87572463768116,30.577536231884057,25.568840579710145,3496.8,3496.8,3401.0,9737541.53,5299.82,1093.96,8.601811594202898,23.18007246376812,Q3,1871.22,27.71576086956522,86.87273543463624,0.15996376811594,-1.3,La Niña
Misamis Oriental,2010,2010Q4,27.464492753623187,30.21014492753623,25.22065217391304,2580.6,2580.6,2861.0,9815285.98,4817.64,989.17,9.282971014492754,24.255797101449275,Q4,2017.76,27.25894927536232,27.89429862818176,0.2055434782608678,-1.6000000000000003,La Niña
Misamis Oriental,2011,2011Q1,26.57703703703704,28.94925925925926,24.697407407407407,3311.0,3311.0,3277.0,8128566.47,4415.91,886.51,12.44111111111111,29.725555555555555,Q1,1834.11,26.53897883597883,80.52352367088126,0.0380582010582095,-1.1666666666666667,La Niña
Misamis Oriental,2011,2011Q2,27.53626373626373,29.9985347985348,25.43443223443224,2558.6,2558.6,2830.0,9058624.52,5048.85,1030.16,10.087912087912088,25.607692307692307,Q2,1991.24,28.0085347985348,28.492798457242703,-0.4722710622710693,-0.5666666666666667,La Niña
Misamis Oriental,2011,2011Q3,27.783695652173915,30.40942028985508,25.578985507246376,1371.4,1371.4,2081.0,9389360.46,5122.0,1076.6,10.03913043478261,25.65434782608696,Q3,1871.22,27.71576086956522,-26.710915873066764,0.0679347826086953,-0.6333333333333333,La Niña
Misamis Oriental,2011,2011Q4,27.45217391304348,29.97427536231884,25.274637681159422,2436.3,2436.3,2502.0,9225200.76,4792.31,983.9,10.127536231884058,26.218840579710143,Q4,2017.76,27.25894927536232,20.742803901355984,0.1932246376811619,-1.0333333333333334,La Niña
Misamis Oriental,2012,2012Q1,26.972893772893773,29.487545787545788,24.87912087912088,1849.5,1849.5,2229.0,9393311.28,5020.9,1012.4,11.834798534798535,28.726739926739924,Q1,1834.11,26.53897883597883,0.8390990725747147,0.4339149369149417,-0.7333333333333334,La Niña
Misamis Oriental,2012,2012Q2,27.98021978021978,30.633333333333333,25.66117216117216,1599.1,1599.1,2219.0,10148429.29,5511.3,1138.65,9.667032967032966,24.65604395604396,Q2,1991.24,28.0085347985348,-19.693256463309307,-0.0283150183150198,-0.2666666666666666,Neutral
Misamis Oriental,2012,2012Q3,27.743115942028982,30.344565217391303,25.518840579710144,1956.5,1956.5,2524.0,9119355.55,5156.74,1091.04,10.62355072463768,26.818840579710145,Q3,1871.22,27.71576086956522,4.557454494928441,0.027355072463763,0.3333333333333333,Neutral
Misamis Oriental,2012,2012Q4,27.4463768115942,30.03405797101449,25.20978260869565,1657.6,1657.6,2145.0,9648484.59,4947.25,1020.58,11.632608695652172,29.132608695652173,Q4,2017.76,27.25894927536232,-17.849496471334543,0.1874275362318798,0.0666666666666666,Neutral
Misamis Oriental,2013,2013Q1,26.913703703703703,29.31222222222222,24.81703703703704,2046.6,2046.6,2555.0,8808345.63,4815.64,971.24,13.011111111111113,29.774074074074075,Q1,1834.11,26.53897883597883,11.585455616075372,0.374724867724872,-0.3666666666666667,Neutral
Misamis Oriental,2013,2013Q2,28.224908424908424,30.932600732600733,25.83553113553113,2685.5,2685.5,2761.0,9429376.59,5325.52,1106.54,9.185714285714283,23.80805860805861,Q2,1991.24,28.0085347985348,34.86571181776178,0.216373626373624,-0.3666666666666667,Neutral
Misamis Oriental,2013,2013Q3,27.702536231884057,30.34492753623189,25.45978260869565,2409.4,2409.4,2857.0,9200345.7,5086.84,1065.8,9.69927536231884,25.246014492753623,Q3,1871.22,27.71576086956522,28.76091533865607,-0.0132246376811622,-0.3333333333333333,Neutral
Misamis Oriental,2013,2013Q4,27.357246376811595,29.98768115942029,25.13297101449276,2198.6,2198.6,2538.0,9280544.51,4797.35,988.99,10.814492753623188,27.433333333333334,Q4,2017.76,27.25894927536232,8.96241376576006,0.0982971014492761,-0.2333333333333333,Neutral
Misamis Oriental,2014,2014Q1,26.086666666666662,28.288888888888888,24.13185185185185,3208.4,3208.4,2714.0,8074342.11,4533.77,900.4,13.988148148148149,31.816666666666663,Q1,1834.11,26.53897883597883,74.92952985371653,-0.4523121693121688,-0.3999999999999999,Neutral
Misamis Oriental,2014,2014Q2,28.1021978021978,30.742124542124543,25.64945054945055,2374.7,2374.7,2585.0,9699597.73,5408.69,1114.68,9.404761904761903,24.01355311355311,Q2,1991.24,28.0085347985348,19.25734718065123,0.0936630036629999,0.1333333333333333,Neutral
Misamis Oriental,2014,2014Q3,27.76014492753623,30.30760869565217,25.49275362318841,1935.9,1935.9,2667.0,8916443.07,4989.64,1049.69,10.227173913043478,26.16521739130435,Q3,1871.22,27.71576086956522,3.456568441979033,0.0443840579710119,0.1,Neutral
Misamis Oriental,2014,2014Q4,27.32971014492753,29.738405797101446,25.230434782608697,2458.2,2458.2,2965.0,9062163.43,4640.13,951.78,11.042028985507246,27.31304347826087,Q4,2017.76,27.25894927536232,21.82816588692412,0.0707608695652126,0.6,El Niño
Misamis Oriental,2015,2015Q1,26.535185185185185,29.00555555555556,24.31037037037037,830.7,830.7,1758.0,10019525.58,5360.87,1064.78,14.132962962962964,30.24111111111112,Q1,1834.11,26.53897883597883,-54.708278129446974,-0.0037936507936464,0.5,El Niño
Misamis Oriental,2015,2015Q2,28.27728937728937,30.96190476190476,25.67252747252748,1991.7,1991.7,2325.0,9990858.36,5600.59,1165.58,10.32967032967033,25.03736263736264,Q2,1991.24,28.0085347985348,0.023101183182329,0.2687545787545744,0.9333333333333332,El Niño
Misamis Oriental,2015,2015Q3,27.95289855072464,30.449637681159423,25.659782608695654,1796.6,1796.6,2752.0,9540562.99,5132.4,1081.96,10.652536231884058,26.83768115942029,Q3,1871.22,27.71576086956522,-3.9877726830623934,0.237137681159421,1.8666666666666665,El Niño
Misamis Oriental,2015,2015Q4,27.64565217391304,30.23550724637681,25.25797101449276,1668.7,1668.7,1976.0,10191340.56,5150.6,1061.96,11.265942028985508,27.33115942028985,Q4,2017.76,27.25894927536232,-17.299381492347937,0.3867028985507197,2.533333333333333,El Niño
Misamis Oriental,2016,2016Q1,27.54615384615385,30.48424908424909,24.76043956043956,269.9,269.9,660.0,10719002.74,5934.31,1229.32,13.934798534798531,29.867765567765566,Q1,1834.11,26.53897883597883,-85.28441587472943,1.0071750101750183,2.066666666666667,El Niño
Misamis Oriental,2016,2016Q2,28.86336996336996,31.7996336996337,26.19084249084249,2545.1,2545.1,2527.0,10338774.4,5633.49,1201.49,10.43919413919414,25.422344322344323,Q2,1991.24,28.0085347985348,27.814828950804504,0.8548351648351584,0.3999999999999999,Neutral
Misamis Oriental,2016,2016Q3,28.337318840579712,31.047463768115943,25.98333333333333,1576.0,1576.0,2394.0,9795655.11,5343.56,1131.97,10.159420289855072,25.586231884057973,Q3,1871.22,27.71576086956522,-15.776872842316775,0.621557971014493,-0.5,La Niña
Misamis Oriental,2016,2016Q4,27.48623188405797,29.95108695652174,25.3768115942029,2434.6,2434.6,2850.0,8889773.04,4558.62,940.73,9.998188405797102,26.14673913043478,Q4,2017.76,27.25894927536232,20.65855205772739,0.2272826086956492,-0.6666666666666666,La Niña
Misamis Oriental,2017,2017Q1,25.89037037037037,28.113703703703703,23.86925925925926,2348.5,2348.5,2568.0,8078106.48,4230.08,857.0600000000001,14.202222222222222,33.574814814814815,Q1,1834.11,26.53897883597883,28.045755161904147,-0.6486084656084614,-0.1333333333333333,Neutral
Misamis Oriental,2017,2017Q2,27.26007326007326,29.713553113553115,25.14212454212454,2111.7,2111.7,2049.0,9687860.14,5265.82,1071.48,10.976923076923075,27.127106227106225,Q2,1991.24,28.0085347985348,6.049496795966311,-0.748461538461541,0.2666666666666666,Neutral
Misamis Oriental,2017,2017Q3,26.931521739130435,29.455797101449274,24.77173913043478,1637.9,1637.9,2188.0,8717283.67,4918.16,1008.29,9.602898550724635,25.18007246376812,Q3,1871.22,27.71576086956522,-12.468870576415384,-0.7842391304347842,-0.1333333333333333,Neutral
Misamis Oriental,2017,2017Q4,26.76630434782609,29.293115942028983,24.66304347826087,1826.4,1826.4,2251.0,8441589.39,4446.74,917.82,11.435144927536232,29.574637681159423,Q4,2017.76,27.25894927536232,-9.483783998096884,-0.4926449275362294,-0.8333333333333334,La Niña
Misamis Oriental,2018,2018Q1,26.23481481481481,28.764444444444443,23.864074074074075,2008.0,2008.0,1952.0,8908025.1,4816.74,972.59,13.49074074074074,31.412592592592592,Q1,1834.11,26.53897883597883,9.480892640027047,-0.3041640211640199,-0.8333333333333334,La Niña
Misamis Oriental,2018,2018Q2,27.52124542124542,30.35091575091575,25.007326007326007,1091.8,1091.8,1546.0,9952392.08,5577.88,1161.04,11.93003663003663,29.06886446886447,Q2,1991.24,28.0085347985348,-45.16984391635364,-0.4872893772893789,-0.2333333333333333,Neutral
Misamis Oriental,2018,2018Q3,27.53731884057971,30.63695652173913,24.83405797101449,1290.8,1290.8,2017.0,9277328.85,5244.68,1127.56,11.591304347826089,31.37246376811594,Q3,1871.22,27.71576086956522,-31.01826615790768,-0.1784420289855077,0.2666666666666666,Neutral
Misamis Oriental,2018,2018Q4,26.75144927536232,29.40471014492753,24.40942028985508,1500.2,1500.2,2461.0,9376435.03,4934.78,1008.39,12.20072463768116,30.11304347826088,Q4,2017.76,27.25894927536232,-25.65022599318055,-0.5075000000000003,0.8333333333333334,El Niño
Misamis Oriental,2019,2019Q1,25.74222222222222,28.47888888888889,23.00333333333333,1452.7,1452.7,1565.0,9479090.99,5361.63,1091.32,16.463703703703704,35.79185185185185,Q1,1834.11,26.53897883597883,-20.795372142346963,-0.7967566137566102,0.6999999999999998,El Niño
Misamis Oriental,2019,2019Q2,27.92783882783883,30.933699633699632,25.264468864468864,872.4,872.4,1647.0,10116382.5,5680.83,1213.05,13.031868131868132,32.032600732600734,Q2,1991.24,28.0085347985348,-56.18810389506036,-0.0806959706959702,0.5666666666666667,El Niño
Misamis Oriental,2019,2019Q3,27.53333333333333,30.55507246376812,24.85942028985508,1240.9,1240.9,1720.0,9133110.06,5279.98,1134.57,11.47536231884058,29.343478260869567,Q3,1871.22,27.71576086956522,-33.68497557743076,-0.1824275362318879,0.1999999999999999,Neutral
Misamis Oriental,2019,2019Q4,26.88985507246377,29.746376811594203,24.425362318840577,1416.4,1416.4,2247.0,9567215.89,5013.84,1029.77,11.870652173913044,29.411231884057973,Q4,2017.76,27.25894927536232,-29.803346284989285,-0.3690942028985482,0.4333333333333333,Neutral
Misamis Oriental,2020,2020Q1,26.95384615384616,30.05677655677656,24.02747252747253,939.4,939.4,1420.0,10282939.46,5623.34,1194.75,17.12893772893773,37.61355311355312,Q1,1834.11,26.53897883597883,-48.78169793523834,0.4148673178673263,0.4666666666666666,Neutral
Misamis Oriental,2020,2020Q2,27.945421245421247,30.91282051282052,25.322710622710623,1363.5,1363.5,1998.0,9858979.57,5544.85,1190.52,13.025641025641026,31.779487179487177,Q2,1991.24,28.0085347985348,-31.52507984974188,-0.0631135531135527,-0.0666666666666666,Neutral
Misamis Oriental,2020,2020Q3,27.092028985507245,29.77934782608696,24.84166666666667,2205.9,2205.9,2564.0,8920223.12,5112.01,1045.66,10.196739130434784,26.379710144927536,Q3,1871.22,27.71576086956522,17.885657485490754,-0.6237318840579746,-0.6333333333333333,La Niña
Misamis Oriental,2020,2020Q4,26.74710144927536,29.357246376811595,24.57644927536232,2409.3,2409.3,2801.0,8337104.12,4484.15,918.38,10.471739130434782,27.16340579710145,Q4,2017.76,27.25894927536232,19.40468638490209,-0.5118478260869601,-1.2333333333333334,La Niña
Misamis Oriental,2021,2021Q1,26.195925925925923,28.67148148148148,23.903703703703705,2398.3,2398.3,2668.0,8376255.97,4727.44,952.74,13.046296296296296,31.042962962962964,Q1,1834.11,26.53897883597883,30.760968535147853,-0.3430529100529078,-0.9,La Niña
Misamis Oriental,2021,2021Q2,27.18864468864469,29.874725274725275,24.804029304029303,1807.4,1807.4,2508.0,9449716.97,5340.68,1094.11,11.415750915750916,28.606593406593408,Q2,1991.24,28.0085347985348,-9.232438078785083,-0.8198901098901104,-0.5333333333333333,La Niña
Misamis Oriental,2021,2021Q3,27.38514492753623,30.240579710144925,24.859057971014494,1595.3,1595.3,2113.0,9117065.18,5253.39,1103.19,10.73623188405797,26.792391304347824,Q3,1871.22,27.71576086956522,-14.74546018105835,-0.330615942028988,-0.5333333333333333,La Niña
Misamis Oriental,2021,2021Q4,26.55072463768116,29.21992753623188,24.31304347826087,2699.5,2699.5,2693.0,8104104.3,4549.56,930.36,12.001811594202898,27.768478260869568,Q4,2017.76,27.25894927536232,33.78697169138056,-0.708224637681159,-0.9333333333333332,La Niña
Misamis Oriental,2022,2022Q1,26.08,28.807407407407407,23.64185185185185,2000.4,2000.4,2263.0,8434566.05,4911.9800000000005,980.31,13.78111111111111,29.99851851851852,Q1,1834.11,26.53897883597883,9.06652272764448,-0.4589788359788329,-0.9666666666666668,La Niña
Misamis Oriental,2022,2022Q2,26.731868131868133,29.501831501831504,24.383882783882783,2931.5,2931.5,2657.0,8625550.33,5152.5,1046.69,11.313186813186814,26.0021978021978,Q2,1991.24,28.0085347985348,47.21982282396897,-1.2766666666666673,-1.0,La Niña
Misamis Oriental,2022,2022Q3,26.8018115942029,29.804710144927537,24.36485507246377,2279.9,2279.9,2304.0,8947497.57,5260.33,1073.87,10.565217391304348,24.44891304347826,Q3,1871.22,27.71576086956522,21.8402967048236,-0.9139492753623202,-0.9,La Niña
Misamis Oriental,2022,2022Q4,26.565942028985507,29.36521739130435,24.26231884057971,3108.3,3108.3,2760.0,8204858.44,4595.89,941.59,11.52246376811594,26.2286231884058,Q4,2017.76,27.25894927536232,54.04706208865279,-0.693007246376812,-0.9,La Niña
Misamis Oriental,2023,2023Q1,25.73148148148148,28.15888888888889,23.57888888888889,3239.7,3239.7,3274.0,7324525.1,4406.16,872.86,13.632222222222222,29.41444444444444,Q1,1834.11,26.53897883597883,76.63607962445,-0.8074973544973503,-0.3999999999999999,Neutral
Misamis Oriental,2023,2023Q2,27.36886446886447,30.36849816849817,24.75531135531136,1828.1,1828.1,2110.0,9475142.96,5590.23,1152.09,11.51978021978022,26.514285714285712,Q2,1991.24,28.0085347985348,-8.192884835579855,-0.6396703296703308,0.5,El Niño
Misamis Oriental,2023,2023Q3,27.597101449275364,30.939492753623185,24.77789855072464,1598.4,1598.4,2183.0,8990268.98,5309.88,1126.08,11.228623188405797,26.86014492753623,Q3,1871.22,27.71576086956522,-14.579792862410615,-0.1186594202898554,1.3333333333333333,El Niño
Misamis Oriental,2023,2023Q4,27.21666666666667,30.356159420289853,24.534782608695654,1414.3,1414.3,2089.0,9305330.72,5044.39,1052.1,11.981521739130436,27.726086956521737,Q4,2017.76,27.25894927536232,-29.9074220918246,-0.0422826086956504,1.9,El Niño
Misamis Oriental,2024,2024Q1,26.885347985347984,29.95274725274725,23.90915750915751,1010.2,1010.2,1570.0,9682945.02,5524.31,1163.25,16.78791208791209,34.947985347985345,Q1,1834.11,26.53897883597883,-44.92151506725332,0.3463691493691527,1.4666666666666668,El Niño
Misamis Oriental,2024,2024Q2,28.663369963369966,31.936263736263736,25.649084249084247,964.5,964.5,1374.0,10085650.58,5942.38,1311.64,14.270695970695972,31.74468864468864,Q2,1991.24,28.0085347985348,-51.56284526224866,0.6548351648351662,0.4333333333333333,Neutral
Misamis Oriental,2024,2024Q3,27.338768115942027,30.40072463768116,24.85579710144928,1841.1,1841.1,2242.0,8847732.78,5279.59,1093.43,10.733695652173912,25.240579710144925,Q3,1871.22,27.71576086956522,-1.609645044409536,-0.3769927536231918,-0.1,Neutral
Misamis Oriental,2024,2024Q4,27.250370370370373,30.77728937728938,24.55750915750916,1840.6,1840.6,2040.0,8696697.25,4848.28,1023.38,12.106227106227106,29.02380952380953,Q4,2017.76,27.25894927536232,-8.78003330425818,-0.0085789049919462,-0.3999999999999999,Neutral
Misamis Oriental,2025,2025Q1,26.80936329588015,30.706296296296298,23.76703703703704,1668.1,1668.1,2076.0,8273177.05,4861.29,1026.43,13.84925925925926,33.26814814814815,Q1,1834.11,26.53897883597883,-9.051256467714586,0.2703844599013187,-0.3999999999999999,Neutral
Misamis Oriental,2025,2025Q2,27.71172161172161,31.07875457875458,24.83553113553113,963.8,14.1,1187.0,9342924.01,5447.3,1145.08,13.823443223443224,27.45567765567765,Q2,1991.24,28.0085347985348,-51.59799923665657,-0.2968131868131891,-0.1,Neutral
Misamis Oriental,2025,2025Q3,26.89855072463768,29.7731884057971,24.785507246376813,1527.8,90.8,1698.0,8400682.15,5200.29,1106.74,13.288768115942029,32.0268115942029,Q3,1871.22,27.71576086956522,-18.352732441936283,-0.8172101449275395,-0.3,Neutral
Misamis Oriental,2025,2025Q4,26.528415300546445,28.86775956284153,24.697267759562845,1444.5,103.8,1579.0,5595613.23,3183.77,646.88,12.848087431693989,31.06502732240437,Q4,2017.76,27.25894927536232,-28.410712869716903,-0.7305339748158737,-0.6,La Niña
Negros Occidental,2010,2010Q1,26.23037037037037,29.308024691358025,23.68901234567901,1562.6,1562.6,3461.0,30168424.95,16350.82,3541.59,19.134444444444444,36.33827160493827,Q1,3846.96,25.84867982634649,-59.380913760475806,0.3816905440238756,1.1666666666666667,El Niño
Negros Occidental,2010,2010Q2,28.19035409035409,31.486202686202688,25.51147741147741,3939.8,3939.8,5140.0,32318333.39,18122.71,3962.37,13.31868131868132,28.593650793650795,Q2,5408.15,27.45324786324786,-27.15068923753964,0.7371062271062314,-0.1666666666666666,Neutral
Negros Occidental,2010,2010Q3,26.763647342995167,29.43683574879228,24.68417874396136,8763.4,8763.4,9619.0,27863877.52,15583.22,3181.37,11.13683574879227,24.7487922705314,Q3,8151.68,26.50003623188406,7.504219989008392,0.263611111111107,-1.3,La Niña
Negros Occidental,2010,2010Q4,26.177777777777777,28.711231884057973,24.30869565217391,7252.5,7252.5,9095.0,27038035.63,13368.69,2713.84,13.90036231884058,28.42355072463768,Q4,6265.34,26.30776570048309,15.755888746660194,-0.1299879227053182,-1.6000000000000003,La Niña
Negros Occidental,2011,2011Q1,25.34629629629629,27.70901234567901,23.67098765432099,7127.3,7127.3,8530.0,23677940.39,12773.51,2639.37,19.661975308641978,37.45703703703704,Q1,3846.96,25.84867982634649,85.27096720527378,-0.5023835300502029,-1.1666666666666667,La Niña
Negros Occidental,2011,2011Q2,26.415140415140414,28.945543345543346,24.43943833943834,7034.2,7034.2,8271.0,26687119.9,15115.51,3089.07,14.274847374847376,29.59426129426129,Q2,5408.15,27.45324786324786,30.0666586540684,-1.0381074481074464,-0.5666666666666667,La Niña
Negros Occidental,2011,2011Q3,26.182367149758456,28.594806763285025,24.33031400966184,8454.5,8454.5,9928.0,26230575.9,14444.2,2936.12,15.940458937198068,33.22922705314009,Q3,8151.68,26.50003623188406,3.714817068383446,-0.3176690821256045,-0.6333333333333333,La Niña
Negros Occidental,2011,2011Q4,26.18586956521739,28.720169082125604,24.259541062801933,7237.5,7237.5,8263.0,27230422.17,13772.87,2794.85,15.070289855072463,31.106642512077293,Q4,6265.34,26.30776570048309,15.51647636042098,-0.1218961352657039,-1.0333333333333334,La Niña
Negros Occidental,2012,2012Q1,25.77203907203907,28.34261294261294,23.81098901098901,5044.7,5044.7,7029.0,28022328.38,14690.92,2980.66,17.55286935286935,34.74175824175824,Q1,3846.96,25.84867982634649,31.13471416391124,-0.076640754307423,-0.7333333333333334,La Niña
Negros Occidental,2012,2012Q2,26.79194139194139,29.486568986568987,24.64737484737485,5434.2,5434.2,7633.0,29200201.49,16365.91,3343.8,13.306837606837606,28.45811965811966,Q2,5408.15,27.45324786324786,0.4816804267633143,-0.6613064713064709,-0.2666666666666666,Neutral
Negros Occidental,2012,2012Q3,26.18635265700483,28.61521739130435,24.34963768115942,8052.9,8052.9,10424.0,25949967.22,14480.14,2948.96,16.38466183574879,34.04625603864734,Q3,8151.68,26.50003623188406,-1.2117747507262386,-0.3136835748792315,0.3333333333333333,Neutral
Negros Occidental,2012,2012Q4,26.18574879227053,28.706280193236715,24.21388888888889,4937.0,4937.0,6695.0,28514388.79,14398.46,2948.51,17.414613526570047,34.856280193236714,Q4,6265.34,26.30776570048309,-21.20140327579988,-0.122016908212565,0.0666666666666666,Neutral
Negros Occidental,2013,2013Q1,25.80567901234568,28.30987654320988,23.84333333333333,4667.4,4667.4,5878.0,27011906.1,14568.19,3009.44,19.443703703703704,36.63740740740741,Q1,3846.96,25.84867982634649,21.32696986711584,-0.0430008140008126,-0.3666666666666667,Neutral
Negros Occidental,2013,2013Q2,27.28852258852259,30.02869352869353,25.0978021978022,6778.6,6778.6,7669.0,28504196.81,16330.45,3391.41,11.930891330891331,26.23113553113553,Q2,5408.15,27.45324786324786,25.340458382256426,-0.1647252747252707,-0.3666666666666667,Neutral
Negros Occidental,2013,2013Q3,26.234661835748792,28.69130434782609,24.365096618357487,8959.2,8959.2,10682.0,25133030.58,14089.83,2884.04,14.546256038647345,30.771376811594205,Q3,8151.68,26.50003623188406,9.906178849022536,-0.2653743961352681,-0.3333333333333333,Neutral
Negros Occidental,2013,2013Q4,26.075,28.570410628019324,24.190217391304348,5721.3,5721.3,7746.0,28281399.5,14027.94,2832.01,16.379951690821258,33.038164251207725,Q4,6265.34,26.30776570048309,-8.683327640638815,-0.232765700483096,-0.2333333333333333,Neutral
Negros Occidental,2014,2014Q1,25.09728395061728,27.599506172839504,23.12407407407408,5094.1,5094.1,5469.0,26288965.82,14335.53,2998.45,20.39827160493827,38.39740740740741,Q1,3846.96,25.84867982634649,32.418845010085896,-0.7513958757292158,-0.3999999999999999,Neutral
Negros Occidental,2014,2014Q2,27.13565323565324,29.77765567765568,24.95628815628816,6746.1,6746.1,7414.0,29360240.12,16343.27,3360.99,12.768986568986568,27.08937728937729,Q2,5408.15,27.45324786324786,24.73951351201429,-0.3175946275946231,0.1333333333333333,Neutral
Negros Occidental,2014,2014Q3,26.22777777777777,28.59371980676328,24.38115942028985,8894.9,8894.9,10274.0,24493456.45,13979.41,2863.39,15.706038647342996,32.491062801932365,Q3,8151.68,26.50003623188406,9.11738439192902,-0.2722584541062893,0.1,Neutral
Negros Occidental,2014,2014Q4,26.020289855072463,28.42367149758454,24.18417874396136,7322.4,7322.4,8562.0,26247884.17,13160.42,2694.85,16.606400966183575,32.88309178743962,Q4,6265.34,26.30776570048309,16.87155046653493,-0.2874758454106327,0.6,El Niño
Negros Occidental,2015,2015Q1,25.66283950617284,28.534444444444446,23.311975308641976,1553.9,1553.9,3632.0,30448799.43,16139.43,3429.2,19.56320987654321,36.42975308641975,Q1,3846.96,25.84867982634649,-59.60706635889117,-0.1858403201736536,0.5,El Niño
Negros Occidental,2015,2015Q2,27.56263736263736,30.553724053724054,25.18095238095238,4887.3,4887.3,6706.0,30618388.82,17281.91,3678.94,12.660683760683762,27.01147741147741,Q2,5408.15,27.45324786324786,-9.6308349435574,0.1093894993895006,0.9333333333333332,El Niño
Negros Occidental,2015,2015Q3,26.41727053140097,28.77946859903382,24.5707729468599,8227.0,8227.0,10009.0,27889470.52,14882.23,3037.86,15.493840579710144,32.05579710144928,Q3,8151.68,26.50003623188406,0.9239813142812242,-0.0827657004830904,1.8666666666666665,El Niño
Negros Occidental,2015,2015Q4,26.431642512077296,28.983574879227056,24.414975845410627,3656.9,3656.9,6114.0,29615162.82,14769.16,3035.21,16.746618357487925,33.20917874396135,Q4,6265.34,26.30776570048309,-41.63285631745444,0.1238768115942008,2.533333333333333,El Niño
Negros Occidental,2016,2016Q1,26.516117216117216,29.646398046398048,23.943833943833944,1277.4,1277.4,2889.0,31554859.02,17169.15,3644.58,18.284249084249083,34.884737484737485,Q1,3846.96,25.84867982634649,-66.79455986025329,0.667437389770722,2.066666666666667,El Niño
Negros Occidental,2016,2016Q2,28.021611721611723,31.079731379731378,25.565567765567767,5955.8,5955.8,6615.0,31020362.13,17309.41,3743.65,12.807081807081808,27.544444444444448,Q2,5408.15,27.45324786324786,10.12638332886478,0.5683638583638633,0.3999999999999999,Neutral
Negros Occidental,2016,2016Q3,26.772222222222226,29.194202898550724,24.909903381642515,7901.1,7901.1,9797.0,26897308.23,14743.53,3026.41,14.797222222222222,31.296135265700485,Q3,8151.68,26.50003623188406,-3.07396757478213,0.2721859903381656,-0.5,La Niña
Negros Occidental,2016,2016Q4,26.26594202898551,28.6774154589372,24.468599033816425,7689.4,7689.4,8922.0,25848529.55,13033.75,2664.68,15.264251207729467,31.591908212560384,Q4,6265.34,26.30776570048309,22.729173516521044,-0.0418236714975854,-0.6666666666666666,La Niña
Negros Occidental,2017,2017Q1,25.853086419753087,28.40691358024691,23.88074074074074,5234.2,5234.2,6763.0,25170351.56,13462.52,2910.73,20.27135802469136,42.42938271604939,Q1,3846.96,25.84867982634649,36.06068168111963,0.0044065934065926,-0.1333333333333333,Neutral
Negros Occidental,2017,2017Q2,27.425152625152627,30.21514041514041,25.18021978021978,5316.7,5316.7,6739.0,30230896.04,16387.67,3417.06,12.856410256410255,30.3984126984127,Q2,5408.15,27.45324786324786,-1.690966411804403,-0.0280952380952328,0.2666666666666666,Neutral
Negros Occidental,2017,2017Q3,26.65410628019324,29.116787439613528,24.793478260869566,7962.3,7962.3,9382.0,24366099.84,13832.77,2848.45,13.09915458937198,30.58780193236715,Q3,8151.68,26.50003623188406,-2.323202088403864,0.1540700483091797,-0.1333333333333333,Neutral
Negros Occidental,2017,2017Q4,26.48128019323672,28.89951690821256,24.63876811594203,8068.5,8068.5,8640.0,24966621.39,12615.96,2636.63,16.056521739130435,36.63792270531401,Q4,6265.34,26.30776570048309,28.779922558073466,0.1735144927536218,-0.8333333333333334,La Niña
Negros Occidental,2018,2018Q1,26.18925925925926,28.85,24.035185185185185,5233.7,5233.7,6404.0,26946360.09,14469.63,3037.83,18.475555555555555,39.5679012345679,Q1,3846.96,25.84867982634649,36.04768440534863,0.3405794329127651,-0.8333333333333334,La Niña
Negros Occidental,2018,2018Q2,27.63455433455433,30.61184371184371,25.221611721611723,4100.8,4100.8,6351.0,30311813.22,16595.47,3554.55,14.461416361416362,33.58876678876679,Q2,5408.15,27.45324786324786,-24.173700803417056,0.1813064713064704,-0.2333333333333333,Neutral
Negros Occidental,2018,2018Q3,26.60760869565217,29.01183574879227,24.795893719806763,7699.5,7699.5,11164.0,26346913.82,14600.68,3022.01,17.157125603864735,39.53828502415459,Q3,8151.68,26.50003623188406,-5.547077412263487,0.1075724637681112,0.2666666666666666,Neutral
Negros Occidental,2018,2018Q4,26.588768115942027,29.21992753623188,24.46207729468599,5704.6,5704.6,8356.0,28425886.92,14538.79,3042.89,16.41292270531401,36.49299516908213,Q4,6265.34,26.30776570048309,-8.949873430651804,0.2810024154589321,0.8333333333333334,El Niño
Negros Occidental,2019,2019Q1,26.01382716049383,29.18777777777777,23.246913580246915,1674.3,1674.3,4099.0,29828020.86,16532.02,3639.82,20.87827160493828,42.53691358024692,Q1,3846.96,25.84867982634649,-56.47732235323476,0.1651473341473348,0.6999999999999998,El Niño
Negros Occidental,2019,2019Q2,28.066910866910867,31.21514041514041,25.3979242979243,3888.0,3888.0,6839.0,31001961.49,17143.51,3749.93,14.714285714285714,34.09487179487179,Q2,5408.15,27.45324786324786,-28.108502907648635,0.6136630036630066,0.5666666666666667,El Niño
Negros Occidental,2019,2019Q3,26.95434782608696,29.43731884057971,25.01594202898551,6602.0,6602.0,9242.0,25574678.52,14706.9,3114.27,16.76582125603865,37.58707729468599,Q3,8151.68,26.50003623188406,-19.01055978644893,0.454311594202899,0.1999999999999999,Neutral
Negros Occidental,2019,2019Q4,26.66533816425121,29.34903381642512,24.506038647343,5063.3,5063.3,8588.0,28557637.24,14365.44,2997.37,15.63683574879227,35.275120772946856,Q4,6265.34,26.30776570048309,-19.18555098366569,0.3575724637681148,0.4333333333333333,Neutral
Negros Occidental,2020,2020Q1,26.696459096459098,29.8998778998779,24.02735042735043,2050.1,2050.1,5488.0,30545907.49,16447.74,3667.61,20.13980463980464,42.13345543345544,Q1,3846.96,25.84867982634649,-46.70856988375237,0.8477792701126035,0.4666666666666666,Neutral
Negros Occidental,2020,2020Q2,28.21575091575092,31.513064713064715,25.44065934065934,5069.5,5069.5,7084.0,30238397.65,16989.81,3774.26,14.727960927960927,33.96471306471306,Q2,5408.15,27.45324786324786,-6.261845547923035,0.7625030525030603,-0.0666666666666666,Neutral
Negros Occidental,2020,2020Q3,26.941787439613524,29.5358695652174,24.8762077294686,7271.1,7271.1,9644.0,26617639.38,14864.31,3047.58,12.20314009661836,28.91159420289855,Q3,8151.68,26.50003623188406,-10.80243581691136,0.4417512077294638,-0.6333333333333333,La Niña
Negros Occidental,2020,2020Q4,26.568236714975846,29.067149758454104,24.666425120772946,8471.4,8471.4,10057.0,24596211.28,12798.81,2651.25,15.220289855072464,34.42427536231884,Q4,6265.34,26.30776570048309,35.21053925245876,0.2604710144927509,-1.2333333333333334,La Niña
Negros Occidental,2021,2021Q1,26.02358024691358,28.541975308641977,23.98617283950617,7069.3,7069.3,8920.0,25029381.0,13809.41,2863.87,17.74827160493827,38.465555555555554,Q1,3846.96,25.84867982634649,83.76328321583796,0.1749004205670843,-0.9,La Niña
Negros Occidental,2021,2021Q2,27.205006105006103,29.900610500610497,24.95042735042735,6347.0,6347.0,8544.0,28642333.82,15966.14,3341.59,14.603296703296705,33.22576312576313,Q2,5408.15,27.45324786324786,17.35991050544087,-0.2482417582417575,-0.5333333333333333,La Niña
Negros Occidental,2021,2021Q3,27.00736714975845,29.566062801932368,24.96050724637681,6999.8,6999.8,9428.0,27348761.1,15177.07,3169.85,14.296980676328502,32.89782608695652,Q3,8151.68,26.50003623188406,-14.130584124990186,0.5073309178743912,-0.5333333333333333,La Niña
Negros Occidental,2021,2021Q4,26.42934782608696,29.048188405797102,24.411714975845413,7932.7,7932.7,8988.0,24582073.23,13299.8,2790.97,17.548188405797102,36.50144927536232,Q4,6265.34,26.30776570048309,26.612442421321106,0.1215821256038651,-0.9333333333333332,La Niña
Negros Occidental,2022,2022Q1,26.26049382716049,29.13814814814815,23.947283950617283,4466.9,4466.9,6776.0,26517586.64,15016.03,3176.89,18.500493827160494,37.29296296296296,Q1,3846.96,25.84867982634649,16.115062282945484,0.4118140008139974,-0.9666666666666668,La Niña
Negros Occidental,2022,2022Q2,26.86923076923077,29.71245421245421,24.51648351648352,8795.1,8795.1,8116.0,27023964.61,16018.3,3298.0,13.950305250305249,29.92258852258852,Q2,5408.15,27.45324786324786,62.62677625435686,-0.5840170940170886,-1.0,La Niña
Negros Occidental,2022,2022Q3,26.675603864734303,29.46521739130435,24.509541062801933,7910.1,7910.1,8773.0,26113765.93,15529.79,3163.08,13.30144927536232,28.617270531400965,Q3,8151.68,26.50003623188406,-2.963560885608856,0.1755676328502424,-0.9,La Niña
Negros Occidental,2022,2022Q4,26.45905797101449,29.12270531400966,24.36268115942029,8001.1,8001.1,9027.0,24659088.56,13523.56,2817.51,16.21014492753623,33.696739130434786,Q4,6265.34,26.30776570048309,27.70416290257193,0.1512922705313961,-0.9,La Niña
Negros Occidental,2023,2023Q1,25.85925925925926,28.50555555555556,23.73197530864197,6952.8,6952.8,8651.0,23877041.14,14053.08,2943.68,19.87432098765432,39.13,Q1,3846.96,25.84867982634649,80.73491796119534,0.0105794329127668,-0.3999999999999999,Neutral
Negros Occidental,2023,2023Q2,27.41025641025641,30.483882783882784,24.8912087912088,5772.4,5772.4,7255.0,29143899.75,17062.6,3593.01,14.552380952380952,31.201343101343102,Q2,5408.15,27.45324786324786,6.735205199559924,-0.0429914529914512,0.5,El Niño
Negros Occidental,2023,2023Q3,27.031159420289853,29.819082125603867,24.87765700483092,7135.1,7135.1,9166.0,26626563.56,15695.48,3300.77,16.393115942028984,35.01062801932367,Q3,8151.68,26.50003623188406,-12.470803564418622,0.5311231884057932,1.3333333333333333,El Niño
Negros Occidental,2023,2023Q4,27.041425120772946,30.053985507246377,24.6231884057971,4798.3,4798.3,7363.0,28307579.91,15114.94,3184.83,15.88852657004831,33.57958937198068,Q4,6265.34,26.30776570048309,-23.415169807225144,0.7336594202898503,1.9,El Niño
Negros Occidental,2024,2024Q1,27.485439560439563,31.15535714285714,24.432554945054942,1360.4,1360.4,3939.0,27318843.03,15010.5,3528.36,19.813736263736264,39.43612637362637,Q1,3846.96,25.84867982634649,-64.63701208226755,1.6367597340930686,1.4666666666666668,El Niño
Negros Occidental,2024,2024Q2,29.21662087912088,33.17458791208791,25.833791208791208,4211.3,4211.3,5073.0,27900669.36,16244.58,3715.8,15.185576923076924,32.73406593406594,Q2,5408.15,27.45324786324786,-22.1304882445938,1.7633730158730216,0.4333333333333333,Neutral
Negros Occidental,2024,2024Q3,27.28763586956521,30.27472826086957,25.08152173913044,9004.6,9004.6,8256.0,22569468.58,13462.93,2815.9,13.75720108695652,29.99932065217392,Q3,8151.68,26.50003623188406,10.463119258852164,0.7875996376811543,-0.1,Neutral
Negros Occidental,2024,2024Q4,27.016666666666666,30.11428571428572,24.68241758241758,6723.8,6723.8,7314.0,22897000.35,12191.62,2571.73,15.090934065934066,32.37403846153846,Q4,6265.34,26.30776570048309,7.317400173015351,0.7089009661835703,-0.3999999999999999,Neutral
Negros Occidental,2025,2025Q1,26.72766853932584,29.94986111111111,24.23958333333333,5440.2,5440.2,6910.0,23571092.38,12897.75,2768.52,17.14486111111111,35.95319444444444,Q1,3846.96,25.84867982634649,41.41555929877097,0.8789887129793463,-0.3999999999999999,Neutral
Negros Occidental,2025,2025Q2,28.21074481074481,31.45372405372405,25.63272283272284,4186.5,64.60000000000001,5120.0,29269496.56,17144.11,3693.89,13.982905982905985,28.88290598290598,Q2,5408.15,27.45324786324786,-22.58905540711703,0.75749694749695,-0.1,Neutral
Negros Occidental,2025,2025Q3,27.255917874396136,29.28864734299517,25.646135265700483,7924.8,964.5,8275.0,24647453.65,15137.86,3209.86,15.998792270531402,30.27572463768116,Q3,8151.68,26.50003623188406,-2.783229959959175,0.755881642512076,-0.3,Neutral
Negros Occidental,2025,2025Q4,27.228597449908925,29.27814207650273,25.6591985428051,6528.3,954.8,5930.0,16597195.68,9481.54,1971.08,14.54462659380692,28.23934426229508,Q4,6265.34,26.30776570048309,4.197058739030924,0.9208317494258296,-0.6,La Niña
Negros Oriental,2010,2010Q1,26.066388888888888,28.98916666666667,23.766944444444444,511.5,511.5,1191.0,13577980.41,7426.23,1549.8,16.519722222222224,38.98638888888889,Q1,1505.0,25.560741147741147,-66.01328903654485,0.5056477411477402,1.1666666666666667,El Niño
Negros Oriental,2010,2010Q2,27.731593406593404,30.8489010989011,25.31098901098901,1520.4,1520.4,2201.0,14458026.95,8038.36,1704.46,11.18598901098901,30.04615384615384,Q2,2297.79,26.9278021978022,-33.83207342707558,0.8037912087912069,-0.1666666666666666,Neutral
Negros Oriental,2010,2010Q3,26.42119565217392,29.07608695652174,24.48586956521739,3737.0,3737.0,4536.0,12656120.58,7032.24,1424.64,9.033423913043478,25.073913043478264,Q3,4228.66,25.99163043478261,-11.626851059200783,0.4295652173913069,-1.3,La Niña
Negros Oriental,2010,2010Q4,25.969565217391303,28.45896739130435,24.248097826086955,2886.3,2886.3,4023.0,12473955.92,6061.46,1211.66,10.970380434782609,29.282608695652176,Q4,2670.68,25.9475,8.073599233154116,0.0220652173913009,-1.6000000000000003,La Niña
Negros Oriental,2011,2011Q1,25.20777777777777,27.601388888888888,23.67111111111112,2790.9,2790.9,3912.0,10835615.17,5847.95,1167.41,14.797222222222222,37.684444444444445,Q1,1505.0,25.560741147741147,85.44186046511628,-0.3529633699633763,-1.1666666666666667,La Niña
Negros Oriental,2011,2011Q2,26.09697802197802,28.63598901098901,24.25494505494505,3114.4,3114.4,3760.0,12211761.54,6827.78,1369.1,11.192032967032969,29.93736263736264,Q2,2297.79,26.9278021978022,35.53893088576415,-0.8308241758241763,-0.5666666666666667,La Niña
Negros Oriental,2011,2011Q3,25.64211956521739,27.925,24.04619565217392,4219.2,4219.2,5344.0,11882298.78,6389.51,1250.69,13.853532608695652,36.45679347826087,Q3,4228.66,25.99163043478261,-0.2237115303665945,-0.349510869565222,-0.6333333333333333,La Niña
Negros Oriental,2011,2011Q4,25.910054347826087,28.39293478260869,24.20217391304348,3019.7,3019.7,3877.0,12263531.9,6192.96,1233.4,12.023641304347825,32.558152173913044,Q4,2670.68,25.9475,13.068581784414455,-0.0374456521739148,-1.0333333333333334,La Niña
Negros Oriental,2012,2012Q1,25.61428571428572,28.16868131868132,23.85302197802197,1864.8,1864.8,2992.0,12757034.55,6688.71,1328.59,14.236263736263735,36.340934065934064,Q1,1505.0,25.560741147741147,23.906976744186043,0.0535445665445699,-0.7333333333333334,La Niña
Negros Oriental,2012,2012Q2,26.33626373626373,28.936263736263733,24.40796703296704,2500.9,2500.9,3760.0,13357594.53,7347.6,1462.42,11.379395604395606,30.36428571428572,Q2,2297.79,26.9278021978022,8.839363040138574,-0.591538461538466,-0.2666666666666666,Neutral
Negros Oriental,2012,2012Q3,25.654891304347824,28.01929347826087,24.038858695652173,4305.9,4305.9,5582.0,12135627.81,6546.5,1282.47,14.320652173913045,38.0179347826087,Q3,4228.66,25.99163043478261,1.8265833621052483,-0.3367391304347862,0.3333333333333333,Neutral
Negros Oriental,2012,2012Q4,25.92418478260869,28.427445652173912,24.155706521739127,2170.9,2170.9,2897.0,12822113.72,6593.88,1311.59,14.671739130434782,37.72309782608696,Q4,2670.68,25.9475,-18.71358605299024,-0.0233152173913069,0.0666666666666666,Neutral
Negros Oriental,2013,2013Q1,25.67888888888889,28.14916666666667,23.87,1683.5,1683.5,2537.0,12366265.26,6618.06,1326.75,15.221666666666668,37.656666666666666,Q1,1505.0,25.560741147741147,11.86046511627907,0.1181477411477409,-0.3666666666666667,Neutral
Negros Oriental,2013,2013Q2,26.8739010989011,29.56043956043956,24.84148351648352,2747.5,2747.5,3506.0,12892338.86,7206.79,1473.13,10.102197802197802,27.511813186813185,Q2,2297.79,26.9278021978022,19.571414271974376,-0.0539010989010968,-0.3666666666666667,Neutral
Negros Oriental,2013,2013Q3,25.788315217391304,28.19266304347826,24.093478260869563,4402.8,4402.8,5471.0,11609131.49,6348.68,1266.73,12.377717391304348,33.08777173913043,Q3,4228.66,25.99163043478261,4.118089418397325,-0.2033152173913066,-0.3333333333333333,Neutral
Negros Oriental,2013,2013Q4,25.80733695652174,28.247010869565216,24.123641304347824,2492.2,2492.2,3611.0,12632317.18,6229.13,1233.36,13.151902173913042,34.58315217391304,Q4,2670.68,25.9475,-6.682942172031095,-0.1401630434782603,-0.2333333333333333,Neutral
Negros Oriental,2014,2014Q1,24.93055555555556,27.468333333333334,23.07055555555556,1891.8,1891.8,2350.0,11848888.63,6496.73,1300.4,15.51222222222222,38.255833333333335,Q1,1505.0,25.560741147741147,25.70099667774086,-0.6301855921855868,-0.3999999999999999,Neutral
Negros Oriental,2014,2014Q2,26.76456043956044,29.42445054945055,24.665109890109893,2673.0,2673.0,3299.0,13284491.2,7341.17,1486.34,10.04478021978022,28.00384615384615,Q2,2297.79,26.9278021978022,16.329168461869887,-0.1632417582417566,0.1333333333333333,Neutral
Negros Oriental,2014,2014Q3,25.719565217391303,28.025815217391305,24.10570652173913,4552.5,4552.5,5315.0,11210663.39,6207.51,1231.55,13.578804347826088,35.66929347826087,Q3,4228.66,25.99163043478261,7.658217969758745,-0.272065217391308,0.1,Neutral
Negros Oriental,2014,2014Q4,25.786141304347822,28.14429347826087,24.094565217391303,3262.7000000000003,3262.7000000000003,3876.0,12081825.32,5932.49,1188.34,12.821195652173913,33.68804347826087,Q4,2670.68,25.9475,22.167388080938206,-0.1613586956521793,0.6,El Niño
Negros Oriental,2015,2015Q1,25.51805555555556,28.334444444444443,23.31861111111112,503.6,503.6,1312.0,13778787.19,7360.85,1507.87,15.968333333333334,37.42916666666667,Q1,1505.0,25.560741147741147,-66.53820598006645,-0.0426855921855882,0.5,El Niño
Negros Oriental,2015,2015Q2,27.255494505494507,30.21510989010989,24.92087912087912,1671.4,1671.4,2808.0,13786900.19,7644.9,1599.42,10.209615384615384,28.27417582417582,Q2,2297.79,26.9278021978022,-27.26054165089064,0.3276923076923097,0.9333333333333332,El Niño
Negros Oriental,2015,2015Q3,25.859239130434784,28.15679347826088,24.22744565217392,5692.6,5692.6,5228.0,12024265.29,6455.39,1283.69,13.54375,34.78967391304348,Q3,4228.66,25.99163043478261,34.61947756499696,-0.1323913043478271,1.8666666666666665,El Niño
Negros Oriental,2015,2015Q4,26.17527173913044,28.6625,24.41141304347826,1700.4,1700.4,2858.0,13413133.0,6696.49,1334.46,14.132065217391306,35.276630434782604,Q4,2670.68,25.9475,-36.33082211272035,0.2277717391304357,2.533333333333333,El Niño
Negros Oriental,2016,2016Q1,26.49368131868132,29.570054945054945,24.05741758241758,477.7,477.7,864.0,14333636.25,7863.36,1638.89,15.352472527472528,36.88681318681319,Q1,1505.0,25.560741147741147,-68.25913621262458,0.9329401709401708,2.066666666666667,El Niño
Negros Oriental,2016,2016Q2,27.77554945054945,30.76291208791209,25.48681318681319,2546.0,2546.0,2816.0,14142536.45,7756.97,1655.25,10.85412087912088,29.575,Q2,2297.79,26.9278021978022,10.802118557396456,0.8477472527472507,0.3999999999999999,Neutral
Negros Oriental,2016,2016Q3,26.261141304347827,28.60244565217392,24.632608695652173,4073.4,4073.4,5305.0,12331684.86,6581.97,1309.05,12.869021739130435,34.1695652173913,Q3,4228.66,25.99163043478261,-3.671612283796752,0.2695108695652166,-0.5,La Niña
Negros Oriental,2016,2016Q4,26.03016304347826,28.38940217391304,24.38858695652174,3080.4,3080.4,4239.0,11721307.98,5903.75,1181.34,12.33125,33.11494565217391,Q4,2670.68,25.9475,15.34141117617986,0.0826630434782593,-0.6666666666666666,La Niña
Negros Oriental,2017,2017Q1,25.25777777777777,27.62,23.47722222222222,2382.2,2382.2,3336.0,11073258.78,5970.89,1215.56,18.008055555555554,44.691944444444445,Q1,1505.0,25.560741147741147,58.28571428571428,-0.3029633699633756,-0.1333333333333333,Neutral
Negros Oriental,2017,2017Q2,26.65906593406593,29.13379120879121,24.63928571428572,2580.4,2580.4,3326.0,13469422.03,7107.54,1423.34,11.17445054945055,30.72472527472528,Q2,2297.79,26.9278021978022,12.299209240182964,-0.2687362637362689,0.2666666666666666,Neutral
Negros Oriental,2017,2017Q3,26.217934782608697,28.61440217391305,24.36086956521739,4037.9,4037.9,4374.0,11297348.27,6177.17,1243.49,11.185326086956522,31.35353260869565,Q3,4228.66,25.99163043478261,-4.511121726504372,0.2263043478260868,-0.1333333333333333,Neutral
Negros Oriental,2017,2017Q4,25.957336956521736,28.22391304347826,24.28641304347826,3325.1,3325.1,4247.0,10846486.39,5502.82,1110.39,13.873097826086957,38.05788043478261,Q4,2670.68,25.9475,24.50387167313194,0.0098369565217346,-0.8333333333333334,La Niña
Negros Oriental,2018,2018Q1,25.648333333333333,28.21361111111111,23.69888888888889,2188.3,2188.3,3089.0,12167978.9,6557.3,1315.05,16.10638888888889,40.72388888888889,Q1,1505.0,25.560741147741147,45.40199335548174,0.0875921855921859,-0.8333333333333334,La Niña
Negros Oriental,2018,2018Q2,26.723626373626374,29.41016483516483,24.56428571428572,1717.8,1717.8,3160.0,13537195.74,7276.45,1472.65,12.2771978021978,33.41510989010989,Q2,2297.79,26.9278021978022,-25.24121003224838,-0.2041758241758238,-0.2333333333333333,Neutral
Negros Oriental,2018,2018Q3,26.013315217391305,28.32336956521739,24.28967391304348,3853.4,3853.4,5515.0,11778755.18,6313.26,1247.37,14.686141304347826,40.78695652173913,Q3,4228.66,25.99163043478261,-8.87420601325242,0.0216847826086947,0.2666666666666666,Neutral
Negros Oriental,2018,2018Q4,25.90271739130435,28.386141304347827,24.00163043478261,2585.0,2585.0,4253.0,12516135.51,6413.87,1272.72,14.232608695652177,37.59429347826087,Q4,2670.68,25.9475,-3.208171701589103,-0.0447826086956517,0.8333333333333334,El Niño
Negros Oriental,2019,2019Q1,25.191666666666663,28.05555555555556,22.836111111111112,755.7,755.7,2165.0,13267825.81,7369.7,1497.25,18.506944444444443,44.68833333333333,Q1,1505.0,25.560741147741147,-49.78737541528238,-0.3690744810744846,0.6999999999999998,El Niño
Negros Oriental,2019,2019Q2,27.06098901098901,29.878296703296705,24.68846153846154,1906.1,1906.1,3231.0,13990709.51,7594.22,1562.15,12.47692307692308,33.54313186813187,Q2,2297.79,26.9278021978022,-17.04637934711179,0.1331868131868141,0.5666666666666667,El Niño
Negros Oriental,2019,2019Q3,26.33858695652174,28.711141304347827,24.51385869565217,3411.9,3411.9,4676.0,11649169.88,6529.66,1320.53,14.496195652173911,38.672554347826086,Q3,4228.66,25.99163043478261,-19.314865702137315,0.3469565217391306,0.1999999999999999,Neutral
Negros Oriental,2019,2019Q4,26.012228260869566,28.560326086956525,24.08152173913044,2184.1,2184.1,4181.0,12685736.23,6283.62,1252.88,13.030434782608696,35.12554347826087,Q4,2670.68,25.9475,-18.21932990848773,0.0647282608695647,0.4333333333333333,Neutral
Negros Oriental,2020,2020Q1,25.85879120879121,28.72912087912088,23.61236263736264,1102.9,1102.9,2891.0,13875087.74,7498.2,1531.21,17.896153846153847,43.76923076923077,Q1,1505.0,25.560741147741147,-26.71760797342192,0.2980500610500627,0.4666666666666666,Neutral
Negros Oriental,2020,2020Q2,27.23379120879121,30.15412087912088,24.796978021978024,2140.1,2140.1,3372.0,13359877.65,7541.08,1572.15,12.474450549450548,33.71758241758242,Q2,2297.79,26.9278021978022,-6.862681097924531,0.3059890109890126,-0.0666666666666666,Neutral
Negros Oriental,2020,2020Q3,26.440489130434784,28.881521739130434,24.463315217391305,3627.2,3627.2,4430.0,11981592.48,6540.39,1313.72,10.663858695652175,29.504891304347822,Q3,4228.66,25.99163043478261,-14.22341829326548,0.4488586956521736,-0.6333333333333333,La Niña
Negros Oriental,2020,2020Q4,26.074184782608693,28.520108695652173,24.302445652173912,3703.1,3703.1,4907.0,11333320.89,5771.78,1155.14,12.871467391304348,34.8445652173913,Q4,2670.68,25.9475,38.657570356613306,0.1266847826086916,-1.2333333333333334,La Niña
Negros Oriental,2021,2021Q1,25.571944444444444,28.052777777777777,23.71194444444444,2622.7,2622.7,4278.0,11575587.83,6349.55,1262.84,15.393611111111111,39.471944444444446,Q1,1505.0,25.560741147741147,74.265780730897,0.0112032967032966,-0.9,La Niña
Negros Oriental,2021,2021Q2,26.506593406593407,29.067857142857147,24.459890109890107,3086.0,3086.0,4230.0,12644933.54,6875.63,1382.11,12.12554945054945,32.98571428571428,Q2,2297.79,26.9278021978022,34.30296067090553,-0.4212087912087909,-0.5333333333333333,La Niña
Negros Oriental,2021,2021Q3,26.42418478260869,28.883967391304346,24.46277173913043,3394.0,3394.0,4795.0,12380884.14,6697.67,1345.08,12.45570652173913,33.96467391304348,Q3,4228.66,25.99163043478261,-19.738167646488485,0.432554347826084,-0.5333333333333333,La Niña
Negros Oriental,2021,2021Q4,25.92336956521739,28.413858695652173,24.14565217391305,3963.5,3963.5,4537.0,10804677.98,5883.05,1182.14,15.34211956521739,37.87282608695652,Q4,2670.68,25.9475,48.40789611634492,-0.024130434782613,-0.9333333333333332,La Niña
Negros Oriental,2022,2022Q1,25.640833333333337,28.319444444444443,23.69638888888889,1678.1,1678.1,3262.0,12112999.37,6829.93,1368.67,16.813055555555554,39.53833333333333,Q1,1505.0,25.560741147741147,11.5016611295681,0.0800921855921892,-0.9666666666666668,La Niña
Negros Oriental,2022,2022Q2,26.334890109890107,28.996428571428574,24.19423076923077,3080.2,3080.2,3792.0,12333974.06,7153.96,1431.89,11.957142857142856,29.77032967032967,Q2,2297.79,26.9278021978022,34.05054421857523,-0.5929120879120902,-1.0,La Niña
Negros Oriental,2022,2022Q3,26.34972826086957,29.04402173913044,24.21141304347826,3458.2,3458.2,3925.0,12132832.84,6948.59,1394.96,11.657608695652174,29.38070652173913,Q3,4228.66,25.99163043478261,-18.21995620362006,0.3580978260869578,-0.9,La Niña
Negros Oriental,2022,2022Q4,25.963043478260868,28.53994565217392,24.12554347826088,3302.2,3302.2,4438.0,10977098.42,6039.89,1211.63,14.003532608695652,34.47038043478261,Q4,2670.68,25.9475,23.64641214971468,0.0155434782608665,-0.9,La Niña
Negros Oriental,2023,2023Q1,25.40277777777778,28.015,23.54583333333333,2893.6,2893.6,3957.0,10651300.21,6317.68,1265.77,16.975555555555555,39.74583333333333,Q1,1505.0,25.560741147741147,92.265780730897,-0.1579633699633689,-0.3999999999999999,Neutral
Negros Oriental,2023,2023Q2,26.78901098901099,29.75412087912088,24.451373626373623,2923.3,2923.3,3489.0,13010905.62,7401.06,1505.0,11.831318681318685,29.9434065934066,Q2,2297.79,26.9278021978022,27.222243982261222,-0.1387912087912077,0.5,El Niño
Negros Oriental,2023,2023Q3,26.29565217391304,29.00679347826087,24.23070652173913,4440.3,4440.3,4628.0,11883197.9,6775.38,1360.21,14.097282608695652,35.41576086956522,Q3,4228.66,25.99163043478261,5.004895167736359,0.3040217391304303,1.3333333333333333,El Niño
Negros Oriental,2023,2023Q4,26.37146739130435,29.30298913043478,24.16657608695652,2001.2,2001.2,3519.0,12869204.59,6821.5,1384.13,13.677989130434783,33.59429347826087,Q4,2670.68,25.9475,-25.06777300163254,0.4239673913043482,1.9,El Niño
Negros Oriental,2024,2024Q1,26.394780219780223,29.80137362637363,23.712362637362634,586.2,586.2,1858.0,13614724.92,7619.63,1670.38,18.5032967032967,42.51016483516484,Q1,1505.0,25.560741147741147,-61.04983388704318,0.8340390720390758,1.4666666666666668,El Niño
Negros Oriental,2024,2024Q2,28.007692307692302,31.607417582417582,25.015934065934065,1621.4,1621.4,2494.0,14022679.05,8166.08,1774.93,13.367307692307692,34.02884615384615,Q2,2297.79,26.9278021978022,-29.436545550289622,1.0798901098901048,0.4333333333333333,Neutral
Negros Oriental,2024,2024Q3,26.479891304347827,29.167934782608693,24.45,5009.6,5009.6,4590.0,11537755.55,6684.51,1356.13,12.772282608695653,32.38940217391304,Q3,4228.66,25.99163043478261,18.467788850368688,0.4882608695652166,-0.1,Neutral
Negros Oriental,2024,2024Q4,26.304166666666667,29.262637362637363,24.199175824175825,2865.5,2865.5,3975.0,12002238.03,6293.49,1282.68,13.15631868131868,33.54065934065934,Q4,2670.68,25.9475,7.294771369089527,0.3566666666666656,-0.3999999999999999,Neutral
Negros Oriental,2025,2025Q1,26.044101123595507,29.2875,23.834166666666665,1739.9,1739.9,3388.0,12262353.48,6836.26,1405.82,15.811944444444444,38.943888888888885,Q1,1505.0,25.560741147741147,15.607973421926916,0.4833599758543592,-0.3999999999999999,Neutral
Negros Oriental,2025,2025Q2,27.43928571428572,30.71565934065934,25.123351648351647,1531.1,18.3,2192.0,12494707.28,7096.4,1497.6,12.317032967032969,32.348626373626374,Q2,2297.79,26.9278021978022,-33.3664085926042,0.5114835164835192,-0.1,Neutral
Negros Oriental,2025,2025Q3,25.810326086956525,28.21222826086957,24.17771739130435,3080.9,535.4,3379.0,10450423.39,6024.97,1238.86,13.343478260869563,40.24429347826087,Q3,4228.66,25.99163043478261,-27.14240444963653,-0.1813043478260851,-0.3,Neutral
Negros Oriental,2025,2025Q4,26.041803278688523,28.58032786885246,24.32254098360656,2017.1,435.2,2082.0,7080260.6,3781.25,776.97,11.09016393442623,36.78073770491803,Q4,2670.68,25.9475,-24.472419009390865,0.0943032786885211,-0.6,La Niña
Nueva Ecija,2010,2010Q1,25.43933333333333,30.548,21.070444444444448,229.0,229.0,527.0,16991390.04,8703.17,1932.94,13.801777777777778,34.002,Q1,794.22,25.105411721611723,-71.16667925763642,0.3339216117216068,1.1666666666666667,El Niño
Nueva Ecija,2010,2010Q2,27.802417582417583,32.739340659340655,24.0134065934066,2198.6,2198.6,2085.0,17560321.01,9698.22,2159.02,10.951868131868132,29.60197802197802,Q2,2655.15,27.53969230769231,-17.19488541137036,0.2627252747252733,-0.1666666666666666,Neutral
Nueva Ecija,2010,2010Q3,25.982391304347825,29.832826086956523,23.26282608695652,4090.9,4090.9,4269.0,14606991.61,8074.89,1655.74,9.013478260869563,26.972391304347823,Q3,5253.530000000001,25.76910869565217,-22.13045323810848,0.2132826086956498,-1.3,La Niña
Nueva Ecija,2010,2010Q4,25.28152173913044,29.22652173913044,22.31326086956522,2192.4,2192.4,2428.0,14940374.89,7109.35,1466.19,10.488695652173911,30.27391304347826,Q4,2193.93,25.573913043478264,-0.0697378676621289,-0.2923913043478237,-1.6000000000000003,La Niña
Nueva Ecija,2011,2011Q1,24.25177777777777,28.532888888888888,20.830666666666666,1402.4,1402.4,1415.0,15559784.15,7892.78,1677.21,14.102666666666666,35.85577777777778,Q1,794.22,25.105411721611723,76.5757598650248,-0.8536339438339517,-1.1666666666666667,La Niña
Nueva Ecija,2011,2011Q2,26.347252747252742,30.51538461538461,23.125934065934064,3420.1,3420.1,3244.0,15307594.36,8535.07,1832.8,11.03956043956044,30.707252747252745,Q2,2655.15,27.53969230769231,28.81004839651243,-1.192439560439567,-0.5666666666666667,La Niña
Nueva Ecija,2011,2011Q3,25.254782608695653,28.706304347826087,22.94608695652174,5099.4,5099.4,5155.0,12550033.91,7036.76,1423.41,10.920869565217393,32.02282608695652,Q3,5253.530000000001,25.76910869565217,-2.933836867782253,-0.5143260869565225,-0.6333333333333333,La Niña
Nueva Ecija,2011,2011Q4,25.13608695652174,28.94891304347826,22.16521739130435,2648.1,2648.1,2864.0,14464944.55,7014.71,1447.28,11.07586956521739,31.74543478260869,Q4,2193.93,25.573913043478264,20.70120742229698,-0.4378260869565231,-1.0333333333333334,La Niña
Nueva Ecija,2012,2012Q1,24.783736263736262,29.048351648351648,21.324835164835164,1299.2,1299.2,1579.0,15617955.12,7925.4,1663.51,12.978461538461538,34.181538461538466,Q1,794.22,25.105411721611723,63.58187907632647,-0.321675457875461,-0.7333333333333334,La Niña
Nueva Ecija,2012,2012Q2,26.41032967032968,30.623736263736262,23.297362637362635,2659.7,2659.7,3349.0,15800651.04,8699.7,1826.09,10.654725274725276,30.263736263736263,Q2,2655.15,27.53969230769231,0.1713650829519886,-1.1293626373626324,-0.2666666666666666,Neutral
Nueva Ecija,2012,2012Q3,25.24717391304348,28.67086956521739,22.92934782608696,5708.3,5708.3,5584.0,12530783.07,6957.95,1408.33,10.597826086956522,31.320652173913043,Q3,5253.530000000001,25.76910869565217,8.656465271921917,-0.521934782608696,0.3333333333333333,Neutral
Nueva Ecija,2012,2012Q4,25.28282608695652,29.39760869565217,21.93195652173913,1398.4,1398.4,1698.0,15903755.39,7638.98,1599.67,11.667173913043476,31.44717391304348,Q4,2193.93,25.573913043478264,-36.26050056291676,-0.2910869565217453,0.0666666666666666,Neutral
Nueva Ecija,2013,2013Q1,25.284222222222223,29.801111111111112,21.52155555555556,845.4,845.4,1022.0,15911214.86,8077.15,1768.59,13.590444444444444,34.48577777777778,Q1,794.22,25.105411721611723,6.444058321371905,0.1788105006104992,-0.3666666666666667,Neutral
Nueva Ecija,2013,2013Q2,27.36637362637363,31.79428571428572,23.980659340659344,2523.9,2523.9,2745.0,16068934.94,8889.37,1933.7,9.816923076923077,27.77956043956044,Q2,2655.15,27.53969230769231,-4.943223546692277,-0.1733186813186797,-0.3666666666666667,Neutral
Nueva Ecija,2013,2013Q3,25.441304347826087,28.97934782608696,22.99891304347826,5331.4,5331.4,5339.0,12389512.24,7064.53,1444.65,9.95,29.77434782608696,Q3,5253.530000000001,25.76910869565217,1.482241464310644,-0.3278043478260883,-0.3333333333333333,Neutral
Nueva Ecija,2013,2013Q4,25.00913043478261,28.806304347826085,22.021521739130435,1962.3,1962.3,2309.0,15363346.06,7182.03,1474.16,11.199347826086957,30.477608695652176,Q4,2193.93,25.573913043478264,-10.557766200380136,-0.5647826086956549,-0.2333333333333333,Neutral
Nueva Ecija,2014,2014Q1,24.216444444444445,28.904444444444444,20.18111111111111,682.7,682.7,808.0,16242308.59,8363.71,1780.76,12.909555555555556,32.73733333333333,Q1,794.22,25.105411721611723,-14.041449472438364,-0.8889672771672785,-0.3999999999999999,Neutral
Nueva Ecija,2014,2014Q2,27.368571428571432,31.941098901098904,23.902637362637364,2325.7,2325.7,2636.0,17039495.72,9118.95,1974.98,10.063736263736264,28.33648351648352,Q2,2655.15,27.53969230769231,-12.407961885392549,-0.1711208791208776,0.1333333333333333,Neutral
Nueva Ecija,2014,2014Q3,25.626956521739128,29.107391304347825,23.12478260869565,4989.0,4989.0,4988.0,13172836.62,7395.86,1507.86,10.83,30.58021739130435,Q3,5253.530000000001,25.76910869565217,-5.035281039605763,-0.1421521739130469,0.1,Neutral
Nueva Ecija,2014,2014Q4,25.216739130434785,29.17152173913044,22.05130434782609,1784.7,1784.7,2055.0,15408807.22,7370.11,1539.68,11.154565217391305,30.609782608695653,Q4,2193.93,25.573913043478264,-18.65282848586782,-0.3571739130434785,0.6,El Niño
Nueva Ecija,2015,2015Q1,24.326888888888888,29.15222222222222,20.212444444444444,484.4,484.4,645.0,16718507.3,8500.26,1818.54,13.730888888888888,33.87555555555556,Q1,794.22,25.105411721611723,-39.00934249955932,-0.7785228327228353,0.5,El Niño
Nueva Ecija,2015,2015Q2,27.695604395604395,32.60241758241758,23.94,1673.7,1673.7,1979.0,17677053.69,9649.95,2135.61,10.822857142857142,29.430109890109893,Q2,2655.15,27.53969230769231,-36.96401333258008,0.1559120879120854,0.9333333333333332,El Niño
Nueva Ecija,2015,2015Q3,25.84217391304348,29.51304347826087,23.26717391304348,4081.9,4081.9,4760.0,14319738.65,7806.11,1590.68,10.127608695652173,29.61391304347826,Q3,5253.530000000001,25.76910869565217,-22.30176662168105,0.0730652173913064,1.8666666666666665,El Niño
Nueva Ecija,2015,2015Q4,25.56282608695652,29.677391304347825,22.18847826086957,2898.4,2898.4,1749.0,15923639.13,7622.34,1602.73,12.69891304347826,33.80456521739131,Q4,2193.93,25.573913043478264,32.109957929377885,-0.0110869565217441,2.533333333333333,El Niño
Nueva Ecija,2016,2016Q1,25.645714285714284,30.302197802197803,21.82263736263736,219.0,219.0,710.0,16658288.47,8225.6,1830.02,13.36021978021978,32.9421978021978,Q1,794.22,25.105411721611723,-72.42577623328549,0.5403025641025607,2.066666666666667,El Niño
Nueva Ecija,2016,2016Q2,27.945934065934065,32.744395604395606,24.384615384615383,2074.5,2074.5,2297.0,17209394.88,9338.09,2093.59,10.951868131868132,30.18747252747253,Q2,2655.15,27.53969230769231,-21.86882097056664,0.4062417582417552,0.3999999999999999,Neutral
Nueva Ecija,2016,2016Q3,25.97326086956522,29.57217391304348,23.572391304347825,4627.1,4627.1,4821.0,13406609.78,7451.83,1522.54,10.095869565217392,30.43826086956522,Q3,5253.530000000001,25.76910869565217,-11.923982541262736,0.2041521739130445,-0.5,La Niña
Nueva Ecija,2016,2016Q4,25.52695652173913,29.309565217391302,22.58978260869565,2908.1,2908.1,2807.0,14405676.58,6875.65,1439.15,12.007826086956522,32.50217391304348,Q4,2193.93,25.573913043478264,32.55208689429472,-0.0469565217391334,-0.6666666666666666,La Niña
Nueva Ecija,2017,2017Q1,25.34422222222222,29.62622222222222,22.035777777777778,1248.9,1248.9,1462.0,15626033.94,8077.55,1855.59,17.49,37.61866666666667,Q1,794.22,25.105411721611723,57.24862128881168,0.2388105006104979,-0.1333333333333333,Neutral
Nueva Ecija,2017,2017Q2,27.985274725274724,32.82989010989011,24.71802197802198,3205.2,3205.2,2665.0,17397545.66,9418.49,2124.86,13.391868131868131,31.806813186813187,Q2,2655.15,27.53969230769231,20.716343709394938,0.4455824175824148,0.2666666666666666,Neutral
Nueva Ecija,2017,2017Q3,26.408043478260872,30.27891304347826,23.99021739130435,5151.9,5151.9,4633.0,13910290.7,7699.05,1598.34,12.205652173913045,30.93586956521739,Q3,5253.530000000001,25.76910869565217,-1.9345087969422656,0.6389347826086968,-0.1333333333333333,Neutral
Nueva Ecija,2017,2017Q4,26.1208695652174,29.82152173913044,23.466739130434785,2581.7,2581.7,2601.0,14330321.93,7013.92,1567.0,14.839347826086955,34.78326086956522,Q4,2193.93,25.573913043478264,17.674675126371397,0.5469565217391334,-0.8333333333333334,La Niña
Nueva Ecija,2018,2018Q1,25.961333333333336,30.47266666666667,22.52733333333333,1080.3,1080.3,1188.0,16096165.05,8334.22,1953.22,16.582444444444445,35.773555555555554,Q1,794.22,25.105411721611723,36.02024627936843,0.8559216117216124,-0.8333333333333334,La Niña
Nueva Ecija,2018,2018Q2,28.3221978021978,33.34395604395604,24.85186813186813,2750.1,2750.1,2903.0,16887949.31,9092.08,2137.29,14.425274725274726,34.53384615384616,Q2,2655.15,27.53969230769231,3.576069148635664,0.7825054945054895,-0.2333333333333333,Neutral
Nueva Ecija,2018,2018Q3,25.82608695652174,29.39695652173913,23.60086956521739,7422.7,7422.7,6660.0,12112339.74,7074.22,1448.3,13.711739130434784,33.52521739130435,Q3,5253.530000000001,25.76910869565217,41.28976136045666,0.0569782608695632,0.2666666666666666,Neutral
Nueva Ecija,2018,2018Q4,26.34434782608696,30.71152173913044,22.99478260869565,1860.1,1860.1,2297.0,15889569.81,8135.04,1833.0,15.171739130434782,33.98478260869565,Q4,2193.93,25.573913043478264,-15.21607343898848,0.7704347826086959,0.8333333333333334,El Niño
Nueva Ecija,2019,2019Q1,25.800444444444445,30.93933333333333,21.549333333333333,450.9,450.9,853.0,17048762.24,9135.23,2159.81,18.540666666666667,39.60066666666666,Q1,794.22,25.105411721611723,-43.22731736798369,0.6950327228327211,0.6999999999999998,El Niño
Nueva Ecija,2019,2019Q2,28.15296703296704,33.28043956043956,24.643296703296706,3720.0,3720.0,3715.0,16861530.85,9392.26,2142.65,13.84021978021978,32.16659340659341,Q2,2655.15,27.53969230769231,40.10507880910683,0.6132747252747279,0.5666666666666667,El Niño
Nueva Ecija,2019,2019Q3,26.08891304347826,29.67369565217391,23.764130434782608,6032.7,6032.7,6318.0,12961237.1,7364.22,1515.95,13.578260869565218,33.46934782608695,Q3,5253.530000000001,25.76910869565217,14.831361008693184,0.3198043478260857,0.1999999999999999,Neutral
Nueva Ecija,2019,2019Q4,26.257826086956523,30.5995652173913,22.97043478260869,1705.1,1705.1,2600.0,15700834.84,7951.54,1744.12,13.70608695652174,31.96608695652174,Q4,2193.93,25.573913043478264,-22.2810208165256,0.6839130434782597,0.4333333333333333,Neutral
Nueva Ecija,2020,2020Q1,26.513626373626376,31.845054945054944,22.31978021978022,367.4,367.4,1002.0,17252937.92,9164.6,2253.88,18.93516483516484,40.83362637362637,Q1,794.22,25.105411721611723,-53.74077711465337,1.408214652014653,0.4666666666666666,Neutral
Nueva Ecija,2020,2020Q2,28.50021978021978,33.707252747252745,24.685054945054947,3181.8,3181.8,2900.0,17488223.58,9710.56,2266.94,14.232527472527472,33.07208791208791,Q2,2655.15,27.53969230769231,19.83503756849896,0.9605274725274704,-0.0666666666666666,Neutral
Nueva Ecija,2020,2020Q3,26.908043478260872,31.158695652173915,23.996304347826086,4622.9,4622.9,4631.0,14958443.36,8448.04,1780.87,11.11782608695652,27.670652173913044,Q3,5253.530000000001,25.76910869565217,-12.003928786929947,1.1389347826086968,-0.6333333333333333,La Niña
Nueva Ecija,2020,2020Q4,26.05978260869565,29.856739130434782,23.305434782608696,4834.7,4834.7,4263.0,13486064.46,6899.49,1487.25,13.82586956521739,33.32608695652174,Q4,2193.93,25.573913043478264,120.36710378179798,0.485869565217385,-1.2333333333333334,La Niña
Nueva Ecija,2021,2021Q1,25.86955555555556,30.41488888888889,22.486666666666668,1713.6,1713.6,1949.0,15481832.49,8167.82,1871.32,15.754,34.88666666666666,Q1,794.22,25.105411721611723,115.75885774722369,0.7641438339438338,-0.9,La Niña
Nueva Ecija,2021,2021Q2,28.452087912087915,33.98571428571429,24.49428571428572,2636.9,2636.9,3033.0,17430318.67,9726.44,2310.83,15.286373626373626,35.23186813186813,Q2,2655.15,27.53969230769231,-0.6873434645876881,0.9123956043956056,-0.5333333333333333,La Niña
Nueva Ecija,2021,2021Q3,26.55804347826087,30.588043478260868,23.892391304347825,5384.5,5384.5,5457.0,14242523.72,8018.25,1679.19,12.51195652173913,32.02956521739131,Q3,5253.530000000001,25.76910869565217,2.492990427388809,0.7889347826086954,-0.5333333333333333,La Niña
Nueva Ecija,2021,2021Q4,26.360869565217392,30.741739130434784,23.23782608695652,2666.4,2666.4,2506.0,14339941.43,7628.31,1745.94,15.392391304347829,33.09739130434782,Q4,2193.93,25.573913043478264,21.535327015902983,0.7869565217391283,-0.9333333333333332,La Niña
Nueva Ecija,2022,2022Q1,26.312444444444445,31.429333333333336,22.587777777777777,1349.2,1349.2,1485.0,16180046.64,8744.43,2025.79,17.314,36.21288888888888,Q1,794.22,25.105411721611723,69.87736395457178,1.2070327228327216,-0.9666666666666668,La Niña
Nueva Ecija,2022,2022Q2,27.606373626373625,33.08769230769231,23.945274725274725,3616.8,3616.8,3218.0,16198206.79,9432.39,2137.38,14.966813186813186,33.036483516483514,Q2,2655.15,27.53969230769231,36.218292751821934,0.0666813186813151,-1.0,La Niña
Nueva Ecija,2022,2022Q3,26.053695652173914,30.594565217391303,23.315652173913044,7439.3,7439.3,5149.0,12990276.61,8201.67,1686.85,13.100652173913044,29.50434782608696,Q3,5253.530000000001,25.76910869565217,41.60573937904608,0.2845869565217391,-0.9,La Niña
Nueva Ecija,2022,2022Q4,26.313695652173912,30.61434782608696,23.251956521739128,2881.2,2881.2,2620.0,14441164.48,7618.89,1701.66,14.88695652173913,32.13478260869565,Q4,2193.93,25.573913043478264,31.32597667199956,0.7397826086956485,-0.9,La Niña
Nueva Ecija,2023,2023Q1,26.36955555555556,31.68733333333333,22.434,1315.3,1315.3,1406.0,15562635.57,8598.47,2108.14,18.65688888888889,38.81444444444445,Q1,794.22,25.105411721611723,65.60902520712145,1.2641438339438338,-0.3999999999999999,Neutral
Nueva Ecija,2023,2023Q2,27.923956043956043,33.70483516483517,24.20813186813187,4096.4,4096.4,3529.0,16584219.21,9719.26,2205.27,14.905054945054946,33.3767032967033,Q2,2655.15,27.53969230769231,54.281302374630414,0.3842637362637333,0.5,El Niño
Nueva Ecija,2023,2023Q3,26.478695652173915,30.95369565217392,23.72,6476.4,6476.4,5118.0,13637838.04,8451.72,1753.15,14.055217391304348,31.42043478260869,Q3,5253.530000000001,25.76910869565217,23.277110818820848,0.7095869565217399,1.3333333333333333,El Niño
Nueva Ecija,2023,2023Q4,26.901304347826088,31.589130434782607,23.51760869565217,1855.5,1855.5,2025.0,15715314.38,8175.11,1860.08,14.99282608695652,31.98,Q4,2193.93,25.573913043478264,-15.425742845031513,1.3273913043478238,1.9,El Niño
Nueva Ecija,2024,2024Q1,26.62021978021978,32.138241758241755,22.423516483516487,334.9,334.9,829.0,16908609.72,8850.57,2182.6,19.483956043956045,40.27956043956044,Q1,794.22,25.105411721611723,-57.83284228551283,1.5148080586080577,1.4666666666666668,El Niño
Nueva Ecija,2024,2024Q2,29.31516483516484,35.15802197802198,25.186373626373623,2625.5,2625.5,2474.0,17515241.47,10221.45,2415.97,15.070109890109888,33.402637362637364,Q2,2655.15,27.53969230769231,-1.116697738357535,1.7754725274725267,0.4333333333333333,Neutral
Nueva Ecija,2024,2024Q3,27.02673913043478,31.28869565217391,24.333695652173912,6115.4,6115.4,4888.0,13416845.97,8194.17,1725.75,12.602391304347828,29.505,Q3,5253.530000000001,25.76910869565217,16.405540655521122,1.2576304347826053,-0.1,Neutral
Nueva Ecija,2024,2024Q4,26.429333333333336,30.35824175824176,23.605714285714285,3050.9,3050.9,2734.0,13147612.81,6915.75,1528.95,15.576263736263735,32.26,Q4,2193.93,25.573913043478264,39.06095454276118,0.855420289855072,-0.3999999999999999,Neutral
Nueva Ecija,2025,2025Q1,26.04629213483146,30.51,22.75733333333333,1516.7,1516.7,1953.0,14657300.35,7770.05,1838.92,18.11555555555556,36.20066666666666,Q1,794.22,25.105411721611723,90.9672382966936,0.9408804132197376,-0.3999999999999999,Neutral
Nueva Ecija,2025,2025Q2,28.63186813186813,34.18637362637362,24.407692307692308,2081.4,45.2,2140.0,16527732.67,9762.52,2260.14,14.38175824175824,27.71252747252748,Q2,2655.15,27.53969230769231,-21.608948646969097,1.092175824175822,-0.1,Neutral
Nueva Ecija,2025,2025Q3,26.80565217391305,30.51586956521739,24.21086956521739,4950.5,315.7,4519.0,11412522.04,7418.34,1557.0,12.496304347826088,27.805,Q3,5253.530000000001,25.76910869565217,-5.76812162488842,1.0365434782608745,-0.3,Neutral
Nueva Ecija,2025,2025Q4,26.970491803278687,31.297704918032785,23.77081967213115,1759.9,540.6,1489.0,9237057.02,5110.09,1083.59,12.271147540983604,27.300983606557374,Q4,2193.93,25.573913043478264,-19.78322006627376,1.3965787598004231,-0.6,La Niña
Oriental Mindoro,2010,2010Q1,24.90888888888889,27.781111111111112,22.407777777777778,330.5,330.5,878.0,3445720.6,1856.82,352.38,14.556666666666665,35.67666666666667,Q1,1187.1799999999998,24.704212454212456,-72.16091915295068,0.2046764346764327,1.1666666666666667,El Niño
Oriental Mindoro,2010,2010Q2,27.786813186813188,30.73186813186813,25.043956043956044,379.3,379.3,561.0,3749435.85,2107.89,430.52,11.334065934065936,29.248351648351647,Q2,579.1800000000001,27.409560439560444,-34.51086018163611,0.3772527472527436,-0.1666666666666666,Neutral
Oriental Mindoro,2010,2010Q3,26.94782608695652,29.7108695652174,24.698913043478264,968.4,968.4,1079.0,3161367.61,1718.0,348.44,9.241304347826087,26.278260869565216,Q3,1031.25,26.98760869565217,-6.0945454545454565,-0.0397826086956492,-1.3,La Niña
Oriental Mindoro,2010,2010Q4,25.464130434782607,27.821739130434786,23.747826086956525,994.2,994.2,1497.0,2778370.08,1356.01,260.95,12.22608695652174,33.17391304347826,Q4,1860.3,25.750217391304343,-46.55700693436542,-0.2860869565217392,-1.6000000000000003,La Niña
Oriental Mindoro,2011,2011Q1,24.183333333333334,26.523333333333333,22.42888888888889,843.9,843.9,1536.0,2986473.1,1503.22,282.61,16.765555555555558,40.15111111111111,Q1,1187.1799999999998,24.704212454212456,-28.915581461951845,-0.5208791208791226,-1.1666666666666667,La Niña
Oriental Mindoro,2011,2011Q2,26.47252747252747,29.1978021978022,24.0021978021978,672.1,672.1,842.0,3222795.52,1830.72,365.66,10.971428571428572,30.51428571428572,Q2,579.1800000000001,27.409560439560444,16.043371663386157,-0.9370329670329732,-0.5666666666666667,La Niña
Oriental Mindoro,2011,2011Q3,27.097826086956523,29.82934782608696,24.817391304347822,698.0,698.0,893.0,3043500.94,1671.02,347.19,10.121739130434785,32.073913043478264,Q3,1031.25,26.98760869565217,-32.31515151515151,0.1102173913043529,-0.6333333333333333,La Niña
Oriental Mindoro,2011,2011Q4,25.56413043478261,27.99347826086957,23.78478260869565,1047.5,1047.5,1478.0,2997654.5,1441.72,276.48,13.02608695652174,35.64782608695652,Q4,1860.3,25.750217391304343,-43.691877654141805,-0.1860869565217378,-1.0333333333333334,La Niña
Oriental Mindoro,2012,2012Q1,24.750549450549453,27.15274725274725,22.915384615384617,837.8,837.8,1317.0,3066696.13,1553.15,290.95,14.65934065934066,37.15054945054945,Q1,1187.1799999999998,24.704212454212456,-29.42940413416668,0.046336996336997,-0.7333333333333334,La Niña
Oriental Mindoro,2012,2012Q2,27.31648351648352,30.13956043956044,24.83186813186813,462.0,462.0,720.0,3478145.88,1902.41,386.7,9.989010989010987,28.30879120879121,Q2,579.1800000000001,27.409560439560444,-20.232052211747654,-0.093076923076925,-0.2666666666666666,Neutral
Oriental Mindoro,2012,2012Q3,26.76195652173913,29.42391304347826,24.667391304347827,1270.7,1270.7,1158.0,2694152.73,1517.77,316.07,9.678260869565218,31.61847826086957,Q3,1031.25,26.98760869565217,23.219393939393942,-0.2256521739130406,0.3333333333333333,Neutral
Oriental Mindoro,2012,2012Q4,25.70543478260869,28.26413043478261,23.62934782608696,759.8,759.8,1260.0,3251964.87,1601.67,307.41,13.234782608695651,35.72391304347826,Q4,1860.3,25.750217391304343,-59.15712519486105,-0.0447826086956517,0.0666666666666666,Neutral
Oriental Mindoro,2013,2013Q1,24.835555555555555,27.44888888888889,22.647777777777776,553.2,553.2,1134.0,3275938.66,1710.14,323.17,15.528888888888888,37.74777777777778,Q1,1187.1799999999998,24.704212454212456,-53.40217995586178,0.1313431013430985,-0.3666666666666667,Neutral
Oriental Mindoro,2013,2013Q2,27.57032967032967,30.382417582417585,25.045054945054943,511.0,511.0,780.0,3387863.74,1898.13,389.18,10.605494505494503,28.641758241758243,Q2,579.1800000000001,27.409560439560444,-11.771815325114828,0.1607692307692261,-0.3666666666666667,Neutral
Oriental Mindoro,2013,2013Q3,26.68913043478261,29.282608695652176,24.627173913043475,1040.5,1040.5,1229.0,2618189.68,1502.66,309.42,9.631521739130434,30.320652173913043,Q3,1031.25,26.98760869565217,0.896969696969697,-0.2984782608695617,-0.3333333333333333,Neutral
Oriental Mindoro,2013,2013Q4,25.575,28.01086956521739,23.668478260869566,768.2,768.2,1293.0,3213317.02,1490.94,287.41,13.659782608695652,35.63804347826087,Q4,1860.3,25.750217391304343,-58.70558512067946,-0.1752173913043471,-0.2333333333333333,Neutral
Oriental Mindoro,2014,2014Q1,24.065555555555555,26.738888888888887,21.79111111111111,438.7,438.7,1015.0,3265256.54,1708.52,323.01,15.566666666666666,37.32888888888889,Q1,1187.1799999999998,24.704212454212456,-63.046884213008966,-0.638656898656901,-0.3999999999999999,Neutral
Oriental Mindoro,2014,2014Q2,27.72857142857143,30.705494505494503,25.031868131868134,396.7,396.7,592.0,3581917.29,1991.53,409.55,10.345054945054946,28.725274725274726,Q2,579.1800000000001,27.409560439560444,-31.506612797403232,0.3190109890109873,0.1333333333333333,Neutral
Oriental Mindoro,2014,2014Q3,27.13804347826087,29.85978260869565,24.820652173913043,1108.5,1108.5,920.0,2783806.11,1598.69,334.9,9.927173913043475,30.242391304347827,Q3,1031.25,26.98760869565217,7.490909090909091,0.1504347826086984,0.1,Neutral
Oriental Mindoro,2014,2014Q4,25.25108695652174,27.622826086956525,23.48913043478261,1165.7,1165.7,1537.0,2934339.51,1420.7,271.51,13.43586956521739,35.922826086956526,Q4,1860.3,25.750217391304343,-37.33806375315809,-0.4991304347826073,0.6,El Niño
Oriental Mindoro,2015,2015Q1,24.05,26.73111111111111,21.62666666666667,423.0,423.0,956.0,3302523.27,1730.69,324.16,15.155555555555557,35.22666666666667,Q1,1187.1799999999998,24.704212454212456,-64.36934584477501,-0.6542124542124554,0.5,El Niño
Oriental Mindoro,2015,2015Q2,27.634065934065934,30.5989010989011,24.917582417582416,311.3,311.3,572.0,3751360.83,2088.7,427.28,10.348351648351647,27.27142857142857,Q2,579.1800000000001,27.409560439560444,-46.251597085534726,0.2245054945054896,0.9333333333333332,El Niño
Oriental Mindoro,2015,2015Q3,27.417391304347827,30.33043478260869,25.11304347826087,709.6,709.6,852.0,3232389.42,1757.15,364.83,8.935869565217391,28.44347826086957,Q3,1031.25,26.98760869565217,-31.190303030303028,0.4297826086956569,1.8666666666666665,El Niño
Oriental Mindoro,2015,2015Q4,25.85217391304348,28.36086956521739,23.85217391304348,787.6,787.6,1314.0,3183124.55,1577.39,303.92,13.902173913043478,36.846739130434784,Q4,1860.3,25.750217391304343,-57.66274256840293,0.1019565217391331,2.533333333333333,El Niño
Oriental Mindoro,2016,2016Q1,25.05824175824176,27.593406593406595,22.85164835164835,596.9,596.9,995.0,3363415.77,1757.93,331.46,14.075824175824176,34.074725274725274,Q1,1187.1799999999998,24.704212454212456,-49.721188025404736,0.3540293040293036,2.066666666666667,El Niño
Oriental Mindoro,2016,2016Q2,27.605494505494505,30.4010989010989,24.9978021978022,543.0,543.0,762.0,3554382.32,1996.79,405.9,11.087912087912088,28.445054945054945,Q2,579.1800000000001,27.409560439560444,-6.246762664456655,0.1959340659340611,0.3999999999999999,Neutral
Oriental Mindoro,2016,2016Q3,27.53804347826087,30.30326086956521,25.30434782608696,675.7,675.7,871.0,3103483.86,1693.56,353.65,9.43695652173913,30.372826086956525,Q3,1031.25,26.98760869565217,-34.47757575757575,0.5504347826087006,-0.5,La Niña
Oriental Mindoro,2016,2016Q4,25.819565217391304,28.171739130434784,24.05652173913043,1512.6,1512.6,1573.0,2795869.5,1366.19,265.3,13.56086956521739,36.69891304347826,Q4,1860.3,25.750217391304343,-18.690533784873413,0.0693478260869575,-0.6666666666666666,La Niña
Oriental Mindoro,2017,2017Q1,24.98111111111111,26.88222222222222,23.46333333333333,3722.1,3722.1,1591.0,2689818.81,1281.66,259.97,14.406666666666666,36.90222222222222,Q1,1187.1799999999998,24.704212454212456,213.52448659849395,0.2768986568986555,-0.1333333333333333,Neutral
Oriental Mindoro,2017,2017Q2,27.33956043956044,29.68351648351648,25.134065934065934,1032.9,1032.9,851.0,3493458.61,1833.45,373.69,10.410989010989011,28.22857142857143,Q2,579.1800000000001,27.409560439560444,78.33834041230705,-0.0700000000000038,0.2666666666666666,Neutral
Oriental Mindoro,2017,2017Q3,26.97391304347826,29.169565217391305,25.018478260869564,1086.5,1086.5,1099.0,2756315.51,1519.59,311.01,9.416304347826086,27.144565217391307,Q3,1031.25,26.98760869565217,5.357575757575757,-0.0136956521739115,-0.1333333333333333,Neutral
Oriental Mindoro,2017,2017Q4,26.02717391304348,27.87173913043478,24.672826086956523,6445.2,6445.2,1764.0,2297913.25,1102.26,228.27,13.159782608695652,36.40652173913043,Q4,1860.3,25.750217391304343,246.4602483470408,0.2769565217391339,-0.8333333333333334,La Niña
Oriental Mindoro,2018,2018Q1,25.232222222222223,27.167777777777776,23.696666666666665,3050.5,3050.5,1661.0,2412009.05,1263.15,257.4,13.515555555555556,34.99777777777778,Q1,1187.1799999999998,24.704212454212456,156.95345271989086,0.5280097680097668,-0.8333333333333334,La Niña
Oriental Mindoro,2018,2018Q2,27.07692307692308,29.4934065934066,24.91868131868132,993.5,993.5,1195.0,3405676.95,1839.74,372.34,11.013186813186811,29.214285714285715,Q2,579.1800000000001,27.409560439560444,71.53561932387166,-0.3326373626373637,-0.2333333333333333,Neutral
Oriental Mindoro,2018,2018Q3,26.502173913043475,28.60434782608696,24.617391304347827,1516.8,1516.8,1457.0,2509314.81,1450.52,292.97,9.655434782608696,27.936956521739127,Q3,1031.25,26.98760869565217,47.08363636363636,-0.4854347826086957,0.2666666666666666,Neutral
Oriental Mindoro,2018,2018Q4,26.082608695652173,28.13913043478261,24.542391304347827,2956.0,2956.0,1879.0,2787393.93,1322.38,266.65,12.490217391304348,35.29891304347826,Q4,1860.3,25.750217391304343,58.89910229532871,0.3323913043478264,0.8333333333333334,El Niño
Oriental Mindoro,2019,2019Q1,24.976666666666667,27.55222222222222,22.778888888888886,1075.2,1075.2,1269.0,3274874.74,1698.24,334.5,13.554444444444446,35.05,Q1,1187.1799999999998,24.704212454212456,-9.43243653026498,0.2724542124542104,0.6999999999999998,El Niño
Oriental Mindoro,2019,2019Q2,27.564835164835166,30.124175824175826,25.16043956043956,490.0,490.0,851.0,3579092.7,1952.89,399.53,10.778021978021975,29.343956043956045,Q2,579.1800000000001,27.409560439560444,-15.397631133671752,0.1552747252747224,0.5666666666666667,El Niño
Oriental Mindoro,2019,2019Q3,26.80978260869565,28.80652173913043,24.85108695652174,1237.8,1237.8,1221.0,2496647.93,1462.32,298.52,9.585869565217392,27.153260869565216,Q3,1031.25,26.98760869565217,20.029090909090904,-0.1778260869565215,0.1999999999999999,Neutral
Oriental Mindoro,2019,2019Q4,26.1608695652174,28.30760869565217,24.45217391304348,2166.2,2166.2,1632.0,2912039.95,1355.34,277.02,12.620652173913042,34.17173913043479,Q4,1860.3,25.750217391304343,16.443584368112663,0.41065217391305,0.4333333333333333,Neutral
Oriental Mindoro,2020,2020Q1,25.28021978021978,27.46043956043956,23.47142857142857,2314.0,2314.0,1595.0,2971473.05,1505.15,299.57,14.126373626373626,35.971428571428575,Q1,1187.1799999999998,24.704212454212456,94.91568254182182,0.5760073260073248,0.4666666666666666,Neutral
Oriental Mindoro,2020,2020Q2,27.6934065934066,30.26923076923077,25.35824175824176,742.6,742.6,1117.0,3508568.02,1954.26,399.41,10.873626373626374,29.27692307692308,Q2,579.1800000000001,27.409560439560444,28.21575330639869,0.2838461538461523,-0.0666666666666666,Neutral
Oriental Mindoro,2020,2020Q3,27.1608695652174,29.419565217391305,25.029347826086955,824.1,824.1,1010.0,2931520.22,1649.95,337.18,9.754347826086956,26.756521739130434,Q3,1031.25,26.98760869565217,-20.08727272727273,0.173260869565226,-0.6333333333333333,La Niña
Oriental Mindoro,2020,2020Q4,26.252173913043475,28.35217391304348,24.669565217391305,3341.6,3341.6,1727.0,2359347.12,1192.72,248.37,13.322826086956525,36.41086956521739,Q4,1860.3,25.750217391304343,79.62694189109284,0.5019565217391282,-1.2333333333333334,La Niña
Oriental Mindoro,2021,2021Q1,25.32555555555556,27.35,23.832222222222224,2591.7,2591.7,1775.0,2508657.14,1322.1,266.36,13.032222222222224,35.08111111111111,Q1,1187.1799999999998,24.704212454212456,118.3072491113395,0.6213431013431041,-0.9,La Niña
Oriental Mindoro,2021,2021Q2,27.287912087912087,29.7021978021978,25.053846153846155,849.0,849.0,1148.0,3507512.15,1894.87,384.4,10.763736263736265,29.727472527472525,Q2,579.1800000000001,27.409560439560444,46.58655340308711,-0.121648351648357,-0.5333333333333333,La Niña
Oriental Mindoro,2021,2021Q3,26.975,29.217391304347824,24.991304347826084,1257.6,1257.6,1378.0,2800879.41,1587.01,323.11,10.01304347826087,28.81304347826088,Q3,1031.25,26.98760869565217,21.949090909090906,-0.0126086956521689,-0.5333333333333333,La Niña
Oriental Mindoro,2021,2021Q4,25.971739130434784,28.222826086956523,24.36847826086957,2584.3,2584.3,1721.0,2343465.74,1229.57,255.06,13.528260869565216,33.08586956521739,Q4,1860.3,25.750217391304343,38.918454012793646,0.2215217391304378,-0.9333333333333332,La Niña
Oriental Mindoro,2022,2022Q1,25.54555555555556,27.961111111111112,23.594444444444445,1310.8,1310.8,1439.0,2821689.32,1532.32,305.05,13.476666666666668,33.379999999999995,Q1,1187.1799999999998,24.704212454212456,10.412911268720846,0.841343101343103,-0.9666666666666668,La Niña
Oriental Mindoro,2022,2022Q2,26.9956043956044,29.70769230769231,24.584615384615383,977.4,977.4,953.0,3214561.99,1892.86,384.88,11.586813186813188,29.25384615384615,Q2,579.1800000000001,27.409560439560444,68.75582720397801,-0.4139560439560448,-1.0,La Niña
Oriental Mindoro,2022,2022Q3,26.92391304347826,29.28152173913044,24.74673913043478,988.6,988.6,1041.0,2653923.66,1602.36,326.55,9.960869565217392,26.217391304347824,Q3,1031.25,26.98760869565217,-4.135757575757574,-0.0636956521739087,-0.9,La Niña
Oriental Mindoro,2022,2022Q4,26.01195652173913,28.343478260869563,24.31847826086957,2142.1,2142.1,1715.0,2300941.84,1254.99,258.17,12.847826086956522,32.290217391304346,Q4,1860.3,25.750217391304343,15.14809439337741,0.2617391304347833,-0.9,La Niña
Oriental Mindoro,2023,2023Q1,24.99111111111111,27.194444444444443,23.355555555555554,2677.1,2677.1,1606.0,2310263.72,1343.08,270.79,14.004444444444443,34.53333333333333,Q1,1187.1799999999998,24.704212454212456,125.50076652234708,0.2868986568986535,-0.3999999999999999,Neutral
Oriental Mindoro,2023,2023Q2,27.31978021978022,29.871428571428574,24.923076923076923,839.5,839.5,918.0,3406470.38,1917.34,389.35,10.952747252747251,28.4032967032967,Q2,579.1800000000001,27.409560439560444,44.94630339445421,-0.0897802197802235,0.5,El Niño
Oriental Mindoro,2023,2023Q3,27.619565217391305,30.46630434782609,24.93804347826088,662.7,662.7,854.0,3104739.0300000003,1787.68,371.9,9.942391304347826,26.720652173913045,Q3,1031.25,26.98760869565217,-35.738181818181815,0.6319565217391343,1.3333333333333333,El Niño
Oriental Mindoro,2023,2023Q4,26.43260869565217,29.14021739130435,24.4608695652174,2311.5,2311.5,1632.0,2687962.88,1391.65,286.99,12.905434782608696,30.46630434782609,Q4,1860.3,25.750217391304343,24.25415255603935,0.6823913043478242,1.9,El Niño
Oriental Mindoro,2024,2024Q1,25.627472527472527,28.5,23.364835164835164,1309.4,1309.4,1458.0,2958466.75,1636.16,333.1,13.929670329670328,33.17252747252747,Q1,1187.1799999999998,24.704212454212456,10.294984753786306,0.9232600732600708,1.4666666666666668,El Niño
Oriental Mindoro,2024,2024Q2,28.226373626373626,31.606593406593404,25.21868131868132,445.9,445.9,736.0,3600846.47,2120.64,453.34,12.649450549450547,31.25164835164836,Q2,579.1800000000001,27.409560439560444,-23.0118443316413,0.8168131868131816,0.4333333333333333,Neutral
Oriental Mindoro,2024,2024Q3,27.155434782608697,29.84021739130435,24.82717391304348,1096.5,1096.5,1033.0,2754263.39,1626.75,334.67,9.95,26.00434782608696,Q3,1031.25,26.98760869565217,6.327272727272727,0.1678260869565271,-0.1,Neutral
Oriental Mindoro,2024,2024Q4,26.272222222222226,29.083516483516483,24.25934065934066,2655.7,2655.7,1455.0,2490035.84,1318.25,269.78,12.767032967032966,30.125274725274725,Q4,1860.3,25.750217391304343,42.75654464333709,0.5220048309178793,-0.3999999999999999,Neutral
Oriental Mindoro,2025,2025Q1,25.241573033707866,27.961111111111112,23.36333333333333,2670.2,2670.2,1595.0,2411603.39,1365.95,267.97,13.415555555555557,32.90555555555556,Q1,1187.1799999999998,24.704212454212456,124.91955727016966,0.5373605794954095,-0.3999999999999999,Neutral
Oriental Mindoro,2025,2025Q2,27.17582417582417,31.02307692307692,24.078021978021976,362.9,7.9,434.0,2921552.27,1686.07,357.52,11.421978021978022,25.5989010989011,Q2,579.1800000000001,27.409560439560444,-37.34244967022343,-0.2337362637362723,-0.1,Neutral
Oriental Mindoro,2025,2025Q3,25.619565217391305,27.95217391304348,23.922826086956523,548.5,147.9,596.0,1876805.81,1150.07,236.37,8.359782608695653,23.061956521739127,Q3,1031.25,26.98760869565217,-46.81212121212121,-1.3680434782608657,-0.3,Neutral
Oriental Mindoro,2025,2025Q4,24.659016393442624,26.97377049180328,23.07049180327869,604.2,86.3,702.0,1512350.31,726.6,140.89,10.519672131147544,30.731147540983606,Q4,1860.3,25.750217391304343,-67.52136752136751,-1.0912009978617228,-0.6,La Niña
Palawan,2010,2010Q1,26.90222222222222,29.635555555555552,24.738888888888887,137.8,137.8,337.0,3419513.44,1929.67,408.09,18.31,40.59111111111111,Q1,383.28,26.268125763125767,-64.04717178042162,0.6340964590964546,1.1666666666666667,El Niño
Palawan,2010,2010Q2,28.52417582417582,31.20769230769231,26.34175824175824,413.0,413.0,622.0,3616257.93,1995.2,426.76,13.045054945054943,30.802197802197803,Q2,501.85,27.723956043956044,-17.704493374514303,0.800219780219777,-0.1666666666666666,Neutral
Palawan,2010,2010Q3,27.36086956521739,29.45978260869565,25.722826086956523,713.2,713.2,962.0,3116386.61,1730.16,352.47,10.097826086956522,25.63043478260869,Q3,666.19,27.07771739130435,7.056545429982436,0.283152173913038,-1.3,La Niña
Palawan,2010,2010Q4,26.47717391304348,28.464130434782607,25.10652173913044,926.6,926.6,1383.0,2536081.55,1340.78,268.66,11.970652173913043,29.81413043478261,Q4,710.5699999999999,26.646413043478265,30.402353040516783,-0.1692391304347857,-1.6000000000000003,La Niña
Palawan,2011,2011Q1,25.99777777777778,27.87,24.654444444444444,843.1,843.1,1132.0,2820237.95,1473.86,303.46,18.085555555555555,41.35111111111111,Q1,383.28,26.268125763125767,119.96973491964104,-0.2703479853479855,-1.1666666666666667,La Niña
Palawan,2011,2011Q2,27.087912087912088,29.203296703296704,25.46043956043956,619.9,619.9,970.0,3111672.0,1734.27,352.24,11.43956043956044,29.006593406593407,Q2,501.85,27.723956043956044,23.522965029391244,-0.6360439560439559,-0.5666666666666667,La Niña
Palawan,2011,2011Q3,27.0,29.16195652173913,25.40869565217391,707.5,707.5,1017.0,2806958.77,1635.43,336.1,12.615217391304348,33.90869565217391,Q3,666.19,27.07771739130435,6.200933667572305,-0.0777173913043505,-0.6333333333333333,La Niña
Palawan,2011,2011Q4,26.61413043478261,28.653260869565216,25.176086956521736,780.6,780.6,1260.0,2963668.4,1502.29,298.86,13.891304347826088,34.88586956521739,Q4,710.5699999999999,26.646413043478265,9.85546814529182,-0.032282608695656,-1.0333333333333334,La Niña
Palawan,2012,2012Q1,26.39010989010989,28.525274725274727,24.87692307692308,753.8,753.8,998.0,3199291.2800000003,1655.17,330.2,15.97692307692308,36.8989010989011,Q1,383.28,26.268125763125767,96.6708411605093,0.1219841269841239,-0.7333333333333334,La Niña
Palawan,2012,2012Q2,27.361538461538466,29.47912087912088,25.676923076923075,481.7,481.7,889.0,3241912.09,1758.13,358.92,11.182417582417584,29.743956043956043,Q2,501.85,27.723956043956044,-4.01514396732092,-0.3624175824175779,-0.2666666666666666,Neutral
Palawan,2012,2012Q3,26.969565217391303,29.044565217391305,25.469565217391303,657.5,657.5,1079.0,2982102.05,1645.67,337.48,13.65,36.26413043478261,Q3,666.19,27.07771739130435,-1.3044326693585997,-0.1081521739130479,0.3333333333333333,Neutral
Palawan,2012,2012Q4,26.85434782608696,28.90652173913044,25.28804347826087,489.9,489.9,857.0,3274896.12,1650.5,331.0,15.095652173913043,36.43369565217392,Q4,710.5699999999999,26.646413043478265,-31.055349930337613,0.2079347826086923,0.0666666666666666,Neutral
Palawan,2013,2013Q1,26.62666666666667,28.872222222222224,24.88777777777777,358.7,358.7,526.0,3291695.04,1778.17,365.55,17.386666666666667,39.51111111111111,Q1,383.28,26.268125763125767,-6.413066165727402,0.3585409035409022,-0.3666666666666667,Neutral
Palawan,2013,2013Q2,27.714285714285715,29.807692307692307,26.0021978021978,684.1,684.1,956.0,3203838.2,1763.77,361.22,10.727472527472528,28.224175824175827,Q2,501.85,27.723956043956044,36.31563216100428,-0.0096703296703282,-0.3666666666666667,Neutral
Palawan,2013,2013Q3,26.94347826086957,29.006521739130434,25.448913043478264,841.1,841.1,1104.0,2762995.56,1577.18,324.82,12.251086956521736,33.39021739130435,Q3,666.19,27.07771739130435,26.255272519851687,-0.134239130434782,-0.3333333333333333,Neutral
Palawan,2013,2013Q4,26.54891304347826,28.595652173913045,25.092391304347824,659.3,659.3,1090.0,3124558.34,1571.1,309.86,13.715217391304348,33.67717391304348,Q4,710.5699999999999,26.646413043478265,-7.2153341683437215,-0.0975000000000037,-0.2333333333333333,Neutral
Palawan,2014,2014Q1,25.87666666666667,28.09555555555556,24.156666666666663,338.0,338.0,586.0,3273649.91,1755.26,353.92,16.496666666666666,37.75,Q1,383.28,26.268125763125767,-11.813817574619073,-0.3914590964590978,-0.3999999999999999,Neutral
Palawan,2014,2014Q2,27.906593406593405,30.20769230769231,25.958241758241755,462.9,462.9,797.0,3411861.24,1881.65,388.64,10.53076923076923,26.860439560439563,Q2,501.85,27.723956043956044,-7.761283251967728,0.1826373626373616,0.1333333333333333,Neutral
Palawan,2014,2014Q3,27.17065217391304,29.20978260869565,25.57934782608696,631.7,631.7,1052.0,3016100.37,1676.51,343.14,12.153260869565216,33.2,Q3,666.19,27.07771739130435,-5.1772016992149394,0.0929347826086903,0.1,Neutral
Palawan,2014,2014Q4,26.7108695652174,28.73913043478261,25.23152173913044,674.7,674.7,1038.0,3024132.03,1541.56,309.17,13.72608695652174,32.358695652173914,Q4,710.5699999999999,26.646413043478265,-5.048060008162446,0.0644565217391317,0.6,El Niño
Palawan,2015,2015Q1,26.19777777777778,28.605555555555554,24.35888888888889,124.3,124.3,322.0,3516281.34,1897.15,388.61,17.255555555555556,38.12777777777778,Q1,383.28,26.268125763125767,-67.56940096013358,-0.0703479853479862,0.5,El Niño
Palawan,2015,2015Q2,28.192307692307693,30.61868131868132,26.2,311.6,311.6,689.0,3589372.69,1970.24,414.13,11.34175824175824,27.224175824175827,Q2,501.85,27.723956043956044,-37.909733984258246,0.4683516483516499,0.9333333333333332,El Niño
Palawan,2015,2015Q3,27.176086956521736,29.18478260869565,25.67065217391304,831.7,831.7,1037.0,3033499.01,1675.68,342.97,12.427173913043475,32.32282608695652,Q3,666.19,27.07771739130435,24.84426364850868,0.0983695652173857,1.8666666666666665,El Niño
Palawan,2015,2015Q4,27.13804347826087,29.18478260869565,25.547826086956523,441.8,441.8,836.0,3367502.31,1690.09,340.43,14.702173913043476,34.858695652173914,Q4,710.5699999999999,26.646413043478265,-37.82456337869597,0.4916304347826035,2.533333333333333,El Niño
Palawan,2016,2016Q1,27.296703296703296,30.075824175824177,25.13186813186813,60.6,60.6,274.0,3601918.24,2004.81,424.31,16.95054945054945,37.51868131868132,Q1,383.28,26.268125763125767,-84.18910457107074,1.0285775335775291,2.066666666666667,El Niño
Palawan,2016,2016Q2,28.484615384615385,30.96483516483517,26.47692307692308,598.5,598.5,783.0,3481810.83,1914.7,407.8,11.849450549450548,28.517582417582418,Q2,501.85,27.723956043956044,19.258742652186903,0.7606593406593412,0.3999999999999999,Neutral
Palawan,2016,2016Q3,27.47608695652174,29.582608695652173,25.93586956521739,736.5,736.5,1103.0,3053093.56,1700.17,347.88,12.382608695652175,34.04347826086956,Q3,666.19,27.07771739130435,10.554046142992233,0.39836956521739,-0.5,La Niña
Palawan,2016,2016Q4,26.872826086956525,28.90217391304348,25.42065217391304,833.0,833.0,1191.0,2730265.26,1438.73,290.77,12.89782608695652,33.0,Q4,710.5699999999999,26.646413043478265,17.229829573441048,0.22641304347826,-0.6666666666666666,La Niña
Palawan,2017,2017Q1,25.936666666666667,28.44333333333333,23.77777777777778,445.8,445.8,818.0,3188092.0,1670.76,326.21,14.52777777777778,41.57666666666667,Q1,383.28,26.268125763125767,16.311834690043845,-0.3314590964590991,-0.1333333333333333,Neutral
Palawan,2017,2017Q2,27.1934065934066,30.078021978021976,24.767032967032968,548.1,548.1,805.0,3316526.48,1739.27,353.17,9.457142857142856,29.42637362637363,Q2,501.85,27.723956043956044,9.215901165686958,-0.5305494505494472,0.2666666666666666,Neutral
Palawan,2017,2017Q3,26.789130434782606,29.69782608695652,24.541304347826088,617.5,617.5,843.0,2790341.8,1503.19,308.24,7.834782608695652,28.019565217391307,Q3,666.19,27.07771739130435,-7.308725738903324,-0.288586956521744,-0.1333333333333333,Neutral
Palawan,2017,2017Q4,26.28478260869565,28.665217391304346,24.51195652173913,1102.2,1102.2,1256.0,2400912.94,1256.73,251.01,11.161956521739132,35.58586956521739,Q4,710.5699999999999,26.646413043478265,55.11490775011613,-0.3616304347826151,-0.8333333333333334,La Niña
Palawan,2018,2018Q1,25.842222222222222,28.39888888888889,23.72777777777777,640.3,640.3,917.0,3148317.6,1621.33,315.95,13.276666666666667,39.54666666666667,Q1,383.28,26.268125763125767,67.05802546441244,-0.4259035409035441,-0.8333333333333334,La Niña
Palawan,2018,2018Q2,27.11868131868132,29.97912087912088,24.67912087912088,475.9,475.9,815.0,3379863.87,1762.94,356.57,9.558241758241758,31.44395604395605,Q2,501.85,27.723956043956044,-5.1708677891800425,-0.6052747252747253,-0.2333333333333333,Neutral
Palawan,2018,2018Q3,26.88478260869565,29.82934782608696,24.48152173913044,460.0,460.0,937.0,2913500.07,1610.78,330.9,8.932608695652174,34.975,Q3,666.19,27.07771739130435,-30.95062970023568,-0.1929347826086989,0.2666666666666666,Neutral
Palawan,2018,2018Q4,26.50869565217392,29.05652173913043,24.43152173913043,714.1,714.1,1104.0,2974332.18,1546.97,303.78,11.714130434782607,35.30217391304348,Q4,710.5699999999999,26.646413043478265,0.4967842717818212,-0.1377173913043456,0.8333333333333334,El Niño
Palawan,2019,2019Q1,25.614444444444448,28.546666666666663,22.69111111111112,130.4,130.4,436.0,3465281.41,1944.49,378.64,15.508888888888889,42.99222222222223,Q1,383.28,26.268125763125767,-65.97787518263411,-0.6536813186813184,0.6999999999999998,El Niño
Palawan,2019,2019Q2,27.656043956043955,30.91318681318681,24.87802197802198,422.8,422.8,795.0,3446094.78,1823.61,377.5,9.80989010989011,31.4956043956044,Q2,501.85,27.723956043956044,-15.751718641028198,-0.067912087912088,0.5666666666666667,El Niño
Palawan,2019,2019Q3,27.006521739130434,30.09891304347826,24.546739130434784,465.2,465.2,865.0,2925783.49,1647.26,337.39,9.233695652173912,33.53260869565217,Q3,666.19,27.07771739130435,-30.170071601194863,-0.0711956521739161,0.1999999999999999,Neutral
Palawan,2019,2019Q4,26.45434782608696,29.21521739130435,24.194565217391304,483.5,483.5,989.0,3166428.64,1585.83,313.83,10.894565217391303,33.93913043478261,Q4,710.5699999999999,26.646413043478265,-31.956035295607744,-0.1920652173913062,0.4333333333333333,Neutral
Palawan,2020,2020Q1,26.225274725274726,28.98681318681319,23.70769230769231,221.0,221.0,695.0,3536317.5,1909.66,373.11,15.038461538461538,41.97472527472527,Q1,383.28,26.268125763125767,-42.3398037987894,-0.0428510378510402,0.4666666666666666,Neutral
Palawan,2020,2020Q2,27.73186813186813,30.91648351648352,24.98681318681319,378.9,378.9,812.0,3435130.89,1844.64,381.49,10.815384615384616,32.064835164835166,Q2,501.85,27.723956043956044,-24.49935239613431,0.0079120879120857,-0.0666666666666666,Neutral
Palawan,2020,2020Q3,26.967391304347824,29.95,24.55652173913043,697.1,697.1,958.0,2941324.7,1609.6,329.09,9.052173913043475,28.46521739130435,Q3,666.19,27.07771739130435,4.639817469490681,-0.1103260869565261,-0.6333333333333333,La Niña
Palawan,2020,2020Q4,26.43260869565217,29.078260869565216,24.48586956521739,821.2,821.2,1240.0,2691109.55,1378.06,273.56,10.29782608695652,33.243478260869566,Q4,710.5699999999999,26.646413043478265,15.569190931224243,-0.2138043478260947,-1.2333333333333334,La Niña
Palawan,2021,2021Q1,25.99888888888889,28.704444444444444,23.72222222222222,506.1,506.1,974.0,3057616.2,1599.96,314.84,12.677777777777775,37.428888888888885,Q1,383.28,26.268125763125767,32.044458359423935,-0.2692368742368778,-0.9,La Niña
Palawan,2021,2021Q2,27.007692307692302,29.81978021978022,24.68131868131868,481.0,481.0,1009.0,3201822.83,1693.1,341.57,9.28021978021978,29.83626373626373,Q2,501.85,27.723956043956044,-4.154627876855638,-0.7162637362637412,-0.5333333333333333,La Niña
Palawan,2021,2021Q3,27.055434782608696,30.095652173913045,24.82282608695652,818.1,818.1,909.0,3033076.28,1641.18,336.45,8.902173913043478,30.007608695652173,Q3,666.19,27.07771739130435,22.802804004863468,-0.0222826086956544,-0.5333333333333333,La Niña
Palawan,2021,2021Q4,26.30652173913043,29.097826086956523,24.207608695652173,906.1,906.1,1117.0,2532121.31,1446.74,288.62,12.280434782608696,35.71304347826087,Q4,710.5699999999999,26.646413043478265,27.51734522988588,-0.3398913043478337,-0.9333333333333332,La Niña
Palawan,2022,2022Q1,26.03333333333333,28.76888888888889,23.67,474.6,474.6,759.0,3037187.63,1723.11,337.1,14.075555555555557,38.40444444444445,Q1,383.28,26.268125763125767,23.825923606762693,-0.2347924297924351,-0.9666666666666668,La Niña
Palawan,2022,2022Q2,26.86263736263736,29.907692307692308,24.39450549450549,562.4,562.4,848.0,3087947.29,1755.37,354.64,10.076923076923077,28.88901098901099,Q2,501.85,27.723956043956044,12.065358174753404,-0.8613186813186822,-1.0,La Niña
Palawan,2022,2022Q3,26.70108695652174,29.85108695652174,24.30652173913043,689.7,689.7,932.0,2668777.9,1580.9,323.15,7.769565217391304,24.791304347826088,Q3,666.19,27.07771739130435,3.5290232516249103,-0.3766304347826121,-0.9,La Niña
Palawan,2022,2022Q4,26.25108695652174,28.95543478260869,24.198913043478264,771.4,771.4,1220.0,2473110.09,1402.86,278.98,10.821739130434782,31.632608695652173,Q4,710.5699999999999,26.646413043478265,8.560732932715995,-0.3953260869565262,-0.9,La Niña
Palawan,2023,2023Q1,25.88666666666667,28.65777777777777,23.48333333333333,478.8,478.8,763.0,2943576.89,1705.5,332.24,14.088888888888889,38.678888888888885,Q1,383.28,26.268125763125767,24.921728240450857,-0.3814590964590962,-0.3999999999999999,Neutral
Palawan,2023,2023Q2,27.29340659340659,30.545054945054943,24.6,679.7,679.7,836.0,3072770.77,1742.13,359.42,8.716483516483517,26.64945054945055,Q2,501.85,27.723956043956044,35.43887615821461,-0.4305494505494529,0.5,El Niño
Palawan,2023,2023Q3,27.13043478260869,30.463043478260868,24.664130434782606,660.5,660.5,911.0,3025741.68,1718.16,353.61,8.878260869565217,27.344565217391303,Q3,666.19,27.07771739130435,-0.8541106891427452,0.0527173913043412,1.3333333333333333,El Niño
Palawan,2023,2023Q4,26.89891304347826,29.892391304347825,24.5858695652174,566.3,566.3,901.0,3164797.81,1706.45,338.63,10.747826086956522,29.77173913043478,Q4,710.5699999999999,26.646413043478265,-20.303418382425377,0.2524999999999942,1.9,El Niño
Palawan,2024,2024Q1,26.615384615384617,29.745054945054942,24.020879120879123,133.0,133.0,412.0,3568139.77,2043.08,408.15,14.774725274725276,37.284615384615385,Q1,383.28,26.268125763125767,-65.29951993320809,0.3472588522588502,1.4666666666666668,El Niño
Palawan,2024,2024Q2,28.32747252747253,31.86703296703297,25.428571428571427,421.0,421.0,642.0,3369121.75,1966.41,415.29,11.01978021978022,29.87252747252748,Q2,501.85,27.723956043956044,-16.110391551260342,0.6035164835164863,0.4333333333333333,Neutral
Palawan,2024,2024Q3,27.01195652173913,30.11195652173913,24.714130434782607,746.6,746.6,928.0,2693568.16,1592.85,328.78,9.37391304347826,27.192391304347822,Q3,666.19,27.07771739130435,12.070130143052276,-0.0657608695652207,-0.1,Neutral
Palawan,2024,2024Q4,26.58111111111112,29.705494505494503,24.442857142857147,870.1,870.1,983.0,2685607.55,1489.4,298.86,9.276923076923078,27.563736263736267,Q4,710.5699999999999,26.646413043478265,22.45099005024137,-0.0653019323671486,-0.3999999999999999,Neutral
Palawan,2025,2025Q1,26.053932584269663,29.16111111111111,23.88111111111112,799.6,799.6,880.0,3023427.05,1698.7,333.06,11.567777777777776,32.64666666666666,Q1,383.28,26.268125763125767,108.6203297850136,-0.2141931788561031,-0.3999999999999999,Neutral
Palawan,2025,2025Q2,27.75164835164836,31.1,25.301098901098904,250.3,19.0,506.0,3002027.93,1691.25,359.76,11.504395604395606,31.03406593406593,Q2,501.85,27.723956043956044,-50.12453920494172,0.0276923076923125,-0.1,Neutral
Palawan,2025,2025Q3,26.71630434782609,29.448913043478264,24.75869565217392,420.9,73.4,571.0,2643691.99,1569.17,326.28,11.47608695652174,39.53478260869565,Q3,666.19,27.07771739130435,-36.81982617571565,-0.3614130434782616,-0.3,Neutral
Palawan,2025,2025Q4,26.36229508196721,28.831147540983608,24.69672131147541,393.2,83.5,454.0,1464010.3,859.37,175.98,9.822950819672132,34.290163934426225,Q4,710.5699999999999,26.646413043478265,-44.66414287121607,-0.284117961511054,-0.6,La Niña
Pampanga,2010,2010Q1,25.502592592592592,29.71703703703704,21.96777777777778,222.3,222.3,610.0,10177128.54,5248.19,1133.78,14.964074074074077,34.3,Q1,735.53,25.04131868131868,-69.77689557190054,0.4612739112739099,1.1666666666666667,El Niño
Pampanga,2010,2010Q2,28.01465201465201,32.07655677655678,24.783150183150184,1193.5,1193.5,1352.0,10718566.77,5937.48,1305.89,11.343956043956045,29.31721611721612,Q2,1384.33,27.653992673992672,-13.785007909963658,0.360659340659339,-0.1666666666666666,Neutral
Pampanga,2010,2010Q3,26.419565217391305,29.48514492753623,24.13115942028985,2367.5,2367.5,2542.0,8814361.95,4914.14,1010.65,9.464130434782607,26.34673913043478,Q3,2584.27,26.237318840579707,-8.388055427644943,0.182246376811598,-1.3,La Niña
Pampanga,2010,2010Q4,25.49782608695652,28.509420289855075,23.096014492753625,1580.3,1580.3,1939.0,8835390.25,4268.4,864.89,10.896014492753624,29.73297101449275,Q4,1569.21,25.644891304347823,0.7067250399882691,-0.1470652173913045,-1.6000000000000003,La Niña
Pampanga,2011,2011Q1,24.255185185185184,27.78407407407408,21.35074074074074,1400.0,1400.0,1395.0,8953164.33,4632.7,952.92,15.61,36.71629629629629,Q1,735.53,25.04131868131868,90.33893926828274,-0.7861334961334983,-1.1666666666666667,La Niña
Pampanga,2011,2011Q2,26.55677655677656,29.973626373626374,23.93882783882784,1855.9,1855.9,2063.0,9266407.54,5157.46,1094.66,11.923076923076923,30.69304029304029,Q2,1384.33,27.653992673992672,34.06485447833972,-1.0972161172161137,-0.5666666666666667,La Niña
Pampanga,2011,2011Q3,25.96014492753623,28.616666666666667,24.028623188405795,2693.1,2693.1,2782.0,7610802.87,4316.16,894.0600000000001,11.747101449275362,32.756884057971014,Q3,2584.27,26.237318840579707,4.211247276793831,-0.2771739130434767,-0.6333333333333333,La Niña
Pampanga,2011,2011Q4,25.38405797101449,28.31304347826087,22.98913043478261,1882.4,1882.4,2100.0,8863454.43,4285.3,864.43,11.839492753623189,31.78550724637681,Q4,1569.21,25.644891304347823,19.958450430471387,-0.2608333333333341,-1.0333333333333334,La Niña
Pampanga,2012,2012Q1,24.95311355311356,28.454212454212453,22.03736263736264,1013.0,1013.0,1444.0,9517743.81,4847.02,986.89,13.92087912087912,34.743589743589745,Q1,735.53,25.04131868131868,37.72381819912173,-0.088205128205125,-0.7333333333333334,La Niña
Pampanga,2012,2012Q2,26.94761904761905,30.284249084249087,24.41575091575092,1423.9,1423.9,2008.0,9593401.48,5321.04,1119.42,11.267765567765569,29.85164835164835,Q2,1384.33,27.653992673992672,2.858422485967953,-0.7063736263736224,-0.2666666666666666,Neutral
Pampanga,2012,2012Q3,25.89565217391304,28.56195652173913,23.994927536231884,2876.6,2876.6,2930.0,7628132.35,4271.82,887.81,11.753260869565215,32.05869565217392,Q3,2584.27,26.237318840579707,11.311898524534971,-0.3416666666666685,0.3333333333333333,Neutral
Pampanga,2012,2012Q4,25.59746376811594,28.84927536231884,22.848913043478262,920.8,920.8,1315.0,9582408.11,4671.4,959.15,12.877898550724638,32.70797101449275,Q4,1569.21,25.644891304347823,-41.3207919908744,-0.0474275362318827,0.0666666666666666,Neutral
Pampanga,2013,2013Q1,25.416666666666668,29.223333333333333,22.29074074074074,710.2,710.2,941.0,9562542.11,4908.36,1051.19,15.27962962962963,35.744814814814816,Q1,735.53,25.04131868131868,-3.443775236903991,0.3753479853479859,-0.3666666666666667,Neutral
Pampanga,2013,2013Q2,27.723443223443223,31.339560439560444,24.922344322344323,1547.0,1547.0,1907.0,9727828.91,5413.08,1171.01,10.223809523809525,27.16923076923077,Q2,1384.33,27.653992673992672,11.75081086157203,0.0694505494505506,-0.3666666666666667,Neutral
Pampanga,2013,2013Q3,25.975,28.72753623188406,23.951811594202898,2928.1,2928.1,3095.0,7476055.0,4303.26,894.02,10.984420289855072,30.63768115942029,Q3,2584.27,26.237318840579707,13.30472435155769,-0.2623188405797059,-0.3333333333333333,Neutral
Pampanga,2013,2013Q4,25.407608695652176,28.410507246376813,22.965217391304343,1218.1,1218.1,1649.0,9486509.8,4448.96,900.09,12.548913043478262,31.7036231884058,Q4,1569.21,25.644891304347823,-22.37495300182896,-0.2372826086956472,-0.2333333333333333,Neutral
Pampanga,2014,2014Q1,24.54074074074074,28.42814814814815,21.276666666666667,708.4,708.4,917.0,9571085.51,4978.88,1063.7,15.901111111111112,36.31888888888889,Q1,735.53,25.04131868131868,-3.688496730248936,-0.5005779405779407,-0.3999999999999999,Neutral
Pampanga,2014,2014Q2,27.714285714285715,31.43516483516484,24.91318681318681,1672.0,1672.0,1813.0,10140869.8,5462.27,1181.73,10.738095238095235,28.428571428571427,Q2,1384.33,27.653992673992672,20.78044974825368,0.0602930402930432,0.1333333333333333,Neutral
Pampanga,2014,2014Q3,26.201811594202898,28.977898550724635,24.16992753623188,2697.6,2697.6,2688.0,7780364.76,4400.59,918.3,11.455434782608696,30.804710144927537,Q3,2584.27,26.237318840579707,4.385377688863777,-0.0355072463768095,0.1,Neutral
Pampanga,2014,2014Q4,25.394202898550724,28.41195652173913,22.912681159420288,1605.3,1605.3,1639.0,9105347.77,4407.63,900.42,12.380797101449277,31.2731884057971,Q4,1569.21,25.644891304347823,2.2998833808094465,-0.2506884057970993,0.6,El Niño
Pampanga,2015,2015Q1,24.55777777777778,28.45703703703704,21.28407407407408,275.6,275.6,663.0,10075259.04,5153.39,1086.44,15.215185185185186,34.73111111111111,Q1,735.53,25.04131868131868,-62.53042024118663,-0.4835409035409022,0.5,El Niño
Pampanga,2015,2015Q2,28.008058608058608,32.083882783882785,24.87692307692308,922.5,922.5,1370.0,10697721.27,5810.79,1287.6,11.388278388278389,29.303663003663,Q2,1384.33,27.653992673992672,-33.361265016289465,0.354065934065936,0.9333333333333332,El Niño
Pampanga,2015,2015Q3,26.477898550724635,29.392028985507245,24.37789855072464,2018.2,2018.2,2564.0,8688456.84,4756.48,991.32,10.855797101449276,29.644202898550724,Q3,2584.27,26.237318840579707,-21.90444496898544,0.240579710144928,1.8666666666666665,El Niño
Pampanga,2015,2015Q4,25.90253623188406,29.053985507246374,23.2536231884058,1820.0,1820.0,1355.0,9517546.35,4634.23,958.64,13.382608695652172,33.75942028985507,Q4,1569.21,25.644891304347823,15.981927211781722,0.2576449275362371,2.533333333333333,El Niño
Pampanga,2016,2016Q1,25.56007326007326,29.205860805860805,22.51391941391941,255.5,255.5,734.0,10135459.29,5050.97,1071.08,13.874725274725275,32.36556776556776,Q1,735.53,25.04131868131868,-65.2631435835384,0.518754578754578,2.066666666666667,El Niño
Pampanga,2016,2016Q2,28.200000000000003,32.16410256410256,25.16117216117216,1321.5,1321.5,1553.0,10490870.33,5690.13,1267.25,11.184981684981684,29.606227106227102,Q2,1384.33,27.653992673992672,-4.538657690001656,0.5460073260073308,0.3999999999999999,Neutral
Pampanga,2016,2016Q3,26.611956521739128,29.38369565217392,24.613768115942023,2344.7,2344.7,2679.0,8052304.17,4491.69,938.9,10.828623188405796,30.695652173913043,Q3,2584.27,26.237318840579707,-9.270316182132678,0.3746376811594203,-0.5,La Niña
Pampanga,2016,2016Q4,25.816666666666663,28.68260869565217,23.471376811594205,1906.4,1906.4,2021.0,8740045.16,4188.76,861.85,12.725,32.56376811594203,Q4,1569.21,25.644891304347823,21.48788243765972,0.17177536231884,-0.6666666666666666,La Niña
Pampanga,2017,2017Q1,24.81740740740741,28.63777777777777,21.774444444444445,1315.5,1315.5,1502.0,9013602.72,4522.79,968.6,15.62814814814815,35.74222222222222,Q1,735.53,25.04131868131868,78.85062471958996,-0.2239112739112734,-0.1333333333333333,Neutral
Pampanga,2017,2017Q2,27.569230769230767,31.730402930402928,24.384981684981685,1462.6,1462.6,1866.0,10531354.06,5539.68,1208.06,12.793040293040294,31.132600732600736,Q2,1384.33,27.653992673992672,5.653998685284577,-0.0847619047619048,0.2666666666666666,Neutral
Pampanga,2017,2017Q3,26.272826086956524,29.618840579710145,23.870652173913044,2786.6,2786.6,2887.0,8300561.3,4710.13,967.44,12.078623188405796,30.58442028985507,Q3,2584.27,26.237318840579707,7.829290283136048,0.0355072463768166,-0.1333333333333333,Neutral
Pampanga,2017,2017Q4,25.651086956521738,28.77898550724637,23.307246376811595,2120.5,2120.5,2252.0,8499473.03,4026.54,853.49,13.92282608695652,35.06159420289855,Q4,1569.21,25.644891304347823,35.13169046845228,0.0061956521739148,-0.8333333333333334,La Niña
Pampanga,2018,2018Q1,25.59777777777777,29.69666666666667,22.45888888888889,1081.4,1081.4,1335.0,9371210.79,4680.17,1047.23,15.041851851851852,34.74407407407407,Q1,735.53,25.04131868131868,47.02323494622927,0.5564590964590899,-0.8333333333333334,La Niña
Pampanga,2018,2018Q2,27.695238095238096,32.03406593406593,24.41282051282052,1191.5,1191.5,2005.0,10256078.28,5390.16,1202.37,13.094505494505496,32.786813186813184,Q2,1384.33,27.653992673992672,-13.929482132150566,0.0412454212454242,-0.2333333333333333,Neutral
Pampanga,2018,2018Q3,26.13478260869565,29.473188405797103,23.68478260869565,2523.4,2523.4,3393.0,8091095.79,4642.09,972.19,13.728260869565217,34.75434782608696,Q3,2584.27,26.237318840579707,-2.3554040405994687,-0.1025362318840557,0.2666666666666666,Neutral
Pampanga,2018,2018Q4,25.93188405797101,29.759420289855075,22.93079710144928,1293.6,1293.6,2063.0,9423837.78,4608.57,994.28,13.979347826086958,33.90724637681159,Q4,1569.21,25.644891304347823,-17.563614812548998,0.2869927536231884,0.8333333333333334,El Niño
Pampanga,2019,2019Q1,25.21185185185185,29.82,21.18777777777778,373.4,373.4,1041.0,10133378.06,5161.02,1134.55,16.163703703703703,35.58222222222223,Q1,735.53,25.04131868131868,-49.233885769445166,0.1705331705331687,0.6999999999999998,El Niño
Pampanga,2019,2019Q2,28.11062271062271,32.743589743589745,24.59010989010989,1252.9,1252.9,2211.0,10397612.38,5591.96,1264.41,13.134432234432234,32.03699633699634,Q2,1384.33,27.653992673992672,-9.494123511012535,0.4566300366300382,0.5666666666666667,El Niño
Pampanga,2019,2019Q3,26.42355072463768,29.77355072463768,23.93623188405797,2606.9,2606.9,3447.0,8004523.85,4664.92,984.95,13.667753623188409,34.40144927536232,Q3,2584.27,26.237318840579707,0.8756824944762006,0.1862318840579711,0.1999999999999999,Neutral
Pampanga,2019,2019Q4,25.865579710144925,29.62282608695652,23.04420289855073,1344.7,1344.7,2231.0,9396608.87,4589.36,965.37,12.869565217391305,31.94094202898551,Q4,1569.21,25.644891304347823,-14.307199163910504,0.2206884057971017,0.4333333333333333,Neutral
Pampanga,2020,2020Q1,25.984615384615385,30.830769230769228,22.03699633699634,433.0,433.0,1269.0,10325119.7,5193.14,1196.59,16.68717948717949,37.42967032967033,Q1,735.53,25.04131868131868,-41.13088521202398,0.9432967032967028,0.4666666666666666,Neutral
Pampanga,2020,2020Q2,28.07728937728938,32.621978021978016,24.482417582417582,1857.8,1857.8,2198.0,10507146.52,5671.06,1276.72,13.392307692307693,32.4014652014652,Q2,1384.33,27.653992673992672,34.202104989417265,0.4232967032967067,-0.0666666666666666,Neutral
Pampanga,2020,2020Q3,26.658695652173915,30.331884057971017,23.860869565217392,2437.5,2437.5,2897.0,9005722.37,5077.49,1053.81,11.541666666666666,28.53333333333333,Q3,2584.27,26.237318840579707,-5.679360128779113,0.4213768115942073,-0.6333333333333333,La Niña
Pampanga,2020,2020Q4,25.763043478260872,28.98985507246377,23.38985507246377,2802.6,2802.6,3132.0,8031936.14,4062.03,840.46,13.718840579710143,34.301811594202896,Q4,1569.21,25.644891304347823,78.59942263941727,0.1181521739130495,-1.2333333333333334,La Niña
Pampanga,2021,2021Q1,25.223703703703706,29.04703703703704,22.25777777777778,1387.8,1387.8,2021.0,8985167.16,4615.64,981.01,14.039629629629628,32.72333333333333,Q1,735.53,25.04131868131868,88.68027136894484,0.1823850223850236,-0.9,La Niña
Pampanga,2021,2021Q2,27.827106227106228,32.46520146520147,24.16080586080586,1225.9,1225.9,2204.0,10506657.1,5689.53,1282.01,13.75128205128205,33.1978021978022,Q2,1384.33,27.653992673992672,-11.444525510535772,0.1731135531135557,-0.5333333333333333,La Niña
Pampanga,2021,2021Q3,26.4981884057971,29.868115942028982,23.98985507246377,2628.4,2628.4,3300.0,8682598.65,4869.62,1010.63,12.49963768115942,32.10217391304348,Q3,2584.27,26.237318840579707,1.707638907699277,0.2608695652173942,-0.5333333333333333,La Niña
Pampanga,2021,2021Q4,25.593115942028984,29.20326086956522,22.94746376811594,2110.3,2110.3,2314.0,8347828.46,4358.13,914.59,13.88586956521739,31.091666666666665,Q4,1569.21,25.644891304347823,34.48168186539725,-0.051775362318839,-0.9333333333333332,La Niña
Pampanga,2022,2022Q1,25.59962962962963,30.12851851851852,22.127777777777776,1027.9,1027.9,1566.0,9453835.36,4986.5,1074.01,15.372962962962962,33.16148148148148,Q1,735.53,25.04131868131868,39.74956833847703,0.5583109483109467,-0.9666666666666668,La Niña
Pampanga,2022,2022Q2,26.98168498168498,31.61465201465201,23.564468864468864,2319.5,2319.5,2402.0,9731581.2,5603.18,1205.74,14.163369963369965,31.79597069597069,Q2,1384.33,27.653992673992672,67.5539791812646,-0.6723076923076903,-1.0,La Niña
Pampanga,2022,2022Q3,26.064855072463768,29.79927536231884,23.37644927536232,3427.3,3427.3,3019.0,8020390.94,4933.78,1008.04,12.460507246376812,28.37934782608696,Q3,2584.27,26.237318840579707,32.62159139718374,-0.1724637681159393,-0.9,La Niña
Pampanga,2022,2022Q4,25.746739130434783,29.35398550724637,23.037681159420288,1981.1,1981.1,2346.0,8612935.21,4498.01,939.61,13.884782608695652,31.07210144927536,Q4,1569.21,25.644891304347823,26.248239560033383,0.1018478260869599,-0.9,La Niña
Pampanga,2023,2023Q1,25.56740740740741,30.275185185185187,21.9225925925926,1187.9,1187.9,1553.0,8990693.47,4820.2,1088.61,15.995185185185184,34.44148148148148,Q1,735.53,25.04131868131868,61.50258996913792,0.5260887260887266,-0.3999999999999999,Neutral
Pampanga,2023,2023Q2,27.583882783882785,32.4996336996337,23.98095238095238,1561.3,1561.3,2169.0,10165003.67,5803.26,1279.22,13.573626373626372,30.98608058608059,Q2,1384.33,27.653992673992672,12.783801550208407,-0.0701098901098866,0.5,El Niño
Pampanga,2023,2023Q3,26.840217391304343,30.88768115942029,23.90217391304348,2308.0,2308.0,2737.0,8772025.6,5302.4,1120.49,13.282608695652174,30.452536231884057,Q3,2584.27,26.237318840579707,-10.6904464316809,0.6028985507246354,1.3333333333333333,El Niño
Pampanga,2023,2023Q4,26.27065217391304,30.30688405797102,23.20507246376812,1331.3,1331.3,1874.0,9518998.82,4851.24,1018.31,12.40144927536232,28.361956521739128,Q4,1569.21,25.644891304347823,-15.161132034590658,0.6257608695652159,1.9,El Niño
Pampanga,2024,2024Q1,26.67216117216117,31.805860805860807,22.462637362637363,177.7,177.7,420.0,10376731.3,5363.65,1266.59,18.14835164835165,36.82344322344322,Q1,735.53,25.04131868131868,-75.84055035144725,1.6308424908424897,1.4666666666666668,El Niño
Pampanga,2024,2024Q2,29.283516483516483,34.441758241758244,25.436263736263736,1162.4,1162.4,1480.0,10575669.56,6176.14,1446.06,15.4,33.26080586080587,Q2,1384.33,27.653992673992672,-16.031582064970046,1.6295238095238105,0.4333333333333333,Neutral
Pampanga,2024,2024Q3,26.80615942028985,30.314492753623185,24.318840579710145,3851.3,3851.3,3285.0,7961015.47,4857.36,1010.28,13.073550724637682,29.197826086956525,Q3,2584.27,26.237318840579707,49.02854577888534,0.5688405797101446,-0.1,Neutral
Pampanga,2024,2024Q4,26.42222222222222,29.842490842490843,23.68278388278388,1311.0,1311.0,1485.0,8469635.69,4421.85,927.83,13.063736263736264,29.17985347985348,Q4,1569.21,25.644891304347823,-16.45477660733745,0.7773309178743979,-0.3999999999999999,Neutral
Pampanga,2025,2025Q1,26.4996254681648,30.944814814814816,22.975185185185182,594.1,594.1,922.0,9481165.73,4929.66,1120.18,15.15074074074074,35.05740740740741,Q1,735.53,25.04131868131868,-19.2283115576523,1.4583067868461157,-0.3999999999999999,Neutral
Pampanga,2025,2025Q2,28.168498168498168,32.54981684981685,24.93076923076924,955.3,25.7,1632.0,10009574.86,5707.88,1268.87,12.435897435897436,27.21208791208791,Q2,1384.33,27.653992673992672,-30.991887772424203,0.5145054945054959,-0.1,Neutral
Pampanga,2025,2025Q3,26.594565217391303,28.985869565217392,24.894565217391303,1784.8,304.6,2367.0,7283060.14,4598.33,980.56,12.621376811594205,32.2286231884058,Q3,2584.27,26.237318840579707,-30.93600900834665,0.3572463768115952,-0.3,Neutral
Pampanga,2025,2025Q4,26.564480874316946,29.08688524590164,24.770491803278688,1456.0,231.8,1637.0,5618236.83,3007.52,625.34,13.912568306010929,34.24699453551912,Q4,1569.21,25.644891304347823,-7.214458230574622,0.9195895699691228,-0.6,La Niña
Pangasinan,2010,2010Q1,24.607407407407408,28.252592592592592,21.598148148148148,577.5,577.5,1266.0,9599880.64,4927.26,1032.34,13.714444444444444,32.69555555555555,Q1,994.25,24.500417175417176,-41.91601709831531,0.1069902319902311,1.1666666666666667,El Niño
Pangasinan,2010,2010Q2,27.173260073260074,30.91391941391941,24.24981684981685,1627.9,1627.9,1587.0,10284617.3,5666.08,1212.84,11.146886446886446,28.506593406593407,Q2,1676.45,27.003443223443224,-2.8960004771988404,0.1698168498168506,-0.1666666666666666,Neutral
Pangasinan,2010,2010Q3,26.16086956521739,29.40833333333333,23.651086956521738,2324.8,2324.8,2260.0,8879868.68,4974.24,1030.13,10.16413043478261,26.288768115942027,Q3,2741.55,25.981340579710142,-15.20125476464044,0.1795289855072468,-1.3,La Niña
Pangasinan,2010,2010Q4,25.086231884057973,27.973913043478262,22.893478260869568,1905.8,1905.8,2249.0,8576157.64,4082.61,840.46,11.064855072463768,28.15072463768116,Q4,1777.8200000000002,25.220543478260872,7.198704030779258,-0.1343115942028987,-1.6000000000000003,La Niña
Pangasinan,2011,2011Q1,23.732592592592592,26.719259259259257,21.46555555555556,1676.6,1676.6,2393.0,8172111.8,4117.01,864.34,12.697777777777778,30.98962962962964,Q1,994.25,24.500417175417176,68.62962031682171,-0.7678245828245842,-1.1666666666666667,La Niña
Pangasinan,2011,2011Q2,26.05201465201465,29.403663003663,23.418315018315017,2042.8,2042.8,1947.0,9164254.59,5136.39,1081.04,11.975091575091575,29.9956043956044,Q2,1676.45,27.003443223443224,21.852724507143066,-0.9514285714285756,-0.5666666666666667,La Niña
Pangasinan,2011,2011Q3,25.65434782608696,28.71413043478261,23.31413043478261,2896.8,2896.8,2799.0,7948654.33,4513.04,927.15,11.257246376811594,30.27282608695652,Q3,2741.55,25.981340579710142,5.662854954314165,-0.326992753623184,-0.6333333333333333,La Niña
Pangasinan,2011,2011Q4,24.99963768115942,27.82934782608696,22.818840579710145,2176.6,2176.6,2315.0,8228807.62,3976.62,818.49,11.346014492753625,29.5518115942029,Q4,1777.8200000000002,25.220543478260872,22.43084226749613,-0.2209057971014516,-1.0333333333333334,La Niña
Pangasinan,2012,2012Q1,24.545787545787547,27.67948717948718,22.16080586080586,1240.6,1240.6,1973.0,9053247.59,4471.77,929.12,12.296703296703296,31.516117216117216,Q1,994.25,24.500417175417176,24.777470455116912,0.0453703703703709,-0.7333333333333334,La Niña
Pangasinan,2012,2012Q2,26.41282051282052,29.8992673992674,23.708791208791208,1664.6,1664.6,2027.0,9626069.25,5319.61,1107.66,10.672893772893772,28.47435897435897,Q2,1676.45,27.003443223443224,-0.7068507858868524,-0.5906227106227071,-0.2666666666666666,Neutral
Pangasinan,2012,2012Q3,25.6768115942029,28.72246376811594,23.32210144927536,2764.0,2764.0,2745.0,8095131.16,4530.23,927.94,11.205072463768117,30.448188405797104,Q3,2741.55,25.981340579710142,0.8188798307526698,-0.3045289855072433,0.3333333333333333,Neutral
Pangasinan,2012,2012Q4,25.07644927536232,28.11847826086957,22.667391304347824,1318.5,1318.5,1791.0,9055768.4,4300.45,893.59,11.782608695652174,30.34565217391304,Q4,1777.8200000000002,25.220543478260872,-25.8361363917607,-0.1440942028985503,0.0666666666666666,Neutral
Pangasinan,2013,2013Q1,24.59703703703704,27.786296296296296,22.084814814814813,1283.4,1283.4,1728.0,8901378.1,4488.45,936.78,12.71148148148148,31.16703703703704,Q1,994.25,24.500417175417176,29.08222278099071,0.0966198616198639,-0.3666666666666667,Neutral
Pangasinan,2013,2013Q2,26.821611721611724,30.291208791208792,24.133333333333333,1702.5,1702.5,1854.0,9610962.4,5364.07,1131.06,10.398168498168497,26.92014652014652,Q2,1676.45,27.003443223443224,1.5538787318440723,-0.1818315018314997,-0.3666666666666667,Neutral
Pangasinan,2013,2013Q3,25.87282608695652,28.97065217391304,23.469202898550726,2217.4,2217.4,2463.0,8002667.85,4572.77,951.63,11.292028985507246,29.95942028985507,Q3,2741.55,25.981340579710142,-19.11874669438821,-0.1085144927536241,-0.3333333333333333,Neutral
Pangasinan,2013,2013Q4,24.7713768115942,27.55434782608696,22.571739130434786,1783.8,1783.8,2285.0,8549413.52,4009.29,833.65,12.535507246376811,31.102536231884056,Q4,1777.8200000000002,25.220543478260872,0.3363670112834702,-0.4491666666666702,-0.2333333333333333,Neutral
Pangasinan,2014,2014Q1,23.66962962962963,26.92185185185185,21.04925925925926,1071.8,1071.8,1646.0,9000684.94,4528.61,937.88,13.055185185185186,31.30296296296296,Q1,994.25,24.500417175417176,7.799849132511939,-0.8307875457875475,-0.3999999999999999,Neutral
Pangasinan,2014,2014Q2,26.887179487179488,30.522710622710623,24.09523809523809,1600.8,1600.8,1756.0,10062153.71,5500.58,1161.56,10.236630036630036,26.506593406593407,Q2,1676.45,27.003443223443224,-4.512511557159479,-0.1162637362637362,0.1333333333333333,Neutral
Pangasinan,2014,2014Q3,26.018478260869568,29.092391304347824,23.571739130434786,2654.7,2654.7,2399.0,8375002.05,4737.68,978.0,11.28804347826087,29.6036231884058,Q3,2741.55,25.981340579710142,-3.1679159599496765,0.0371376811594252,0.1,Neutral
Pangasinan,2014,2014Q4,25.005797101449275,27.95217391304348,22.69855072463768,1533.0,1533.0,2085.0,8637411.12,4119.36,858.55,11.51123188405797,28.58550724637681,Q4,1777.8200000000002,25.220543478260872,-13.770797943548848,-0.2147463768115969,0.6,El Niño
Pangasinan,2015,2015Q1,23.93296296296296,27.39703703703704,21.112962962962964,716.9,716.9,1523.0,9285484.56,4703.62,988.89,13.82925925925926,32.30074074074074,Q1,994.25,24.500417175417176,-27.895398541614284,-0.5674542124542157,0.5,El Niño
Pangasinan,2015,2015Q2,27.1989010989011,31.0010989010989,24.183516483516485,1211.8,1211.8,1430.0,10559374.66,5811.52,1246.74,11.11831501831502,28.206227106227107,Q2,1676.45,27.003443223443224,-27.71630528795968,0.1954578754578761,0.9333333333333332,El Niño
Pangasinan,2015,2015Q3,26.1481884057971,29.20905797101449,23.66413043478261,2600.3,2600.3,2432.0,8689159.56,4772.25,987.64,11.412318840579712,30.05615942028985,Q3,2741.55,25.981340579710142,-5.152194926227863,0.1668478260869577,1.8666666666666665,El Niño
Pangasinan,2015,2015Q4,25.369202898550725,28.409782608695654,22.87934782608696,1650.4,1650.4,1726.0,9170856.82,4354.46,899.76,12.295289855072465,30.65072463768116,Q4,1777.8200000000002,25.220543478260872,-7.1672047788865045,0.148659420289853,2.533333333333333,El Niño
Pangasinan,2016,2016Q1,24.745421245421245,28.21172161172161,22.001831501831504,713.2,713.2,1460.0,9435805.46,4678.05,990.68,13.927106227106227,32.272893772893774,Q1,994.25,24.500417175417176,-28.267538345486543,0.2450040700040681,2.066666666666667,El Niño
Pangasinan,2016,2016Q2,27.42820512820513,31.25641025641025,24.496336996337,1560.6,1560.6,1629.0,10406705.32,5662.82,1225.85,11.39010989010989,28.687545787545787,Q2,1676.45,27.003443223443224,-6.910435742193332,0.4247619047619047,0.3999999999999999,Neutral
Pangasinan,2016,2016Q3,26.37572463768116,29.475,23.994565217391305,2715.9,2715.9,2482.0,8446277.65,4756.39,982.83,10.391666666666666,28.80253623188406,Q3,2741.55,25.981340579710142,-0.9356021228866914,0.3943840579710169,-0.5,La Niña
Pangasinan,2016,2016Q4,25.4786231884058,28.35217391304348,23.286594202898552,2182.2,2182.2,2354.0,8330814.77,3954.89,828.8,11.85108695652174,30.316666666666663,Q4,1777.8200000000002,25.220543478260872,22.745834786423803,0.2580797101449263,-0.6666666666666666,La Niña
Pangasinan,2017,2017Q1,24.81740740740741,28.598148148148148,22.043333333333333,1338.4,1338.4,1764.0,8340577.04,4265.94,968.71,15.903703703703703,33.28962962962963,Q1,994.25,24.500417175417176,34.61403067638925,0.316990231990232,-0.1333333333333333,Neutral
Pangasinan,2017,2017Q2,27.107692307692307,31.254945054945058,24.145787545787545,2049.4,2049.4,1996.0,10014697.74,5581.72,1204.83,13.018315018315018,28.839926739926742,Q2,1676.45,27.003443223443224,22.246413552447137,0.1042490842490835,0.2666666666666666,Neutral
Pangasinan,2017,2017Q3,26.175362318840577,29.74782608695652,23.76666666666667,2784.7,2784.7,2681.0,8356400.88,4883.01,998.98,13.167028985507246,29.28442028985508,Q3,2741.55,25.981340579710142,1.5739271579945515,0.1940217391304344,-0.1333333333333333,Neutral
Pangasinan,2017,2017Q4,25.367391304347827,28.50869565217392,23.14746376811594,1879.1,1879.1,2233.0,7678132.48,3859.57,823.8,14.133333333333336,31.132608695652173,Q4,1777.8200000000002,25.220543478260872,5.696864699463373,0.1468478260869545,-0.8333333333333334,La Niña
Pangasinan,2018,2018Q1,25.08037037037037,29.016666666666666,22.114074074074075,711.9,711.9,1395.0,8561385.4,4459.69,1001.79,15.45851851851852,31.935185185185187,Q1,994.25,24.500417175417176,-28.39829016846869,0.5799531949531946,-0.8333333333333334,La Niña
Pangasinan,2018,2018Q2,27.524175824175824,32.16117216117216,24.3970695970696,1448.3,1448.3,1918.0,9961269.41,5590.92,1240.04,13.914652014652011,31.29084249084249,Q2,1676.45,27.003443223443224,-13.609114497897348,0.5207326007326003,-0.2333333333333333,Neutral
Pangasinan,2018,2018Q3,25.683333333333334,29.02644927536232,23.4481884057971,3554.7,3554.7,4011.0,7693834.77,4599.66,924.64,15.12463768115942,32.405072463768114,Q3,2741.55,25.981340579710142,29.660228702741136,-0.2980072463768088,0.2666666666666666,Neutral
Pangasinan,2018,2018Q4,25.62753623188405,29.406884057971016,22.7572463768116,1495.7,1495.7,2071.0,9237217.7,4672.07,993.57,13.79927536231884,29.29420289855073,Q4,1777.8200000000002,25.220543478260872,-15.86887311426354,0.4069927536231823,0.8333333333333334,El Niño
Pangasinan,2019,2019Q1,25.275555555555552,29.92407407407408,21.427777777777777,612.2,612.2,1150.0,9741116.94,5185.5,1163.28,15.955925925925929,33.416296296296295,Q1,994.25,24.500417175417176,-38.42594920794568,0.775138380138376,0.6999999999999998,El Niño
Pangasinan,2019,2019Q2,27.428571428571427,31.870695970695973,24.261904761904763,1855.8,1855.8,2540.0,9944675.84,5591.72,1217.63,13.342124542124544,29.59157509157509,Q2,1676.45,27.003443223443224,10.698201556861218,0.4251282051282032,0.5666666666666667,El Niño
Pangasinan,2019,2019Q3,26.047463768115943,29.49275362318841,23.57427536231884,2902.2,2902.2,3364.0,8241954.3,4853.53,983.14,15.103623188405798,32.26340579710145,Q3,2741.55,25.981340579710142,5.859823822290297,0.0661231884058004,0.1999999999999999,Neutral
Pangasinan,2019,2019Q4,25.423188405797102,29.067391304347822,22.67644927536232,1853.1,1853.1,2300.0,8978758.03,4510.79,937.33,13.693478260869565,29.74746376811594,Q4,1777.8200000000002,25.220543478260872,4.234399433013452,0.2026449275362303,0.4333333333333333,Neutral
Pangasinan,2020,2020Q1,25.57985347985348,30.21062271062271,21.99120879120879,459.4,459.4,1313.0,9970525.45,5169.78,1180.14,16.985347985347985,35.07399267399268,Q1,994.25,24.500417175417176,-53.79431732461655,1.0794363044363031,0.4666666666666666,Neutral
Pangasinan,2020,2020Q2,27.884249084249085,32.58571428571428,24.42124542124542,1996.2,1996.2,2209.0,10269008.8,5806.08,1306.26,14.16117216117216,31.11355311355312,Q2,1676.45,27.003443223443224,19.07304124787497,0.8808058608058609,-0.0666666666666666,Neutral
Pangasinan,2020,2020Q3,26.620289855072464,30.55942028985508,23.822826086956525,2518.8,2518.8,2786.0,9161698.3,5320.9,1100.78,12.193478260869565,27.65326086956522,Q3,2741.55,25.981340579710142,-8.124965804015975,0.6389492753623216,-0.6333333333333333,La Niña
Pangasinan,2020,2020Q4,25.53333333333333,28.78985507246377,23.17463768115942,2759.6,2759.6,2942.0,7748471.84,3975.04,828.36,14.296739130434784,31.316304347826083,Q4,1777.8200000000002,25.220543478260872,55.22381343443092,0.3127898550724595,-1.2333333333333334,La Niña
Pangasinan,2021,2021Q1,24.945925925925923,28.774074074074075,22.08037037037037,1310.0,1310.0,2115.0,8569240.24,4501.91,969.99,14.542222222222222,31.010370370370367,Q1,994.25,24.500417175417176,31.757606235856173,0.4455087505087469,-0.9,La Niña
Pangasinan,2021,2021Q2,27.45238095238096,31.9992673992674,24.053479853479853,1754.7,1754.7,2225.0,10124868.02,5753.11,1286.3,14.595604395604395,31.764468864468867,Q2,1676.45,27.003443223443224,4.667601181067136,0.4489377289377323,-0.5333333333333333,La Niña
Pangasinan,2021,2021Q3,26.48949275362319,30.26268115942029,23.795289855072465,2764.8,2764.8,3120.0,8731004.43,5112.46,1051.69,12.844202898550725,29.13188405797101,Q3,2741.55,25.981340579710142,0.8480604037861793,0.5081521739130466,-0.5333333333333333,La Niña
Pangasinan,2021,2021Q4,25.532608695652176,29.356884057971016,22.77355072463768,2038.3,2038.3,2093.0,8381653.57,4460.03,955.07,14.434420289855073,29.81304347826087,Q4,1777.8200000000002,25.220543478260872,14.651652023264433,0.3120652173913036,-0.9333333333333332,La Niña
Pangasinan,2022,2022Q1,25.32,29.79925925925926,22.07851851851852,1438.2,1438.2,1816.0,9099415.44,5012.05,1084.53,15.131851851851852,30.85407407407408,Q1,994.25,24.500417175417176,44.65174754840333,0.8195828245828238,-0.9666666666666668,La Niña
Pangasinan,2022,2022Q2,26.54175824175824,31.03846153846154,23.40989010989011,2807.9,2807.9,2412.0,9264213.89,5643.41,1194.73,13.537728937728938,29.1014652014652,Q2,1676.45,27.003443223443224,67.49082883474009,-0.4616849816849822,-1.0,La Niña
Pangasinan,2022,2022Q3,25.946739130434786,30.043840579710142,23.19855072463768,3318.1,3318.1,2722.0,8272972.08,5233.99,1065.33,13.478985507246376,28.555434782608696,Q3,2741.55,25.981340579710142,21.030074228082643,-0.0346014492753568,-0.9,La Niña
Pangasinan,2022,2022Q4,25.51485507246377,29.23007246376812,22.77789855072464,2310.5,2310.5,2371.0,8027517.59,4403.79,933.97,14.429710144927537,29.696014492753623,Q4,1777.8200000000002,25.220543478260872,29.962538389713234,0.2943115942028989,-0.9,La Niña
Pangasinan,2023,2023Q1,25.16037037037037,29.639259259259266,21.772222222222226,1202.8,1202.8,1713.0,8435888.01,4845.87,1086.97,16.462592592592593,33.07851851851852,Q1,994.25,24.500417175417176,20.97560975609756,0.6599531949531929,-0.3999999999999999,Neutral
Pangasinan,2023,2023Q2,27.127838827838826,32.03992673992674,23.723443223443223,2251.7,2251.7,2346.0,9764067.37,5801.83,1264.72,14.563003663003665,30.947985347985345,Q2,1676.45,27.003443223443224,34.31357928957021,0.1243956043956018,0.5,El Niño
Pangasinan,2023,2023Q3,26.107246376811595,29.996739130434783,23.481884057971016,3699.2,3699.2,3164.0,7933192.29,5041.3,1027.13,14.419565217391304,29.640579710144927,Q3,2741.55,25.981340579710142,34.9309697069176,0.1259057971014527,1.3333333333333333,El Niño
Pangasinan,2023,2023Q4,26.15507246376812,30.320652173913043,23.10507246376812,1294.1,1294.1,1757.0,8934328.87,4754.13,1023.18,13.690579710144927,27.982971014492755,Q4,1777.8200000000002,25.220543478260872,-27.208603795659865,0.9345289855072494,1.9,El Niño
Pangasinan,2024,2024Q1,26.71611721611721,32.19560439560439,22.64468864468865,244.3,244.3,752.0,10047161.03,5344.76,1311.28,17.713919413919413,35.41025641025641,Q1,994.25,24.500417175417176,-75.4287151118934,2.215700040700036,1.4666666666666668,El Niño
Pangasinan,2024,2024Q2,29.500366300366306,35.24029304029304,25.47179487179488,1619.3,1619.3,1512.0,10628500.15,6260.37,1466.3,15.267765567765569,32.118315018315016,Q2,1676.45,27.003443223443224,-3.408989233201116,2.496923076923082,0.4333333333333333,Neutral
Pangasinan,2024,2024Q3,27.117028985507247,31.253985507246377,24.4572463768116,3735.7,3735.7,3074.0,7948777.89,5004.42,1047.09,13.708333333333334,29.33804347826087,Q3,2741.55,25.981340579710142,36.26233335157117,1.1356884057971044,-0.1,Neutral
Pangasinan,2024,2024Q4,26.466296296296296,30.23443223443224,23.806593406593407,2209.5,2209.5,1841.0,7885866.86,4140.45,916.11,16.09047619047619,32.16483516483517,Q4,1777.8200000000002,25.220543478260872,24.28142331619623,1.2457528180354238,-0.3999999999999999,Neutral
Pangasinan,2025,2025Q1,26.186516853932584,30.786666666666665,22.97851851851852,998.2,998.2,1378.0,8498231.7,4656.67,1120.02,17.436296296296298,34.9762962962963,Q1,994.25,24.500417175417176,0.3972843852149907,1.686099678515408,-0.3999999999999999,Neutral
Pangasinan,2025,2025Q2,27.59047619047619,32.58681318681319,24.01941391941392,1349.2,40.3,1409.0,9717173.79,5754.45,1276.02,15.112820512820514,29.052747252747253,Q2,1676.45,27.003443223443224,-19.520415162993228,0.5870329670329646,-0.1,Neutral
Pangasinan,2025,2025Q3,25.02789855072464,28.30108695652174,22.38297101449276,2927.0,433.3,2509.0,6970823.06,4360.3,874.27,11.995289855072462,27.859782608695653,Q3,2741.55,25.981340579710142,6.764421586328895,-0.9534420289855028,-0.3,Neutral
Pangasinan,2025,2025Q4,24.9327868852459,28.460109289617485,22.262295081967213,1565.1,384.6,1369.0,5224896.19,2742.91,557.99,12.061202185792348,28.231147540983606,Q4,1777.8200000000002,25.220543478260872,-11.965215826124142,-0.2877565930149721,-0.6,La Niña
Quezon,2010,2010Q1,25.80555555555556,28.51,23.95888888888889,186.0,186.0,594.0,3425381.31,1746.35,386.94,28.78,42.614444444444445,Q1,293.53,25.32103418803419,-36.63339352025346,0.4845213675213706,1.1666666666666667,El Niño
Quezon,2010,2010Q2,28.305494505494508,31.3934065934066,26.021978021978025,201.8,201.8,486.0,3790905.27,2116.0,462.9,18.863736263736264,29.83626373626373,Q2,371.53,27.77043956043956,-45.684063198126665,0.5350549450549487,-0.1666666666666666,Neutral
Quezon,2010,2010Q3,27.02173913043478,29.7858695652174,25.171739130434784,850.9,850.9,1149.0,3156520.92,1716.41,347.36,17.53586956521739,28.143478260869564,Q3,769.01,27.029891304347824,10.648756193027396,-0.008152173913043,-1.3,La Niña
Quezon,2010,2010Q4,26.00434782608696,28.194565217391304,24.690217391304348,963.8,963.8,1469.0,2807680.36,1305.34,274.5,27.622826086956525,41.32282608695652,Q4,836.54,26.1504347826087,15.21266167786358,-0.1460869565217386,-1.6000000000000003,La Niña
Quezon,2011,2011Q1,24.86111111111111,26.917777777777776,23.50222222222222,390.7,390.7,977.0,2999141.33,1422.11,327.79,35.404444444444444,52.370000000000005,Q1,293.53,25.32103418803419,33.10394167546759,-0.4599230769230793,-1.1666666666666667,La Niña
Quezon,2011,2011Q2,26.726373626373626,29.345054945054947,24.7978021978022,628.2,628.2,846.0,3157004.32,1778.91,374.37,22.28901098901099,35.15054945054945,Q2,371.53,27.77043956043956,69.08459612951847,-1.0440659340659335,-0.5666666666666667,La Niña
Quezon,2011,2011Q3,26.825,29.551086956521736,25.03804347826087,565.5,565.5,922.0,3106326.28,1702.42,349.09,20.33478260869565,33.357608695652175,Q3,769.01,27.029891304347824,-26.463895137904576,-0.2048913043478251,-0.6333333333333333,La Niña
Quezon,2011,2011Q4,26.02391304347826,28.20108695652174,24.60326086956522,842.7,842.7,1465.0,2943003.42,1378.77,284.36,28.567391304347822,43.290217391304346,Q4,836.54,26.1504347826087,0.7363664618547926,-0.1265217391304389,-1.0333333333333334,La Niña
Quezon,2012,2012Q1,25.465934065934068,27.61978021978022,24.08571428571429,602.6,602.6,1104.0,3012201.73,1486.99,314.42,29.74175824175824,43.74835164835165,Q1,293.53,25.32103418803419,105.29417776717884,0.1448998778998778,-0.7333333333333334,La Niña
Quezon,2012,2012Q2,27.41318681318681,30.17032967032967,25.37692307692308,288.4,288.4,650.0,3564805.34,1951.39,401.08,17.801098901098904,28.63956043956044,Q2,371.53,27.77043956043956,-22.37504373805616,-0.3572527472527476,-0.2666666666666666,Neutral
Quezon,2012,2012Q3,26.55326086956521,29.247826086956525,24.847826086956523,881.2,881.2,1023.0,2798783.74,1563.58,321.37,19.87282608695652,33.28804347826087,Q3,769.01,27.029891304347824,14.58888701057204,-0.47663043478261,0.3333333333333333,Neutral
Quezon,2012,2012Q4,26.301086956521736,28.617391304347827,24.68586956521739,530.7,530.7,1020.0,3234367.66,1531.71,326.31,26.653260869565216,40.43804347826087,Q4,836.54,26.1504347826087,-36.56011667104979,0.1506521739130377,0.0666666666666666,Neutral
Quezon,2013,2013Q1,25.53333333333333,27.843333333333334,24.00888888888889,360.4,360.4,870.0,3229819.09,1620.75,351.58,30.67,45.46,Q1,293.53,25.32103418803419,22.78131707150888,0.2122991452991414,-0.3666666666666667,Neutral
Quezon,2013,2013Q2,27.772527472527475,30.54065934065934,25.68131868131868,482.0,482.0,803.0,3455819.48,1915.24,401.35,18.15824175824176,28.58681318681319,Q2,371.53,27.77043956043956,29.733803461362463,0.0020879120879158,-0.3666666666666667,Neutral
Quezon,2013,2013Q3,26.631521739130434,29.25543478260869,24.95434782608696,858.3,858.3,1212.0,2706721.49,1535.66,313.79,19.60217391304348,32.38586956521739,Q3,769.01,27.029891304347824,11.61103236628912,-0.39836956521739,-0.3333333333333333,Neutral
Quezon,2013,2013Q4,26.01195652173913,28.20217391304348,24.55760869565217,651.1,651.1,1215.0,3149980.2,1421.57,301.42,28.472826086956523,43.2054347826087,Q4,836.54,26.1504347826087,-22.167499462069948,-0.1384782608695687,-0.2333333333333333,Neutral
Quezon,2014,2014Q1,24.82777777777778,27.344444444444445,23.082222222222224,192.1,192.1,596.0,3255811.82,1613.81,375.7,31.64888888888889,47.24111111111111,Q1,293.53,25.32103418803419,-34.555241372261776,-0.4932564102564107,-0.3999999999999999,Neutral
Quezon,2014,2014Q2,27.9956043956044,30.96043956043956,25.80989010989011,242.5,242.5,612.0,3611611.43,2000.82,432.82,18.68131868131868,30.006593406593407,Q2,371.53,27.77043956043956,-34.72936236643071,0.2251648351648398,0.1333333333333333,Neutral
Quezon,2014,2014Q3,26.994565217391305,29.717391304347824,25.14891304347826,799.1,799.1,835.0,2897265.56,1646.32,343.3,20.85652173913044,33.39565217391304,Q3,769.01,27.029891304347824,3.9128229801953207,-0.0353260869565197,0.1,Neutral
Quezon,2014,2014Q4,25.872826086956525,27.96630434782609,24.51304347826087,936.7,936.7,1409.0,2943761.72,1351.78,292.39,31.241304347826084,46.74347826086956,Q4,836.54,26.1504347826087,11.973127405742712,-0.277608695652173,0.6,El Niño
Quezon,2015,2015Q1,24.78666666666667,27.183333333333334,23.08,289.5,289.5,556.0,3221496.27,1623.21,364.27,30.667777777777776,45.63555555555556,Q1,293.53,25.32103418803419,-1.3729431403944992,-0.5343675213675212,0.5,El Niño
Quezon,2015,2015Q2,27.962637362637363,31.019780219780223,25.63186813186813,221.9,221.9,534.0,3718804.1,2083.19,450.81,19.28021978021978,29.623076923076923,Q2,371.53,27.77043956043956,-40.274002099426696,0.1921978021978034,0.9333333333333332,El Niño
Quezon,2015,2015Q3,27.27717391304348,30.20543478260869,25.367391304347827,446.2,446.2,781.0,3397552.38,1812.0,373.96,18.74347826086957,30.567391304347822,Q3,769.01,27.029891304347824,-41.977347498732136,0.2472826086956558,1.8666666666666665,El Niño
Quezon,2015,2015Q4,26.448913043478264,28.65869565217391,24.97608695652174,876.4,876.4,1205.0,3146261.03,1514.0,319.86,29.06304347826088,43.96739130434783,Q4,836.54,26.1504347826087,4.764864800248645,0.2984782608695653,2.533333333333333,El Niño
Quezon,2016,2016Q1,25.703296703296704,28.0989010989011,24.0010989010989,362.7,362.7,788.0,3330216.31,1657.84,351.13,27.85824175824176,41.72637362637362,Q1,293.53,25.32103418803419,23.56488263550575,0.3822625152625143,2.066666666666667,El Niño
Quezon,2016,2016Q2,28.01098901098901,30.806593406593407,25.936263736263733,418.9,418.9,804.0,3590068.07,1998.37,422.46,18.248351648351647,28.584615384615383,Q2,371.53,27.77043956043956,12.74997981320484,0.2405494505494516,0.3999999999999999,Neutral
Quezon,2016,2016Q3,27.32608695652174,30.092391304347824,25.55978260869565,512.4,512.4,871.0,3159172.02,1715.82,356.23,18.23369565217392,30.99673913043478,Q3,769.01,27.029891304347824,-33.368876867661015,0.2961956521739139,-0.5,La Niña
Quezon,2016,2016Q4,26.30434782608696,28.42065217391304,24.97391304347826,1209.7,1209.7,1609.0,2804614.84,1329.5,281.6,29.377173913043475,44.59130434782608,Q4,836.54,26.1504347826087,44.60755014703423,0.153913043478262,-0.6666666666666666,La Niña
Quezon,2017,2017Q1,25.27111111111111,27.58666666666667,23.702222222222225,217.6,217.6,453.0,3052481.03,1485.61,332.12,25.218888888888888,52.57555555555556,Q1,293.53,25.32103418803419,-25.867884032296523,-0.0499230769230791,-0.1333333333333333,Neutral
Quezon,2017,2017Q2,27.743956043956043,30.678021978021977,25.40989010989011,490.6,490.6,672.0,3617821.4,1910.47,404.64,14.918681318681315,34.151648351648355,Q2,371.53,27.77043956043956,32.048555971254004,-0.0264835164835162,0.2666666666666666,Neutral
Quezon,2017,2017Q3,27.21195652173913,29.872826086956525,25.180434782608696,1134.1,1134.1,991.0,2819836.23,1589.65,334.52,14.45,34.13586956521739,Q3,769.01,27.029891304347824,47.47532541839507,0.1820652173913046,-0.1333333333333333,Neutral
Quezon,2017,2017Q4,26.11304347826087,28.23369565217392,24.7108695652174,1004.5,1004.5,1106.0,2673700.77,1222.06,261.81,22.668478260869566,47.44021739130435,Q4,836.54,26.1504347826087,20.07794008654697,-0.0373913043478282,-0.8333333333333334,La Niña
Quezon,2018,2018Q1,25.48333333333333,27.88888888888889,23.83111111111112,243.4,243.4,472.0,2952813.37,1464.66,326.92,24.326666666666668,50.317777777777785,Q1,293.53,25.32103418803419,-17.078322488331676,0.1622991452991407,-0.8333333333333334,La Niña
Quezon,2018,2018Q2,27.73956043956044,30.85384615384616,25.38021978021978,293.3,293.3,612.0,3544936.78,1883.32,414.94,17.37802197802198,38.81978021978022,Q2,371.53,27.77043956043956,-21.05617312195516,-0.0308791208791205,-0.2333333333333333,Neutral
Quezon,2018,2018Q3,27.165217391304346,29.74021739130435,25.20543478260869,857.4,857.4,939.0,2763419.88,1612.21,348.25,16.969565217391306,37.92934782608695,Q3,769.01,27.029891304347824,11.493998777649184,0.1353260869565211,0.2666666666666666,Neutral
Quezon,2018,2018Q4,26.20978260869565,28.54891304347826,24.567391304347822,639.3,639.3,1181.0,3129850.34,1459.52,307.51,22.55978260869565,47.34673913043478,Q4,836.54,26.1504347826087,-23.578071580558017,0.0593478260869524,0.8333333333333334,El Niño
Quezon,2019,2019Q1,25.47222222222222,28.67555555555556,23.17222222222222,90.3,90.3,475.0,3433057.79,1761.98,387.46,22.00777777777778,46.49222222222223,Q1,293.53,25.32103418803419,-69.23653459612305,0.1511880341880314,0.6999999999999998,El Niño
Quezon,2019,2019Q2,28.03406593406593,31.27472527472528,25.37692307692308,447.7,447.7,765.0,3634543.0,1954.52,417.85,13.923076923076923,32.467032967032964,Q2,371.53,27.77043956043956,20.501709148655543,0.2636263736263693,0.5666666666666667,El Niño
Quezon,2019,2019Q3,27.292391304347827,29.73913043478261,25.30760869565217,785.0,785.0,973.0,2670345.39,1562.06,338.59,16.24021739130435,37.53695652173913,Q3,769.01,27.029891304347824,2.079296758169596,0.2625000000000028,0.1999999999999999,Neutral
Quezon,2019,2019Q4,26.214130434782607,28.64565217391305,24.567391304347822,710.5,710.5,1216.0,3116726.15,1450.84,301.56,21.066304347826087,44.95326086956521,Q4,836.54,26.1504347826087,-15.066822865613116,0.0636956521739087,0.4333333333333333,Neutral
Quezon,2020,2020Q1,25.468131868131863,28.13296703296703,23.56043956043956,267.1,267.1,766.0,3353832.57,1664.67,351.72,22.845054945054947,47.2978021978022,Q1,293.53,25.32103418803419,-9.004190372363967,0.1470976800976728,0.4666666666666666,Neutral
Quezon,2020,2020Q2,28.01538461538461,31.130769230769232,25.56043956043956,573.2,573.2,858.0,3591345.59,1939.51,419.79,16.062637362637364,35.86923076923077,Q2,371.53,27.77043956043956,54.28094635695637,0.2449450549450524,-0.0666666666666666,Neutral
Quezon,2020,2020Q3,27.381521739130434,30.13804347826087,25.165217391304346,950.4,950.4,1021.0,2983455.78,1668.35,346.5,13.052173913043475,30.59021739130435,Q3,769.01,27.029891304347824,23.58746960377628,0.35163043478261,-0.6333333333333333,La Niña
Quezon,2020,2020Q4,26.23695652173913,28.55652173913043,24.72391304347826,1576.3,1576.3,1474.0,2532215.36,1248.32,260.49,22.10326086956522,46.76086956521739,Q4,836.54,26.1504347826087,88.4309178281971,0.0865217391304327,-1.2333333333333334,La Niña
Quezon,2021,2021Q1,25.37333333333333,27.745555555555555,23.72,558.7,558.7,1044.0,2956447.12,1481.58,313.6,23.732222222222223,49.35222222222222,Q1,293.53,25.32103418803419,90.33829591523867,0.0522991452991412,-0.9,La Niña
Quezon,2021,2021Q2,27.73076923076923,30.99010989010989,25.164835164835164,452.8,452.8,786.0,3603047.55,1931.53,417.74,16.983516483516482,38.63296703296703,Q2,371.53,27.77043956043956,21.874411218474947,-0.0396703296703293,-0.5333333333333333,La Niña
Quezon,2021,2021Q3,27.256521739130434,29.894565217391307,25.27391304347826,986.0,986.0,1129.0,2897432.54,1589.42,337.72,15.967391304347826,36.89021739130435,Q3,769.01,27.029891304347824,28.21679822108945,0.22663043478261,-0.5333333333333333,La Niña
Quezon,2021,2021Q4,26.23695652173913,28.77391304347826,24.528260869565216,538.2,538.2,1082.0,2797069.9,1398.76,308.12,23.00978260869565,46.46630434782608,Q4,836.54,26.1504347826087,-35.66356659573959,0.0865217391304327,-0.9333333333333332,La Niña
Quezon,2022,2022Q1,25.88111111111112,28.76888888888889,23.83888888888889,217.5,217.5,641.0,3180926.02,1640.41,357.18,22.35,45.00888888888889,Q1,293.53,25.32103418803419,-25.901952100296384,0.5600769230769274,-0.9666666666666668,La Niña
Quezon,2022,2022Q2,27.1956043956044,30.303296703296706,24.7021978021978,613.3,613.3,957.0,3278091.64,1883.79,395.91,15.985714285714286,34.426373626373625,Q2,371.53,27.77043956043956,65.07415282749707,-0.5748351648351608,-1.0,La Niña
Quezon,2022,2022Q3,27.03804347826087,30.00869565217392,24.797826086956523,1044.3,1044.3,1071.0,2775054.54,1647.77,342.57,14.131521739130434,30.980434782608693,Q3,769.01,27.029891304347824,35.797974018543314,0.0081521739130465,-0.9,La Niña
Quezon,2022,2022Q4,26.25869565217392,28.80652173913043,24.497826086956525,716.2,716.2,993.0,2828001.66,1395.48,300.55,22.695652173913043,45.57717391304348,Q4,836.54,26.1504347826087,-14.385444808377354,0.1082608695652211,-0.9,La Niña
Quezon,2023,2023Q1,25.236666666666668,27.792222222222225,23.473333333333333,435.9,435.9,812.0,2864877.27,1563.03,341.67,25.72111111111112,51.03333333333333,Q1,293.53,25.32103418803419,48.50270841140599,-0.0843675213675219,-0.3999999999999999,Neutral
Quezon,2023,2023Q2,27.665934065934064,30.88571428571429,25.07692307692308,533.9,533.9,687.0,3567180.44,1935.96,417.42,16.38901098901099,35.15934065934066,Q2,371.53,27.77043956043956,43.70306570128925,-0.1045054945054957,0.5,El Niño
Quezon,2023,2023Q3,27.97717391304348,31.315217391304348,25.414130434782606,626.5,626.5,735.0,3314881.52,1835.78,402.25,16.758695652173913,35.45,Q3,769.01,27.029891304347824,-18.53161857453089,0.9472826086956552,1.3333333333333333,El Niño
Quezon,2023,2023Q4,26.58478260869565,29.39782608695652,24.767391304347825,417.7,417.7,1002.0,3035355.32,1440.81,318.06,24.41304347826087,46.84673913043478,Q4,836.54,26.1504347826087,-50.06813780572358,0.4343478260869524,1.9,El Niño
Quezon,2024,2024Q1,27.53736263736264,32.08571428571429,24.05494505494505,86.5,86.5,356.0,3448070.55,1910.32,495.89,24.55824175824176,45.52087912087912,Q1,293.53,25.32103418803419,-70.53112118011788,2.2163284493284507,1.4666666666666668,El Niño
Quezon,2024,2024Q2,29.736263736263737,34.82087912087912,25.692307692307693,469.7,469.7,547.0,3464719.2,2058.97,535.34,18.783516483516483,36.8021978021978,Q2,371.53,27.77043956043956,26.42316905768039,1.965824175824178,0.4333333333333333,Neutral
Quezon,2024,2024Q3,26.893478260869564,30.29891304347826,24.471739130434784,882.7,882.7,961.0,2862425.86,1708.7,358.19,19.48260869565217,36.9804347826087,Q3,769.01,27.029891304347824,14.783942991638607,-0.1364130434782602,-0.1,Neutral
Quezon,2024,2024Q4,26.364444444444448,30.21868131868132,23.908791208791207,783.8000000000001,783.8000000000001,911.0,2756546.29,1489.97,307.68,17.236263736263737,34.46923076923077,Q4,836.54,26.1504347826087,-6.304540129581358,0.2140096618357496,-0.3999999999999999,Neutral
Quezon,2025,2025Q1,26.12022471910112,30.031111111111112,23.605555555555554,591.7,591.7,753.0,2999990.31,1644.72,343.37,19.87555555555556,39.79888888888889,Q1,293.53,25.32103418803419,101.58075835519372,0.7991905310669303,-0.3999999999999999,Neutral
Quezon,2025,2025Q2,28.47472527472528,31.67252747252747,25.963736263736266,284.8,1.1,390.0,3165566.12,1914.92,422.18,14.315384615384616,27.33296703296704,Q2,371.53,27.77043956043956,-23.344009904987487,0.7042857142857173,-0.1,Neutral
Quezon,2025,2025Q3,26.68369565217392,30.252173913043475,23.95108695652174,635.3,63.7,743.0,2163288.79,1441.44,307.05,14.464130434782607,31.491304347826084,Q3,769.01,27.029891304347824,-17.387290152273707,-0.3461956521739076,-0.3,Neutral
Quezon,2025,2025Q4,26.537704918032787,30.04262295081967,23.94754098360656,312.0,76.0,470.0,1731318.67,906.45,189.15,14.247540983606555,33.04590163934426,Q4,836.54,26.1504347826087,-62.70351686709541,0.3872701354240888,-0.6,La Niña
Rizal,2010,2010Q1,25.202222222222225,29.87666666666667,21.273333333333333,17.6,17.6,65.0,3441019.0,1746.95,377.93,14.521111111111113,35.76111111111111,Q1,109.15,24.80027106227106,-83.87540082455337,0.4019511599511638,1.1666666666666667,El Niño
Rizal,2010,2010Q2,27.93076923076923,32.628571428571426,24.46043956043956,563.7,563.7,437.0,3608401.99,2008.35,442.11,11.77912087912088,31.725274725274726,Q2,573.46,27.746153846153845,-1.7019495692812037,0.1846153846153839,-0.1666666666666666,Neutral
Rizal,2010,2010Q3,26.297826086956523,30.00543478260869,23.85869565217392,989.0,989.0,921.0,2939476.09,1622.36,331.59,9.457608695652176,28.039130434782606,Q3,1279.05,26.04304347826087,-22.67698682616004,0.2547826086956526,-1.3,La Niña
Rizal,2010,2010Q4,25.40869565217391,28.98804347826087,22.847826086956523,443.6,443.6,464.0,3004213.48,1406.92,286.71,11.52391304347826,32.34239130434783,Q4,463.13,25.619891304347828,-4.216958521365485,-0.2111956521739166,-1.6000000000000003,La Niña
Rizal,2011,2011Q1,24.04888888888889,27.952222222222225,21.07111111111111,202.3,202.3,175.0,3231615.87,1618.49,335.07,15.935555555555556,39.367777777777775,Q1,109.15,24.80027106227106,85.3412734768667,-0.7513821733821722,-1.1666666666666667,La Niña
Rizal,2011,2011Q2,26.572527472527472,30.584615384615383,23.59450549450549,718.9,718.9,618.0,3173776.99,1784.14,379.37,12.015384615384615,32.68021978021978,Q2,573.46,27.746153846153845,25.36183866355106,-1.173626373626373,-0.5666666666666667,La Niña
Rizal,2011,2011Q3,25.60652173913044,28.97608695652174,23.532608695652176,1302.9,1302.9,1123.0,2506711.99,1406.91,284.77,11.075,33.79891304347826,Q3,1279.05,26.04304347826087,1.8646651811891743,-0.4365217391304306,-0.6333333333333333,La Niña
Rizal,2011,2011Q4,25.28152173913044,28.74021739130435,22.703260869565216,634.9,634.9,618.0,2882954.95,1383.62,282.37,12.142391304347823,33.94565217391305,Q4,463.13,25.619891304347828,37.08893831105737,-0.3383695652173877,-1.0333333333333334,La Niña
Rizal,2012,2012Q1,24.6956043956044,28.548351648351648,21.66263736263736,228.9,228.9,245.0,3154997.72,1594.33,326.61,13.954945054945057,35.82747252747253,Q1,109.15,24.80027106227106,109.7114063215758,-0.1046666666666631,-0.7333333333333334,La Niña
Rizal,2012,2012Q2,26.72197802197802,30.83956043956044,23.847252747252742,690.9,690.9,727.0,3263775.6,1804.07,375.79,11.076923076923077,31.262637362637363,Q2,573.46,27.746153846153845,20.47919645659679,-1.024175824175824,-0.2666666666666666,Neutral
Rizal,2012,2012Q3,25.588043478260868,28.948913043478264,23.50543478260869,1467.0,1467.0,1218.0,2534536.79,1388.51,281.31,10.522826086956522,32.108695652173914,Q3,1279.05,26.04304347826087,14.694499824088195,-0.4550000000000018,0.3333333333333333,Neutral
Rizal,2012,2012Q4,25.43478260869565,29.256521739130434,22.44347826086957,226.5,226.5,295.0,3223664.27,1536.56,317.41,12.345652173913043,32.73478260869565,Q4,463.13,25.619891304347828,-51.093645412735086,-0.185108695652179,0.0666666666666666,Neutral
Rizal,2013,2013Q1,25.142222222222223,29.293333333333333,21.76222222222222,70.3,70.3,106.0,3293549.72,1643.56,351.13,14.835555555555556,37.10666666666667,Q1,109.15,24.80027106227106,-35.59322033898306,0.3419511599511615,-0.3666666666666667,Neutral
Rizal,2013,2013Q2,27.76043956043956,32.01648351648352,24.5989010989011,528.9,528.9,530.0,3339942.24,1849.01,400.09,10.335164835164836,29.07912087912088,Q2,573.46,27.746153846153845,-7.770376312210104,0.014285714285716,-0.3666666666666667,Neutral
Rizal,2013,2013Q3,25.819565217391304,29.19347826086957,23.65108695652174,1365.3,1365.3,1195.0,2469545.32,1402.95,286.84,9.895652173913044,30.578260869565216,Q3,1279.05,26.04304347826087,6.743286032602322,-0.223478260869566,-0.3333333333333333,Neutral
Rizal,2013,2013Q4,25.169565217391305,28.63695652173913,22.55326086956521,439.8,439.8,446.0,3098357.88,1433.17,290.31,11.853260869565217,31.93369565217392,Q4,463.13,25.619891304347828,-5.037462483535937,-0.4503260869565224,-0.2333333333333333,Neutral
Rizal,2014,2014Q1,23.92888888888889,28.288888888888888,20.25333333333333,54.8,54.8,73.0,3370622.71,1720.37,355.71,14.032222222222224,34.93222222222222,Q1,109.15,24.80027106227106,-49.79386165826845,-0.8713821733821732,-0.3999999999999999,Neutral
Rizal,2014,2014Q2,27.708791208791208,32.16043956043956,24.43406593406593,528.9,528.9,521.0,3543671.85,1893.88,408.29,10.873626373626374,29.77802197802198,Q2,573.46,27.746153846153845,-7.770376312210104,-0.0373626373626372,0.1333333333333333,Neutral
Rizal,2014,2014Q3,26.05978260869565,29.48369565217392,23.7858695652174,1206.1,1206.1,1088.0,2682762.71,1493.31,304.93,10.965217391304348,31.55978260869565,Q3,1279.05,26.04304347826087,-5.703451780618432,0.0167391304347788,0.1,Neutral
Rizal,2014,2014Q4,25.293478260869566,28.907608695652176,22.48804347826087,383.3,383.3,337.0,3138019.73,1476.69,304.53000000000003,12.054347826086955,32.46739130434783,Q4,463.13,25.619891304347828,-17.237060868438665,-0.3264130434782615,0.6,El Niño
Rizal,2015,2015Q1,23.86777777777778,28.23,20.23777777777778,92.2,92.2,98.0,3374176.1,1705.56,351.84,14.592222222222222,36.02555555555556,Q1,109.15,24.80027106227106,-15.529088410444343,-0.9324932844932832,0.5,El Niño
Rizal,2015,2015Q2,27.82857142857143,32.5076923076923,24.33186813186813,343.2,343.2,347.0,3638054.21,2009.23,436.98,11.654945054945054,30.91318681318681,Q2,573.46,27.746153846153845,-40.15275694904615,0.0824175824175839,0.9333333333333332,El Niño
Rizal,2015,2015Q3,26.29565217391304,30.01195652173913,23.86521739130435,995.9,995.9,1014.0,2912076.81,1598.27,326.62,10.01086956521739,30.25543478260869,Q3,1279.05,26.04304347826087,-22.13752394355185,0.2526086956521709,1.8666666666666665,El Niño
Rizal,2015,2015Q4,25.73695652173913,29.48586956521739,22.721739130434784,711.5,711.5,342.0,3170722.99,1506.03,313.01,13.658695652173911,35.94456521739131,Q4,463.13,25.619891304347828,53.62857081165116,0.1170652173913033,2.533333333333333,El Niño
Rizal,2016,2016Q1,25.16043956043956,29.19450549450549,21.95274725274725,49.4,49.4,166.0,3284000.81,1599.66,339.79,13.5,33.457142857142856,Q1,109.15,24.80027106227106,-54.74118185982593,0.3601684981684983,2.066666666666667,El Niño
Rizal,2016,2016Q2,28.07362637362637,32.642857142857146,24.7956043956044,501.8,501.8,447.0,3546119.42,1932.74,426.41,11.618681318681318,31.806593406593407,Q2,573.46,27.746153846153845,-12.496076448226558,0.3274725274725263,0.3999999999999999,Neutral
Rizal,2016,2016Q3,26.27282608695652,29.80217391304348,24.12173913043478,1229.5,1229.5,1091.0,2639382.82,1480.39,302.32,9.955434782608696,31.190217391304348,Q3,1279.05,26.04304347826087,-3.87396896133849,0.2297826086956504,-0.5,La Niña
Rizal,2016,2016Q4,25.717391304347824,29.17826086956521,23.122826086956525,649.8,649.8,518.0,2955698.62,1378.98,284.53000000000003,13.384782608695652,35.48695652173913,Q4,463.13,25.619891304347828,40.30617753114675,0.0974999999999965,-0.6666666666666666,La Niña
Rizal,2017,2017Q1,24.924444444444443,29.14,21.42666666666667,159.6,159.6,166.0,3228520.15,1729.05,379.98,18.22111111111112,35.59,Q1,109.15,24.80027106227106,46.22079706825468,0.1241733821733817,-0.1333333333333333,Neutral
Rizal,2017,2017Q2,28.17582417582417,32.885714285714286,24.803296703296706,541.9,541.9,470.0,3569527.13,1926.1,431.63,12.28131868131868,28.686813186813183,Q2,573.46,27.746153846153845,-5.50343528755276,0.4296703296703263,0.2666666666666666,Neutral
Rizal,2017,2017Q3,26.56413043478261,30.13586956521739,24.172826086956523,1009.9,1009.9,984.0,2792835.06,1519.64,316.17,11.714130434782607,29.59021739130435,Q3,1279.05,26.04304347826087,-21.04296157304249,0.5210869565217386,-0.1333333333333333,Neutral
Rizal,2017,2017Q4,25.99347826086957,29.50326086956522,23.25,495.7,495.7,428.0,2902068.2,1434.35,317.51,15.982608695652177,33.05760869565218,Q4,463.13,25.619891304347828,7.0325826441819785,0.3735869565217413,-0.8333333333333334,La Niña
Rizal,2018,2018Q1,25.66,30.094444444444445,22.05555555555556,150.0,150.0,133.0,3289243.23,1722.63,391.68,16.727777777777778,33.0,Q1,109.15,24.80027106227106,37.42556115437471,0.8597289377289385,-0.8333333333333334,La Niña
Rizal,2018,2018Q2,28.39120879120879,33.105494505494505,24.917582417582416,531.5,531.5,566.0,3375955.06,1803.53,423.83,13.95164835164835,31.90989010989011,Q2,573.46,27.746153846153845,-7.31698810727863,0.6450549450549445,-0.2333333333333333,Neutral
Rizal,2018,2018Q3,25.83043478260869,29.10760869565217,23.77717391304348,1646.8,1646.8,1494.0,2242526.9,1336.54,274.3,13.338043478260868,32.827173913043474,Q3,1279.05,26.04304347826087,28.751807982487005,-0.2126086956521753,0.2666666666666666,Neutral
Rizal,2018,2018Q4,26.10869565217392,30.169565217391305,22.722826086956523,335.9,335.9,386.0,3199189.2,1652.81,368.32,16.10326086956522,32.84239130434783,Q4,463.13,25.619891304347828,-27.47176818603848,0.4888043478260897,0.8333333333333334,El Niño
Rizal,2019,2019Q1,25.372222222222224,30.328888888888887,20.98777777777778,66.4,66.4,120.0,3444968.33,1888.4,420.85,17.86888888888889,35.16111111111111,Q1,109.15,24.80027106227106,-39.1662849289968,0.571951159951162,0.6999999999999998,El Niño
Rizal,2019,2019Q2,28.2978021978022,33.27252747252747,24.747252747252748,784.9,784.9,717.0,3413792.19,1893.67,424.04,11.903296703296704,27.85824175824176,Q2,573.46,27.746153846153845,36.87092386565757,0.5516483516483532,0.5666666666666667,El Niño
Rizal,2019,2019Q3,26.095652173913045,29.418478260869566,23.958695652173912,1578.1,1578.1,1469.0,2452194.11,1380.39,284.31,13.046739130434782,32.904347826086955,Q3,1279.05,26.04304347826087,23.380634064344623,0.0526086956521751,0.1999999999999999,Neutral
Rizal,2019,2019Q4,26.05434782608696,30.15869565217391,22.620652173913044,310.3,310.3,420.0,3143084.08,1592.31,344.14,14.365217391304348,30.315217391304348,Q4,463.13,25.619891304347828,-32.999373825923605,0.4344565217391327,0.4333333333333333,Neutral
Rizal,2020,2020Q1,25.963736263736266,31.08131868131868,21.698901098901096,43.4,43.4,174.0,3501484.12,1902.04,439.03,18.47912087912088,37.13406593406593,Q1,109.15,24.80027106227106,-60.23820430600091,1.163465201465204,0.4666666666666666,Neutral
Rizal,2020,2020Q2,28.47692307692308,33.3021978021978,24.67142857142857,580.6,580.6,510.0,3611705.41,1972.21,447.22,12.68131868131868,28.83846153846154,Q2,573.46,27.746153846153845,1.2450737627733384,0.7307692307692335,-0.0666666666666666,Neutral
Rizal,2020,2020Q3,27.067391304347822,30.98369565217392,24.122826086956525,806.4,806.4,928.0,2975980.29,1665.74,351.09,10.133695652173913,25.870652173913044,Q3,1279.05,26.04304347826087,-36.95320745866073,1.0243478260869523,-0.6333333333333333,La Niña
Rizal,2020,2020Q4,26.05760869565217,29.68369565217392,23.25543478260869,1061.9,1061.9,801.0,2681877.45,1368.41,297.36,14.857608695652177,31.946739130434786,Q4,463.13,25.619891304347828,129.2876730075789,0.4377173913043428,-1.2333333333333334,La Niña
Rizal,2021,2021Q1,25.52555555555556,29.813333333333333,22.06222222222222,194.1,194.1,277.0,3166964.6,1681.56,374.84,16.296666666666667,33.17111111111111,Q1,109.15,24.80027106227106,77.82867613376087,0.725284493284498,-0.9,La Niña
Rizal,2021,2021Q2,28.848351648351645,34.35054945054945,24.667032967032966,426.0,426.0,485.0,3598771.77,2007.53,477.66,15.052747252747253,32.801098901098904,Q2,573.46,27.746153846153845,-25.714086422767068,1.1021978021978,-0.5333333333333333,La Niña
Rizal,2021,2021Q3,26.619565217391305,30.345652173913045,24.06086956521739,1057.9,1057.9,1151.0,2783937.97,1557.34,325.63,12.215217391304348,30.470652173913045,Q3,1279.05,26.04304347826087,-17.290176302724667,0.5765217391304347,-0.5333333333333333,La Niña
Rizal,2021,2021Q4,26.45543478260869,30.543478260869566,23.26413043478261,388.5,388.5,401.0,2925387.51,1530.09,355.59,16.671739130434784,32.470652173913045,Q4,463.13,25.619891304347828,-16.114265972837,0.8355434782608668,-0.9333333333333332,La Niña
Rizal,2022,2022Q1,26.203333333333337,30.95,22.461111111111112,155.0,155.0,194.0,3309522.7,1758.94,406.97,17.705555555555556,34.49777777777778,Q1,109.15,24.80027106227106,42.00641319285386,1.403062271062275,-0.9666666666666668,La Niña
Rizal,2022,2022Q2,28.08131868131868,33.473626373626374,24.21318681318681,579.4,579.4,526.0,3353105.0,1931.89,447.2,14.48131868131868,31.16043956043956,Q2,573.46,27.746153846153845,1.0358176681895757,0.3351648351648357,-1.0,La Niña
Rizal,2022,2022Q3,26.22391304347826,30.372826086956525,23.542391304347827,1402.1,1402.1,1075.0,2510521.57,1598.25,330.61,12.286956521739132,27.492391304347827,Q3,1279.05,26.04304347826087,9.620421406512644,0.1808695652173888,-0.9,La Niña
Rizal,2022,2022Q4,26.49673913043478,30.61521739130435,23.328260869565216,381.9,381.9,360.0,2923801.96,1521.43,348.27,16.144565217391303,31.77391304347826,Q4,463.13,25.619891304347828,-17.53935180186989,0.8768478260869514,-0.9,La Niña
Rizal,2023,2023Q1,26.378888888888888,31.677777777777777,22.236666666666665,72.1,72.1,144.0,3217064.85,1792.07,444.04,19.883333333333333,38.54222222222222,Q1,109.15,24.80027106227106,-33.94411360513056,1.578617826617826,-0.3999999999999999,Neutral
Rizal,2023,2023Q2,28.31868131868132,33.98571428571428,24.53296703296704,581.0,581.0,606.0,3406583.57,1969.2,453.83,14.941758241758242,31.8989010989011,Q2,573.46,27.746153846153845,1.314825794301253,0.5725274725274758,0.5,El Niño
Rizal,2023,2023Q3,26.588043478260868,30.75434782608696,23.894565217391307,1322.8,1322.8,1031.0,2735818.59,1682.46,347.76,13.634782608695652,29.741304347826084,Q3,1279.05,26.04304347826087,3.420507407841758,0.5449999999999982,1.3333333333333333,El Niño
Rizal,2023,2023Q4,26.782608695652176,31.10760869565217,23.458695652173912,208.4,208.4,324.0,3114866.2,1599.56,369.37,17.14021739130435,32.71847826086957,Q4,463.13,25.619891304347828,-55.001835337810114,1.1627173913043478,1.9,El Niño
Rizal,2024,2024Q1,26.61428571428572,31.908791208791207,22.50879120879121,24.9,24.9,58.0,3446511.3,1877.85,464.67,21.040659340659342,40.67252747252747,Q1,109.15,24.80027106227106,-77.1873568483738,1.814014652014656,1.4666666666666668,El Niño
Rizal,2024,2024Q2,29.06923076923077,34.651648351648355,24.954945054945057,547.9,547.9,478.0,3419655.12,2008.59,469.55,13.584615384615384,28.80879120879121,Q2,573.46,27.746153846153845,-4.457154814633986,1.3230769230769257,0.4333333333333333,Neutral
Rizal,2024,2024Q3,26.620652173913044,30.565217391304348,24.05978260869565,1356.7,1356.7,1053.0,2626053.05,1601.86,333.02,12.10108695652174,27.643478260869564,Q3,1279.05,26.04304347826087,6.070912005003721,0.5776086956521738,-0.1,Neutral
Rizal,2024,2024Q4,26.356666666666666,30.33186813186813,23.407692307692308,459.0,459.0,388.0,2669179.82,1430.03,320.36,16.154945054945053,31.521978021978025,Q4,463.13,25.619891304347828,-0.8917582536220923,0.7367753623188378,-0.3999999999999999,Neutral
Rizal,2025,2025Q1,25.66179775280899,29.88777777777777,22.53777777777778,235.4,235.4,233.0,3011825.52,1613.84,365.06,17.63888888888889,34.23555555555556,Q1,109.15,24.80027106227106,115.6665139715987,0.8615266905379286,-0.3999999999999999,Neutral
Rizal,2025,2025Q2,29.20769230769231,34.52307692307692,25.19450549450549,349.6,9.5,391.0,3346069.98,1916.94,445.55,11.043956043956044,22.80989010989011,Q2,573.46,27.746153846153845,-39.03672444459944,1.4615384615384637,-0.1,Neutral
Rizal,2025,2025Q3,27.75,31.217391304347824,25.30434782608696,1287.1,170.4,1092.0,2068773.3,1338.89,287.72,10.68695652173913,25.55760869565217,Q3,1279.05,26.04304347826087,0.6293733630428798,1.70695652173913,-0.3,Neutral
Rizal,2025,2025Q4,28.059016393442626,32.6327868852459,24.750819672131147,386.4,153.9,242.0,1847394.72,996.39,220.86,12.62295081967213,26.44426229508197,Q4,463.13,25.619891304347828,-16.56770237298383,2.439125089094798,-0.6,La Niña
Samar,2010,2010Q1,26.502777777777776,29.611666666666668,24.351666666666667,215.9,215.9,537.0,6628561.29,3239.37,737.32,18.511666666666667,36.92666666666667,Q1,709.7,26.034032967032964,-69.57869522333381,0.4687448107448126,1.1666666666666667,El Niño
Samar,2010,2010Q2,28.458241758241755,31.73186813186813,26.05604395604396,606.9,606.9,806.0,7289850.08,3920.72,860.05,12.742307692307692,28.83956043956044,Q2,944.82,27.7739010989011,-35.765542643043126,0.6843406593406556,-0.1666666666666666,Neutral
Samar,2010,2010Q3,27.158152173913045,29.725,25.33532608695652,1512.5,1512.5,1797.0,5975192.18,3337.62,685.21,11.384239130434782,26.234239130434784,Q3,1735.36,27.095,-12.842292089249488,0.0631521739130462,-1.3,La Niña
Samar,2010,2010Q4,26.55923913043478,29.070108695652173,24.96630434782609,1232.2,1232.2,1662.0,5693116.77,2719.48,565.73,14.504891304347826,29.401630434782607,Q4,1221.66,26.668478260869563,0.8627605061964838,-0.1092391304347835,-1.6000000000000003,La Niña
Samar,2011,2011Q1,25.56,27.770000000000003,24.22055555555556,1422.6,1422.6,1651.0,4718839.25,2502.79,549.97,20.89055555555556,40.47833333333334,Q1,709.7,26.034032967032964,100.45089474425812,-0.474032967032965,-1.1666666666666667,La Niña
Samar,2011,2011Q2,26.78846153846154,29.215934065934068,24.9956043956044,1532.9,1532.9,1573.0,5879552.51,3166.7,665.99,15.36758241758242,32.23076923076923,Q2,944.82,27.7739010989011,62.2425435532694,-0.9854395604395592,-0.5666666666666667,La Niña
Samar,2011,2011Q3,26.82554347826087,28.72934782608696,25.27228260869565,1609.0,1609.0,2273.0,5772030.54,3246.94,666.96,18.06304347826087,38.44130434782608,Q3,1735.36,27.095,-7.28148626221648,-0.26945652173913,-0.6333333333333333,La Niña
Samar,2011,2011Q4,26.54945652173913,29.03695652173913,24.91902173913044,972.2,972.2,1488.0,5853134.92,2790.81,582.5,15.342391304347826,32.17065217391304,Q4,1221.66,26.668478260869563,-20.41975672445689,-0.1190217391304315,-1.0333333333333334,La Niña
Samar,2012,2012Q1,26.09945054945055,28.621428571428574,24.48351648351648,836.2,836.2,1247.0,5977296.96,2910.72,620.12,18.12967032967033,35.7565934065934,Q1,709.7,26.034032967032964,17.824432858954488,0.065417582417588,-0.7333333333333334,La Niña
Samar,2012,2012Q2,27.31263736263736,29.8467032967033,25.374725274725275,1168.7,1168.7,1538.0,6478898.59,3576.88,741.5,13.479120879120876,29.356593406593404,Q2,944.82,27.7739010989011,23.69551872314303,-0.4612637362637386,-0.2666666666666666,Neutral
Samar,2012,2012Q3,26.79891304347826,28.70054347826087,25.31847826086957,1639.7,1639.7,2291.0,5499653.56,3172.25,660.0,17.794565217391302,38.43695652173913,Q3,1735.36,27.095,-5.51240088511893,-0.2960869565217372,0.3333333333333333,Neutral
Samar,2012,2012Q4,26.65,29.046739130434784,24.99076086956521,1005.0,1005.0,1267.0,6175210.22,2936.19,626.9,18.19836956521739,36.857608695652175,Q4,1221.66,26.668478260869563,-17.734885319974467,-0.0184782608695641,0.0666666666666666,Neutral
Samar,2013,2013Q1,26.15055555555556,28.631666666666664,24.494444444444444,1035.9,1035.9,1112.0,5786093.01,2910.41,639.37,19.79555555555556,38.333333333333336,Q1,709.7,26.034032967032964,45.96308299281387,0.1165225885225957,-0.3666666666666667,Neutral
Samar,2013,2013Q2,27.80989010989011,30.69835164835165,25.68351648351648,1125.1,1125.1,1327.0,6330799.49,3556.27,757.57,12.163186813186812,26.53021978021978,Q2,944.82,27.7739010989011,19.080883131178407,0.0359890109890095,-0.3666666666666667,Neutral
Samar,2013,2013Q3,26.74021739130435,28.916304347826088,25.03369565217391,2057.1,2057.1,2407.0,5509791.21,3072.49,636.14,15.405434782608696,33.79076086956522,Q3,1735.36,27.095,18.5402452517057,-0.3547826086956505,-0.3333333333333333,Neutral
Samar,2013,2013Q4,26.51413043478261,28.82934782608696,25.00434782608696,1026.5,1026.5,1451.0,6162122.97,2865.18,599.28,17.60054347826087,35.526630434782604,Q4,1221.66,26.668478260869563,-15.97498485667044,-0.1543478260869513,-0.2333333333333333,Neutral
Samar,2014,2014Q1,25.515,28.069444444444443,23.72277777777778,802.7,802.7,901.0,5689839.33,2856.25,655.67,21.91111111111111,41.879444444444445,Q1,709.7,26.034032967032964,13.104128505002114,-0.5190329670329632,-0.3999999999999999,Neutral
Samar,2014,2014Q2,27.656593406593405,30.30054945054945,25.609340659340656,1029.2,1029.2,1379.0,6577844.71,3522.22,740.05,13.056043956043956,28.49065934065934,Q2,944.82,27.7739010989011,8.930801634173704,-0.1173076923076941,0.1333333333333333,Neutral
Samar,2014,2014Q3,26.88097826086957,28.75163043478261,25.35217391304348,2212.1,2212.1,2182.0,5387430.52,3087.25,644.79,17.583695652173912,36.82445652173913,Q3,1735.36,27.095,27.472109533468565,-0.2140217391304304,0.1,Neutral
Samar,2014,2014Q4,26.40978260869565,28.68478260869565,24.85869565217392,1670.8,1670.8,1723.0,5644511.01,2662.58,563.89,18.13804347826087,35.979891304347824,Q4,1221.66,26.668478260869563,36.76472995759866,-0.2586956521739125,0.6,El Niño
Samar,2015,2015Q1,25.758333333333333,28.49777777777778,23.84055555555556,497.6,497.6,634.0,6538509.43,3135.4,703.77,19.99944444444445,38.70388888888889,Q1,709.7,26.034032967032964,-29.885867267859663,-0.2756996336996309,0.5,El Niño
Samar,2015,2015Q2,27.81923076923077,30.869230769230768,25.56153846153846,721.0,721.0,993.0,6967587.61,3713.36,806.46,12.65879120879121,27.481318681318683,Q2,944.82,27.7739010989011,-23.68916830719079,0.0453296703296715,0.9333333333333332,El Niño
Samar,2015,2015Q3,27.04184782608696,29.1625,25.38858695652174,1332.9,1332.9,2103.0,6561925.75,3468.88,707.63,16.244021739130435,34.43641304347826,Q3,1735.36,27.095,-23.191729669924385,-0.0531521739130411,1.8666666666666665,El Niño
Samar,2015,2015Q4,27.03369565217391,29.525543478260868,25.254891304347822,559.0,559.0,983.0,6413788.21,3037.87,663.62,17.971739130434784,36.22717391304348,Q4,1221.66,26.668478260869563,-54.24258795409526,0.3652173913043484,2.533333333333333,El Niño
Samar,2016,2016Q1,26.67087912087912,29.825274725274724,24.44670329670329,248.1,248.1,607.0,6849576.09,3368.31,744.19,17.72252747252747,34.85384615384615,Q1,709.7,26.034032967032964,-65.0415668592363,0.6368461538461574,2.066666666666667,El Niño
Samar,2016,2016Q2,28.32087912087912,31.396153846153847,26.075274725274724,916.0,916.0,1126.0,6840411.33,3694.71,813.76,12.693406593406593,27.90384615384616,Q2,944.82,27.7739010989011,-3.0503164623949584,0.5469780219780205,0.3999999999999999,Neutral
Samar,2016,2016Q3,27.32717391304348,29.38043478260869,25.7233695652174,1930.6,1930.6,2166.0,5756330.39,3226.12,672.08,16.154891304347824,34.75489130434782,Q3,1735.36,27.095,11.250691499170202,0.2321739130434821,-0.5,La Niña
Samar,2016,2016Q4,26.72608695652174,28.953260869565216,25.2125,1323.0,1323.0,1668.0,5594122.75,2663.96,567.02,17.1875,35.08804347826087,Q4,1221.66,26.668478260869563,8.295270369824657,0.0576086956521777,-0.6666666666666666,La Niña
Samar,2017,2017Q1,25.975,28.868333333333336,24.057777777777776,1100.4,1100.4,1226.0,5726276.87,2883.37,650.59,20.52055555555556,46.36777777777778,Q1,709.7,26.034032967032964,55.05143018176695,-0.0590329670329623,-0.1333333333333333,Neutral
Samar,2017,2017Q2,27.655494505494502,30.49615384615385,25.43076923076923,969.6,969.6,1444.0,6892911.41,3728.62,776.88,12.92087912087912,33.652747252747254,Q2,944.82,27.7739010989011,2.622721788277129,-0.1184065934065969,0.2666666666666666,Neutral
Samar,2017,2017Q3,27.22391304347826,29.497826086956525,25.49076086956521,2038.8,2038.8,2239.0,5246564.87,3057.94,638.77,13.416847826086956,34.32282608695652,Q3,1735.36,27.095,17.485709017149183,0.1289130434782599,-0.1333333333333333,Neutral
Samar,2017,2017Q4,26.65652173913044,29.292934782608693,24.86902173913043,2105.0,2105.0,1826.0,5373637.27,2642.52,566.81,17.06358695652174,41.0875,Q4,1221.66,26.668478260869563,72.3065337327898,-0.0119565217391226,-0.8333333333333334,La Niña
Samar,2018,2018Q1,26.23833333333333,29.266666666666666,24.18777777777778,731.4,731.4,1179.0,5872698.02,3009.45,651.21,17.93111111111111,41.44722222222222,Q1,709.7,26.034032967032964,3.057629984500484,0.2043003663003659,-0.8333333333333334,La Niña
Samar,2018,2018Q2,27.74175824175824,30.769780219780223,25.37692307692308,750.8,750.8,1454.0,6758521.52,3637.52,781.46,13.922527472527474,35.76593406593406,Q2,944.82,27.7739010989011,-20.53512838424251,-0.0321428571428583,-0.2333333333333333,Neutral
Samar,2018,2018Q3,27.34130434782609,29.323913043478264,25.75326086956522,1399.8,1399.8,2688.0,5706463.5200000005,3249.51,696.87,18.51630434782609,44.58478260869565,Q3,1735.36,27.095,-19.336621796053844,0.24630434782609,0.2666666666666666,Neutral
Samar,2018,2018Q4,26.722826086956523,29.73586956521739,24.60217391304348,1322.5,1322.5,1688.0,6387160.08,3117.7,665.84,16.45271739130435,39.22391304347826,Q4,1221.66,26.668478260869563,8.254342452073402,0.0543478260869605,0.8333333333333334,El Niño
Samar,2019,2019Q1,25.87,29.737222222222226,23.05888888888889,206.2,206.2,759.0,6730559.98,3507.82,791.01,19.33,43.17944444444444,Q1,709.7,26.034032967032964,-70.94546991686629,-0.1640329670329627,0.6999999999999998,El Niño
Samar,2019,2019Q2,28.17582417582417,31.41043956043956,25.468131868131863,628.0,628.0,1518.0,6820271.88,3812.48,832.88,14.17142857142857,35.75714285714286,Q2,944.82,27.7739010989011,-33.53231303317034,0.4019230769230724,0.5666666666666667,El Niño
Samar,2019,2019Q3,27.61195652173913,29.567391304347822,25.98804347826087,1621.1,1621.1,2259.0,5355734.15,3174.99,698.62,18.275543478260868,42.85597826086956,Q3,1735.36,27.095,-6.584224598930481,0.5169565217391323,0.1999999999999999,Neutral
Samar,2019,2019Q4,26.86304347826087,29.816304347826087,24.779891304347824,1000.4,1000.4,1601.0,6348969.27,3135.58,664.28,16.578260869565216,39.40489130434783,Q4,1221.66,26.668478260869563,-18.11142216328603,0.1945652173913075,0.4333333333333333,Neutral
Samar,2020,2020Q1,26.47087912087912,30.10494505494505,23.886813186813185,407.7,407.7,1005.0,6819385.32,3493.35,781.98,18.36978021978022,42.70769230769231,Q1,709.7,26.034032967032964,-42.55319148936171,0.4368461538461545,0.4666666666666666,Neutral
Samar,2020,2020Q2,28.127472527472527,31.467032967032967,25.459890109890107,1020.0,1020.0,1618.0,6821842.66,3717.78,811.01,13.90824175824176,35.534615384615385,Q2,944.82,27.7739010989011,7.957071188162819,0.3535714285714277,-0.0666666666666666,Neutral
Samar,2020,2020Q3,27.405434782608697,29.88804347826087,25.42010869565217,1502.6,1502.6,2218.0,5929295.66,3282.94,677.97,12.5875,32.389673913043474,Q3,1735.36,27.095,-13.412778904665316,0.3104347826086986,-0.6333333333333333,La Niña
Samar,2020,2020Q4,26.708695652173912,29.29402173913044,24.909239130434784,1925.5,1925.5,2221.0,5202047.66,2625.87,547.83,15.481521739130434,37.37989130434782,Q4,1221.66,26.668478260869563,57.61341126008872,0.040217391304349,-1.2333333333333334,La Niña
Samar,2021,2021Q1,26.078888888888887,28.86277777777778,24.087777777777777,1663.8,1663.8,1887.0,5583455.25,2897.87,611.79,16.852222222222224,39.909444444444446,Q1,709.7,26.034032967032964,134.43708609271522,0.0448559218559232,-0.9,La Niña
Samar,2021,2021Q2,27.45274725274725,30.29725274725275,25.167582417582416,1258.5,1258.5,1885.0,6669246.44,3630.43,760.02,14.437912087912087,36.2043956043956,Q2,944.82,27.7739010989011,33.19997459833618,-0.3211538461538481,-0.5333333333333333,La Niña
Samar,2021,2021Q3,27.55597826086957,29.93152173913043,25.725,1445.6,1445.6,2146.0,5988059.44,3387.6,726.77,15.227717391304347,37.4695652173913,Q3,1735.36,27.095,-16.697399963120045,0.4609782608695703,-0.5333333333333333,La Niña
Samar,2021,2021Q4,26.56684782608696,29.50434782608696,24.54619565217392,1233.8,1233.8,1768.0,5375017.99,2831.13,603.69,17.52173913043478,38.82065217391305,Q4,1221.66,26.668478260869563,0.9937298430004968,-0.1016304347826029,-0.9333333333333332,La Niña
Samar,2022,2022Q1,26.05,29.226666666666667,23.83111111111112,838.2,838.2,1322.0,5749797.01,3131.55,667.08,17.26,38.015,Q1,709.7,26.034032967032964,18.106242074115823,0.0159670329670369,-0.9666666666666668,La Niña
Samar,2022,2022Q2,27.06978021978022,30.10824175824176,24.72252747252747,1437.4,1437.4,1796.0,6081568.22,3565.62,738.46,13.98131868131868,32.182967032967035,Q2,944.82,27.7739010989011,52.13479816261298,-0.7041208791208788,-1.0,La Niña
Samar,2022,2022Q3,27.15271739130435,29.70217391304348,25.122826086956525,1854.6,1854.6,2319.0,5735196.21,3415.49,703.46,13.869565217391305,31.863586956521736,Q3,1735.36,27.095,6.871196754563895,0.0577173913043509,-0.9,La Niña
Samar,2022,2022Q4,26.742391304347827,29.67065217391304,24.640760869565216,1496.7,1496.7,1736.0,5382504.11,2921.93,622.98,16.35,35.77554347826087,Q4,1221.66,26.668478260869563,22.513628996611164,0.0739130434782637,-0.9,La Niña
Samar,2023,2023Q1,25.975,29.056111111111115,23.84055555555556,1628.4,1628.4,1725.0,5312839.31,3033.69,653.04,18.77111111111111,39.885,Q1,709.7,26.034032967032964,129.4490629843596,-0.0590329670329623,-0.3999999999999999,Neutral
Samar,2023,2023Q2,27.5456043956044,30.593956043956045,25.185714285714287,1052.4,1052.4,1672.0,6586127.68,3787.68,795.63,14.423076923076923,33.13956043956044,Q2,944.82,27.7739010989011,11.38629580237506,-0.2282967032966993,0.5,El Niño
Samar,2023,2023Q3,27.74021739130435,30.05326086956521,25.833695652173912,1397.8,1397.8,2029.0,6094288.67,3647.5,781.95,18.30434782608696,40.09782608695652,Q3,1735.36,27.095,-19.45187165775401,0.6452173913043495,1.3333333333333333,El Niño
Samar,2023,2023Q4,27.12826086956522,30.48315217391304,24.801086956521736,836.7,836.7,1384.0,6319903.87,3221.91,691.39,15.841304347826089,35.18586956521739,Q4,1221.66,26.668478260869563,-31.5112224350474,0.459782608695658,1.9,El Niño
Samar,2024,2024Q1,27.2021978021978,31.37197802197802,24.178021978021977,239.3,239.3,662.0,6803432.55,3571.21,870.7,20.054395604395605,42.28901098901099,Q1,709.7,26.034032967032964,-66.28152740594618,1.1681648351648375,1.4666666666666668,El Niño
Samar,2024,2024Q2,28.641758241758243,32.46923076923077,25.587912087912088,850.5,850.5,1371.0,7057024.35,4017.82,900.02,14.835164835164836,34.22747252747253,Q2,944.82,27.7739010989011,-9.982853876928942,0.8678571428571438,0.4333333333333333,Neutral
Samar,2024,2024Q3,27.654891304347824,30.140760869565216,25.69728260869565,2001.6,2001.6,2210.0,5871314.45,3454.82,728.82,16.053804347826087,35.67663043478261,Q3,1735.36,27.095,15.342061589526091,0.5598913043478255,-0.1,Neutral
Samar,2024,2024Q4,26.83722222222222,29.69395604395605,24.853296703296703,1781.5,1781.5,1675.0,5397196.12,2873.86,603.08,16.698901098901096,36.98516483516484,Q4,1221.66,26.668478260869563,45.82617094772685,0.1687439613526571,-0.3999999999999999,Neutral
Samar,2025,2025Q1,26.02640449438202,29.14,23.90888888888889,1199.4,1199.4,1563.0,5554098.94,3004.2,616.14,16.822777777777777,36.806666666666665,Q1,709.7,26.034032967032964,69.00098633225306,-0.0076284726509427,-0.3999999999999999,Neutral
Samar,2025,2025Q2,28.54945054945055,32.1543956043956,25.787912087912087,816.1,12.3,1299.0,6227794.38,3658.88,789.64,11.331318681318685,24.72967032967033,Q2,944.82,27.7739010989011,-13.623759022882668,0.7755494505494518,-0.1,Neutral
Samar,2025,2025Q3,28.51032608695652,29.88478260869565,27.342934782608697,2240.9,320.9,2167.0,5368684.5,3477.43,735.12,12.870652173913042,25.117934782608696,Q3,1735.36,27.095,29.131707541950963,1.4153260869565223,-0.3,Neutral
Samar,2025,2025Q4,28.23196721311476,30.01065573770492,26.898360655737704,1336.0,181.6,1251.0,3564952.74,2081.32,437.23,11.605737704918033,24.550819672131148,Q4,1221.66,26.668478260869563,9.359396231357326,1.5634889522451978,-0.6,La Niña
South Cotabato,2010,2010Q1,26.404444444444444,30.42,23.06833333333333,830.7,830.7,999.0,6675578.0600000005,3686.45,764.62,11.111666666666666,33.67777777777778,Q1,1167.98,26.16351587301587,-28.87720680148632,0.2409285714285722,1.1666666666666667,El Niño
South Cotabato,2010,2010Q2,27.03736263736264,30.86978021978022,24.121428571428574,1255.8,1255.8,1537.0,6611010.16,3515.12,727.45,9.73131868131868,29.5010989010989,Q2,1416.1799999999998,26.761098901098897,-11.324831589204756,0.2762637362637434,-0.1666666666666666,Neutral
South Cotabato,2010,2010Q3,26.032065217391303,29.707608695652173,23.22554347826087,1423.5,1423.5,1827.0,6411451.44,3436.81,693.44,8.675,27.09619565217391,Q3,1238.92,26.023478260869563,14.898459948987822,0.0085869565217393,-1.3,La Niña
South Cotabato,2010,2010Q4,25.7625,29.440217391304348,22.965760869565216,1494.2,1494.2,1828.0,6428030.53,3229.33,650.96,8.798913043478262,27.93478260869565,Q4,1332.78,26.13103260869565,12.11152628340762,-0.3685326086956557,-1.6000000000000003,La Niña
South Cotabato,2011,2011Q1,25.20611111111112,28.745,22.56277777777778,2058.9,2058.9,1906.0,5743935.63,3080.06,613.48,9.046111111111111,29.764444444444447,Q1,1167.98,26.16351587301587,76.27870340245553,-0.9574047619047548,-1.1666666666666667,La Niña
South Cotabato,2011,2011Q2,25.781868131868134,29.236263736263737,23.28021978021978,1849.8,1849.8,2043.0,5805601.39,3179.55,638.63,9.283516483516484,28.06648351648352,Q2,1416.1799999999998,26.761098901098897,30.61898911155363,-0.9792307692307638,-0.5666666666666667,La Niña
South Cotabato,2011,2011Q3,25.484239130434784,28.944021739130434,22.99402173913043,1133.2,1133.2,1738.0,6309728.81,3336.88,660.73,10.333695652173914,29.845652173913045,Q3,1238.92,26.023478260869563,-8.533238627191427,-0.5392391304347797,-0.6333333333333333,La Niña
South Cotabato,2011,2011Q4,25.657065217391303,29.204891304347825,22.90380434782609,1435.3,1435.3,1683.0,5987381.92,3183.05,641.56,8.751630434782609,28.35326086956522,Q4,1332.78,26.13103260869565,7.692192259787811,-0.4739673913043525,-1.0333333333333334,La Niña
South Cotabato,2012,2012Q1,25.339010989010987,28.78131868131868,22.56868131868132,1553.3,1553.3,1799.0,6069129.26,3217.36,642.65,10.24175824175824,31.771978021978025,Q1,1167.98,26.16351587301587,32.9902909296392,-0.8245048840048845,-0.7333333333333334,La Niña
South Cotabato,2012,2012Q2,25.869230769230768,29.43131868131868,23.178021978021977,1396.8,1396.8,1696.0,6335315.9,3360.55,674.57,9.656593406593409,28.63571428571429,Q2,1416.1799999999998,26.761098901098897,-1.3684701097318055,-0.8918681318681294,-0.2666666666666666,Neutral
South Cotabato,2012,2012Q3,25.582608695652173,28.93260869565217,23.075,1281.8,1281.8,1891.0,6273584.31,3352.67,664.94,10.760326086956525,30.87336956521739,Q3,1238.92,26.023478260869563,3.461079004294053,-0.4408695652173904,0.3333333333333333,Neutral
South Cotabato,2012,2012Q4,25.707065217391307,29.094565217391303,23.032065217391303,1450.6,1450.6,1668.0,6305915.61,3230.08,649.7,10.202717391304349,32.52608695652174,Q4,1332.78,26.13103260869565,8.840168669998045,-0.4239673913043482,0.0666666666666666,Neutral
South Cotabato,2013,2013Q1,25.549444444444443,29.003888888888888,22.80222222222222,1662.5,1662.5,1694.0,5849372.69,3238.31,651.02,9.895555555555555,31.055,Q1,1167.98,26.16351587301587,42.33976609188513,-0.6140714285714282,-0.3666666666666667,Neutral
South Cotabato,2013,2013Q2,26.198901098901096,29.73076923076923,23.52307692307692,1672.5,1672.5,1814.0,5986937.62,3256.82,661.14,9.053296703296704,27.01483516483516,Q2,1416.1799999999998,26.761098901098897,18.09939414481212,-0.5621978021978009,-0.3666666666666667,Neutral
South Cotabato,2013,2013Q3,25.497826086956525,28.95108695652174,22.98315217391304,1697.5,1697.5,1941.0,5938229.97,3243.29,647.97,9.808152173913044,29.329891304347825,Q3,1238.92,26.023478260869563,37.014496496948944,-0.5256521739130378,-0.3333333333333333,Neutral
South Cotabato,2013,2013Q4,25.55869565217392,28.99347826086957,22.97228260869565,1496.1,1496.1,1775.0,6111669.03,3133.46,628.6,9.947282608695652,30.88369565217392,Q4,1332.78,26.13103260869565,12.25408544545986,-0.5723369565217382,-0.2333333333333333,Neutral
South Cotabato,2014,2014Q1,25.479444444444447,28.974444444444444,22.622777777777777,1344.0,1344.0,1400.0,6106765.99,3342.87,669.39,9.647777777777778,29.481666666666666,Q1,1167.98,26.16351587301587,15.070463535334508,-0.6840714285714249,-0.3999999999999999,Neutral
South Cotabato,2014,2014Q2,26.515934065934065,30.103296703296703,23.78846153846154,1277.2,1277.2,1546.0,6449293.07,3486.76,709.64,8.784065934065934,26.40054945054945,Q2,1416.1799999999998,26.761098901098897,-9.813724244093253,-0.2451648351648323,0.1333333333333333,Neutral
South Cotabato,2014,2014Q3,25.703260869565216,29.043478260869566,23.203260869565216,1272.6,1272.6,1698.0,6189715.15,3352.18,667.45,10.844565217391304,29.96032608695652,Q3,1238.92,26.023478260869563,2.7184967552384203,-0.3202173913043467,0.1,Neutral
South Cotabato,2014,2014Q4,25.82608695652174,29.363586956521736,23.122826086956525,1121.9,1121.9,1507.0,6456826.76,3299.51,663.02,9.9,29.09130434782609,Q4,1332.78,26.13103260869565,-15.822566365041483,-0.3049456521739166,0.6,El Niño
South Cotabato,2015,2015Q1,26.168333333333333,30.030555555555555,22.97055555555556,622.7,622.7,922.0,6856893.89,3693.96,762.36,10.302222222222223,30.715,Q1,1167.98,26.16351587301587,-46.68573092005,0.0048174603174615,0.5,El Niño
South Cotabato,2015,2015Q2,26.927472527472528,30.744505494505493,24.08131868131868,1053.1,1053.1,1448.0,6603631.57,3530.18,732.83,9.418131868131868,28.167032967032966,Q2,1416.1799999999998,26.761098901098897,-25.63798387210665,0.1663736263736304,0.9333333333333332,El Niño
South Cotabato,2015,2015Q3,25.73913043478261,29.05869565217392,23.217391304347824,905.7,905.7,1538.0,6573450.02,3477.57,688.8,11.244565217391305,31.692391304347822,Q3,1238.92,26.023478260869563,-26.896006198947468,-0.2843478260869538,1.8666666666666665,El Niño
South Cotabato,2015,2015Q4,26.183152173913044,29.775543478260868,23.42065217391304,827.9,827.9,1269.0,6908987.04,3481.21,702.32,10.230434782608697,31.633152173913043,Q4,1332.78,26.13103260869565,-37.88172091417938,0.0521195652173887,2.533333333333333,El Niño
South Cotabato,2016,2016Q1,27.94670329670329,32.77802197802198,23.984615384615385,181.4,181.4,394.0,7094909.51,3873.29,877.52,12.864835164835164,35.66373626373626,Q1,1167.98,26.16351587301587,-84.46891213890649,1.7831874236874228,2.066666666666667,El Niño
South Cotabato,2016,2016Q2,27.574175824175825,31.64120879120879,24.53901098901099,1407.3,1407.3,1467.0,6503364.32,3514.25,758.49,10.275274725274723,30.01648351648352,Q2,1416.1799999999998,26.761098901098897,-0.6270389357285009,0.8130769230769275,0.3999999999999999,Neutral
South Cotabato,2016,2016Q3,26.317391304347822,29.815217391304348,23.720108695652176,1172.0,1172.0,1487.0,6554341.89,3498.63,706.29,10.047282608695651,29.475,Q3,1238.92,26.023478260869563,-5.401478707261168,0.2939130434782591,-0.5,La Niña
South Cotabato,2016,2016Q4,25.87934782608696,29.25978260869565,23.44782608695652,2189.6,2189.6,2047.0,5832524.86,2991.27,604.53,8.663586956521739,27.607065217391305,Q4,1332.78,26.13103260869565,64.28817959453173,-0.2516847826086952,-0.6666666666666666,La Niña
South Cotabato,2017,2017Q1,26.23333333333333,29.50611111111112,23.668888888888887,1618.2,1618.2,1387.0,5810424.47,3112.7,644.65,10.882222222222222,29.04,Q1,1167.98,26.16351587301587,38.54689292624874,0.0698174603174592,-0.1333333333333333,Neutral
South Cotabato,2017,2017Q2,26.91428571428571,30.22802197802197,24.499450549450547,1891.3,1891.3,1737.0,6363458.07,3350.32,688.82,9.554395604395603,25.38021978021978,Q2,1416.1799999999998,26.761098901098897,33.54940756118573,0.1531868131868137,0.2666666666666666,Neutral
South Cotabato,2017,2017Q3,26.37391304347826,29.579891304347825,24.05326086956521,1413.2,1413.2,1566.0,5866514.98,3161.22,642.91,9.217934782608696,24.94184782608696,Q3,1238.92,26.023478260869563,14.067090691892936,0.3504347826086977,-0.1333333333333333,Neutral
South Cotabato,2017,2017Q4,26.53804347826087,29.790217391304346,24.1608695652174,1391.6,1391.6,1490.0,5833383.18,3040.19,626.15,9.61032608695652,27.16684782608696,Q4,1332.78,26.13103260869565,4.413331532586018,0.4070108695652159,-0.8333333333333334,La Niña
South Cotabato,2018,2018Q1,26.54833333333333,30.06,23.69833333333333,1102.7,1102.7,1083.0,6182521.93,3363.87,698.4399999999999,10.419444444444444,26.794444444444444,Q1,1167.98,26.16351587301587,-5.589136800287673,0.384817460317457,-0.8333333333333334,La Niña
South Cotabato,2018,2018Q2,27.178571428571427,30.87087912087912,24.447252747252744,1144.3,1144.3,1403.0,6456429.02,3455.04,723.37,9.795054945054943,25.713736263736266,Q2,1416.1799999999998,26.761098901098897,-19.198124532192228,0.4174725274725297,-0.2333333333333333,Neutral
South Cotabato,2018,2018Q3,26.69293478260869,30.378804347826087,23.886413043478264,1160.9,1160.9,1400.0,6505364.27,3529.27,730.34,10.005978260869565,28.89782608695652,Q3,1238.92,26.023478260869563,-6.297420333839149,0.6694565217391286,0.2666666666666666,Neutral
South Cotabato,2018,2018Q4,26.877717391304348,30.68097826086957,23.966847826086955,1072.2,1072.2,1497.0,6592261.8,3504.31,733.1,10.157608695652174,27.131521739130434,Q4,1332.78,26.13103260869565,-19.551613919776702,0.7466847826086926,0.8333333333333334,El Niño
South Cotabato,2019,2019Q1,26.76,30.98,23.22388888888889,705.4,705.4,1111.0,6465019.21,3589.52,790.93,13.147222222222222,31.378888888888888,Q1,1167.98,26.16351587301587,-39.60513022483262,0.5964841269841301,0.6999999999999998,El Niño
South Cotabato,2019,2019Q2,27.61318681318681,31.614835164835164,24.5956043956044,1213.7,1213.7,1586.0,6665117.4,3621.94,778.28,10.783516483516484,27.654395604395607,Q2,1416.1799999999998,26.761098901098897,-14.29761753449419,0.8520879120879137,0.5666666666666667,El Niño
South Cotabato,2019,2019Q3,26.81141304347826,30.49347826086957,23.870652173913044,928.8,928.8,1355.0,6377595.96,3555.65,746.75,11.503804347826089,29.164130434782606,Q3,1238.92,26.023478260869563,-25.031479030123016,0.7879347826086978,0.1999999999999999,Neutral
South Cotabato,2019,2019Q4,27.320652173913043,31.439673913043475,24.17663043478261,848.4,848.4,1440.0,6636876.64,3467.23,745.17,10.21141304347826,28.44782608695652,Q4,1332.78,26.13103260869565,-36.34358258677351,1.189619565217388,0.4333333333333333,Neutral
South Cotabato,2020,2020Q1,27.68021978021978,32.145054945054945,24.08131868131868,714.0,714.0,1154.0,6768582.83,3719.12,851.53,13.87142857142857,32.5532967032967,Q1,1167.98,26.16351587301587,-38.86881624685354,1.516703907203908,0.4666666666666666,Neutral
South Cotabato,2020,2020Q2,28.071978021978023,32.40384615384615,24.81978021978022,1246.3,1246.3,1661.0,6129784.72,3457.83,770.47,11.146153846153846,28.9021978021978,Q2,1416.1799999999998,26.761098901098897,-11.99565027044584,1.3108791208791253,-0.0666666666666666,Neutral
South Cotabato,2020,2020Q3,26.884239130434786,30.539130434782606,24.11413043478261,1573.9,1573.9,1766.0,6099468.35,3381.14,703.83,10.385326086956525,27.26521739130435,Q3,1238.92,26.023478260869563,27.038065411810287,0.8607608695652225,-0.6333333333333333,La Niña
South Cotabato,2020,2020Q4,26.60326086956522,30.080978260869564,23.98586956521739,1360.7,1360.7,1760.0,5846164.36,3083.72,637.94,9.08804347826087,25.041304347826088,Q4,1332.78,26.13103260869565,2.094869370788883,0.4722282608695636,-1.2333333333333334,La Niña
South Cotabato,2021,2021Q1,26.356666666666666,29.979444444444447,23.45777777777777,1222.6,1222.6,1498.0,5753892.32,3234.69,673.96,10.269444444444444,26.715,Q1,1167.98,26.16351587301587,4.676449939211278,0.1931507936507941,-0.9,La Niña
South Cotabato,2021,2021Q2,26.754395604395604,30.31318681318681,24.052747252747256,1884.0,1884.0,1936.0,6228725.34,3451.71,708.53,9.514285714285714,26.856593406593404,Q2,1416.1799999999998,26.761098901098897,33.033936364021535,-0.0067032967032929,-0.5333333333333333,La Niña
South Cotabato,2021,2021Q3,26.75434782608696,30.31413043478261,23.98695652173913,1332.7,1332.7,1713.0,6254540.34,3449.92,711.52,9.540760869565217,25.90271739130435,Q3,1238.92,26.023478260869563,7.569496012656182,0.7308695652173967,-0.5333333333333333,La Niña
South Cotabato,2021,2021Q4,26.41358695652174,30.21358695652174,23.71358695652174,1505.6,1505.6,1472.0,5710522.44,3252.42,669.28,10.264130434782608,25.232065217391305,Q4,1332.78,26.13103260869565,12.96688125572112,0.2825543478260854,-0.9333333333333332,La Niña
South Cotabato,2022,2022Q1,26.18722222222222,30.03611111111111,23.28555555555556,1613.1,1613.1,1381.0,5853098.34,3354.11,693.14,11.515555555555556,26.85111111111111,Q1,1167.98,26.16351587301587,38.11024161372625,0.0237063492063498,-0.9666666666666668,La Niña
South Cotabato,2022,2022Q2,26.42472527472528,30.022527472527475,23.767032967032968,2127.9,2127.9,1790.0,5750512.19,3391.4,690.42,10.084615384615384,24.924175824175823,Q2,1416.1799999999998,26.761098901098897,50.25632334872688,-0.3363736263736179,-1.0,La Niña
South Cotabato,2022,2022Q3,26.343478260869563,30.07282608695652,23.554891304347827,2014.2,2014.2,1609.0,6158639.23,3538.29,718.48,10.232065217391304,24.596739130434784,Q3,1238.92,26.023478260869563,62.577083266070446,0.3200000000000003,-0.9,La Niña
South Cotabato,2022,2022Q4,26.26304347826087,29.971739130434784,23.607065217391305,2254.8,2254.8,1576.0,5733005.66,3205.96,654.01,9.73532608695652,24.555434782608696,Q4,1332.78,26.13103260869565,69.18020978706166,0.1320108695652138,-0.9,La Niña
South Cotabato,2023,2023Q1,25.974444444444444,29.78777777777778,23.16111111111111,1516.0,1516.0,1528.0,5558448.79,3287.75,671.05,10.777222222222225,25.139444444444447,Q1,1167.98,26.16351587301587,29.796743094916007,-0.1890714285714274,-0.3999999999999999,Neutral
South Cotabato,2023,2023Q2,26.85,30.781868131868134,24.08681318681319,1805.5,1805.5,1539.0,6128070.19,3547.9,729.6,10.2489010989011,24.60164835164835,Q2,1416.1799999999998,26.761098901098897,27.49085568218731,0.088901098901104,0.5,El Niño
South Cotabato,2023,2023Q3,26.625,30.33478260869565,23.89130434782609,2111.7,2111.7,1686.0,6243146.44,3576.75,729.08,9.845652173913043,24.992934782608696,Q3,1238.92,26.023478260869563,70.44684079682301,0.6015217391304368,1.3333333333333333,El Niño
South Cotabato,2023,2023Q4,27.025,31.134239130434786,23.984239130434784,1130.7,1130.7,1218.0,6572657.95,3605.42,747.93,9.93641304347826,24.29076086956522,Q4,1332.78,26.13103260869565,-15.162292351325796,0.8939673913043436,1.9,El Niño
South Cotabato,2024,2024Q1,27.34945054945055,31.87252747252748,23.78241758241758,671.1,671.1,980.0,6585051.09,3805.42,828.0,12.763736263736265,28.732967032967032,Q1,1167.98,26.16351587301587,-42.5418243463073,1.1859346764346803,1.4666666666666668,El Niño
South Cotabato,2024,2024Q2,28.417582417582416,33.135714285714286,25.0456043956044,1441.3,1441.3,1355.0,6336584.25,3717.28,828.73,11.606043956043957,27.35989010989011,Q2,1416.1799999999998,26.761098901098897,1.773785818186962,1.6564835164835188,0.4333333333333333,Neutral
South Cotabato,2024,2024Q3,26.660326086956523,30.2733695652174,24.11467391304348,1598.3,1598.3,1621.0,5977157.75,3458.35,706.13,10.014130434782608,24.58152173913044,Q3,1238.92,26.023478260869563,29.00752268104477,0.6368478260869601,-0.1,Neutral
South Cotabato,2024,2024Q4,27.07055555555556,31.18076923076923,24.26043956043956,1409.0,1409.0,1435.0,6042261.27,3337.41,703.91,10.332417582417582,25.13186813186813,Q4,1332.78,26.13103260869565,5.7188733324329615,0.9395229468599028,-0.3999999999999999,Neutral
South Cotabato,2025,2025Q1,26.753370786516857,31.004444444444445,23.83888888888889,1444.2,1444.2,1426.0,5709665.86,3288.53,696.88,10.771666666666668,26.856666666666666,Q1,1167.98,26.16351587301587,23.649377557834896,0.5898549135009858,-0.3999999999999999,Neutral
South Cotabato,2025,2025Q2,27.60494505494505,32.40494505494505,24.05934065934066,926.3,9.3,1084.0,5922488.81,3566.59,762.23,8.884615384615385,21.986263736263737,Q2,1416.1799999999998,26.761098901098897,-34.591647954356084,0.8438461538461546,-0.1,Neutral
South Cotabato,2025,2025Q3,26.35434782608696,30.80760869565217,23.10326086956522,1158.4,6.8,1133.0,5673347.32,3412.47,710.05,8.046195652173912,24.70217391304348,Q3,1238.92,26.023478260869563,-6.49920898847383,0.3308695652173945,-0.3,Neutral
South Cotabato,2025,2025Q4,26.541803278688523,31.05245901639344,23.30327868852459,753.2,4.1000000000000005,811.0,3817329.7,2208.55,461.01,8.004918032786886,23.250819672131147,Q4,1332.78,26.13103260869565,-43.48654691697054,0.4107706699928677,-0.6,La Niña
Southern Leyte,2010,2010Q1,27.19777777777778,29.85111111111111,24.954444444444444,212.8,212.8,478.0,3296307.81,1742.56,363.31,13.703333333333331,31.815555555555555,Q1,520.6800000000001,26.726036630036628,-59.13036798033341,0.4717411477411524,1.1666666666666667,El Niño
Southern Leyte,2010,2010Q2,29.05054945054945,31.83626373626373,26.51538461538461,352.4,352.4,489.0,3683631.9,2092.25,446.53,10.476923076923075,26.75824175824176,Q2,503.91,28.34153846153846,-30.06687702169039,0.7090109890109915,-0.1666666666666666,Neutral
Southern Leyte,2010,2010Q3,28.12826086956522,30.71195652173913,26.08478260869565,950.5,950.5,1121.0,3216678.09,1835.2,379.38,9.896739130434783,24.32717391304348,Q3,852.76,27.83891304347826,11.461607017214693,0.2893478260869599,-1.3,La Niña
Southern Leyte,2010,2010Q4,27.625,30.143478260869564,25.73478260869565,715.9,715.9,996.0,3142519.29,1548.58,320.35,10.168478260869565,26.089130434782607,Q4,678.53,27.43195652173913,5.507494141747602,0.1930434782608685,-1.6000000000000003,La Niña
Southern Leyte,2011,2011Q1,26.68777777777778,28.916666666666668,25.044444444444444,1048.4,1048.4,1024.0,2486022.32,1374.11,286.41,14.38888888888889,33.574444444444445,Q1,520.6800000000001,26.726036630036628,101.35207805177843,-0.0382588522588491,-1.1666666666666667,La Niña
Southern Leyte,2011,2011Q2,27.874725274725275,30.17472527472528,25.980219780219777,728.9,728.9,953.0,3023636.41,1730.94,359.1,11.445054945054943,28.65054945054945,Q2,503.91,28.34153846153846,44.64884602409159,-0.4668131868131837,-0.5666666666666667,La Niña
Southern Leyte,2011,2011Q3,27.907608695652176,30.218478260869563,26.03478260869565,795.4,795.4,1086.0,3163428.85,1809.66,373.76,13.941304347826089,33.23478260869565,Q3,852.76,27.83891304347826,-6.72639429616774,0.0686956521739148,-0.6333333333333333,La Niña
Southern Leyte,2011,2011Q4,27.66304347826087,30.07934782608696,25.84891304347826,666.2,666.2,938.0,3078183.68,1549.93,321.12,11.919565217391304,29.75326086956522,Q4,678.53,27.43195652173913,-1.8171635741971508,0.2310869565217395,-1.0333333333333334,La Niña
Southern Leyte,2012,2012Q1,27.15054945054945,29.60769230769231,25.26923076923077,640.6,640.6,771.0,3125654.79,1626.83,335.85,13.556043956043956,32.81868131868132,Q1,520.6800000000001,26.726036630036628,23.031420450180523,0.4245128205128203,-0.7333333333333334,La Niña
Southern Leyte,2012,2012Q2,28.267032967032968,30.750549450549453,26.11428571428572,501.2,501.2,819.0,3491437.09,1942.93,401.74,11.1,26.99670329670329,Q2,503.91,28.34153846153846,-0.5377944474211737,-0.074505494505491,-0.2666666666666666,Neutral
Southern Leyte,2012,2012Q3,27.89130434782609,30.12826086956522,26.01630434782609,847.1,847.1,1100.0,3036851.09,1776.37,369.17,14.923913043478262,34.39673913043478,Q3,852.76,27.83891304347826,-0.6637271917069244,0.0523913043478287,0.3333333333333333,Neutral
Southern Leyte,2012,2012Q4,27.60652173913044,30.06086956521739,25.67391304347826,504.4,504.4,787.0,3157647.59,1593.19,332.04,14.059782608695652,34.153260869565216,Q4,678.53,27.43195652173913,-25.662829941196406,0.1745652173913079,0.0666666666666666,Neutral
Southern Leyte,2013,2013Q1,27.25333333333333,29.754444444444445,25.28333333333333,707.1,707.1,759.0,2969709.59,1604.84,336.71,13.75777777777778,33.27333333333333,Q1,520.6800000000001,26.726036630036628,35.80318045632633,0.5272967032967024,-0.3666666666666667,Neutral
Southern Leyte,2013,2013Q2,28.772527472527475,31.53076923076924,26.520879120879123,637.0,637.0,729.0,3312762.27,1933.9,410.42,10.083516483516483,25.39120879120879,Q2,503.91,28.34153846153846,26.411462364311085,0.4309890109890162,-0.3666666666666667,Neutral
Southern Leyte,2013,2013Q3,27.99347826086957,30.35652173913044,26.14130434782609,974.7,974.7,1214.0,3020682.19,1705.71,358.37,12.966304347826089,30.93478260869565,Q3,852.76,27.83891304347826,14.29945119377082,0.1545652173913083,-0.3333333333333333,Neutral
Southern Leyte,2013,2013Q4,27.62826086956522,30.044565217391305,25.77065217391305,573.1,573.1,893.0,3193601.56,1577.87,326.46,13.330434782608696,32.154347826086955,Q4,678.53,27.43195652173913,-15.538001267445797,0.1963043478260893,-0.2333333333333333,Neutral
Southern Leyte,2014,2014Q1,26.50222222222222,28.91,24.44888888888889,825.6,825.6,730.0,2793990.16,1544.93,323.56,15.936666666666666,35.78333333333333,Q1,520.6800000000001,26.726036630036628,58.56188061765383,-0.2238144078144088,-0.3999999999999999,Neutral
Southern Leyte,2014,2014Q2,28.51868131868132,31.13516483516484,26.23076923076923,561.1,561.1,762.0,3353672.95,1926.79,400.96,10.265934065934069,26.03406593406593,Q2,503.91,28.34153846153846,11.349248873806827,0.1771428571428615,0.1333333333333333,Neutral
Southern Leyte,2014,2014Q3,27.77391304347826,29.94347826086957,25.85869565217392,1152.8,1152.8,1170.0,2850961.13,1666.68,347.65,14.680434782608694,32.70869565217391,Q3,852.76,27.83891304347826,35.184577137764435,-0.0650000000000012,0.1,Neutral
Southern Leyte,2014,2014Q4,27.50326086956522,29.85108695652174,25.672826086956523,972.6,972.6,999.0,2944138.31,1482.83,311.06,13.380434782608695,32.547826086956526,Q4,678.53,27.43195652173913,43.3392775558929,0.0713043478260893,0.6,El Niño
Southern Leyte,2015,2015Q1,26.76,29.362222222222226,24.51888888888889,193.0,193.0,461.0,3261495.0,1746.85,364.78,15.054444444444446,32.81666666666667,Q1,520.6800000000001,26.726036630036628,-62.93308750096028,0.0339633699633736,0.5,El Niño
Southern Leyte,2015,2015Q2,28.54065934065934,31.10439560439561,26.102197802197804,502.7,502.7,654.0,3441285.56,1993.86,418.62,10.156043956043955,25.087912087912088,Q2,503.91,28.34153846153846,-0.2401222440515243,0.1991208791208798,0.9333333333333332,El Niño
Southern Leyte,2015,2015Q3,28.066304347826087,30.343478260869563,26.10760869565217,846.7,846.7,1141.0,3416481.86,1849.74,382.57,14.19891304347826,32.29891304347826,Q3,852.76,27.83891304347826,-0.710633707021899,0.2273913043478259,1.8666666666666665,El Niño
Southern Leyte,2015,2015Q4,27.88695652173913,30.32608695652174,25.79565217391304,362.2,362.2,721.0,3321712.21,1660.84,348.32,13.52282608695652,32.06956521739131,Q4,678.53,27.43195652173913,-46.61989889909068,0.4549999999999983,2.533333333333333,El Niño
Southern Leyte,2016,2016Q1,27.51648351648352,30.31758241758242,25.031868131868134,156.5,156.5,367.0,3496509.56,1889.6,395.68,12.906593406593409,30.8043956043956,Q1,520.6800000000001,26.726036630036628,-69.94315126373205,0.7904468864468939,2.066666666666667,El Niño
Southern Leyte,2016,2016Q2,28.97142857142857,31.8,26.3989010989011,564.1,564.1,670.0,3537991.92,2002.62,429.54,10.510989010989013,25.882417582417585,Q2,503.91,28.34153846153846,11.944593280546128,0.6298901098901126,0.3999999999999999,Neutral
Southern Leyte,2016,2016Q3,28.315217391304348,30.657608695652176,26.30869565217392,961.4,961.4,1131.0,3211134.42,1809.56,377.86,13.540217391304347,31.796739130434784,Q3,852.76,27.83891304347826,12.73980955954782,0.4763043478260869,-0.5,La Niña
Southern Leyte,2016,2016Q4,27.664130434782606,30.044565217391305,25.828260869565216,901.0,901.0,1030.0,2986821.35,1488.65,310.97,12.579347826086956,30.842391304347824,Q4,678.53,27.43195652173913,32.78705436752981,0.232173913043475,-0.6666666666666666,La Niña
Southern Leyte,2017,2017Q1,26.004444444444445,28.184444444444445,24.37666666666667,572.9,572.9,715.0,2723708.48,1462.76,300.67,17.919999999999998,39.434444444444445,Q1,520.6800000000001,26.726036630036628,10.029192594299744,-0.7215921855921827,-0.1333333333333333,Neutral
Southern Leyte,2017,2017Q2,27.629670329670333,29.870329670329667,25.77802197802198,435.7,435.7,752.0,3413975.21,1807.38,371.22,13.46923076923077,30.463736263736266,Q2,503.91,28.34153846153846,-13.53614732789586,-0.7118681318681261,0.2666666666666666,Neutral
Southern Leyte,2017,2017Q3,27.294565217391305,29.15217391304348,25.67717391304348,838.6,838.6,1132.0,2921443.73,1612.54,326.59,12.868478260869566,31.59130434782609,Q3,852.76,27.83891304347826,-1.6604906421501908,-0.5443478260869554,-0.1333333333333333,Neutral
Southern Leyte,2017,2017Q4,26.916304347826088,28.957608695652173,25.33152173913044,913.9,913.9,877.0,2804906.55,1401.46,292.16,15.833695652173914,37.19565217391305,Q4,678.53,27.43195652173913,34.68822307046114,-0.5156521739130433,-0.8333333333333334,La Niña
Southern Leyte,2018,2018Q1,26.346666666666664,28.686666666666667,24.50777777777777,646.1,646.1,618.0,2921105.31,1537.85,313.06,15.756666666666666,35.74777777777778,Q1,520.6800000000001,26.726036630036628,24.08773142813243,-0.3793699633699638,-0.8333333333333334,La Niña
Southern Leyte,2018,2018Q2,27.68021978021978,29.982417582417582,25.71868131868132,460.8,460.8,732.0,3376021.88,1825.64,378.64,13.963736263736264,32.604395604395606,Q2,503.91,28.34153846153846,-8.555099124843725,-0.6613186813186793,-0.2333333333333333,Neutral
Southern Leyte,2018,2018Q3,27.39673913043478,29.07282608695652,25.905434782608697,637.3,637.3,1084.0,3219074.82,1744.03,353.46,16.179347826086957,41.31195652173913,Q3,852.76,27.83891304347826,-25.2661944744125,-0.4421739130434794,0.2666666666666666,Neutral
Southern Leyte,2018,2018Q4,26.79891304347826,29.094565217391303,25.01413043478261,571.6999999999999,571.6999999999999,994.0,3189360.92,1566.36,319.28,14.746739130434785,34.96195652173913,Q4,678.53,27.43195652173913,-15.744329653810448,-0.6330434782608698,0.8333333333333334,El Niño
Southern Leyte,2019,2019Q1,25.841111111111108,28.633333333333333,23.604444444444447,203.8,203.8,440.0,3314839.56,1767.27,366.58,17.44222222222222,37.70444444444445,Q1,520.6800000000001,26.726036630036628,-60.85887685334562,-0.8849255189255203,0.6999999999999998,El Niño
Southern Leyte,2019,2019Q2,28.10989010989011,30.786813186813188,25.951648351648352,295.2,295.2,715.0,3542779.12,1972.28,421.51,15.136263736263738,35.07692307692308,Q2,503.91,28.34153846153846,-41.418110376853015,-0.2316483516483494,0.5666666666666667,El Niño
Southern Leyte,2019,2019Q3,27.62173913043478,29.332608695652173,26.00434782608696,523.1,523.1,969.0,2975418.92,1707.29,356.69,16.741304347826087,40.12608695652174,Q3,852.76,27.83891304347826,-38.658004596838495,-0.2171739130434815,0.1999999999999999,Neutral
Southern Leyte,2019,2019Q4,27.02717391304348,29.22934782608696,25.218478260869563,604.3,604.3,1034.0,3235700.05,1580.15,321.78000000000003,13.884782608695652,33.55217391304348,Q4,678.53,27.43195652173913,-10.939825799890944,-0.4047826086956512,0.4333333333333333,Neutral
Southern Leyte,2020,2020Q1,26.686813186813183,29.568131868131868,24.473626373626374,135.5,135.5,515.0,3481212.01,1832.98,388.12,17.783516483516483,39.11098901098901,Q1,520.6800000000001,26.726036630036628,-73.97633863409389,-0.0392234432234452,0.4666666666666666,Neutral
Southern Leyte,2020,2020Q2,28.25824175824176,31.13296703296703,25.94945054945055,330.2,330.2,698.0,3475330.98,1928.44,421.16,15.056043956043956,33.89010989010989,Q2,503.91,28.34153846153846,-34.4724256315612,-0.0832967032966998,-0.0666666666666666,Neutral
Southern Leyte,2020,2020Q3,27.525,29.58478260869565,25.719565217391303,699.5,699.5,1191.0,3140547.53,1691.11,344.36,12.22717391304348,30.13586956521739,Q3,852.76,27.83891304347826,-17.972231342933533,-0.3139130434782622,-0.6333333333333333,La Niña
Southern Leyte,2020,2020Q4,27.01630434782609,29.119565217391305,25.446739130434786,770.3,770.3,1161.0,2881365.47,1445.81,294.51,14.309782608695652,34.02282608695652,Q4,678.53,27.43195652173913,13.52482572620223,-0.4156521739130419,-1.2333333333333334,La Niña
Southern Leyte,2021,2021Q1,26.44,28.78777777777778,24.633333333333333,813.8,813.8,1003.0,2945876.56,1548.76,315.11,14.726666666666668,34.07666666666667,Q1,520.6800000000001,26.726036630036628,56.29561342859335,-0.2860366300366266,-0.9,La Niña
Southern Leyte,2021,2021Q2,27.33956043956044,29.446153846153845,25.542857142857144,726.4,726.4,1111.0,3324790.93,1762.54,357.31,13.81868131868132,33.43626373626373,Q2,503.91,28.34153846153846,44.15272568514217,-1.0019780219780188,-0.5333333333333333,La Niña
Southern Leyte,2021,2021Q3,27.57934782608696,29.37826086956522,25.92065217391304,831.9,831.9,1133.0,3218520.89,1733.62,357.7,13.997826086956522,33.92065217391304,Q3,852.76,27.83891304347826,-2.446174773676065,-0.2595652173913017,-0.5333333333333333,La Niña
Southern Leyte,2021,2021Q4,26.817391304347822,29.096739130434784,25.05,848.9,848.9,964.0,2762086.88,1448.92,299.96,15.095652173913043,33.62282608695652,Q4,678.53,27.43195652173913,25.10869084638852,-0.6145652173913092,-0.9333333333333332,La Niña
Southern Leyte,2022,2022Q1,26.332222222222224,28.88111111111112,24.427777777777777,491.2,491.2,771.0,2940841.46,1621.01,329.67,16.447777777777777,34.77666666666667,Q1,520.6800000000001,26.726036630036628,-5.661826841822246,-0.3938144078144034,-0.9666666666666668,La Niña
Southern Leyte,2022,2022Q2,27.286813186813188,29.58571428571429,25.35824175824176,985.9,985.9,905.0,3059183.52,1797.56,370.11,14.834065934065936,31.83846153846154,Q2,503.91,28.34153846153846,95.65001686809153,-1.0547252747252711,-1.0,La Niña
Southern Leyte,2022,2022Q3,27.34891304347826,29.463043478260868,25.475,1000.5,1000.5,1184.0,3186005.22,1820.29,367.18,13.245652173913042,29.369565217391305,Q3,852.76,27.83891304347826,17.324921431586848,-0.490000000000002,-0.9,La Niña
Southern Leyte,2022,2022Q4,26.86521739130435,29.165217391304346,25.08695652173913,891.2,891.2,1039.0,2769823.45,1513.53,308.85,15.31304347826087,33.130434782608695,Q4,678.53,27.43195652173913,31.34275566297733,-0.5667391304347831,-0.9,La Niña
Southern Leyte,2023,2023Q1,26.02111111111111,28.436666666666667,24.19111111111111,740.4,740.4,951.0,2580439.31,1493.77,302.62,15.30111111111111,33.1,Q1,520.6800000000001,26.726036630036628,42.19866328647152,-0.704925518925517,-0.3999999999999999,Neutral
Southern Leyte,2023,2023Q2,27.72087912087912,29.98681318681319,25.67252747252747,645.3,645.3,929.0,3420531.19,1920.38,393.56,13.0978021978022,29.736263736263737,Q2,503.91,28.34153846153846,28.05858188962313,-0.6206593406593406,0.5,El Niño
Southern Leyte,2023,2023Q3,27.63695652173913,29.680434782608696,25.779347826086955,721.6,721.6,1040.0,3198231.44,1885.02,390.49,15.93695652173913,36.66195652173913,Q3,852.76,27.83891304347826,-15.380646371781037,-0.201956521739131,1.3333333333333333,El Niño
Southern Leyte,2023,2023Q4,27.23695652173913,29.757608695652173,25.18913043478261,593.1,593.1,820.0,3208958.42,1672.01,343.75,13.325,31.469565217391303,Q4,678.53,27.43195652173913,-12.590452890808065,-0.1950000000000002,1.9,El Niño
Southern Leyte,2024,2024Q1,27.0010989010989,31.43516483516484,23.923076923076923,89.0,89.0,331.0,3454664.17,1907.39,493.76,27.65824175824176,51.19670329670329,Q1,520.6800000000001,26.726036630036628,-82.90696781132365,0.2750622710622714,1.4666666666666668,El Niño
Southern Leyte,2024,2024Q2,29.14835164835165,34.138461538461534,25.3989010989011,360.2,360.2,544.0,3437982.96,2033.27,520.79,18.07692307692308,36.25384615384616,Q2,503.91,28.34153846153846,-28.51898156416821,0.8068131868131907,0.4333333333333333,Neutral
Southern Leyte,2024,2024Q3,26.5,29.792391304347827,24.042391304347827,1045.8,1045.8,1038.0,2739031.16,1636.3,337.28000000000003,15.407608695652174,31.703260869565216,Q3,852.76,27.83891304347826,22.637084291008016,-1.3389130434782608,-0.1,Neutral
Southern Leyte,2024,2024Q4,26.08888888888889,29.451648351648352,23.843956043956045,652.4,652.4,872.0,2675612.07,1462.19,302.56,17.556043956043954,35.706593406593406,Q4,678.53,27.43195652173913,-3.850971954077196,-1.3430676328502429,-0.3999999999999999,Neutral
Southern Leyte,2025,2025Q1,26.00112359550561,29.50777777777777,23.781111111111112,382.5,382.5,682.0,3002685.23,1654.91,358.34,22.883333333333333,46.02666666666666,Q1,520.6800000000001,26.726036630036628,-26.53837289698088,-0.7249130345310135,-0.3999999999999999,Neutral
Southern Leyte,2025,2025Q2,28.491208791208788,30.305494505494508,26.9989010989011,318.0,0.2,638.0,3399721.76,1941.16,394.53,13.823076923076924,27.105494505494505,Q2,503.91,28.34153846153846,-36.893492885634345,0.1496703296703287,-0.1,Neutral
Southern Leyte,2025,2025Q3,29.502173913043475,30.344565217391303,28.67717391304348,670.2,69.6,778.0,2937130.22,1788.69,382.2,11.713043478260868,20.36304347826087,Q3,852.76,27.83891304347826,-21.40813358975561,1.6632608695652138,-0.3,Neutral
Southern Leyte,2025,2025Q4,29.34918032786885,30.29344262295082,28.42459016393443,480.5,106.2,530.0,1966854.32,1100.73,235.36,11.695081967213117,21.644262295081965,Q4,678.53,27.43195652173913,-29.185150251278497,1.9172238061297195,-0.6,La Niña
Surigao del Sur,2010,2010Q1,25.67333333333333,28.13,23.80888888888889,338.1,338.1,902.0,3240860.34,1646.61,338.52,19.352222222222224,36.29333333333334,Q1,778.9,25.48891941391941,-56.59263063294389,0.1844139194139167,1.1666666666666667,El Niño
Surigao del Sur,2010,2010Q2,27.38131868131868,29.9978021978022,25.4010989010989,277.2,277.2,818.0,3714394.94,1990.81,407.32,16.185714285714287,32.005494505494504,Q2,544.76,27.05912087912088,-49.11520669652691,0.322197802197806,-0.1666666666666666,Neutral
Surigao del Sur,2010,2010Q3,26.792391304347827,29.56086956521739,24.80978260869565,663.7,663.7,1012.0,3220822.7800000003,1728.34,348.24,13.277173913043478,27.593478260869563,Q3,634.24,27.01586956521739,4.644929364278512,-0.2234782608695624,-1.3,La Niña
Surigao del Sur,2010,2010Q4,26.02717391304348,28.566304347826087,24.317391304347822,754.3,754.3,1358.0,2983298.77,1416.17,281.93,13.953260869565218,28.690217391304348,Q4,849.5799999999999,26.202500000000004,-11.214953271028037,-0.1753260869565238,-1.6000000000000003,La Niña
Surigao del Sur,2011,2011Q1,25.044444444444444,27.276666666666667,23.591111111111108,1399.6,1399.6,1627.0,2298999.99,1230.03,250.78,20.83111111111111,38.37111111111111,Q1,778.9,25.48891941391941,79.68930543073564,-0.4444749694749674,-1.1666666666666667,La Niña
Surigao del Sur,2011,2011Q2,26.307692307692307,28.784615384615385,24.462637362637363,798.1,798.1,1115.0,2908283.57,1609.7,323.73,15.937362637362638,31.27472527472528,Q2,544.76,27.05912087912088,46.5048828842059,-0.7514285714285691,-0.5666666666666667,La Niña
Surigao del Sur,2011,2011Q3,26.85108695652174,29.74347826086957,24.7108695652174,511.8,511.8,747.0,3130594.54,1751.66,360.83,12.843478260869563,29.779347826086955,Q3,634.24,27.01586956521739,-19.30499495459132,-0.1647826086956492,-0.6333333333333333,La Niña
Surigao del Sur,2011,2011Q4,25.953260869565216,28.405434782608697,24.28152173913044,816.6,816.6,1352.0,3050035.9,1444.73,284.73,15.870652173913042,32.62173913043478,Q4,849.5799999999999,26.202500000000004,-3.8819181242496175,-0.2492391304347876,-1.0333333333333334,La Niña
Surigao del Sur,2012,2012Q1,25.369230769230768,27.61868131868132,23.84175824175824,898.6999999999999,898.6999999999999,1502.0,2964580.6,1502.89,293.76,19.66813186813187,36.78021978021978,Q1,778.9,25.48891941391941,15.380665040441643,-0.1196886446886438,-0.7333333333333334,La Niña
Surigao del Sur,2012,2012Q2,26.865934065934063,29.60879120879121,24.78351648351649,429.7,429.7,877.0,3407520.5,1860.28,373.9,13.632967032967032,28.11428571428572,Q2,544.76,27.05912087912088,-21.12122769660034,-0.1931868131868128,-0.2666666666666666,Neutral
Surigao del Sur,2012,2012Q3,26.86086956521739,29.664130434782606,24.80326086956521,596.3,596.3,778.0,3078351.68,1725.33,358.63,14.0,30.416304347826088,Q3,634.24,27.01586956521739,-5.981962663975791,-0.1550000000000011,0.3333333333333333,Neutral
Surigao del Sur,2012,2012Q4,25.99347826086957,28.35760869565217,24.32934782608696,872.1,872.1,1252.0,3051157.65,1471.84,295.85,18.797826086956523,36.83586956521739,Q4,849.5799999999999,26.202500000000004,2.6507215329927845,-0.2090217391304349,0.0666666666666666,Neutral
Surigao del Sur,2013,2013Q1,25.572222222222223,27.872222222222224,23.933333333333334,798.1,798.1,1265.0,2885604.98,1491.21,304.33,20.164444444444445,37.64111111111111,Q1,778.9,25.48891941391941,2.465014764411355,0.0833028083028111,-0.3666666666666667,Neutral
Surigao del Sur,2013,2013Q2,27.05934065934066,29.656043956043955,25.123076923076923,600.4,600.4,1016.0,3203769.9,1808.52,369.07,14.704395604395604,29.53956043956044,Q2,544.76,27.05912087912088,10.213672075776486,0.0002197802197834,-0.3666666666666667,Neutral
Surigao del Sur,2013,2013Q3,26.570652173913043,29.27391304347826,24.65217391304348,718.6,718.6,1049.0,2941121.63,1625.77,331.95,14.070652173913045,29.89021739130435,Q3,634.24,27.01586956521739,13.300958627648845,-0.4452173913043467,-0.3333333333333333,Neutral
Surigao del Sur,2013,2013Q4,26.00978260869565,28.48478260869565,24.33695652173913,729.5,729.5,1282.0,3103737.42,1492.78,297.66,17.332608695652176,34.41630434782609,Q4,849.5799999999999,26.202500000000004,-14.134042703453463,-0.1927173913043525,-0.2333333333333333,Neutral
Surigao del Sur,2014,2014Q1,24.996666666666663,27.45,23.18555555555556,973.6,973.6,1033.0,2702798.34,1433.42,303.41,21.605555555555554,39.44555555555556,Q1,778.9,25.48891941391941,24.996790345358846,-0.4922527472527491,-0.3999999999999999,Neutral
Surigao del Sur,2014,2014Q2,27.020879120879123,29.68351648351648,25.01868131868132,579.5,579.5,1003.0,3368025.22,1836.6,368.44,13.918681318681315,27.78131868131868,Q2,544.76,27.05912087912088,6.37712019972098,-0.0382417582417531,0.1333333333333333,Neutral
Surigao del Sur,2014,2014Q3,26.77391304347826,29.51086956521739,24.714130434782607,800.1,800.1,881.0,2870769.97,1633.92,339.97,13.321739130434782,28.747826086956525,Q3,634.24,27.01586956521739,26.150983854692235,-0.2419565217391301,0.1,Neutral
Surigao del Sur,2014,2014Q4,25.970652173913045,28.41195652173913,24.28478260869565,1116.6,1116.6,1238.0,2803246.02,1382.7,282.55,17.504347826086956,33.89565217391304,Q4,849.5799999999999,26.202500000000004,31.429647590574167,-0.2318478260869589,0.6,El Niño
Surigao del Sur,2015,2015Q1,25.313333333333333,27.878888888888888,23.328888888888887,407.6,407.6,887.0,3242079.56,1632.23,340.95,19.43888888888889,35.93,Q1,778.9,25.48891941391941,-47.66979073051739,-0.1755860805860791,0.5,El Niño
Surigao del Sur,2015,2015Q2,27.07472527472528,29.870329670329667,24.98351648351648,387.5,387.5,858.0,3492846.27,1902.58,389.57,13.990109890109888,28.057142857142853,Q2,544.76,27.05912087912088,-28.8677582788751,0.0156043956044058,0.9333333333333332,El Niño
Surigao del Sur,2015,2015Q3,27.075,29.992391304347827,24.991304347826084,524.8,524.8,739.0,3410748.74,1827.6,377.11,12.748913043478264,28.68478260869565,Q3,634.24,27.01586956521739,-17.255297679112015,0.0591304347826096,1.8666666666666665,El Niño
Surigao del Sur,2015,2015Q4,26.31304347826088,28.721739130434784,24.582608695652173,437.6,437.6,1130.0,3268103.44,1577.99,318.0,16.930434782608696,33.94239130434782,Q4,849.5799999999999,26.202500000000004,-48.49219614397702,0.1105434782608725,2.533333333333333,El Niño
Surigao del Sur,2016,2016Q1,25.803296703296706,28.294505494505497,23.91318681318681,370.7,370.7,945.0,3446368.22,1747.86,348.92,18.62857142857143,35.096703296703296,Q1,778.9,25.48891941391941,-52.40724098087046,0.314377289377294,2.066666666666667,El Niño
Surigao del Sur,2016,2016Q2,27.21978021978022,29.77802197802198,25.369230769230768,510.9,510.9,1109.0,3476017.89,1869.05,379.12,15.78021978021978,31.31538461538461,Q2,544.76,27.05912087912088,-6.215581173360748,0.1606593406593432,0.3999999999999999,Neutral
Surigao del Sur,2016,2016Q3,27.24021739130435,30.046739130434784,25.198913043478264,697.8,697.8,825.0,3197160.83,1744.39,360.26,13.327173913043476,29.444565217391304,Q3,634.24,27.01586956521739,10.02144298688193,0.2243478260869587,-0.5,La Niña
Surigao del Sur,2016,2016Q4,26.207608695652173,28.631521739130434,24.61304347826087,879.7,879.7,1350.0,2844165.71,1370.36,277.95,16.546739130434784,32.922826086956526,Q4,849.5799999999999,26.202500000000004,3.545281197768323,0.0051086956521686,-0.6666666666666666,La Niña
Surigao del Sur,2017,2017Q1,25.69,28.30111111111111,23.746666666666663,1193.6,1193.6,1214.0,2589433.99,1333.99,280.39,14.696666666666667,37.54555555555555,Q1,778.9,25.48891941391941,53.241751187572206,0.2010805860805895,-0.1333333333333333,Neutral
Surigao del Sur,2017,2017Q2,27.13846153846153,29.75494505494505,24.9956043956044,888.1,888.1,1129.0,3300406.89,1782.83,357.26,11.47692307692308,31.08681318681319,Q2,544.76,27.05912087912088,63.0259196710478,0.0793406593406587,0.2666666666666666,Neutral
Surigao del Sur,2017,2017Q3,27.071739130434786,30.23586956521739,24.708695652173912,727.6,727.6,913.0,2854206.44,1611.63,334.23,9.181521739130435,27.74891304347826,Q3,634.24,27.01586956521739,14.719979818365289,0.0558695652173959,-0.1333333333333333,Neutral
Surigao del Sur,2017,2017Q4,26.40217391304348,29.20217391304348,24.415217391304346,1352.0,1352.0,1246.0,2596235.36,1294.88,270.42,12.775,34.952173913043474,Q4,849.5799999999999,26.202500000000004,59.137456154805925,0.1996739130434761,-0.8333333333333334,La Niña
Surigao del Sur,2018,2018Q1,25.97,28.793333333333333,23.93888888888889,1052.7,1052.7,1148.0,2719660.65,1437.66,295.46,13.184444444444445,34.827777777777776,Q1,778.9,25.48891941391941,35.15213762999102,0.4810805860805871,-0.8333333333333334,La Niña
Surigao del Sur,2018,2018Q2,27.130769230769232,30.128571428571423,24.642857142857142,512.6,512.6,1001.0,3302345.17,1786.79,364.37,10.75164835164835,30.129670329670333,Q2,544.76,27.05912087912088,-5.903517145164837,0.0716483516483563,-0.2333333333333333,Neutral
Surigao del Sur,2018,2018Q3,27.393478260869564,30.832608695652173,24.75326086956522,452.1,452.1,737.0,3120121.82,1713.2,362.42,10.755434782608695,32.596739130434784,Q3,634.24,27.01586956521739,-28.71783551967709,0.3776086956521745,0.2666666666666666,Neutral
Surigao del Sur,2018,2018Q4,26.39130434782609,29.25978260869565,24.18478260869565,839.8,839.8,1387.0,3017797.96,1472.75,302.14,11.767391304347823,34.00108695652174,Q4,849.5799999999999,26.202500000000004,-1.1511570423032529,0.1888043478260854,0.8333333333333334,El Niño
Surigao del Sur,2019,2019Q1,25.456666666666667,28.67333333333333,22.63888888888889,356.3,356.3,759.0,3233877.99,1676.35,345.47,14.561111111111112,35.42444444444444,Q1,778.9,25.48891941391941,-54.25600205417896,-0.0322527472527447,0.6999999999999998,El Niño
Surigao del Sur,2019,2019Q2,27.39230769230769,30.250549450549453,24.905494505494502,463.6,463.6,1024.0,3430010.38,1881.22,383.07,12.2989010989011,31.912087912087912,Q2,544.76,27.05912087912088,-14.898303840223212,0.3331868131868134,0.5666666666666667,El Niño
Surigao del Sur,2019,2019Q3,27.529347826086955,30.83152173913044,24.917391304347827,649.6,649.6,829.0,2878416.54,1675.86,358.15,10.802173913043475,30.589130434782607,Q3,634.24,27.01586956521739,2.421796165489407,0.5134782608695652,0.1999999999999999,Neutral
Surigao del Sur,2019,2019Q4,26.756521739130434,30.05,24.40869565217391,697.6,697.6,1105.0,3144015.59,1542.86,321.52,11.73695652173913,32.52608695652174,Q4,849.5799999999999,26.202500000000004,-17.888839191129723,0.5540217391304303,0.4333333333333333,Neutral
Surigao del Sur,2020,2020Q1,26.19450549450549,29.176923076923075,23.77692307692308,319.6,319.6,1047.0,3395160.52,1695.53,349.36,14.48131868131868,36.52967032967032,Q1,778.9,25.48891941391941,-58.96777506740274,0.7055860805860767,0.4666666666666666,Neutral
Surigao del Sur,2020,2020Q2,27.494505494505493,30.35494505494505,25.145054945054945,592.2,592.2,1253.0,3404582.45,1847.19,378.9,13.106593406593406,33.5076923076923,Q2,544.76,27.05912087912088,8.708422057419792,0.435384615384617,-0.0666666666666666,Neutral
Surigao del Sur,2020,2020Q3,27.11521739130435,30.13043478260869,24.70543478260869,681.5,681.5,1044.0,2992374.09,1645.24,337.42,9.68804347826087,28.328260869565216,Q3,634.24,27.01586956521739,7.451437941473257,0.0993478260869586,-0.6333333333333333,La Niña
Surigao del Sur,2020,2020Q4,26.52717391304348,29.280434782608697,24.60326086956522,1171.2,1171.2,1419.0,2619145.63,1318.83,270.51,10.785869565217393,31.030434782608697,Q4,849.5799999999999,26.202500000000004,37.85635255067211,0.3246739130434761,-1.2333333333333334,La Niña
Surigao del Sur,2021,2021Q1,25.95,28.57444444444444,23.932222222222222,1259.3,1259.3,1470.0,2698156.36,1404.23,285.82,12.694444444444445,34.70444444444445,Q1,778.9,25.48891941391941,61.6767235845423,0.4610805860805875,-0.9,La Niña
Surigao del Sur,2021,2021Q2,27.065934065934066,30.10769230769231,24.60879120879121,716.8,716.8,1121.0,3261464.02,1777.4,363.51,11.254945054945056,30.43956043956044,Q2,544.76,27.05912087912088,31.580879653425352,0.0068131868131899,-0.5333333333333333,La Niña
Surigao del Sur,2021,2021Q3,27.297826086956523,30.43586956521739,24.91195652173913,757.6,757.6,1012.0,3025546.45,1688.83,355.1,10.795652173913044,30.198913043478264,Q3,634.24,27.01586956521739,19.450050454086785,0.2819565217391329,-0.5333333333333333,La Niña
Surigao del Sur,2021,2021Q4,26.13695652173913,29.05978260869565,24.061956521739127,1179.5,1179.5,1290.0,2385588.67,1316.86,272.52,12.429347826086955,31.53804347826087,Q4,849.5799999999999,26.202500000000004,38.83330586878223,-0.0655434782608743,-0.9333333333333332,La Niña
Surigao del Sur,2022,2022Q1,25.67555555555556,28.585555555555555,23.52555555555556,1030.1,1030.1,1191.0,2491257.42,1464.65,296.45,13.776666666666667,32.93888888888889,Q1,778.9,25.48891941391941,32.25060983438181,0.1866361416361499,-0.9666666666666668,La Niña
Surigao del Sur,2022,2022Q2,26.67582417582417,29.52307692307692,24.33186813186813,1018.2,1018.2,1151.0,2931370.45,1738.59,350.5,13.154945054945054,31.4,Q2,544.76,27.05912087912088,86.90799618180485,-0.383296703296704,-1.0,La Niña
Surigao del Sur,2022,2022Q3,27.00434782608696,30.546739130434784,24.43369565217392,900.2,900.2,882.0,3034651.36,1762.36,361.17,9.7,25.972826086956523,Q3,634.24,27.01586956521739,41.93365287588296,-0.0115217391304298,-0.9,La Niña
Surigao del Sur,2022,2022Q4,26.28369565217391,29.218478260869563,24.11847826086957,1091.1,1091.1,1357.0,2504718.97,1389.38,284.23,11.547826086956524,29.25326086956522,Q4,849.5799999999999,26.202500000000004,28.428164504814145,0.081195652173907,-0.9,La Niña
Surigao del Sur,2023,2023Q1,25.563333333333333,28.50333333333333,23.44555555555556,1417.0,1417.0,1233.0,2359251.7,1391.91,284.58,12.814444444444444,31.75555555555556,Q1,778.9,25.48891941391941,81.92322506098344,0.0744139194139208,-0.3999999999999999,Neutral
Surigao del Sur,2023,2023Q2,27.20659340659341,30.82857142857143,24.41978021978022,568.5,568.5,810.0,3230800.9,1905.62,391.91,10.996703296703297,27.945054945054945,Q2,544.76,27.05912087912088,4.357882370218079,0.1474725274725337,0.5,El Niño
Surigao del Sur,2023,2023Q3,27.37608695652174,31.214130434782607,24.506521739130434,783.5,783.5,873.0,2967851.41,1786.01,375.59,11.183695652173911,28.169565217391305,Q3,634.24,27.01586956521739,23.533678102926338,0.3602173913043494,1.3333333333333333,El Niño
Surigao del Sur,2023,2023Q4,26.63043478260869,30.05760869565217,24.10108695652174,761.9,761.9,1053.0,3064816.16,1594.87,324.94,11.048913043478262,28.08478260869565,Q4,849.5799999999999,26.202500000000004,-10.320393606252496,0.4279347826086876,1.9,El Niño
Surigao del Sur,2024,2024Q1,26.43516483516484,29.95604395604396,23.521978021978025,239.1,239.1,755.0,3322176.36,1771.83,374.2,15.15824175824176,34.0076923076923,Q1,778.9,25.48891941391941,-69.3028630119399,0.9462454212454254,1.4666666666666668,El Niño
Surigao del Sur,2024,2024Q2,27.9934065934066,31.26043956043956,25.03406593406593,453.0,453.0,850.0,3484355.09,2016.02,424.73,14.832967032967032,33.92857142857143,Q2,544.76,27.05912087912088,-16.844114839562373,0.9342857142857212,0.4333333333333333,Neutral
Surigao del Sur,2024,2024Q3,27.339130434782607,31.02608695652174,24.65217391304348,901.8,901.8,937.0,2911747.4,1755.63,366.42,11.006521739130434,27.032608695652176,Q3,634.24,27.01586956521739,42.18592330978808,0.3232608695652175,-0.1,Neutral
Surigao del Sur,2024,2024Q4,26.59888888888889,30.14395604395604,24.11098901098901,1053.0,1053.0,1047.0,2685757.64,1449.03,301.07,12.013186813186811,29.08131868131868,Q4,849.5799999999999,26.202500000000004,23.943595659031534,0.396388888888886,-0.3999999999999999,Neutral
Surigao del Sur,2025,2025Q1,25.78314606741573,28.61555555555556,23.58,1138.4,1138.4,1321.0,2481707.74,1434.28,284.12,12.703333333333331,29.116666666666667,Q1,778.9,25.48891941391941,46.1548337398896,0.2942266534963167,-0.3999999999999999,Neutral
Surigao del Sur,2025,2025Q2,27.04725274725275,30.1010989010989,24.49010989010989,408.1,4.6,770.0,2985771.75,1609.47,325.83,8.937362637362638,24.16263736263737,Q2,544.76,27.05912087912088,-25.08627652544239,-0.0118681318681268,-0.1,Neutral
Surigao del Sur,2025,2025Q3,27.43804347826088,31.458695652173912,24.32934782608696,263.9,54.7,386.0,2667744.41,1591.55,343.68,9.568478260869565,24.68260869565217,Q3,634.24,27.01586956521739,-58.39114530776993,0.4221739130434869,-0.3,Neutral
Surigao del Sur,2025,2025Q4,26.68360655737705,29.77704918032787,24.231147540983606,419.3,26.3,545.0,1745926.02,875.64,181.01,9.21311475409836,25.039344262295085,Q4,849.5799999999999,26.202500000000004,-50.64620165258127,0.4811065573770463,-0.6,La Niña
Zambales,2010,2010Q1,27.28,30.917777777777776,24.38111111111112,16.8,16.8,71.0,3459091.51,1782.06,425.43,16.38888888888889,33.855555555555554,Q1,67.95,26.77749328449328,-75.27593818984548,0.5025067155067191,1.1666666666666667,El Niño
Zambales,2010,2010Q2,29.129670329670333,31.96923076923077,26.767032967032968,295.7,295.7,468.0,3610168.48,2009.64,445.83,12.625274725274728,26.61098901098901,Q2,579.37,28.650879120879125,-48.96180333810864,0.4787912087912076,-0.1666666666666666,Neutral
Zambales,2010,2010Q3,27.48804347826087,29.48260869565217,25.847826086956523,911.0,911.0,1086.0,3044295.6,1623.13,334.73,13.070652173913045,28.5,Q3,1464.91,26.97510869565217,-37.81187922807545,0.5129347826086956,-1.3,La Niña
Zambales,2010,2010Q4,27.12173913043478,29.51304347826087,25.416304347826088,450.8,450.8,581.0,2957885.68,1384.49,307.93,15.396739130434783,34.56739130434782,Q4,406.34,27.24945652173913,10.9415760200817,-0.1277173913043512,-1.6000000000000003,La Niña
Zambales,2011,2011Q1,26.22777777777777,29.36888888888889,24.09555555555556,134.6,134.6,169.0,3325633.83,1611.98,392.03,20.30555555555556,41.83777777777778,Q1,67.95,26.77749328449328,98.08682855040468,-0.5497155067155077,-1.1666666666666667,La Niña
Zambales,2011,2011Q2,27.794505494505497,30.29340659340659,25.73076923076923,900.6,900.6,674.0,3231620.69,1759.54,386.68,14.934065934065934,32.152747252747254,Q2,579.37,28.650879120879125,55.444707181939,-0.8563736263736281,-0.5666666666666667,La Niña
Zambales,2011,2011Q3,26.596739130434784,28.144565217391307,25.39782608695652,1241.9,1241.9,1409.0,2489105.58,1359.58,271.21,17.110869565217392,35.528260869565216,Q3,1464.91,26.97510869565217,-15.223460826945,-0.3783695652173904,-0.6333333333333333,La Niña
Zambales,2011,2011Q4,26.98152173913044,29.29891304347826,25.194565217391304,482.6,482.6,622.0,2992452.27,1412.54,313.82,16.372826086956522,36.09347826086957,Q4,406.34,27.24945652173913,18.767534576955256,-0.2679347826086911,-1.0333333333333334,La Niña
Zambales,2012,2012Q1,26.9978021978022,30.067032967032965,24.77912087912088,138.2,138.2,252.0,3182969.24,1599.06,379.51,17.44065934065934,36.94065934065934,Q1,67.95,26.77749328449328,103.3848417954378,0.2203089133089193,-0.7333333333333334,La Niña
Zambales,2012,2012Q2,27.85824175824176,30.03846153846154,25.99010989010989,592.1,592.1,849.0,3247488.71,1742.7,366.72,14.55054945054945,30.97692307692308,Q2,579.37,28.650879120879125,2.1972142154409133,-0.7926373626373646,-0.2666666666666666,Neutral
Zambales,2012,2012Q3,26.52608695652174,28.10652173913044,25.26195652173913,1306.0,1306.0,1506.0,2453799.29,1331.56,266.27,16.431521739130435,34.46521739130435,Q3,1464.91,26.97510869565217,-10.847765391730556,-0.4490217391304334,0.3333333333333333,Neutral
Zambales,2012,2012Q4,27.392391304347825,30.10108695652174,25.242391304347827,268.1,268.1,348.0,3241068.05,1565.4,360.13,16.833695652173912,35.743478260869566,Q4,406.34,27.24945652173913,-34.020770783088054,0.1429347826086946,0.0666666666666666,Neutral
Zambales,2013,2013Q1,27.342222222222222,30.817777777777778,24.807777777777776,40.5,40.5,139.0,3352535.03,1691.25,414.72,18.09777777777778,37.528888888888886,Q1,67.95,26.77749328449328,-40.397350993377486,0.5647289377289404,-0.3666666666666667,Neutral
Zambales,2013,2013Q2,28.83516483516484,31.321978021978023,26.71318681318681,664.6,664.6,598.0,3359523.65,1832.91,403.97,12.602197802197802,27.458241758241755,Q2,579.37,28.650879120879125,14.710806565752458,0.1842857142857141,-0.3666666666666667,Neutral
Zambales,2013,2013Q3,26.93152173913043,28.61195652173913,25.55978260869565,1336.0,1336.0,1302.0,2407741.66,1380.56,284.17,14.965217391304348,32.93913043478261,Q3,1464.91,26.97510869565217,-8.799858011754994,-0.043586956521743,-0.3333333333333333,Neutral
Zambales,2013,2013Q4,27.08152173913044,29.506521739130434,25.24891304347826,281.2,281.2,443.0,3262557.88,1493.62,331.92,16.108695652173914,35.175,Q4,406.34,27.24945652173913,-30.79686961657726,-0.1679347826086932,-0.2333333333333333,Neutral
Zambales,2014,2014Q1,26.412222222222223,29.96555555555556,23.706666666666667,23.8,23.8,80.0,3431832.95,1748.15,418.24,17.293333333333333,36.12111111111111,Q1,67.95,26.77749328449328,-64.97424576894775,-0.3652710622710593,-0.3999999999999999,Neutral
Zambales,2014,2014Q2,28.802197802197803,31.345054945054947,26.75274725274725,463.9,463.9,657.0,3479467.46,1870.47,408.88,12.9989010989011,28.47252747252747,Q2,579.37,28.650879120879125,-19.930269085385856,0.1513186813186777,0.1333333333333333,Neutral
Zambales,2014,2014Q3,26.95434782608696,28.60434782608696,25.616304347826084,1316.3,1316.3,1303.0,2617532.77,1437.17,291.09,16.11195652173913,34.457608695652176,Q3,1464.91,26.97510869565217,-10.144650524605616,-0.0207608695652155,0.1,Neutral
Zambales,2014,2014Q4,27.142391304347825,29.70543478260869,25.192391304347822,366.2,366.2,512.0,3131778.12,1465.29,336.15,16.296739130434784,35.50978260869565,Q4,406.34,27.24945652173913,-9.878426933110212,-0.1070652173913053,0.6,El Niño
Zambales,2015,2015Q1,26.284444444444443,29.732222222222223,23.593333333333334,51.0,51.0,110.0,3414485.98,1720.17,405.88,17.406666666666666,35.92444444444444,Q1,67.95,26.77749328449328,-24.94481236203091,-0.4930488400488393,0.5,El Niño
Zambales,2015,2015Q2,28.91868131868132,31.69010989010989,26.53956043956044,221.4,221.4,410.0,3768085.98,2011.15,446.54,13.81868131868132,29.262637362637363,Q2,579.37,28.650879120879125,-61.7860779812555,0.2678021978021938,0.9333333333333332,El Niño
Zambales,2015,2015Q3,27.31413043478261,29.019565217391307,25.80652173913043,972.1,972.1,1177.0,2928847.84,1571.88,317.75,15.416304347826086,31.631521739130434,Q3,1464.91,26.97510869565217,-33.64097453085855,0.339021739130434,1.8666666666666665,El Niño
Zambales,2015,2015Q4,27.594565217391303,30.291304347826088,25.40652173913044,652.6,652.6,363.0,3205132.49,1543.96,356.12,18.282608695652176,38.53369565217391,Q4,406.34,27.24945652173913,60.60441994388934,0.345108695652172,2.533333333333333,El Niño
Zambales,2016,2016Q1,26.958241758241755,30.007692307692302,24.454945054945057,52.6,52.6,168.0,3395417.46,1661.51,383.37,15.930769230769233,32.854945054945055,Q1,67.95,26.77749328449328,-22.590139808682856,0.1807484737484728,2.066666666666667,El Niño
Zambales,2016,2016Q2,29.204395604395604,31.93076923076923,26.97582417582418,302.6,302.6,536.0,3582204.83,1934.6,434.58,12.953846153846154,27.203296703296704,Q2,579.37,28.650879120879125,-47.77085454890656,0.5535164835164785,0.3999999999999999,Neutral
Zambales,2016,2016Q3,27.222826086956523,28.86304347826087,25.940217391304348,1052.6,1052.6,1352.0,2650897.54,1448.36,292.26,15.945652173913045,33.15978260869565,Q3,1464.91,26.97510869565217,-28.145756394590805,0.2477173913043486,-0.5,La Niña
Zambales,2016,2016Q4,27.51304347826087,29.780434782608697,25.721739130434784,532.8,532.8,650.0,2853909.45,1363.23,317.35,17.644565217391303,38.35652173913044,Q4,406.34,27.24945652173913,31.121720726485187,0.2635869565217383,-0.6666666666666666,La Niña
Zambales,2017,2017Q1,26.59888888888889,30.20111111111111,24.01555555555556,104.2,104.2,214.0,3348285.89,1759.68,429.35,21.614444444444445,63.17111111111111,Q1,67.95,26.77749328449328,53.34805003679176,-0.1786043956043919,-0.1333333333333333,Neutral
Zambales,2017,2017Q2,28.60439560439561,31.21978021978022,26.39450549450549,445.6,445.6,643.0,3598792.42,2001.79,438.11,14.03736263736264,42.56813186813186,Q2,579.37,28.650879120879125,-23.08887239587828,-0.0464835164835157,0.2666666666666666,Neutral
Zambales,2017,2017Q3,27.24891304347826,29.11086956521739,25.816304347826087,1840.4,1840.4,1379.0,2501933.38,1515.54,309.54,14.955434782608696,47.248913043478254,Q3,1464.91,26.97510869565217,25.632291403567454,0.2738043478260863,-0.1333333333333333,Neutral
Zambales,2017,2017Q4,27.10326086956522,29.671739130434784,25.30978260869565,470.0,470.0,509.0,2977898.93,1475.53,332.31,18.38043478260869,57.05869565217391,Q4,406.34,27.24945652173913,15.66668307328837,-0.1461956521739118,-0.8333333333333334,La Niña
Zambales,2018,2018Q1,26.97222222222222,30.59,24.424444444444443,86.3,86.3,227.0,3314125.9,1746.34,421.93,18.89555555555556,56.61222222222223,Q1,67.95,26.77749328449328,27.00515084621044,0.1947289377289394,-0.8333333333333334,La Niña
Zambales,2018,2018Q2,28.642857142857142,31.4032967032967,26.447252747252744,1201.1,1201.1,750.0,3372730.28,1850.31,416.02,15.051648351648351,47.27472527472528,Q2,579.37,28.650879120879125,107.31138995805787,-0.0080219780219827,-0.2333333333333333,Neutral
Zambales,2018,2018Q3,26.595652173913045,28.078260869565216,25.48260869565217,2357.8,2357.8,1794.0,2114430.65,1309.2,264.81,17.553260869565218,54.04891304347826,Q3,1464.91,26.97510869565217,60.95186735021264,-0.3794565217391294,0.2666666666666666,Neutral
Zambales,2018,2018Q4,27.38913043478261,30.471739130434784,25.13913043478261,233.7,233.7,405.0,3207843.08,1662.13,384.75,17.975,54.65326086956522,Q4,406.34,27.24945652173913,-42.48658758675002,0.1396739130434809,0.8333333333333334,El Niño
Zambales,2019,2019Q1,26.70111111111111,30.474444444444444,23.63,31.5,31.5,119.0,3477961.28,1878.35,440.29,19.20555555555556,55.90444444444445,Q1,67.95,26.77749328449328,-53.64238410596026,-0.0763821733821714,0.6999999999999998,El Niño
Zambales,2019,2019Q2,28.71868131868132,31.305494505494508,26.553846153846155,706.1,706.1,904.0,3397802.37,1912.32,413.12,13.351648351648352,41.15164835164836,Q2,579.37,28.650879120879125,21.873759428344584,0.0678021978021945,0.5666666666666667,El Niño
Zambales,2019,2019Q3,26.872826086956525,28.33152173913044,25.67826086956521,2315.0,2315.0,1813.0,2160872.64,1345.8,273.1,17.456521739130434,53.88369565217391,Q3,1464.91,26.97510869565217,58.03018615478083,-0.1022826086956492,0.1999999999999999,Neutral
Zambales,2019,2019Q4,27.175,30.05760869565217,24.99673913043478,325.4,325.4,490.0,3195767.12,1616.88,355.19,16.27282608695652,51.2858695652174,Q4,406.34,27.24945652173913,-19.9192794211744,-0.0744565217391297,0.4333333333333333,Neutral
Zambales,2020,2020Q1,27.10989010989011,31.04725274725275,24.124175824175826,73.3,73.3,228.0,3499979.33,1876.36,454.05,19.23516483516484,56.817582417582415,Q1,67.95,26.77749328449328,7.873436350257533,0.3323968253968274,0.4666666666666666,Neutral
Zambales,2020,2020Q2,29.09450549450549,32.12307692307692,26.630769230769232,451.5,451.5,693.0,3628595.89,2017.56,449.05,13.302197802197805,41.419780219780215,Q2,579.37,28.650879120879125,-22.07052488047362,0.4436263736263655,-0.0666666666666666,Neutral
Zambales,2020,2020Q3,27.73913043478261,29.86195652173913,25.995652173913044,973.3,973.3,1121.0,2954799.13,1701.93,351.09,12.894565217391303,40.47934782608696,Q3,1464.91,26.97510869565217,-33.559058235659535,0.7640217391304347,-0.6333333333333333,La Niña
Zambales,2020,2020Q4,27.10652173913044,29.49673913043478,25.305434782608696,950.1,950.1,856.0,2682977.11,1408.99,305.31,16.828260869565216,53.915217391304346,Q4,406.34,27.24945652173913,133.818969336024,-0.142934782608691,-1.2333333333333334,La Niña
Zambales,2021,2021Q1,26.81,30.23111111111111,24.38,145.5,145.5,382.0,3206155.83,1694.42,397.2,17.904444444444444,54.48333333333333,Q1,67.95,26.77749328449328,114.12803532008827,0.0325067155067166,-0.9,La Niña
Zambales,2021,2021Q2,28.790109890109893,31.852747252747253,26.178021978021977,476.9,476.9,832.0,3542158.64,1979.25,448.39,15.301098901098902,46.872527472527466,Q2,579.37,28.650879120879125,-17.686452526019647,0.1392307692307675,-0.5333333333333333,La Niña
Zambales,2021,2021Q3,27.405434782608697,29.345652173913045,25.81413043478261,1513.7,1513.7,1339.0,2622475.9,1548.89,318.25,15.55108695652174,48.6945652173913,Q3,1464.91,26.97510869565217,3.330580035633586,0.4303260869565228,-0.5333333333333333,La Niña
Zambales,2021,2021Q4,27.367391304347827,30.39782608695652,25.27391304347826,258.9,258.9,456.0,2983438.12,1567.46,370.57,18.96630434782609,53.63586956521739,Q4,406.34,27.24945652173913,-36.28488457941626,0.117934782608696,-0.9333333333333332,La Niña
Zambales,2022,2022Q1,27.664444444444445,31.94888888888889,24.614444444444448,115.1,115.1,276.0,3402856.92,1808.49,448.84,18.95111111111111,52.016666666666666,Q1,67.95,26.77749328449328,69.38925680647533,0.8869511599511632,-0.9666666666666668,La Niña
Zambales,2022,2022Q2,28.432967032967035,31.66813186813187,25.98901098901099,635.2,635.2,707.0,3388553.71,1952.64,432.92,14.237362637362637,40.61978021978022,Q2,579.37,28.650879120879125,9.636329116108884,-0.2179120879120901,-1.0,La Niña
Zambales,2022,2022Q3,26.98152173913044,28.99021739130435,25.320652173913043,1526.8,1526.8,1356.0,2318469.41,1533.09,312.29,14.432608695652174,40.68369565217392,Q3,1464.91,26.97510869565217,4.224832924889575,0.0064130434782647,-0.9,La Niña
Zambales,2022,2022Q4,27.34021739130435,30.17065217391304,25.208695652173912,523.0,523.0,480.0,3042112.54,1596.24,359.48,18.07717391304348,50.9445652173913,Q4,406.34,27.24945652173913,28.70994733474429,0.0907608695652193,-0.9,La Niña
Zambales,2023,2023Q1,27.23777777777778,31.556666666666665,24.21333333333333,97.9,97.9,205.0,3283663.23,1773.72,446.6,19.966666666666665,54.864444444444445,Q1,67.95,26.77749328449328,44.076526857983815,0.4602844932844974,-0.3999999999999999,Neutral
Zambales,2023,2023Q2,28.406593406593405,31.47142857142857,26.03516483516483,618.5,618.5,854.0,3408768.13,1971.55,428.55,14.913186813186812,41.10769230769231,Q2,579.37,28.650879120879125,6.753887843692286,-0.24428571428572,0.5,El Niño
Zambales,2023,2023Q3,27.219565217391303,29.448913043478264,25.35326086956522,1470.3,1470.3,1379.0,2699215.74,1685.59,340.94,15.825,42.10869565217392,Q3,1464.91,26.97510869565217,0.3679406926022672,0.2444565217391279,1.3333333333333333,El Niño
Zambales,2023,2023Q4,27.780434782608697,31.52282608695652,25.06086956521739,273.9,273.9,427.0,3139215.34,1630.59,384.15,18.657608695652176,47.99782608695652,Q4,406.34,27.24945652173913,-32.59339469409855,0.530978260869567,1.9,El Niño
Zambales,2024,2024Q1,27.692307692307693,32.496703296703295,24.1,49.2,49.2,143.0,3521559.51,1870.0,486.23,21.88571428571429,54.940659340659344,Q1,67.95,26.77749328449328,-27.593818984547458,0.9148144078144114,1.4666666666666668,El Niño
Zambales,2024,2024Q2,29.602197802197804,33.27912087912088,26.531868131868134,423.1,423.1,588.0,3596018.2,2122.58,484.31,14.743956043956045,39.02967032967032,Q2,579.37,28.650879120879125,-26.9724010563198,0.9513186813186784,0.4333333333333333,Neutral
Zambales,2024,2024Q3,27.305434782608696,29.654347826086955,25.530434782608697,1596.9,1596.9,1394.0,2628289.7,1629.39,334.37,15.455434782608696,41.30652173913043,Q3,1464.91,26.97510869565217,9.010109836099147,0.3303260869565214,-0.1,Neutral
Zambales,2024,2024Q4,27.46555555555556,30.6,25.0956043956044,394.9,394.9,564.0,2916341.07,1534.27,351.38,18.919780219780225,48.909890109890114,Q4,406.34,27.24945652173913,-2.81537628586899,0.2160990338164303,-0.3999999999999999,Neutral
Zambales,2025,2025Q1,27.305617977528087,31.64444444444445,24.33111111111112,168.8,168.8,286.0,3244695.21,1723.5,429.3,21.383333333333333,54.64888888888888,Q1,67.95,26.77749328449328,148.41795437821926,0.5281246930348047,-0.3999999999999999,Neutral
Zambales,2025,2025Q2,29.43186813186813,33.47582417582418,26.55164835164835,578.4,37.1,704.0,3122314.97,1776.53,409.29,13.806593406593407,30.36263736263736,Q2,579.37,28.650879120879125,-0.1674232355834833,0.7809890109890034,-0.1,Neutral
Zambales,2025,2025Q3,27.84130434782609,29.820652173913043,26.405434782608697,1720.2,203.5,1445.0,1940859.19,1296.73,280.3,13.083695652173914,38.89891304347826,Q3,1464.91,26.97510869565217,17.4270091677987,0.8661956521739143,-0.3,Neutral
Zambales,2025,2025Q4,28.44098360655737,31.35737704918033,26.437704918032782,480.1,113.4,452.0,1846585.1,992.51,218.05,15.708196721311475,37.14426229508197,Q4,406.34,27.24945652173913,18.15228626273564,1.1915270848182438,-0.6,La Niña
Zamboanga del Norte,2010,2010Q1,27.02777777777778,30.245555555555555,24.57777777777778,660.8,660.8,1186.0,6700213.68,3662.26,761.98,18.50055555555556,40.265,Q1,1158.98,26.60041391941392,-42.98434830626931,0.4273638583638579,1.1666666666666667,El Niño
Zamboanga del Norte,2010,2010Q2,28.703296703296704,32.46043956043956,25.76538461538461,1115.1,1115.1,1414.0,7196702.71,4034.78,873.34,12.214835164835163,30.017582417582418,Q2,1289.09,28.08527472527472,-13.497118122086125,0.6180219780219822,-0.1666666666666666,Neutral
Zamboanga del Norte,2010,2010Q3,27.669565217391305,31.26032608695652,25.008152173913043,2100.3,2100.3,1989.0,6548798.7,3644.86,758.28,9.148369565217392,25.230978260869566,Q3,1493.2,27.50434782608696,40.65764800428611,0.1652173913043491,-1.3,La Niña
Zamboanga del Norte,2010,2010Q4,27.09619565217391,30.47934782608696,24.71467391304348,1964.2,1964.2,2222.0,6411738.55,3149.85,642.66,11.610869565217392,28.994565217391305,Q4,1546.14,27.099347826086955,27.03894860749998,-0.003152173913044,-1.6000000000000003,La Niña
Zamboanga del Norte,2011,2011Q1,26.26833333333333,29.14111111111111,24.329444444444444,2432.2,2432.2,2470.0,5326755.76,2952.69,590.69,17.063333333333333,38.178333333333335,Q1,1158.98,26.60041391941392,109.85694317417035,-0.3320805860805897,-1.1666666666666667,La Niña
Zamboanga del Norte,2011,2011Q2,27.475274725274726,30.65714285714286,25.12087912087912,1648.4,1648.4,1790.0,6226237.32,3485.77,719.53,12.425274725274726,30.28296703296704,Q2,1289.09,28.08527472527472,27.87315082732782,-0.6099999999999959,-0.5666666666666667,La Niña
Zamboanga del Norte,2011,2011Q3,27.518478260869564,30.82282608695652,25.15271739130435,1378.6,1378.6,1594.0,6229999.12,3474.4700000000003,732.09,12.983152173913044,33.99619565217392,Q3,1493.2,27.50434782608696,-7.674792392177881,0.0141304347826078,-0.6333333333333333,La Niña
Zamboanga del Norte,2011,2011Q4,27.14945652173913,30.314673913043475,24.89293478260869,1847.6,1847.6,2135.0,6193456.96,3171.31,645.41,12.998913043478264,31.955978260869564,Q4,1546.14,27.099347826086955,19.497587540584945,0.0501086956521739,-1.0333333333333334,La Niña
Zamboanga del Norte,2012,2012Q1,26.77692307692308,29.78076923076924,24.63901098901099,1544.4,1544.4,2024.0,6363088.61,3392.42,679.16,16.312087912087915,37.4,Q1,1158.98,26.60041391941392,33.255103625601826,0.1765091575091588,-0.7333333333333334,La Niña
Zamboanga del Norte,2012,2012Q2,27.83626373626373,31.220329670329672,25.25164835164836,1308.8,1308.8,1506.0,6929505.21,3822.93,789.64,11.735714285714286,29.76483516483516,Q2,1289.09,28.08527472527472,1.5289855634594975,-0.2490109890109906,-0.2666666666666666,Neutral
Zamboanga del Norte,2012,2012Q3,27.529347826086955,30.7625,25.22445652173913,1357.5,1357.5,1657.0,6170234.76,3480.09,735.31,13.701086956521738,35.01684782608696,Q3,1493.2,27.50434782608696,-9.087864987945354,0.0249999999999985,0.3333333333333333,Neutral
Zamboanga del Norte,2012,2012Q4,27.20923913043478,30.32336956521739,24.92934782608696,1274.3,1274.3,1817.0,6394843.42,3306.87,676.66,16.030978260869563,37.10869565217392,Q4,1546.14,27.099347826086955,-17.58184899168251,0.1098913043478262,0.0666666666666666,Neutral
Zamboanga del Norte,2013,2013Q1,26.83388888888889,29.747222222222224,24.695,1404.5,1404.5,1830.0,6059751.54,3317.99,672.88,17.854444444444447,38.949444444444445,Q1,1158.98,26.60041391941392,21.184144678941827,0.2334749694749689,-0.3666666666666667,Neutral
Zamboanga del Norte,2013,2013Q2,28.296703296703296,31.791208791208792,25.596153846153847,1523.7,1523.7,1688.0,6484608.08,3684.31,783.8,10.834615384615384,27.347252747252742,Q2,1289.09,28.08527472527472,18.19966022543036,0.2114285714285735,-0.3666666666666667,Neutral
Zamboanga del Norte,2013,2013Q3,27.528260869565216,30.86847826086957,25.14782608695652,1648.3,1648.3,1914.0,6171305.83,3393.99,715.3,12.177717391304348,31.245652173913044,Q3,1493.2,27.50434782608696,10.387088132869,0.0239130434782595,-0.3333333333333333,Neutral
Zamboanga del Norte,2013,2013Q4,27.109239130434784,30.19619565217392,24.89130434782609,1538.0,1538.0,1948.0,6251945.0200000005,3158.49,642.45,14.778260869565216,34.573913043478264,Q4,1546.14,27.099347826086955,-0.5264723763695314,0.0098913043478283,-0.2333333333333333,Neutral
Zamboanga del Norte,2014,2014Q1,26.096666666666664,28.85611111111111,23.96333333333333,1497.3,1497.3,1805.0,5792939.6,3215.53,651.02,19.311666666666667,41.47388888888889,Q1,1158.98,26.60041391941392,29.19118535263766,-0.5037472527472566,-0.3999999999999999,Neutral
Zamboanga del Norte,2014,2014Q2,28.041758241758245,31.505494505494507,25.291208791208792,1587.6,1587.6,1674.0,6622033.81,3732.2,777.32,11.332967032967032,28.21043956043956,Q2,1289.09,28.08527472527472,23.156645385504504,-0.0435164835164769,0.1333333333333333,Neutral
Zamboanga del Norte,2014,2014Q3,27.42010869565217,30.603804347826088,25.039130434782606,1404.0,1404.0,1730.0,5810823.4,3283.86,693.32,12.877173913043478,32.625,Q3,1493.2,27.50434782608696,-5.973747656040721,-0.0842391304347849,0.1,Neutral
Zamboanga del Norte,2014,2014Q4,27.079891304347825,30.09021739130435,24.80163043478261,1597.9,1597.9,2013.0,6081982.94,3076.65,632.67,14.641847826086956,34.04945652173913,Q4,1546.14,27.099347826086955,3.347691670870699,-0.01945652173913,0.6,El Niño
Zamboanga del Norte,2015,2015Q1,26.66611111111111,29.864444444444448,24.085,472.3,472.3,1196.0,6763924.92,3678.59,764.85,18.15111111111111,39.25666666666667,Q1,1158.98,26.60041391941392,-59.24864967471398,0.0656971916971898,0.5,El Niño
Zamboanga del Norte,2015,2015Q2,28.632417582417585,32.23956043956044,25.56043956043956,902.6,902.6,1391.0,6871464.85,3870.82,839.89,11.295604395604396,28.03131868131868,Q2,1289.09,28.08527472527472,-29.981614937669203,0.5471428571428625,0.9333333333333332,El Niño
Zamboanga del Norte,2015,2015Q3,27.771195652173912,30.957608695652173,25.31793478260869,1441.1,1441.1,1598.0,6424078.34,3472.57,744.17,13.070108695652175,32.79673913043479,Q3,1493.2,27.50434782608696,-3.4891508170372445,0.2668478260869555,1.8666666666666665,El Niño
Zamboanga del Norte,2015,2015Q4,27.479891304347827,30.56304347826088,25.082065217391307,1020.3,1020.3,1601.0,6747914.43,3396.71,701.7,15.360869565217392,35.526630434782604,Q4,1546.14,27.099347826086955,-34.0098568046878,0.3805434782608721,2.533333333333333,El Niño
Zamboanga del Norte,2016,2016Q1,27.60054945054945,31.10384615384616,24.71648351648352,273.6,273.6,849.0,7152031.7700000005,3952.5,846.51,17.48076923076923,38.76373626373626,Q1,1158.98,26.60041391941392,-76.39303525513814,1.0001355311355304,2.066666666666667,El Niño
Zamboanga del Norte,2016,2016Q2,28.936263736263733,32.75054945054945,25.877472527472527,1641.4,1641.4,1572.0,7086409.73,3930.84,870.16,11.881318681318682,29.500549450549453,Q2,1289.09,28.08527472527472,27.330132108696848,0.8509890109890108,0.3999999999999999,Neutral
Zamboanga del Norte,2016,2016Q3,27.98369565217392,31.339130434782607,25.45163043478261,1402.9,1402.9,1637.0,6475169.89,3547.55,751.13,12.457065217391303,32.2695652173913,Q3,1493.2,27.50434782608696,-6.0474149477631896,0.4793478260869612,-0.5,La Niña
Zamboanga del Norte,2016,2016Q4,27.20978260869565,30.29619565217392,24.97554347826087,1733.8,1733.8,2141.0,6006705.25,3026.48,620.99,13.297282608695651,32.69130434782608,Q4,1546.14,27.099347826086955,12.137322622789664,0.1104347826086957,-0.6666666666666666,La Niña
Zamboanga del Norte,2017,2017Q1,26.129444444444445,28.11055555555556,24.607222222222223,1372.1,1372.1,1721.0,5414081.69,3010.16,627.89,20.94388888888889,44.385,Q1,1158.98,26.60041391941392,18.388583064418704,-0.4709694749694755,-0.1333333333333333,Neutral
Zamboanga del Norte,2017,2017Q2,27.35769230769231,29.68241758241758,25.499450549450547,1422.9,1422.9,1902.0,6847023.78,3686.68,735.29,13.151648351648353,31.154395604395607,Q2,1289.09,28.08527472527472,10.380190677144356,-0.7275824175824113,0.2666666666666666,Neutral
Zamboanga del Norte,2017,2017Q3,27.04510869565217,29.44836956521739,25.23260869565217,2026.4,2026.4,1959.0,6127960.43,3368.6,682.01,13.316847826086958,32.17989130434783,Q3,1493.2,27.50434782608696,35.70854540583981,-0.4592391304347849,-0.1333333333333333,Neutral
Zamboanga del Norte,2017,2017Q4,26.828260869565216,28.98967391304348,25.18913043478261,1777.0,1777.0,2237.0,5710718.81,2881.63,589.86,16.338043478260868,37.64891304347826,Q4,1546.14,27.099347826086955,14.931377494922849,-0.2710869565217386,-0.8333333333333334,La Niña
Zamboanga del Norte,2018,2018Q1,26.475,28.65111111111111,24.75777777777777,1554.0,1554.0,1772.0,5982047.5,3274.52,663.66,18.40333333333333,40.01166666666667,Q1,1158.98,26.60041391941392,34.083418178053115,-0.1254139194139192,-0.8333333333333334,La Niña
Zamboanga del Norte,2018,2018Q2,27.571428571428573,30.113736263736264,25.51208791208791,922.1,922.1,1609.0,6879359.88,3793.93,775.46,14.636263736263738,34.37692307692308,Q2,1289.09,28.08527472527472,-28.46891993576864,-0.5138461538461492,-0.2333333333333333,Neutral
Zamboanga del Norte,2018,2018Q3,27.17228260869565,29.54402173913044,25.3625,1133.2,1133.2,1774.0,6371631.58,3515.38,726.22,17.607065217391302,41.36086956521739,Q3,1493.2,27.50434782608696,-24.10929547281007,-0.3320652173913068,0.2666666666666666,Neutral
Zamboanga del Norte,2018,2018Q4,26.819021739130434,29.034239130434784,25.095108695652176,1379.4,1379.4,2424.0,6272024.69,3216.27,650.09,16.679347826086957,37.31847826086957,Q4,1546.14,27.099347826086955,-10.784275680080704,-0.2803260869565207,0.8333333333333334,El Niño
Zamboanga del Norte,2019,2019Q1,26.129444444444445,28.407222222222224,24.341111111111108,378.6,378.6,1107.0,6658127.3,3690.36,774.24,21.635,45.589444444444446,Q1,1158.98,26.60041391941392,-67.33334483770211,-0.4709694749694755,0.6999999999999998,El Niño
Zamboanga del Norte,2019,2019Q2,28.00164835164836,30.743956043956043,25.78516483516483,818.3,818.3,1551.0,7107108.1,3943.19,830.81,15.763186813186811,36.66483516483517,Q2,1289.09,28.08527472527472,-36.52111179203935,-0.083626373626366,0.5666666666666667,El Niño
Zamboanga del Norte,2019,2019Q3,27.405434782608697,29.88586956521739,25.48369565217392,1039.7,1039.7,1713.0,6106603.9,3534.5,745.3,17.222282608695654,39.58913043478261,Q3,1493.2,27.50434782608696,-30.371015269220464,-0.0989130434782588,0.1999999999999999,Neutral
Zamboanga del Norte,2019,2019Q4,27.0125,29.43913043478261,25.128804347826087,1328.9,1328.9,2238.0,6483924.93,3256.8,663.47,15.569021739130434,36.05869565217392,Q4,1546.14,27.099347826086955,-14.050474083847504,-0.0868478260869558,0.4333333333333333,Neutral
Zamboanga del Norte,2020,2020Q1,26.796703296703296,29.1010989010989,24.984615384615385,533.9,533.9,1480.0,6884098.94,3758.79,789.22,21.134615384615383,44.667582417582416,Q1,1158.98,26.60041391941392,-53.93363129648484,0.196289377289375,0.4666666666666666,Neutral
Zamboanga del Norte,2020,2020Q2,27.954395604395604,30.71153846153846,25.75494505494505,1126.7,1126.7,1748.0,6752579.51,3822.46,807.0,15.038461538461538,34.684615384615384,Q2,1289.09,28.08527472527472,-12.59725853121193,-0.1308791208791184,-0.0666666666666666,Neutral
Zamboanga del Norte,2020,2020Q3,27.2625,29.757065217391304,25.27608695652174,1867.6,1867.6,2217.0,6299935.51,3520.45,710.21,13.195652173913045,31.714130434782607,Q3,1493.2,27.50434782608696,25.07366729172247,-0.2418478260869569,-0.6333333333333333,La Niña
Zamboanga del Norte,2020,2020Q4,26.892391304347825,29.19836956521739,25.227717391304346,1822.7,1822.7,2634.0,5750559.22,2955.09,596.19,15.21141304347826,35.13369565217391,Q4,1546.14,27.099347826086955,17.88712535734152,-0.20695652173913,-1.2333333333333334,La Niña
Zamboanga del Norte,2021,2021Q1,26.47388888888889,28.60055555555556,24.87,1488.1,1488.1,2353.0,5727094.6,3158.8,642.9,17.54222222222222,38.75222222222222,Q1,1158.98,26.60041391941392,28.397383906538497,-0.1265250305250305,-0.9,La Niña
Zamboanga del Norte,2021,2021Q2,27.307142857142853,29.66813186813187,25.37087912087912,1582.0,1582.0,2143.0,6553196.94,3627.44,730.24,14.545054945054943,34.4010989010989,Q2,1289.09,28.08527472527472,22.72223041059973,-0.7781318681318687,-0.5333333333333333,La Niña
Zamboanga del Norte,2021,2021Q3,27.332608695652173,29.77228260869565,25.39021739130435,1440.6,1440.6,2063.0,6374687.45,3531.79,726.76,14.50054347826087,33.94565217391305,Q3,1493.2,27.50434782608696,-3.52263594963837,-0.1717391304347835,-0.5333333333333333,La Niña
Zamboanga del Norte,2021,2021Q4,26.73152173913044,29.12173913043478,24.896195652173912,2102.5,2102.5,2549.0,5627200.25,3037.15,620.0,17.484239130434784,37.41576086956522,Q4,1546.14,27.099347826086955,35.98380483009302,-0.3678260869565157,-0.9333333333333332,La Niña
Zamboanga del Norte,2022,2022Q1,26.38111111111112,28.624444444444443,24.56388888888889,1174.3,1174.3,1987.0,5929449.35,3393.21,682.23,19.15111111111111,39.32388888888889,Q1,1158.98,26.60041391941392,1.32185197328685,-0.2193028083028032,-0.9666666666666668,La Niña
Zamboanga del Norte,2022,2022Q2,27.04890109890109,29.52747252747253,25.00384615384615,1928.3,1928.3,2156.0,6308663.52,3707.11,742.09,14.578021978021978,31.6,Q2,1289.09,28.08527472527472,49.58614216230055,-1.0363736263736278,-1.0,La Niña
Zamboanga del Norte,2022,2022Q3,27.07934782608696,29.74673913043478,24.9733695652174,1651.5,1651.5,1823.0,6408101.28,3716.65,744.8,13.590217391304348,30.386413043478264,Q3,1493.2,27.50434782608696,10.601392981516202,-0.4249999999999971,-0.9,La Niña
Zamboanga del Norte,2022,2022Q4,26.76413043478261,29.217391304347824,24.872826086956525,2061.4,2061.4,2535.0,5592722.27,3120.31,632.04,16.51086956521739,35.0929347826087,Q4,1546.14,27.099347826086955,33.32557206979965,-0.3352173913043437,-0.9,La Niña
Zamboanga del Norte,2023,2023Q1,26.20888888888889,28.43722222222222,24.47277777777778,1856.4,1856.4,2282.0,5251347.97,3121.75,636.94,19.322222222222223,39.403888888888886,Q1,1158.98,26.60041391941392,60.17532658026886,-0.391525030525031,-0.3999999999999999,Neutral
Zamboanga del Norte,2023,2023Q2,27.620329670329667,30.32362637362637,25.321428571428573,1376.2,1376.2,1654.0,6754648.28,3906.0,799.32,14.295604395604396,31.60989010989011,Q2,1289.09,28.08527472527472,6.757480082849152,-0.4649450549450549,0.5,El Niño
Zamboanga del Norte,2023,2023Q3,27.33641304347826,30.33858695652174,25.11847826086957,1610.7,1610.7,1800.0,6425232.28,3701.73,774.01,16.222282608695654,37.102717391304346,Q3,1493.2,27.50434782608696,7.869006161264398,-0.1679347826086967,1.3333333333333333,El Niño
Zamboanga del Norte,2023,2023Q4,27.11521739130435,30.17554347826087,24.770108695652173,1485.6,1485.6,2132.0,6406873.97,3409.24,700.47,15.1125,34.227717391304346,Q4,1546.14,27.099347826086955,-3.9155574527533066,0.0158695652173932,1.9,El Niño
Zamboanga del Norte,2024,2024Q1,27.09450549450549,30.093406593406595,24.76648351648352,366.3,366.3,1263.0,6720650.33,3808.53,838.27,21.11813186813187,45.27527472527473,Q1,1158.98,26.60041391941392,-68.39462285803035,0.49409157509157,1.4666666666666668,El Niño
Zamboanga del Norte,2024,2024Q2,28.671978021978024,32.27197802197802,25.77912087912088,902.2,902.2,1375.0,7156574.99,4155.91,923.89,15.96868131868132,36.90714285714286,Q2,1289.09,28.08527472527472,-30.012644578733827,0.5867032967033019,0.4333333333333333,Neutral
Zamboanga del Norte,2024,2024Q3,27.316304347826087,30.275,25.14565217391305,1682.5,1682.5,1905.0,6209088.91,3634.75,749.43,14.347826086956522,33.43369565217392,Q3,1493.2,27.50434782608696,12.67747120278596,-0.1880434782608695,-0.1,Neutral
Zamboanga del Norte,2024,2024Q4,27.02722222222222,30.182967032967035,24.727472527472525,1607.2,1607.2,2120.0,6054384.55,3235.25,668.89,14.86758241758242,34.698901098901096,Q4,1546.14,27.099347826086955,3.949189594732701,-0.0721256038647339,-0.3999999999999999,Neutral
Zamboanga del Norte,2025,2025Q1,26.585955056179778,29.69833333333333,24.349444444444444,1332.6,1332.6,2287.0,5881965.17,3311.43,676.09,17.105555555555554,39.37055555555556,Q1,1158.98,26.60041391941392,14.980413812145152,-0.0144588632341431,-0.3999999999999999,Neutral
Zamboanga del Norte,2025,2025Q2,27.9032967032967,31.79230769230769,24.843956043956045,589.8,1.9,967.0,6354702.13,3588.75,764.74,11.613736263736262,29.709890109890107,Q2,1289.09,28.08527472527472,-54.24679425020751,-0.181978021978022,-0.1,Neutral
Zamboanga del Norte,2025,2025Q3,26.955978260869564,30.860326086956523,24.228804347826088,937.6,157.5,1112.0,5636108.52,3328.58,714.19,11.483695652173912,32.584782608695654,Q3,1493.2,27.50434782608696,-37.20867934637021,-0.5483695652173921,-0.3,Neutral
Zamboanga del Norte,2025,2025Q4,26.68688524590164,30.195901639344264,24.238524590163934,958.5,225.9,1097.0,3614401.61,1949.78,405.75,9.394262295081967,30.84426229508197,Q4,1546.14,27.099347826086955,-38.00690752454499,-0.4124625801853163,-0.6,La Niña
Zamboanga del Sur,2010,2010Q1,27.21222222222222,29.578888888888887,25.374444444444443,198.6,198.6,196.0,3282966.81,1782.16,375.59,11.896666666666668,29.11333333333333,Q1,316.09000000000003,26.80148351648352,-37.16979341326838,0.4107387057387015,1.1666666666666667,El Niño
Zamboanga del Sur,2010,2010Q2,27.74175824175824,29.557142857142853,26.007692307692302,340.2,340.2,460.0,3153586.64,1710.44,351.44,7.972527472527473,24.8956043956044,Q2,694.98,27.234395604395605,-51.048951048951054,0.5073626373626361,-0.1666666666666666,Neutral
Zamboanga del Sur,2010,2010Q3,26.875,28.470652173913045,25.26413043478261,552.7,552.7,702.0,2840866.16,1592.08,320.9,8.26304347826087,24.164130434782606,Q3,980.9599999999998,26.44391304347826,-43.65723373022344,0.4310869565217388,-1.3,La Niña
Zamboanga del Sur,2010,2010Q4,26.61086956521739,28.319565217391304,25.15869565217391,598.1,598.1,720.0,2840145.86,1425.58,288.23,7.436956521739131,22.793478260869566,Q4,634.52,26.726739130434783,-5.739771796003272,-0.1158695652173946,-1.6000000000000003,La Niña
Zamboanga del Sur,2011,2011Q1,26.317777777777778,28.12555555555556,24.97111111111112,517.3,517.3,609.0,2520072.02,1401.67,287.14,11.01777777777778,26.918888888888887,Q1,316.09000000000003,26.80148351648352,63.65592078205571,-0.4837057387057406,-1.1666666666666667,La Niña
Zamboanga del Sur,2011,2011Q2,26.7,28.3956043956044,25.25274725274725,902.3,902.3,865.0,2662893.05,1500.99,304.59,8.652747252747252,25.3956043956044,Q2,694.98,27.234395604395605,29.83107427551871,-0.5343956043956055,-0.5666666666666667,La Niña
Zamboanga del Sur,2011,2011Q3,26.20543478260869,27.74021739130435,24.882608695652173,985.1,985.1,1097.0,2764944.1,1497.27,294.79,9.522826086956522,28.63369565217392,Q3,980.9599999999998,26.44391304347826,0.4220355570054043,-0.2384782608695665,-0.6333333333333333,La Niña
Zamboanga del Sur,2011,2011Q4,26.691304347826087,28.38586956521739,25.218478260869563,596.1,596.1,639.0,2850558.99,1468.32,297.21,7.875,23.38695652173913,Q4,634.52,26.726739130434783,-6.054970686503177,-0.0354347826086964,-1.0333333333333334,La Niña
Zamboanga del Sur,2012,2012Q1,26.5967032967033,28.52747252747253,25.124175824175826,426.1,426.1,488.0,2929160.46,1560.1,316.29,9.347252747252748,25.45384615384616,Q1,316.09000000000003,26.80148351648352,34.80337878452339,-0.2047802197802184,-0.7333333333333334,La Niña
Zamboanga del Sur,2012,2012Q2,26.68351648351648,28.347252747252742,25.186813186813183,917.6,917.6,814.0,3018415.89,1607.71,320.17,8.18131868131868,25.624175824175826,Q2,694.98,27.234395604395605,32.03257647702092,-0.5508791208791237,-0.2666666666666666,Neutral
Zamboanga del Sur,2012,2012Q3,26.25108695652174,27.725,24.925,1050.8,1050.8,1193.0,2703817.3,1488.72,293.63,9.830434782608696,30.6608695652174,Q3,980.9599999999998,26.44391304347826,7.119556352960382,-0.1928260869565221,0.3333333333333333,Neutral
Zamboanga del Sur,2012,2012Q4,26.74021739130435,28.49347826086957,25.21195652173913,601.6,601.6,484.0,2996462.22,1520.23,308.97,8.994565217391305,26.105434782608693,Q4,634.52,26.726739130434783,-5.188173737628437,0.0134782608695651,0.0666666666666666,Neutral
Zamboanga del Sur,2013,2013Q1,26.78333333333333,28.784444444444443,25.273333333333333,430.8,430.8,458.0,2867540.42,1581.09,327.39,11.633333333333333,28.26222222222222,Q1,316.09000000000003,26.80148351648352,36.29029706729095,-0.0181501831501869,-0.3666666666666667,Neutral
Zamboanga del Sur,2013,2013Q2,27.14395604395604,28.79890109890109,25.568131868131868,690.6,690.6,780.0,2766217.53,1546.65,314.44,7.327472527472527,23.07032967032967,Q2,694.98,27.234395604395605,-0.6302339635672962,-0.0904395604395631,-0.3666666666666667,Neutral
Zamboanga del Sur,2013,2013Q3,26.3358695652174,27.903260869565216,24.93478260869565,889.4,889.4,1086.0,2628349.94,1474.69,295.15,9.025,27.60217391304348,Q3,980.9599999999998,26.44391304347826,-9.333713912901633,-0.1080434782608641,-0.3333333333333333,Neutral
Zamboanga del Sur,2013,2013Q4,26.60217391304348,28.257608695652173,25.120652173913044,749.6,749.6,719.0,2824092.23,1436.96,291.08,8.103260869565217,24.718478260869563,Q4,634.52,26.726739130434783,18.136544159364565,-0.1245652173913036,-0.2333333333333333,Neutral
Zamboanga del Sur,2014,2014Q1,26.396666666666665,28.61555555555556,24.814444444444447,356.2,356.2,372.0,2769412.27,1576.55,338.28,14.05888888888889,32.83444444444444,Q1,316.09000000000003,26.80148351648352,12.68942389825681,-0.4048168498168536,-0.3999999999999999,Neutral
Zamboanga del Sur,2014,2014Q2,27.31648351648352,29.065934065934066,25.66263736263737,629.2,629.2,694.0,2940888.08,1605.16,328.9,8.3010989010989,25.37362637362637,Q2,694.98,27.234395604395605,-9.465020576131684,0.0820879120879141,0.1333333333333333,Neutral
Zamboanga del Sur,2014,2014Q3,26.34130434782609,27.842391304347824,24.96521739130435,1015.3,1015.3,1064.0,2584423.19,1459.02,290.51,9.201086956521738,28.57717391304348,Q3,980.9599999999998,26.44391304347826,3.5006524221171254,-0.1026086956521723,0.1,Neutral
Zamboanga del Sur,2014,2014Q4,26.72391304347826,28.47934782608696,25.14673913043478,601.3,601.3,633.0,2829520.93,1442.09,294.74,8.966304347826087,25.51630434782609,Q4,634.52,26.726739130434783,-5.235453571203434,-0.0028260869565244,0.6,El Niño
Zamboanga del Sur,2015,2015Q1,27.01111111111112,29.48111111111111,25.065555555555555,61.4,61.4,160.0,3376694.3,1814.4,389.84,13.44111111111111,32.48888888888889,Q1,316.09000000000003,26.80148351648352,-80.57515264639818,0.209627594627598,0.5,El Niño
Zamboanga del Sur,2015,2015Q2,27.32087912087912,29.0989010989011,25.593406593406595,492.1,492.1,591.0,3173362.07,1683.05,342.04,7.658241758241758,25.726373626373626,Q2,694.98,27.234395604395605,-29.192206969984746,0.0864835164835149,0.9333333333333332,El Niño
Zamboanga del Sur,2015,2015Q3,26.339130434782607,27.63804347826087,25.04565217391304,1076.1,1076.1,1086.0,2759044.48,1480.98,292.76,10.21304347826087,29.82608695652174,Q3,980.9599999999998,26.44391304347826,9.698662534659936,-0.104782608695654,1.8666666666666665,El Niño
Zamboanga del Sur,2015,2015Q4,26.95978260869565,28.792391304347827,25.426086956521736,469.8,469.8,494.0,3232674.94,1589.11,322.91,8.71195652173913,25.36195652173913,Q4,634.52,26.726739130434783,-25.95978062157221,0.2330434782608677,2.533333333333333,El Niño
Zamboanga del Sur,2016,2016Q1,27.86813186813187,30.28901098901099,25.86703296703297,45.4,45.4,87.0,3597536.77,1911.81,409.46,11.176923076923076,29.59450549450549,Q1,316.09000000000003,26.80148351648352,-85.63700211964948,1.0666483516483505,2.066666666666667,El Niño
Zamboanga del Sur,2016,2016Q2,27.65384615384616,29.43846153846154,25.92637362637363,678.1,678.1,669.0,3078760.58,1662.52,340.24,7.742857142857143,24.55604395604396,Q2,694.98,27.234395604395605,-2.428846873291317,0.419450549450552,0.3999999999999999,Neutral
Zamboanga del Sur,2016,2016Q3,26.833695652173912,28.404347826086955,25.45108695652174,957.3,957.3,947.0,2906337.37,1563.38,311.61,9.344565217391304,28.5858695652174,Q3,980.9599999999998,26.44391304347826,-2.411923014190166,0.3897826086956506,-0.5,La Niña
Zamboanga del Sur,2016,2016Q4,26.92826086956521,28.672826086956523,25.51413043478261,760.5,760.5,717.0,2763146.73,1431.47,292.82,8.309782608695652,25.105434782608693,Q4,634.52,26.726739130434783,19.85437811258905,0.2015217391304311,-0.6666666666666666,La Niña
Zamboanga del Sur,2017,2017Q1,26.293333333333333,29.412222222222223,23.98111111111111,542.2,542.2,572.0,2862014.03,1625.82,335.44,14.42,34.73666666666667,Q1,316.09000000000003,26.80148351648352,71.53342402480305,-0.5081501831501853,-0.1333333333333333,Neutral
Zamboanga del Sur,2017,2017Q2,27.026373626373623,29.53406593406593,25.053846153846155,895.2,895.2,894.0,3183817.52,1700.29,342.14,10.406593406593409,26.03736263736264,Q2,694.98,27.234395604395605,28.80946214279548,-0.208021978021982,0.2666666666666666,Neutral
Zamboanga del Sur,2017,2017Q3,26.472826086956523,28.96630434782609,24.66195652173913,1094.3,1094.3,1072.0,2815615.12,1506.38,302.96,10.820652173913045,28.01195652173913,Q3,980.9599999999998,26.44391304347826,11.553987930190852,0.028913043478262,-0.1333333333333333,Neutral
Zamboanga del Sur,2017,2017Q4,26.596739130434784,29.29891304347826,24.578260869565216,806.5,806.5,836.0,2780105.18,1458.91,296.92,10.820652173913045,30.27065217391305,Q4,634.52,26.726739130434783,27.10395259408688,-0.129999999999999,-0.8333333333333334,La Niña
Zamboanga del Sur,2018,2018Q1,26.622222222222224,29.916666666666668,24.14333333333333,455.3,455.3,465.0,3109040.65,1731.36,358.27,12.75,30.94888888888889,Q1,316.09000000000003,26.80148351648352,44.041254073206986,-0.1792612942612947,-0.8333333333333334,La Niña
Zamboanga del Sur,2018,2018Q2,27.24285714285714,30.0956043956044,24.9934065934066,619.6999999999999,619.6999999999999,847.0,3280210.54,1753.27,359.03,11.158241758241758,28.5032967032967,Q2,694.98,27.234395604395605,-10.831966387521955,0.0084615384615354,-0.2333333333333333,Neutral
Zamboanga del Sur,2018,2018Q3,26.35869565217392,28.73804347826087,24.53478260869565,1159.0,1159.0,1311.0,2975548.1,1521.65,301.5,12.228260869565217,34.18586956521739,Q3,980.9599999999998,26.44391304347826,18.14956777034744,-0.0852173913043436,0.2666666666666666,Neutral
Zamboanga del Sur,2018,2018Q4,26.70652173913044,29.72608695652174,24.37173913043478,606.7,606.7,728.0,3219070.11,1704.38,345.2,11.245652173913042,28.475,Q4,634.52,26.726739130434783,-4.384416566853674,-0.0202173913043459,0.8333333333333334,El Niño
Zamboanga del Sur,2019,2019Q1,26.91333333333333,31.096666666666664,23.605555555555554,127.6,127.6,225.0,3327207.53,1926.75,435.18,19.65888888888889,42.69777777777778,Q1,316.09000000000003,26.80148351648352,-59.631750450820974,0.1118498168498121,0.6999999999999998,El Niño
Zamboanga del Sur,2019,2019Q2,27.51428571428572,30.27912087912088,25.31538461538461,784.8,784.8,986.0,3270051.1,1791.92,372.1,12.38241758241758,30.494505494505493,Q2,694.98,27.234395604395605,12.924112924112915,0.2798901098901147,0.5666666666666667,El Niño
Zamboanga del Sur,2019,2019Q3,26.426086956521736,28.592391304347824,24.713043478260868,1029.6,1029.6,1258.0,2814424.06,1548.19,308.45,13.894565217391303,34.16630434782609,Q3,980.9599999999998,26.44391304347826,4.958408090034264,-0.0178260869565249,0.1999999999999999,Neutral
Zamboanga del Sur,2019,2019Q4,26.707608695652173,29.55217391304348,24.393478260869564,555.0,555.0,811.0,3227722.6,1688.11,339.5,11.14891304347826,28.68478260869565,Q4,634.52,26.726739130434783,-12.532307886276236,-0.0191304347826104,0.4333333333333333,Neutral
Zamboanga del Sur,2020,2020Q1,27.45604395604396,31.59010989010989,24.126373626373628,346.6,346.6,394.0,3435824.85,1949.58,435.57,17.400000000000002,38.20989010989011,Q1,316.09000000000003,26.80148351648352,9.652314214306047,0.6545604395604414,0.4666666666666666,Neutral
Zamboanga del Sur,2020,2020Q2,27.667032967032966,30.745054945054942,25.28901098901099,747.6,747.6,980.0,3216631.78,1801.8,380.21,12.173626373626371,29.81318681318681,Q2,694.98,27.234395604395605,7.571440904774239,0.4326373626373616,-0.0666666666666666,Neutral
Zamboanga del Sur,2020,2020Q3,26.780434782608697,29.222826086956523,24.789130434782606,1036.6,1036.6,1166.0,2911411.72,1635.85,328.5,10.793478260869565,27.43586956521739,Q3,980.9599999999998,26.44391304347826,5.671994780623074,0.3365217391304362,-0.6333333333333333,La Niña
Zamboanga del Sur,2020,2020Q4,26.566304347826087,29.24021739130435,24.551086956521736,1034.8,1034.8,1141.0,2862621.94,1514.75,305.04,10.697826086956525,28.369565217391305,Q4,634.52,26.726739130434783,63.08390594465108,-0.1604347826086964,-1.2333333333333334,La Niña
Zamboanga del Sur,2021,2021Q1,26.404444444444444,29.36555555555556,24.01,613.4,613.4,846.0,2937435.14,1657.42,335.5,12.04888888888889,29.37666666666667,Q1,316.09000000000003,26.80148351648352,94.05865418077128,-0.3970390720390746,-0.9,La Niña
Zamboanga del Sur,2021,2021Q2,26.93186813186813,29.78241758241758,24.705494505494503,1116.3,1116.3,1009.0,3007892.49,1691.34,342.8,10.668131868131868,27.5989010989011,Q2,694.98,27.234395604395605,60.623327289993945,-0.3025274725274762,-0.5333333333333333,La Niña
Zamboanga del Sur,2021,2021Q3,26.75869565217392,29.30217391304348,24.811956521739127,893.9,893.9,1224.0,3068357.65,1653.16,331.78,11.665217391304347,29.34891304347826,Q3,980.9599999999998,26.44391304347826,-8.874979611808826,0.3147826086956584,-0.5333333333333333,La Niña
Zamboanga del Sur,2021,2021Q4,26.55869565217392,29.61521739130435,24.342391304347824,879.6,879.6,854.0,2897044.37,1614.55,325.68,11.457608695652173,28.25978260869565,Q4,634.52,26.726739130434783,38.62447204185842,-0.1680434782608664,-0.9333333333333332,La Niña
Zamboanga del Sur,2022,2022Q1,26.58,30.23111111111111,23.89444444444445,623.6,623.6,558.0,3028115.45,1803.94,373.45,14.206666666666663,31.57111111111111,Q1,316.09000000000003,26.80148351648352,97.28558321996898,-0.22148351648352,-0.9666666666666668,La Niña
Zamboanga del Sur,2022,2022Q2,26.738461538461536,29.651648351648355,24.47582417582418,1041.8,1041.8,1007.0,3037686.84,1771.39,355.36,10.665934065934064,26.06263736263736,Q2,694.98,27.234395604395605,49.90359434803878,-0.4959340659340689,-1.0,La Niña
Zamboanga del Sur,2022,2022Q3,26.506521739130434,29.217391304347824,24.4,1102.5,1102.5,1097.0,2898586.54,1682.88,336.15,11.368478260869566,27.154347826086955,Q3,980.9599999999998,26.44391304347826,12.389903767737747,0.0626086956521732,-0.9,La Niña
Zamboanga del Sur,2022,2022Q4,26.4108695652174,29.441304347826087,24.19347826086957,881.9,881.9,860.0,2835736.83,1595.13,321.68,11.034782608695652,26.71195652173913,Q4,634.52,26.726739130434783,38.9869507659333,-0.3158695652173868,-0.9,La Niña
Zamboanga del Sur,2023,2023Q1,26.162222222222223,29.45888888888889,23.68,768.5,768.5,771.0,2784821.74,1685.66,341.72,13.811111111111112,30.770000000000003,Q1,316.09000000000003,26.80148351648352,143.12695751210097,-0.6392612942612956,-0.3999999999999999,Neutral
Zamboanga del Sur,2023,2023Q2,27.043956043956044,30.03296703296704,24.748351648351647,1205.3,1205.3,1003.0,3050085.73,1751.85,355.27,11.393406593406594,26.88791208791209,Q2,694.98,27.234395604395605,73.42945120722896,-0.190439560439561,0.5,El Niño
Zamboanga del Sur,2023,2023Q3,26.34130434782609,29.17717391304348,24.13478260869565,1375.7,1375.7,1192.0,2898448.46,1618.81,321.61,12.3,30.26195652173913,Q3,980.9599999999998,26.44391304347826,40.24017289186106,-0.1026086956521723,1.3333333333333333,El Niño
Zamboanga del Sur,2023,2023Q4,26.845652173913045,30.48478260869565,24.06304347826088,669.4,669.4,657.0,3206358.93,1765.18,359.25,10.457608695652176,25.444565217391304,Q4,634.52,26.726739130434783,5.497068650318351,0.1189130434782619,1.9,El Niño
Zamboanga del Sur,2024,2024Q1,27.847252747252742,32.9989010989011,23.88901098901099,238.4,238.4,286.0,3428433.56,2013.4,465.22,17.083516483516483,36.487912087912086,Q1,316.09000000000003,26.80148351648352,-24.5784428485558,1.045769230769224,1.4666666666666668,El Niño
Zamboanga del Sur,2024,2024Q2,28.205494505494503,32.215384615384615,25.23076923076923,645.4,645.4,716.0,3361105.72,1969.69,425.5,13.272527472527472,30.99670329670329,Q2,694.98,27.234395604395605,-7.1340182451293614,0.9710989010988982,0.4333333333333333,Neutral
Zamboanga del Sur,2024,2024Q3,26.561956521739127,29.43152173913043,24.40108695652174,1156.8,1156.8,1107.0,2922165.54,1672.58,333.84000000000003,12.396739130434783,29.61304347826087,Q3,980.9599999999998,26.44391304347826,17.92529766759095,0.1180434782608657,-0.1,Neutral
Zamboanga del Sur,2024,2024Q4,26.61111111111111,30.33076923076923,24.147252747252747,860.0,860.0,822.0,2996864.48,1656.87,335.5,10.25054945054945,26.307692307692307,Q4,634.52,26.726739130434783,35.535522914959344,-0.1156280193236725,-0.3999999999999999,Neutral
Zamboanga del Sur,2025,2025Q1,26.668539325842698,31.11111111111111,23.75,533.6,533.6,564.0,2941162.66,1755.99,363.35,10.436666666666666,27.20555555555556,Q1,316.09000000000003,26.80148351648352,68.8126799329305,-0.1329441906408206,-0.3999999999999999,Neutral
Zamboanga del Sur,2025,2025Q2,27.784615384615385,31.9978021978022,24.678021978021977,585.4,10.3,696.0,2912952.49,1664.76,353.03,8.787912087912089,23.53626373626373,Q2,694.98,27.234395604395605,-15.767360211804665,0.5502197802197806,-0.1,Neutral
Zamboanga del Sur,2025,2025Q3,26.55978260869565,29.964130434782607,24.041304347826088,472.2,22.8,686.0,2595456.21,1483.95,307.82,10.932608695652174,31.85434782608696,Q3,980.9599999999998,26.44391304347826,-51.86348067199478,0.1158695652173875,-0.3,Neutral
Zamboanga del Sur,2025,2025Q4,26.82131147540984,30.66065573770492,24.11311475409836,443.5,14.499999999999998,492.0,1754815.61,956.52,200.19,9.147540983606556,27.17377049180328,Q4,634.52,26.726739130434783,-30.104646031645967,0.0945723449750559,-0.6,La Niña
North Cotabato,2010,2010Q1,25.842222222222222,30.23777777777778,22.35,627.0,627.0,717.0,3282636.21,1746.84,357.7,5.68,26.256666666666664,Q1,889.3399999999999,25.270391941391942,-29.49827962309127,0.5718302808302802,1.1666666666666667,El Niño
North Cotabato,2010,2010Q2,26.525274725274727,30.58681318681319,23.51098901098901,1026.9,1026.9,913.0,3206139.2,1707.72,353.36,5.6098901098901095,22.35164835164835,Q2,1025.29,25.95010989010989,0.157028743087334,0.5751648351648377,-0.1666666666666666,Neutral
North Cotabato,2010,2010Q3,25.68369565217392,29.571739130434786,22.968478260869563,1023.0,1023.0,994.0,3031564.7,1631.28,334.02,5.872826086956521,22.290217391304346,Q3,715.1899999999999,25.31836956521739,43.03891273647563,0.3653260869565251,-1.3,La Niña
North Cotabato,2010,2010Q4,25.491304347826084,29.36413043478261,22.768478260869564,947.8,947.8,1011.0,3115136.52,1526.59,311.99,5.8489130434782615,23.76521739130435,Q4,936.42,25.32217391304348,1.2152666538518913,0.1691304347826054,-1.6000000000000003,La Niña
North Cotabato,2011,2011Q1,24.89777777777778,28.646666666666665,22.30444444444445,1633.1,1633.1,1132.0,2704091.48,1438.13,291.98,5.286666666666667,25.73,Q1,889.3399999999999,25.270391941391942,83.63055749207278,-0.3726141636141626,-1.1666666666666667,La Niña
North Cotabato,2011,2011Q2,25.41428571428571,29.029670329670328,23.01318681318681,1246.8,1246.8,1105.0,2715085.98,1482.84,302.94,6.272527472527472,24.43406593406593,Q2,1025.29,25.95010989010989,21.604619180914668,-0.5358241758241782,-0.5666666666666667,La Niña
North Cotabato,2011,2011Q3,25.14130434782609,28.73260869565217,22.752173913043475,575.8,575.8,814.0,2907385.05,1563.71,316.08,7.1336956521739125,26.338043478260868,Q3,715.1899999999999,25.31836956521739,-19.48992575399544,-0.1770652173913021,-0.6333333333333333,La Niña
North Cotabato,2011,2011Q4,25.30978260869565,28.98369565217392,22.61304347826087,889.6999999999999,889.6999999999999,967.0,2899846.11,1502.56,306.01,5.694565217391304,24.946739130434786,Q4,936.42,25.32217391304348,-4.989214241472858,-0.0123913043478296,-1.0333333333333334,La Niña
North Cotabato,2012,2012Q1,25.084615384615383,28.8934065934066,22.1978021978022,1125.3,1125.3,1047.0,2996503.79,1545.54,313.08,5.578021978021979,27.25604395604396,Q1,889.3399999999999,25.270391941391942,26.53203499224144,-0.1857765567765597,-0.7333333333333334,La Niña
North Cotabato,2012,2012Q2,25.5978021978022,29.324175824175825,22.98901098901099,893.3,893.3,930.0,3033292.94,1613.76,328.95,6.317582417582417,24.28241758241758,Q2,1025.29,25.95010989010989,-12.873430931736388,-0.35230769230769,-0.2666666666666666,Neutral
North Cotabato,2012,2012Q3,25.17826086956521,28.667391304347827,22.780434782608697,678.2,678.2,899.0,2882568.95,1571.99,317.69,7.423913043478261,26.79891304347826,Q3,715.1899999999999,25.31836956521739,-5.172052181937653,-0.1401086956521773,0.3333333333333333,Neutral
North Cotabato,2012,2012Q4,25.38586956521739,29.073913043478264,22.64782608695652,1131.4,1131.4,1042.0,3075569.26,1524.42,309.69,5.4739130434782615,27.892391304347825,Q4,936.42,25.32217391304348,20.821853441831657,0.0636956521739122,0.0666666666666666,Neutral
North Cotabato,2013,2013Q1,25.25333333333333,29.00111111111111,22.36777777777778,1263.0,1263.0,1103.0,2771171.29,1508.41,307.28,5.381111111111111,26.65,Q1,889.3399999999999,25.270391941391942,42.01542717071088,-0.0170586080586119,-0.3666666666666667,Neutral
North Cotabato,2013,2013Q2,25.985714285714284,29.74285714285714,23.323076923076925,1079.9,1079.9,1059.0,2883915.28,1579.0,324.98,6.091208791208791,23.02747252747253,Q2,1025.29,25.95010989010989,5.326297925465004,0.0356043956043947,-0.3666666666666667,Neutral
North Cotabato,2013,2013Q3,25.198913043478264,28.72934782608696,22.82934782608696,981.3,981.3,1022.0,2791404.67,1538.63,312.05,6.8489130434782615,25.58695652173913,Q3,715.1899999999999,25.31836956521739,37.20829429941694,-0.1194565217391279,-0.3333333333333333,Neutral
North Cotabato,2013,2013Q4,25.20543478260869,28.768478260869564,22.65217391304348,1030.3,1030.3,1095.0,2938416.52,1460.5,296.51,6.242391304347826,27.0858695652174,Q4,936.42,25.32217391304348,10.025415945836256,-0.1167391304347837,-0.2333333333333333,Neutral
North Cotabato,2014,2014Q1,25.112222222222226,28.828888888888887,22.147777777777776,1041.2,1041.2,961.0,2874923.74,1535.76,311.54,5.662222222222222,26.196666666666665,Q1,889.3399999999999,25.270391941391942,17.075584141048434,-0.1581697191697166,-0.3999999999999999,Neutral
North Cotabato,2014,2014Q2,26.11758241758241,29.864835164835164,23.4989010989011,835.6,835.6,976.0,3050697.35,1630.87,335.08,6.217582417582417,22.41318681318681,Q2,1025.29,25.95010989010989,-18.501107003872068,0.1674725274725226,0.1333333333333333,Neutral
North Cotabato,2014,2014Q3,25.344565217391303,28.720652173913045,22.992391304347827,755.0,755.0,875.0,2776426.17,1549.82,314.73,7.38804347826087,25.828260869565216,Q3,715.1899999999999,25.31836956521739,5.566352997105673,0.0261956521739108,0.1,Neutral
North Cotabato,2014,2014Q4,25.49673913043478,29.09130434782609,23.01630434782609,812.6,812.6,1001.0,3006630.13,1518.35,309.2,6.644565217391304,25.37608695652174,Q4,936.42,25.32217391304348,-13.222699216163692,0.1745652173913008,0.6,El Niño
North Cotabato,2015,2015Q1,25.64555555555556,29.89111111111111,22.254444444444445,549.7,549.7,754.0,3303406.55,1720.17,353.06,6.194444444444445,26.21444444444445,Q1,889.3399999999999,25.270391941391942,-38.1901185148537,0.3751636141636147,0.5,El Niño
North Cotabato,2015,2015Q2,26.50879120879121,30.43186813186813,23.81868131868132,847.5,847.5,988.0,3137159.12,1649.69,343.57,6.6000000000000005,22.67142857142857,Q2,1025.29,25.95010989010989,-17.340459772357086,0.5586813186813195,0.9333333333333332,El Niño
North Cotabato,2015,2015Q3,25.475,28.797826086956523,23.13804347826087,636.3,636.3,790.0,3027168.75,1582.25,320.48,7.355434782608696,27.86521739130435,Q3,715.1899999999999,25.31836956521739,-11.030635215816776,0.1566304347826097,1.8666666666666665,El Niño
North Cotabato,2015,2015Q4,25.77173913043478,29.62173913043478,22.93369565217392,683.7,683.7,831.0,3335978.3,1614.14,328.84,6.123913043478261,25.815217391304348,Q4,936.42,25.32217391304348,-26.98789004933684,0.4495652173913029,2.533333333333333,El Niño
North Cotabato,2016,2016Q1,27.06263736263736,32.23516483516484,23.03516483516483,159.9,159.9,385.0,3539335.07,1868.65,397.05,6.789010989010989,26.00989010989011,Q1,889.3399999999999,25.270391941391942,-82.02037465986012,1.7922454212454184,2.066666666666667,El Niño
North Cotabato,2016,2016Q2,27.146153846153847,31.405494505494502,24.2956043956044,1037.5,1037.5,942.0,3099073.72,1672.1,353.73,6.208791208791209,23.13296703296703,Q2,1025.29,25.95010989010989,1.190882579562859,1.1960439560439582,0.3999999999999999,Neutral
North Cotabato,2016,2016Q3,25.95217391304348,29.52065217391305,23.52717391304348,727.3000000000001,727.3000000000001,857.0,3123205.73,1661.55,339.35,6.772826086956522,26.296739130434784,Q3,715.1899999999999,25.31836956521739,1.6932563374767724,0.6338043478260893,-0.5,La Niña
North Cotabato,2016,2016Q4,25.551086956521736,29.10326086956522,23.142391304347825,1306.8,1306.8,1144.0,2737270.27,1403.4,287.84000000000003,5.977173913043478,25.347826086956523,Q4,936.42,25.32217391304348,39.55276478503234,0.2289130434782578,-0.6666666666666666,La Niña
North Cotabato,2017,2017Q1,24.53333333333333,27.313333333333333,22.247777777777777,1147.3,1147.3,1065.0,2828890.79,1437.7,284.43,9.276666666666667,25.78666666666667,Q1,889.3399999999999,25.270391941391942,29.005779566869823,-0.7370586080586108,-0.1333333333333333,Neutral
North Cotabato,2017,2017Q2,25.236263736263737,28.021978021978025,22.98351648351648,1440.1,1440.1,1247.0,3109584.6,1586.15,314.1,8.176923076923076,22.343956043956045,Q2,1025.29,25.95010989010989,40.457821689473214,-0.713846153846152,0.2666666666666666,Neutral
North Cotabato,2017,2017Q3,24.98260869565217,27.838043478260868,22.67826086956521,736.7,736.7,857.0,2864492.63,1541.59,311.55,8.11413043478261,22.10869565217392,Q3,715.1899999999999,25.31836956521739,3.0075923880367603,-0.3357608695652203,-0.1333333333333333,Neutral
North Cotabato,2017,2017Q4,24.89130434782609,27.60869565217392,22.691304347826087,762.0,762.0,998.0,2787915.99,1438.91,288.59,9.094565217391304,25.89021739130435,Q4,936.42,25.32217391304348,-18.62625744858077,-0.4308695652173888,-0.8333333333333334,La Niña
North Cotabato,2018,2018Q1,24.778888888888886,27.773333333333333,22.167777777777776,769.4,769.4,966.0,3013658.59,1582.45,312.32,9.162222222222224,24.02555555555556,Q1,889.3399999999999,25.270391941391942,-13.48640564913306,-0.4915030525030559,-0.8333333333333334,La Niña
North Cotabato,2018,2018Q2,25.383516483516484,28.48901098901099,22.85384615384616,842.3,842.3,1099.0,3157648.32,1695.65,339.09,8.025274725274725,22.071428571428573,Q2,1025.29,25.95010989010989,-17.8476333525149,-0.5665934065934053,-0.2333333333333333,Neutral
North Cotabato,2018,2018Q3,25.05326086956521,28.00543478260869,22.63043478260869,475.8,475.8,755.0,3072961.88,1700.44,348.52,9.428260869565218,26.63695652173913,Q3,715.1899999999999,25.31836956521739,-33.4722241642081,-0.2651086956521773,0.2666666666666666,Neutral
North Cotabato,2018,2018Q4,24.940217391304348,27.85652173913044,22.43913043478261,843.7,843.7,1260.0,3177416.08,1608.96,316.9,8.693478260869565,22.89891304347826,Q4,936.42,25.32217391304348,-9.901539907306551,-0.3819565217391307,0.8333333333333334,El Niño
North Cotabato,2019,2019Q1,24.493333333333336,27.91111111111111,21.46888888888889,577.5,577.5,843.0,3155560.78,1679.55,332.29,10.324444444444444,26.78777777777778,Q1,889.3399999999999,25.270391941391942,-35.06420491600512,-0.7770586080586064,0.6999999999999998,El Niño
North Cotabato,2019,2019Q2,25.58571428571429,28.75494505494505,22.92087912087912,1003.0,1003.0,1171.0,3273322.92,1731.22,347.3,8.386813186813187,22.684615384615388,Q2,1025.29,25.95010989010989,-2.174019058022605,-0.3643956043956002,0.5666666666666667,El Niño
North Cotabato,2019,2019Q3,25.17391304347826,28.269565217391307,22.52282608695652,562.5,562.5,828.0,3018074.74,1714.82,351.88,8.439130434782609,23.095652173913045,Q3,715.1899999999999,25.31836956521739,-21.34957144255372,-0.14445652173913,0.1999999999999999,Neutral
North Cotabato,2019,2019Q4,25.17826086956521,28.25108695652174,22.546739130434784,956.2,956.2,1020.0,3291853.57,1659.42,333.11,8.454347826086956,22.7108695652174,Q4,936.42,25.32217391304348,2.1123000363084907,-0.143913043478264,0.4333333333333333,Neutral
North Cotabato,2020,2020Q1,25.201098901098906,28.905494505494502,22.12967032967033,671.1,671.1,970.0,3342454.78,1756.54,353.18,9.85934065934066,24.503296703296705,Q1,889.3399999999999,25.270391941391942,-24.539546180313483,-0.0692930402930365,0.4666666666666666,Neutral
North Cotabato,2020,2020Q2,25.77472527472528,29.214285714285715,22.96923076923077,1298.8,1298.8,1266.0,3097023.48,1721.9,349.98,8.615384615384615,22.04945054945055,Q2,1025.29,25.95010989010989,26.67635498249276,-0.1753846153846119,-0.0666666666666666,Neutral
North Cotabato,2020,2020Q3,25.18369565217392,28.17717391304348,22.64130434782609,1095.7,1095.7,1221.0,2997973.4,1643.77,327.19,7.41195652173913,21.55869565217392,Q3,715.1899999999999,25.31836956521739,53.20404368070025,-0.1346739130434748,-0.6333333333333333,La Niña
North Cotabato,2020,2020Q4,24.941304347826087,27.694565217391304,22.61086956521739,1082.4,1082.4,1138.0,2813187.41,1450.9,290.25,7.784782608695653,22.235869565217392,Q4,936.42,25.32217391304348,15.589158710834884,-0.3808695652173917,-1.2333333333333334,La Niña
North Cotabato,2021,2021Q1,24.5,27.42555555555556,22.00555555555556,999.7,999.7,1232.0,2780226.89,1499.25,293.83,9.013333333333334,24.11333333333333,Q1,889.3399999999999,25.270391941391942,12.409202329817631,-0.7703919413919422,-0.9,La Niña
North Cotabato,2021,2021Q2,25.103296703296703,27.984615384615385,22.66043956043956,1423.8,1423.8,1278.0,2962533.08,1613.7,321.82,8.071428571428571,22.686813186813183,Q2,1025.29,25.95010989010989,38.86802758244009,-0.8468131868131863,-0.5333333333333333,La Niña
North Cotabato,2021,2021Q3,25.217391304347824,28.221739130434784,22.741304347826084,1078.7,1078.7,1048.0,3072695.6,1673.18,338.48,7.975,22.23478260869565,Q3,715.1899999999999,25.31836956521739,50.8270529509641,-0.1009782608695673,-0.5333333333333333,La Niña
North Cotabato,2021,2021Q4,24.76304347826087,28.019565217391307,22.215217391304343,1187.5,1187.5,971.0,2753021.61,1520.98,303.66,9.247826086956522,24.070652173913043,Q4,936.42,25.32217391304348,26.81275496038101,-0.5591304347826096,-0.9333333333333332,La Niña
North Cotabato,2022,2022Q1,24.436666666666667,27.85222222222222,21.796666666666667,1349.3,1349.3,1089.0,2805775.38,1564.32,306.71,9.663333333333334,25.25555555555556,Q1,889.3399999999999,25.270391941391942,51.71925247936673,-0.8337252747252748,-0.9666666666666668,La Niña
North Cotabato,2022,2022Q2,24.71868131868132,27.8934065934066,22.22967032967033,1762.6,1762.6,1221.0,2713550.23,1588.47,313.28000000000003,8.437362637362638,23.33626373626373,Q2,1025.29,25.95010989010989,71.91233699733733,-1.2314285714285695,-1.0,La Niña
North Cotabato,2022,2022Q3,24.80434782608696,28.257608695652173,22.07391304347826,1147.8,1147.8,935.0,2965289.82,1724.99,342.33,8.595652173913043,22.832608695652173,Q3,715.1899999999999,25.31836956521739,60.488821152421046,-0.5140217391304311,-0.9,La Niña
North Cotabato,2022,2022Q4,24.654347826086955,27.90217391304348,22.175,1308.8,1308.8,1011.0,2781956.93,1534.78,304.67,9.043478260869565,23.815217391304348,Q4,936.42,25.32217391304348,39.76634416180772,-0.6678260869565236,-0.9,La Niña
North Cotabato,2023,2023Q1,24.19555555555556,27.50555555555556,21.723333333333333,1286.3,1286.3,1139.0,2554699.1,1484.1,289.51,9.332222222222224,24.87,Q1,889.3399999999999,25.270391941391942,44.635347561112745,-1.0748363858363843,-0.3999999999999999,Neutral
North Cotabato,2023,2023Q2,25.2956043956044,28.72967032967033,22.70769230769231,1092.6,1092.6,960.0,2958970.69,1730.25,346.69,9.04065934065934,23.84065934065934,Q2,1025.29,25.95010989010989,6.564971861619634,-0.6545054945054893,0.5,El Niño
North Cotabato,2023,2023Q3,25.269565217391307,28.570652173913043,22.75,979.1,979.1,848.0,3006564.85,1733.24,356.3,9.928260869565218,24.517391304347825,Q3,715.1899999999999,25.31836956521739,36.900683734392274,-0.0488043478260848,1.3333333333333333,El Niño
North Cotabato,2023,2023Q4,25.367391304347827,28.756521739130434,22.544565217391305,954.8,954.8,976.0,3166609.43,1645.53,328.72,8.566304347826087,23.165217391304346,Q4,936.42,25.32217391304348,1.9627944725657165,0.0452173913043481,1.9,El Niño
North Cotabato,2024,2024Q1,25.32087912087912,29.0989010989011,22.223076923076924,751.2,751.2,867.0,3161076.24,1723.37,347.96,9.983516483516484,25.8989010989011,Q1,889.3399999999999,25.270391941391942,-15.53286706996198,0.0504871794871775,1.4666666666666668,El Niño
North Cotabato,2024,2024Q2,26.103296703296703,30.140659340659344,23.003296703296705,1419.6,1419.6,1018.0,3163689.62,1801.26,369.06,9.07032967032967,22.82967032967033,Q2,1025.29,25.95010989010989,38.458387383081856,0.1531868131868137,0.4333333333333333,Neutral
North Cotabato,2024,2024Q3,25.30652173913043,28.6,22.747826086956525,1002.8,1002.8,978.0,2919724.01,1678.34,340.52,8.995652173913044,22.89891304347826,Q3,715.1899999999999,25.31836956521739,40.21448845761267,-0.0118478260869601,-0.1,Neutral
North Cotabato,2024,2024Q4,25.194444444444443,28.69450549450549,22.634065934065934,1208.7,1208.7,1025.0,2865250.37,1568.73,314.82,8.52087912087912,23.386813186813185,Q4,936.42,25.32217391304348,29.07669635420003,-0.1277294685990355,-0.3999999999999999,Neutral
North Cotabato,2025,2025Q1,24.641573033707864,28.1,22.134444444444444,1597.7,1597.7,1237.0,2802554.47,1536.58,301.1,8.741111111111111,24.04777777777777,Q1,889.3399999999999,25.270391941391942,79.65007758562531,-0.628818907684078,-0.3999999999999999,Neutral
North Cotabato,2025,2025Q2,26.386813186813185,30.625274725274725,23.22197802197802,384.2,7.399999999999999,552.0,3006175.18,1734.12,359.81,7.309890109890111,19.883516483516484,Q2,1025.29,25.95010989010989,-62.52767509680187,0.4367032967032962,-0.1,Neutral
North Cotabato,2025,2025Q3,26.065217391304348,30.33695652173913,22.70217391304348,460.0,13.0,494.0,2885201.07,1761.96,364.15,8.314130434782609,21.93695652173913,Q3,715.1899999999999,25.31836956521739,-35.68142731302171,0.746847826086956,-0.3,Neutral
North Cotabato,2025,2025Q4,26.237704918032787,30.308196721311475,23.162295081967216,285.6,0.5,386.0,1892776.92,1112.32,229.05,8.447540983606556,23.28852459016393,Q4,936.42,25.32217391304348,-69.50086499647594,0.9155310049893082,-0.6,La Niña
South Cotabato,2010,2010Q1,25.842222222222222,30.23777777777778,22.35,627.0,627.0,717.0,3282636.21,1746.84,357.7,5.68,26.256666666666664,Q1,889.3399999999999,25.270391941391942,-29.49827962309127,0.5718302808302802,1.1666666666666667,El Niño
South Cotabato,2010,2010Q2,26.525274725274727,30.58681318681319,23.51098901098901,1026.9,1026.9,913.0,3206139.2,1707.72,353.36,5.6098901098901095,22.35164835164835,Q2,1025.29,25.95010989010989,0.157028743087334,0.5751648351648377,-0.1666666666666666,Neutral
South Cotabato,2010,2010Q3,25.68369565217392,29.571739130434786,22.968478260869563,1023.0,1023.0,994.0,3031564.7,1631.28,334.02,5.872826086956521,22.290217391304346,Q3,715.1899999999999,25.31836956521739,43.03891273647563,0.3653260869565251,-1.3,La Niña
South Cotabato,2010,2010Q4,25.491304347826084,29.36413043478261,22.768478260869564,947.8,947.8,1011.0,3115136.52,1526.59,311.99,5.8489130434782615,23.76521739130435,Q4,936.42,25.32217391304348,1.2152666538518913,0.1691304347826054,-1.6000000000000003,La Niña
South Cotabato,2011,2011Q1,24.89777777777778,28.646666666666665,22.30444444444445,1633.1,1633.1,1132.0,2704091.48,1438.13,291.98,5.286666666666667,25.73,Q1,889.3399999999999,25.270391941391942,83.63055749207278,-0.3726141636141626,-1.1666666666666667,La Niña
South Cotabato,2011,2011Q2,25.41428571428571,29.029670329670328,23.01318681318681,1246.8,1246.8,1105.0,2715085.98,1482.84,302.94,6.272527472527472,24.43406593406593,Q2,1025.29,25.95010989010989,21.604619180914668,-0.5358241758241782,-0.5666666666666667,La Niña
South Cotabato,2011,2011Q3,25.14130434782609,28.73260869565217,22.752173913043475,575.8,575.8,814.0,2907385.05,1563.71,316.08,7.1336956521739125,26.338043478260868,Q3,715.1899999999999,25.31836956521739,-19.48992575399544,-0.1770652173913021,-0.6333333333333333,La Niña
South Cotabato,2011,2011Q4,25.30978260869565,28.98369565217392,22.61304347826087,889.6999999999999,889.6999999999999,967.0,2899846.11,1502.56,306.01,5.694565217391304,24.946739130434786,Q4,936.42,25.32217391304348,-4.989214241472858,-0.0123913043478296,-1.0333333333333334,La Niña
South Cotabato,2012,2012Q1,25.084615384615383,28.8934065934066,22.1978021978022,1125.3,1125.3,1047.0,2996503.79,1545.54,313.08,5.578021978021979,27.25604395604396,Q1,889.3399999999999,25.270391941391942,26.53203499224144,-0.1857765567765597,-0.7333333333333334,La Niña
South Cotabato,2012,2012Q2,25.5978021978022,29.324175824175825,22.98901098901099,893.3,893.3,930.0,3033292.94,1613.76,328.95,6.317582417582417,24.28241758241758,Q2,1025.29,25.95010989010989,-12.873430931736388,-0.35230769230769,-0.2666666666666666,Neutral
South Cotabato,2012,2012Q3,25.17826086956521,28.667391304347827,22.780434782608697,678.2,678.2,899.0,2882568.95,1571.99,317.69,7.423913043478261,26.79891304347826,Q3,715.1899999999999,25.31836956521739,-5.172052181937653,-0.1401086956521773,0.3333333333333333,Neutral
South Cotabato,2012,2012Q4,25.38586956521739,29.073913043478264,22.64782608695652,1131.4,1131.4,1042.0,3075569.26,1524.42,309.69,5.4739130434782615,27.892391304347825,Q4,936.42,25.32217391304348,20.821853441831657,0.0636956521739122,0.0666666666666666,Neutral
South Cotabato,2013,2013Q1,25.25333333333333,29.00111111111111,22.36777777777778,1263.0,1263.0,1103.0,2771171.29,1508.41,307.28,5.381111111111111,26.65,Q1,889.3399999999999,25.270391941391942,42.01542717071088,-0.0170586080586119,-0.3666666666666667,Neutral
South Cotabato,2013,2013Q2,25.985714285714284,29.74285714285714,23.323076923076925,1079.9,1079.9,1059.0,2883915.28,1579.0,324.98,6.091208791208791,23.02747252747253,Q2,1025.29,25.95010989010989,5.326297925465004,0.0356043956043947,-0.3666666666666667,Neutral
South Cotabato,2013,2013Q3,25.198913043478264,28.72934782608696,22.82934782608696,981.3,981.3,1022.0,2791404.67,1538.63,312.05,6.8489130434782615,25.58695652173913,Q3,715.1899999999999,25.31836956521739,37.20829429941694,-0.1194565217391279,-0.3333333333333333,Neutral
South Cotabato,2013,2013Q4,25.20543478260869,28.768478260869564,22.65217391304348,1030.3,1030.3,1095.0,2938416.52,1460.5,296.51,6.242391304347826,27.0858695652174,Q4,936.42,25.32217391304348,10.025415945836256,-0.1167391304347837,-0.2333333333333333,Neutral
South Cotabato,2014,2014Q1,25.112222222222226,28.828888888888887,22.147777777777776,1041.2,1041.2,961.0,2874923.74,1535.76,311.54,5.662222222222222,26.196666666666665,Q1,889.3399999999999,25.270391941391942,17.075584141048434,-0.1581697191697166,-0.3999999999999999,Neutral
South Cotabato,2014,2014Q2,26.11758241758241,29.864835164835164,23.4989010989011,835.6,835.6,976.0,3050697.35,1630.87,335.08,6.217582417582417,22.41318681318681,Q2,1025.29,25.95010989010989,-18.501107003872068,0.1674725274725226,0.1333333333333333,Neutral
South Cotabato,2014,2014Q3,25.344565217391303,28.720652173913045,22.992391304347827,755.0,755.0,875.0,2776426.17,1549.82,314.73,7.38804347826087,25.828260869565216,Q3,715.1899999999999,25.31836956521739,5.566352997105673,0.0261956521739108,0.1,Neutral
South Cotabato,2014,2014Q4,25.49673913043478,29.09130434782609,23.01630434782609,812.6,812.6,1001.0,3006630.13,1518.35,309.2,6.644565217391304,25.37608695652174,Q4,936.42,25.32217391304348,-13.222699216163692,0.1745652173913008,0.6,El Niño
South Cotabato,2015,2015Q1,25.64555555555556,29.89111111111111,22.254444444444445,549.7,549.7,754.0,3303406.55,1720.17,353.06,6.194444444444445,26.21444444444445,Q1,889.3399999999999,25.270391941391942,-38.1901185148537,0.3751636141636147,0.5,El Niño
South Cotabato,2015,2015Q2,26.50879120879121,30.43186813186813,23.81868131868132,847.5,847.5,988.0,3137159.12,1649.69,343.57,6.6000000000000005,22.67142857142857,Q2,1025.29,25.95010989010989,-17.340459772357086,0.5586813186813195,0.9333333333333332,El Niño
South Cotabato,2015,2015Q3,25.475,28.797826086956523,23.13804347826087,636.3,636.3,790.0,3027168.75,1582.25,320.48,7.355434782608696,27.86521739130435,Q3,715.1899999999999,25.31836956521739,-11.030635215816776,0.1566304347826097,1.8666666666666665,El Niño
South Cotabato,2015,2015Q4,25.77173913043478,29.62173913043478,22.93369565217392,683.7,683.7,831.0,3335978.3,1614.14,328.84,6.123913043478261,25.815217391304348,Q4,936.42,25.32217391304348,-26.98789004933684,0.4495652173913029,2.533333333333333,El Niño
South Cotabato,2016,2016Q1,27.06263736263736,32.23516483516484,23.03516483516483,159.9,159.9,385.0,3539335.07,1868.65,397.05,6.789010989010989,26.00989010989011,Q1,889.3399999999999,25.270391941391942,-82.02037465986012,1.7922454212454184,2.066666666666667,El Niño
South Cotabato,2016,2016Q2,27.146153846153847,31.405494505494502,24.2956043956044,1037.5,1037.5,942.0,3099073.72,1672.1,353.73,6.208791208791209,23.13296703296703,Q2,1025.29,25.95010989010989,1.190882579562859,1.1960439560439582,0.3999999999999999,Neutral
South Cotabato,2016,2016Q3,25.95217391304348,29.52065217391305,23.52717391304348,727.3000000000001,727.3000000000001,857.0,3123205.73,1661.55,339.35,6.772826086956522,26.296739130434784,Q3,715.1899999999999,25.31836956521739,1.6932563374767724,0.6338043478260893,-0.5,La Niña
South Cotabato,2016,2016Q4,25.551086956521736,29.10326086956522,23.142391304347825,1306.8,1306.8,1144.0,2737270.27,1403.4,287.84000000000003,5.977173913043478,25.347826086956523,Q4,936.42,25.32217391304348,39.55276478503234,0.2289130434782578,-0.6666666666666666,La Niña
South Cotabato,2017,2017Q1,24.53333333333333,27.313333333333333,22.247777777777777,1147.3,1147.3,1065.0,2828890.79,1437.7,284.43,9.276666666666667,25.78666666666667,Q1,889.3399999999999,25.270391941391942,29.005779566869823,-0.7370586080586108,-0.1333333333333333,Neutral
South Cotabato,2017,2017Q2,25.236263736263737,28.021978021978025,22.98351648351648,1440.1,1440.1,1247.0,3109584.6,1586.15,314.1,8.176923076923076,22.343956043956045,Q2,1025.29,25.95010989010989,40.457821689473214,-0.713846153846152,0.2666666666666666,Neutral
South Cotabato,2017,2017Q3,24.98260869565217,27.838043478260868,22.67826086956521,736.7,736.7,857.0,2864492.63,1541.59,311.55,8.11413043478261,22.10869565217392,Q3,715.1899999999999,25.31836956521739,3.0075923880367603,-0.3357608695652203,-0.1333333333333333,Neutral
South Cotabato,2017,2017Q4,24.89130434782609,27.60869565217392,22.691304347826087,762.0,762.0,998.0,2787915.99,1438.91,288.59,9.094565217391304,25.89021739130435,Q4,936.42,25.32217391304348,-18.62625744858077,-0.4308695652173888,-0.8333333333333334,La Niña
South Cotabato,2018,2018Q1,24.778888888888886,27.773333333333333,22.167777777777776,769.4,769.4,966.0,3013658.59,1582.45,312.32,9.162222222222224,24.02555555555556,Q1,889.3399999999999,25.270391941391942,-13.48640564913306,-0.4915030525030559,-0.8333333333333334,La Niña
South Cotabato,2018,2018Q2,25.383516483516484,28.48901098901099,22.85384615384616,842.3,842.3,1099.0,3157648.32,1695.65,339.09,8.025274725274725,22.071428571428573,Q2,1025.29,25.95010989010989,-17.8476333525149,-0.5665934065934053,-0.2333333333333333,Neutral
South Cotabato,2018,2018Q3,25.05326086956521,28.00543478260869,22.63043478260869,475.8,475.8,755.0,3072961.88,1700.44,348.52,9.428260869565218,26.63695652173913,Q3,715.1899999999999,25.31836956521739,-33.4722241642081,-0.2651086956521773,0.2666666666666666,Neutral
South Cotabato,2018,2018Q4,24.940217391304348,27.85652173913044,22.43913043478261,843.7,843.7,1260.0,3177416.08,1608.96,316.9,8.693478260869565,22.89891304347826,Q4,936.42,25.32217391304348,-9.901539907306551,-0.3819565217391307,0.8333333333333334,El Niño
South Cotabato,2019,2019Q1,24.493333333333336,27.91111111111111,21.46888888888889,577.5,577.5,843.0,3155560.78,1679.55,332.29,10.324444444444444,26.78777777777778,Q1,889.3399999999999,25.270391941391942,-35.06420491600512,-0.7770586080586064,0.6999999999999998,El Niño
South Cotabato,2019,2019Q2,25.58571428571429,28.75494505494505,22.92087912087912,1003.0,1003.0,1171.0,3273322.92,1731.22,347.3,8.386813186813187,22.684615384615388,Q2,1025.29,25.95010989010989,-2.174019058022605,-0.3643956043956002,0.5666666666666667,El Niño
South Cotabato,2019,2019Q3,25.17391304347826,28.269565217391307,22.52282608695652,562.5,562.5,828.0,3018074.74,1714.82,351.88,8.439130434782609,23.095652173913045,Q3,715.1899999999999,25.31836956521739,-21.34957144255372,-0.14445652173913,0.1999999999999999,Neutral
South Cotabato,2019,2019Q4,25.17826086956521,28.25108695652174,22.546739130434784,956.2,956.2,1020.0,3291853.57,1659.42,333.11,8.454347826086956,22.7108695652174,Q4,936.42,25.32217391304348,2.1123000363084907,-0.143913043478264,0.4333333333333333,Neutral
South Cotabato,2020,2020Q1,25.201098901098906,28.905494505494502,22.12967032967033,671.1,671.1,970.0,3342454.78,1756.54,353.18,9.85934065934066,24.503296703296705,Q1,889.3399999999999,25.270391941391942,-24.539546180313483,-0.0692930402930365,0.4666666666666666,Neutral
South Cotabato,2020,2020Q2,25.77472527472528,29.214285714285715,22.96923076923077,1298.8,1298.8,1266.0,3097023.48,1721.9,349.98,8.615384615384615,22.04945054945055,Q2,1025.29,25.95010989010989,26.67635498249276,-0.1753846153846119,-0.0666666666666666,Neutral
South Cotabato,2020,2020Q3,25.18369565217392,28.17717391304348,22.64130434782609,1095.7,1095.7,1221.0,2997973.4,1643.77,327.19,7.41195652173913,21.55869565217392,Q3,715.1899999999999,25.31836956521739,53.20404368070025,-0.1346739130434748,-0.6333333333333333,La Niña
South Cotabato,2020,2020Q4,24.941304347826087,27.694565217391304,22.61086956521739,1082.4,1082.4,1138.0,2813187.41,1450.9,290.25,7.784782608695653,22.235869565217392,Q4,936.42,25.32217391304348,15.589158710834884,-0.3808695652173917,-1.2333333333333334,La Niña
South Cotabato,2021,2021Q1,24.5,27.42555555555556,22.00555555555556,999.7,999.7,1232.0,2780226.89,1499.25,293.83,9.013333333333334,24.11333333333333,Q1,889.3399999999999,25.270391941391942,12.409202329817631,-0.7703919413919422,-0.9,La Niña
South Cotabato,2021,2021Q2,25.103296703296703,27.984615384615385,22.66043956043956,1423.8,1423.8,1278.0,2962533.08,1613.7,321.82,8.071428571428571,22.686813186813183,Q2,1025.29,25.95010989010989,38.86802758244009,-0.8468131868131863,-0.5333333333333333,La Niña
South Cotabato,2021,2021Q3,25.217391304347824,28.221739130434784,22.741304347826084,1078.7,1078.7,1048.0,3072695.6,1673.18,338.48,7.975,22.23478260869565,Q3,715.1899999999999,25.31836956521739,50.8270529509641,-0.1009782608695673,-0.5333333333333333,La Niña
South Cotabato,2021,2021Q4,24.76304347826087,28.019565217391307,22.215217391304343,1187.5,1187.5,971.0,2753021.61,1520.98,303.66,9.247826086956522,24.070652173913043,Q4,936.42,25.32217391304348,26.81275496038101,-0.5591304347826096,-0.9333333333333332,La Niña
South Cotabato,2022,2022Q1,24.436666666666667,27.85222222222222,21.796666666666667,1349.3,1349.3,1089.0,2805775.38,1564.32,306.71,9.663333333333334,25.25555555555556,Q1,889.3399999999999,25.270391941391942,51.71925247936673,-0.8337252747252748,-0.9666666666666668,La Niña
South Cotabato,2022,2022Q2,24.71868131868132,27.8934065934066,22.22967032967033,1762.6,1762.6,1221.0,2713550.23,1588.47,313.28000000000003,8.437362637362638,23.33626373626373,Q2,1025.29,25.95010989010989,71.91233699733733,-1.2314285714285695,-1.0,La Niña
South Cotabato,2022,2022Q3,24.80434782608696,28.257608695652173,22.07391304347826,1147.8,1147.8,935.0,2965289.82,1724.99,342.33,8.595652173913043,22.832608695652173,Q3,715.1899999999999,25.31836956521739,60.488821152421046,-0.5140217391304311,-0.9,La Niña
South Cotabato,2022,2022Q4,24.654347826086955,27.90217391304348,22.175,1308.8,1308.8,1011.0,2781956.93,1534.78,304.67,9.043478260869565,23.815217391304348,Q4,936.42,25.32217391304348,39.76634416180772,-0.6678260869565236,-0.9,La Niña
South Cotabato,2023,2023Q1,24.19555555555556,27.50555555555556,21.723333333333333,1286.3,1286.3,1139.0,2554699.1,1484.1,289.51,9.332222222222224,24.87,Q1,889.3399999999999,25.270391941391942,44.635347561112745,-1.0748363858363843,-0.3999999999999999,Neutral
South Cotabato,2023,2023Q2,25.2956043956044,28.72967032967033,22.70769230769231,1092.6,1092.6,960.0,2958970.69,1730.25,346.69,9.04065934065934,23.84065934065934,Q2,1025.29,25.95010989010989,6.564971861619634,-0.6545054945054893,0.5,El Niño
South Cotabato,2023,2023Q3,25.269565217391307,28.570652173913043,22.75,979.1,979.1,848.0,3006564.85,1733.24,356.3,9.928260869565218,24.517391304347825,Q3,715.1899999999999,25.31836956521739,36.900683734392274,-0.0488043478260848,1.3333333333333333,El Niño
South Cotabato,2023,2023Q4,25.367391304347827,28.756521739130434,22.544565217391305,954.8,954.8,976.0,3166609.43,1645.53,328.72,8.566304347826087,23.165217391304346,Q4,936.42,25.32217391304348,1.9627944725657165,0.0452173913043481,1.9,El Niño
South Cotabato,2024,2024Q1,25.32087912087912,29.0989010989011,22.223076923076924,751.2,751.2,867.0,3161076.24,1723.37,347.96,9.983516483516484,25.8989010989011,Q1,889.3399999999999,25.270391941391942,-15.53286706996198,0.0504871794871775,1.4666666666666668,El Niño
South Cotabato,2024,2024Q2,26.103296703296703,30.140659340659344,23.003296703296705,1419.6,1419.6,1018.0,3163689.62,1801.26,369.06,9.07032967032967,22.82967032967033,Q2,1025.29,25.95010989010989,38.458387383081856,0.1531868131868137,0.4333333333333333,Neutral
South Cotabato,2024,2024Q3,25.30652173913043,28.6,22.747826086956525,1002.8,1002.8,978.0,2919724.01,1678.34,340.52,8.995652173913044,22.89891304347826,Q3,715.1899999999999,25.31836956521739,40.21448845761267,-0.0118478260869601,-0.1,Neutral
South Cotabato,2024,2024Q4,25.194444444444443,28.69450549450549,22.634065934065934,1208.7,1208.7,1025.0,2865250.37,1568.73,314.82,8.52087912087912,23.386813186813185,Q4,936.42,25.32217391304348,29.07669635420003,-0.1277294685990355,-0.3999999999999999,Neutral
South Cotabato,2025,2025Q1,24.641573033707864,28.1,22.134444444444444,1597.7,1597.7,1237.0,2802554.47,1536.58,301.1,8.741111111111111,24.04777777777777,Q1,889.3399999999999,25.270391941391942,79.65007758562531,-0.628818907684078,-0.3999999999999999,Neutral
South Cotabato,2025,2025Q2,26.386813186813185,30.625274725274725,23.22197802197802,384.2,7.399999999999999,552.0,3006175.18,1734.12,359.81,7.309890109890111,19.883516483516484,Q2,1025.29,25.95010989010989,-62.52767509680187,0.4367032967032962,-0.1,Neutral
South Cotabato,2025,2025Q3,26.065217391304348,30.33695652173913,22.70217391304348,460.0,13.0,494.0,2885201.07,1761.96,364.15,8.314130434782609,21.93695652173913,Q3,715.1899999999999,25.31836956521739,-35.68142731302171,0.746847826086956,-0.3,Neutral
South Cotabato,2025,2025Q4,26.237704918032787,30.308196721311475,23.162295081967216,285.6,0.5,386.0,1892776.92,1112.32,229.05,8.447540983606556,23.28852459016393,Q4,936.42,25.32217391304348,-69.50086499647594,0.9155310049893082,-0.6,La Niña
Maguindanao del Sur,2010,2010Q1,27.124444444444443,30.42333333333333,24.40111111111111,254.0,254.0,412.0,3342094.19,1837.01,383.7,9.332222222222224,31.82,Q1,460.32,26.752664224664223,-44.820994091067085,0.3717802197802164,1.1666666666666667,El Niño
Maguindanao del Sur,2010,2010Q2,27.572527472527472,30.61208791208791,25.352747252747253,498.7,498.7,696.0,3335432.07,1818.48,376.18,7.914285714285715,26.81318681318681,Q2,607.12,27.149890109890112,-17.858084069047308,0.42263736263736,-0.1666666666666666,Neutral
Maguindanao del Sur,2010,2010Q3,26.74891304347826,29.597826086956523,24.73586956521739,579.0,579.0,835.0,3152239.93,1730.29,352.07,7.807608695652173,25.11521739130435,Q3,626.28,26.45097826086957,-7.549338953822568,0.2979347826086922,-1.3,La Niña
Maguindanao del Sur,2010,2010Q4,26.55434782608696,29.45,24.551086956521736,494.7,494.7,688.0,3153075.52,1607.15,326.35,7.761956521739131,27.382608695652173,Q4,520.5899999999999,26.70228260869565,-4.973203480666155,-0.14793478260869,-1.6000000000000003,La Niña
Maguindanao del Sur,2011,2011Q1,26.14777777777778,29.08888888888889,24.14777777777778,718.9,718.9,781.0,2826169.83,1561.98,316.01,7.3788888888888895,28.127777777777776,Q1,460.32,26.752664224664223,56.173965936739656,-0.6048864468864465,-1.1666666666666667,La Niña
Maguindanao del Sur,2011,2011Q2,26.52417582417582,29.057142857142853,24.69450549450549,732.9,732.9,907.0,2850796.28,1543.76,313.52,8.294505494505493,26.75164835164836,Q2,607.12,27.149890109890112,20.71748583476084,-0.6257142857142917,-0.5666666666666667,La Niña
Maguindanao del Sur,2011,2011Q3,26.1608695652174,28.53804347826087,24.31304347826088,475.7,475.7,842.0,3000846.22,1575.62,315.76,9.881521739130434,28.494565217391305,Q3,626.28,26.45097826086957,-24.04355879159481,-0.2901086956521723,-0.6333333333333333,La Niña
Maguindanao del Sur,2011,2011Q4,26.547826086956523,29.34130434782609,24.425,478.6,478.6,658.0,2995845.53,1572.05,319.61,7.456521739130435,27.319565217391304,Q4,520.5899999999999,26.70228260869565,-8.065848364355809,-0.154456521739128,-1.0333333333333334,La Niña
Maguindanao del Sur,2012,2012Q1,26.47802197802197,29.56263736263736,24.23406593406593,512.7,512.7,598.0,3092210.73,1650.44,337.08,8.771428571428572,31.02857142857143,Q1,460.32,26.752664224664223,11.379040667361846,-0.2746422466422515,-0.7333333333333334,La Niña
Maguindanao del Sur,2012,2012Q2,26.602197802197804,29.37362637362637,24.61318681318681,483.0,483.0,709.0,3080176.46,1679.09,339.61,9.013186813186811,28.31428571428572,Q2,607.12,27.149890109890112,-20.444063776518647,-0.5476923076923086,-0.2666666666666666,Neutral
Maguindanao del Sur,2012,2012Q3,26.10978260869565,28.403260869565216,24.305434782608696,797.1,797.1,986.0,2915259.9,1560.93,312.2,10.455434782608696,29.67826086956521,Q3,626.28,26.45097826086957,27.275340103468103,-0.3411956521739192,0.3333333333333333,Neutral
Maguindanao del Sur,2012,2012Q4,26.51413043478261,29.26195652173913,24.39891304347826,579.4,579.4,600.0,3152473.16,1608.85,325.48,8.159782608695652,28.86304347826087,Q4,520.5899999999999,26.70228260869565,11.296797863962055,-0.1881521739130391,0.0666666666666666,Neutral
Maguindanao del Sur,2013,2013Q1,26.492222222222225,29.273333333333333,24.34,635.1,635.1,701.0,2890460.33,1604.96,326.91,7.806666666666667,26.961111111111112,Q1,460.32,26.752664224664223,37.96923879040668,-0.2604420024420015,-0.3666666666666667,Neutral
Maguindanao del Sur,2013,2013Q2,27.025274725274727,29.84065934065934,25.0021978021978,622.3,622.3,789.0,2987556.13,1662.19,340.72,7.887912087912087,25.94835164835165,Q2,607.12,27.149890109890112,2.5003294241665484,-0.1246153846153852,-0.3666666666666667,Neutral
Maguindanao del Sur,2013,2013Q3,26.16195652173913,28.63043478260869,24.30978260869565,688.3,688.3,902.0,2873506.47,1571.92,316.76,9.314130434782609,27.343478260869563,Q3,626.28,26.45097826086957,9.902918822252026,-0.2890217391304404,-0.3333333333333333,Neutral
Maguindanao del Sur,2013,2013Q4,26.31086956521739,28.86413043478261,24.291304347826088,666.1,666.1,779.0,2976681.56,1512.32,305.56,8.565217391304348,27.76086956521739,Q4,520.5899999999999,26.70228260869565,27.95097869724738,-0.3914130434782592,-0.2333333333333333,Neutral
Maguindanao del Sur,2014,2014Q1,26.162222222222223,28.78777777777778,24.09888888888889,598.6,598.6,688.0,2916583.24,1590.54,321.9,7.38111111111111,26.067777777777778,Q1,460.32,26.752664224664223,30.03997219325687,-0.5904420024420034,-0.3999999999999999,Neutral
Maguindanao del Sur,2014,2014Q2,27.04725274725275,29.7,25.07912087912088,464.8,464.8,757.0,3100932.68,1690.05,344.83,8.773626373626373,26.847252747252742,Q2,607.12,27.149890109890112,-23.44182369218605,-0.1026373626373633,0.1333333333333333,Neutral
Maguindanao del Sur,2014,2014Q3,26.2,28.4608695652174,24.40869565217391,589.8,589.8,944.0,2839706.15,1546.73,311.66,10.62391304347826,29.45217391304348,Q3,626.28,26.45097826086957,-5.824870664878333,-0.2509782608695694,0.1,Neutral
Maguindanao del Sur,2014,2014Q4,26.519565217391307,29.093478260869563,24.53152173913044,434.0,434.0,769.0,3071334.12,1545.85,313.63,9.397826086956522,28.58695652173913,Q4,520.5899999999999,26.70228260869565,-16.633050961409158,-0.1827173913043438,0.6,El Niño
Maguindanao del Sur,2015,2015Q1,26.656666666666663,29.58666666666667,24.15111111111111,277.0,277.0,482.0,3375174.3,1816.41,372.44,8.267777777777779,29.10222222222222,Q1,460.32,26.752664224664223,-39.82446993395898,-0.0959975579975633,0.5,El Niño
Maguindanao del Sur,2015,2015Q2,26.985714285714284,29.507692307692302,25.029670329670328,690.0,690.0,867.0,3175512.07,1695.78,347.79,10.227472527472528,28.065934065934066,Q2,607.12,27.149890109890112,13.65133746211622,-0.1641758241758282,0.9333333333333332,El Niño
Maguindanao del Sur,2015,2015Q3,26.168478260869566,28.430434782608696,24.345652173913045,745.3,745.3,870.0,2951022.84,1551.1,311.45,10.420652173913044,29.21521739130435,Q3,626.28,26.45097826086957,19.00427923612441,-0.2825000000000024,1.8666666666666665,El Niño
Maguindanao del Sur,2015,2015Q4,26.866304347826084,29.63586956521739,24.63043478260869,374.2,374.2,587.0,3375061.94,1701.22,345.16,8.696739130434782,29.36195652173913,Q4,520.5899999999999,26.70228260869565,-28.12001767225647,0.1640217391304332,2.533333333333333,El Niño
Maguindanao del Sur,2016,2016Q1,27.824175824175825,31.24175824175824,24.9978021978022,139.3,139.3,375.0,3579046.4,1948.2,417.92,10.886813186813187,32.5956043956044,Q1,460.32,26.752664224664223,-69.73844282238443,1.0715115995115987,2.066666666666667,El Niño
Maguindanao del Sur,2016,2016Q2,27.603296703296703,30.484615384615385,25.4978021978022,572.2,572.2,761.0,3218557.69,1765.2,365.71,8.81868131868132,27.47802197802197,Q2,607.12,27.149890109890112,-5.751745948082744,0.4534065934065907,0.3999999999999999,Neutral
Maguindanao del Sur,2016,2016Q3,26.76086956521739,29.241304347826084,24.85760869565217,576.5,576.5,825.0,3146167.85,1682.46,340.15,10.344565217391304,29.22826086956522,Q3,626.28,26.45097826086957,-7.948521428115216,0.3098913043478219,-0.5,La Niña
Maguindanao del Sur,2016,2016Q4,26.67065217391304,29.154347826086955,24.84021739130435,769.7,769.7,923.0,2818012.26,1457.52,297.65,7.743478260869565,26.507608695652173,Q4,520.5899999999999,26.70228260869565,47.8514762096852,-0.0316304347826097,-0.6666666666666666,La Niña
Maguindanao del Sur,2017,2017Q1,26.66,30.337777777777777,24.19333333333333,626.6,626.6,573.0,2856100.64,1603.86,342.59,13.688888888888888,34.94111111111111,Q1,460.32,26.752664224664223,36.12269725408412,-0.0926642246642259,-0.1333333333333333,Neutral
Maguindanao del Sur,2017,2017Q2,27.16153846153846,30.687912087912085,24.78131868131868,909.0,909.0,905.0,3191696.88,1755.92,360.94,12.072527472527472,30.1,Q2,607.12,27.149890109890112,49.72328370009224,0.0116483516483469,0.2666666666666666,Neutral
Maguindanao del Sur,2017,2017Q3,26.692391304347822,29.972826086956523,24.44782608695652,723.9,723.9,931.0,2905452.07,1615.1,330.84,12.463043478260868,30.941304347826087,Q3,626.28,26.45097826086957,15.587277256179346,0.2414130434782535,-0.1333333333333333,Neutral
Maguindanao del Sur,2017,2017Q4,26.79565217391304,30.069565217391304,24.55652173913043,618.4,618.4,792.0,2847922.22,1534.52,317.94,13.645652173913044,35.03695652173913,Q4,520.5899999999999,26.70228260869565,18.78829789277552,0.0933695652173902,-0.8333333333333334,La Niña
Maguindanao del Sur,2018,2018Q1,26.842222222222222,30.64555555555556,24.11,488.9,488.9,526.0,3112233.19,1749.16,366.32,12.863333333333332,32.132222222222225,Q1,460.32,26.752664224664223,6.208724365658669,0.0895579975579963,-0.8333333333333334,La Niña
Maguindanao del Sur,2018,2018Q2,27.27692307692308,30.97692307692308,24.74615384615385,598.6,598.6,735.0,3257999.14,1818.71,376.82,12.948351648351649,31.9021978021978,Q2,607.12,27.149890109890112,-1.4033469495322146,0.1270329670329673,-0.2333333333333333,Neutral
Maguindanao del Sur,2018,2018Q3,26.631521739130434,29.50108695652174,24.463043478260868,563.9,563.9,1055.0,3156726.2,1712.98,345.39,15.41304347826087,37.9108695652174,Q3,626.28,26.45097826086957,-9.960401098550168,0.1805434782608657,0.2666666666666666,Neutral
Maguindanao del Sur,2018,2018Q4,27.018478260869564,30.82934782608696,24.418478260869566,390.5,390.5,712.0,3270790.06,1768.84,366.23,12.825,33.34347826086957,Q4,520.5899999999999,26.70228260869565,-24.988954839701098,0.3161956521739135,0.8333333333333334,El Niño
Maguindanao del Sur,2019,2019Q1,27.13888888888889,31.543333333333333,23.96222222222222,352.1,352.1,462.0,3232550.92,1844.84,412.6,14.993333333333334,37.20111111111111,Q1,460.32,26.752664224664223,-23.50973236009732,0.3862246642246632,0.6999999999999998,El Niño
Maguindanao del Sur,2019,2019Q2,27.7,31.606593406593404,25.029670329670328,499.7,499.7,813.0,3304865.3,1870.05,395.63,13.76153846153846,33.62527472527473,Q2,607.12,27.149890109890112,-17.69337198576888,0.5501098901098871,0.5666666666666667,El Niño
Maguindanao del Sur,2019,2019Q3,26.875,30.27717391304348,24.34021739130435,523.3,523.3,911.0,3074081.03,1732.6,360.79,14.56086956521739,35.8,Q3,626.28,26.45097826086957,-16.44312448106279,0.4240217391304313,0.1999999999999999,Neutral
Maguindanao del Sur,2019,2019Q4,27.225,31.282608695652176,24.457608695652173,400.3,400.3,690.0,3284594.37,1764.87,374.9,14.008695652173913,34.30760869565218,Q4,520.5899999999999,26.70228260869565,-23.106475345281304,0.5227173913043508,0.4333333333333333,Neutral
Maguindanao del Sur,2020,2020Q1,27.965934065934068,33.01868131868132,24.66263736263737,410.1,410.1,551.0,3381394.18,1896.28,440.6,15.802197802197805,38.21868131868132,Q1,460.32,26.752664224664223,-10.909801876955155,1.2132698412698415,0.4666666666666666,Neutral
Maguindanao del Sur,2020,2020Q2,27.83516483516484,32.184615384615384,24.93846153846154,637.5,637.5,913.0,3195057.16,1828.01,393.06,14.062637362637362,34.55714285714286,Q2,607.12,27.149890109890112,5.0039530899986815,0.6852747252747271,-0.0666666666666666,Neutral
Maguindanao del Sur,2020,2020Q3,27.0,30.62173913043478,24.49347826086957,666.4,666.4,927.0,3057966.57,1742.48,358.31,12.77282608695652,31.95217391304348,Q3,626.28,26.45097826086957,6.406080347448427,0.5490217391304313,-0.6333333333333333,La Niña
Maguindanao del Sur,2020,2020Q4,26.718478260869563,30.316304347826087,24.346739130434784,797.2,797.2,969.0,2855202.25,1574.86,323.39,12.372826086956522,31.441304347826087,Q4,520.5899999999999,26.70228260869565,53.13394417872033,0.0161956521739128,-1.2333333333333334,La Niña
Maguindanao del Sur,2021,2021Q1,26.60333333333333,30.557777777777776,23.88777777777777,526.8,526.8,755.0,2909040.23,1665.37,346.49,12.454444444444446,32.29777777777778,Q1,460.32,26.752664224664223,14.442127215849837,-0.1493308913308944,-0.9,La Niña
Maguindanao del Sur,2021,2021Q2,27.087912087912088,30.65054945054945,24.53736263736264,708.1,708.1,952.0,3033045.77,1753.8,364.26,13.585714285714284,33.17362637362638,Q2,607.12,27.149890109890112,16.632626169455794,-0.0619780219780246,-0.5333333333333333,La Niña
Maguindanao del Sur,2021,2021Q3,27.02282608695652,30.665217391304346,24.453260869565216,597.0,597.0,942.0,3127140.98,1769.08,365.58,13.193478260869565,32.6608695652174,Q3,626.28,26.45097826086957,-4.675225138915497,0.5718478260869517,-0.5333333333333333,La Niña
Maguindanao del Sur,2021,2021Q4,26.571739130434786,30.77608695652174,24.039130434782606,925.5,925.5,818.0,2854092.42,1657.22,340.89,12.343478260869563,30.38804347826087,Q4,520.5899999999999,26.70228260869565,77.77905837607332,-0.130543478260865,-0.9333333333333332,La Niña
Maguindanao del Sur,2022,2022Q1,26.48777777777778,31.06,23.723333333333333,699.3,699.3,703.0,2824200.38,1744.75,364.13,13.56222222222222,31.85222222222222,Q1,460.32,26.752664224664223,51.91605839416058,-0.2648864468864467,-0.9666666666666668,La Niña
Maguindanao del Sur,2022,2022Q2,26.55054945054945,30.859340659340656,23.96483516483517,1119.6,1119.6,1023.0,2879305.95,1798.23,365.29,12.893406593406594,30.94395604395605,Q2,607.12,27.149890109890112,84.41164843852943,-0.5993406593406618,-1.0,La Niña
Maguindanao del Sur,2022,2022Q3,26.61521739130435,30.594565217391303,23.93586956521739,764.1,764.1,909.0,3006233.46,1804.01,368.73,12.839130434782607,30.27608695652174,Q3,626.28,26.45097826086957,22.00613144280514,0.1642391304347796,-0.9,La Niña
Maguindanao del Sur,2022,2022Q4,26.518478260869564,30.696739130434786,23.97826086956522,771.1,771.1,849.0,2756434.59,1669.09,342.06,12.80108695652174,30.81847826086957,Q4,520.5899999999999,26.70228260869565,48.12040185174517,-0.1838043478260864,-0.9,La Niña
Maguindanao del Sur,2023,2023Q1,26.146666666666665,30.48111111111111,23.531111111111112,825.1,825.1,858.0,2661789.88,1671.52,341.15,11.952222222222222,28.98,Q1,460.32,26.752664224664223,79.24487313173445,-0.6059975579975614,-0.3999999999999999,Neutral
Maguindanao del Sur,2023,2023Q2,27.11318681318681,31.10879120879121,24.35494505494505,854.9,854.9,916.0,3120429.93,1863.41,384.17,13.946153846153845,32.02087912087912,Q2,607.12,27.149890109890112,40.812359994729206,-0.0367032967033011,0.5,El Niño
Maguindanao del Sur,2023,2023Q3,26.74021739130435,30.49347826086957,24.02608695652174,680.7,680.7,955.0,3020661.05,1761.15,362.56,14.918478260869565,34.32282608695652,Q3,626.28,26.45097826086957,8.689404100402388,0.2892391304347796,1.3333333333333333,El Niño
Maguindanao del Sur,2023,2023Q4,27.0358695652174,31.75326086956522,23.970652173913045,566.0,566.0,715.0,3151148.81,1812.58,376.23,12.904347826086957,30.539130434782606,Q4,520.5899999999999,26.70228260869565,8.722795289959487,0.3335869565217457,1.9,El Niño
Maguindanao del Sur,2024,2024Q1,27.55494505494505,32.706593406593406,23.94945054945055,398.6,398.6,486.0,3271828.69,1947.17,429.89,15.074725274725274,34.114285714285714,Q1,460.32,26.752664224664223,-13.408063955509206,0.8022808302808251,1.4666666666666668,El Niño
Maguindanao del Sur,2024,2024Q2,27.87252747252748,32.79120879120879,24.602197802197804,750.2,750.2,770.0,3270792.04,1961.55,418.74,13.637362637362637,31.458241758241755,Q2,607.12,27.149890109890112,23.56700487547767,0.7226373626373643,0.4333333333333333,Neutral
Maguindanao del Sur,2024,2024Q3,26.80217391304348,30.85869565217392,24.093478260869563,762.7,762.7,1002.0,2936418.61,1757.77,363.1,14.085869565217392,32.14782608695652,Q3,626.28,26.45097826086957,21.782589257201263,0.3511956521739101,-0.1,Neutral
Maguindanao del Sur,2024,2024Q4,26.818888888888885,31.363736263736264,23.9989010989011,794.7,794.7,852.0,2934117.86,1695.64,351.35,13.621978021978022,31.54065934065934,Q4,520.5899999999999,26.70228260869565,52.65371981789896,0.1166062801932348,-0.3999999999999999,Neutral
Maguindanao del Sur,2025,2025Q1,26.46966292134832,31.51,23.51555555555556,750.6,750.6,699.0,2786361.95,1703.14,354.39,13.93,32.605555555555554,Q1,460.32,26.752664224664223,63.06047966631909,-0.2830013033159062,-0.3999999999999999,Neutral
Maguindanao del Sur,2025,2025Q2,28.36263736263736,31.56153846153846,26.224175824175827,716.4,4.3,675.0,3079897.53,1871.49,396.31,14.32857142857143,26.8956043956044,Q2,607.12,27.149890109890112,17.99973646066675,1.2127472527472491,-0.1,Neutral
Maguindanao del Sur,2025,2025Q3,28.01086956521739,29.24021739130435,26.816304347826087,933.4,37.0,942.0,2945826.77,1868.21,390.11,16.80108695652174,26.30217391304348,Q3,626.28,26.45097826086957,49.03876860190331,1.559891304347822,-0.3,Neutral
Maguindanao del Sur,2025,2025Q4,28.191803278688525,29.654098360655738,26.891803278688528,561.2,3.3000000000000003,551.0,1977036.3,1205.87,251.96,15.452459016393442,23.87049180327869,Q4,520.5899999999999,26.70228260869565,7.800764517182452,1.4895206699928742,-0.6,La Niña
Camarines Norte,2010,2010Q1,26.30055555555556,29.54722222222222,23.67333333333333,360.4,360.4,876.0,6751490.65,3535.06,748.38,14.590555555555556,29.016666666666666,Q1,784.1800000000001,25.951444444444444,-54.04116401846516,0.3491111111111173,1.1666666666666667,El Niño
Camarines Norte,2010,2010Q2,27.896703296703297,31.12197802197802,25.19450549450549,872.2,872.2,1230.0,7044793.47,3812.14,809.73,10.944505494505496,25.121428571428574,Q2,1099.64,27.344835164835168,-20.68313266159833,0.5518681318681296,-0.1666666666666666,Neutral
Camarines Norte,2010,2010Q3,26.644565217391307,29.379891304347822,24.66684782608696,1618.9,1618.9,2163.0,6068772.17,3280.07,661.73,11.933152173913042,26.44076086956522,Q3,1710.27,26.493641304347825,-5.342431312015056,0.1509239130434814,-1.3,La Niña
Camarines Norte,2010,2010Q4,26.11195652173913,28.80163043478261,24.30163043478261,1450.2,1450.2,2335.0,5860735.07,2807.03,569.2,13.13695652173913,28.35978260869565,Q4,1274.62,26.37679347826087,13.775085907956877,-0.2648369565217372,-1.6000000000000003,La Niña
Camarines Norte,2011,2011Q1,25.356666666666666,27.88111111111112,23.63055555555556,1533.1,1533.1,1982.0,5456810.02,2826.73,588.12,17.636111111111113,34.11888888888889,Q1,784.1800000000001,25.951444444444444,95.50358336096302,-0.5947777777777787,-1.1666666666666667,La Niña
Camarines Norte,2011,2011Q2,26.36813186813187,29.03736263736264,24.35604395604396,1594.6,1594.6,1873.0,5917029.81,3253.1,660.41,13.21043956043956,28.567032967032965,Q2,1099.64,27.344835164835168,45.011094540031294,-0.9767032967032988,-0.5666666666666667,La Niña
Camarines Norte,2011,2011Q3,26.15978260869565,28.50054347826088,24.44945652173913,1557.3,1557.3,2302.0,6027445.48,3193.81,627.63,14.840217391304348,32.36413043478261,Q3,1710.27,26.493641304347825,-8.944201792699399,-0.3338586956521752,-0.6333333333333333,La Niña
Camarines Norte,2011,2011Q4,26.180434782608696,28.875,24.279347826086955,1342.5,1342.5,2089.0,6038448.13,2934.98,592.71,13.558152173913042,29.30923913043478,Q4,1274.62,26.37679347826087,5.325508779087091,-0.1963586956521723,-1.0333333333333334,La Niña
Camarines Norte,2012,2012Q1,25.81098901098901,28.60494505494505,23.781868131868134,1203.0,1203.0,1731.0,6188843.48,3097.84,627.72,14.133516483516484,29.448901098901096,Q1,784.1800000000001,25.951444444444444,53.40865617587798,-0.1404554334554326,-0.7333333333333334,La Niña
Camarines Norte,2012,2012Q2,26.70604395604396,29.442857142857147,24.584065934065936,1102.3,1102.3,1780.0,6627509.66,3517.17,706.22,11.846703296703296,27.30824175824176,Q2,1099.64,27.344835164835168,0.2418973482230623,-0.6387912087912078,-0.2666666666666666,Neutral
Camarines Norte,2012,2012Q3,26.157608695652176,28.50869565217392,24.44945652173913,1567.2,1567.2,2340.0,5655116.6,3151.77,623.76,14.938586956521736,32.70434782608696,Q3,1710.27,26.493641304347825,-8.365345822589413,-0.3360326086956497,0.3333333333333333,Neutral
Camarines Norte,2012,2012Q4,26.28858695652174,29.025,24.23369565217392,1212.1,1212.1,1645.0,6421071.31,3121.08,637.91,13.6625,29.35652173913044,Q4,1274.62,26.37679347826087,-4.904991291522195,-0.0882065217391279,0.0666666666666666,Neutral
Camarines Norte,2013,2013Q1,25.913888888888888,28.57777777777778,23.89333333333333,833.4,833.4,1303.0,6277002.28,3193.9,662.83,16.397222222222222,31.246666666666663,Q1,784.1800000000001,25.951444444444444,6.276620163737906,-0.0375555555555564,-0.3666666666666667,Neutral
Camarines Norte,2013,2013Q2,27.186813186813183,30.03021978021978,24.970329670329672,1353.6,1353.6,1734.0,6379032.36,3489.07,716.64,10.587362637362638,25.19010989010989,Q2,1099.64,27.344835164835168,23.09483103561166,-0.1580219780219849,-0.3666666666666667,Neutral
Camarines Norte,2013,2013Q3,26.242391304347827,28.685326086956525,24.46358695652174,1736.0,1736.0,2354.0,5454391.43,3045.49,611.97,13.609782608695651,29.7233695652174,Q3,1710.27,26.493641304347825,1.504440819285845,-0.2512499999999988,-0.3333333333333333,Neutral
Camarines Norte,2013,2013Q4,26.066304347826087,28.679891304347827,24.16195652173913,1301.9,1301.9,1951.0,6016275.16,2909.1,589.99,13.890760869565218,29.49836956521739,Q4,1274.62,26.37679347826087,2.1402457202931044,-0.3104891304347816,-0.2333333333333333,Neutral
Camarines Norte,2014,2014Q1,25.28666666666667,28.05,23.16055555555556,515.8,515.8,981.0,6187276.86,3229.33,686.51,17.903888888888886,33.78666666666667,Q1,784.1800000000001,25.951444444444444,-34.22428524063354,-0.6647777777777755,-0.3999999999999999,Neutral
Camarines Norte,2014,2014Q2,27.25384615384615,30.031868131868134,24.96208791208792,934.3,934.3,1499.0,6639766.26,3565.98,735.21,11.607692307692307,26.271978021978025,Q2,1099.64,27.344835164835168,-15.035829907969877,-0.0909890109890163,0.1333333333333333,Neutral
Camarines Norte,2014,2014Q3,26.31358695652174,28.672826086956523,24.594565217391303,1703.6,1703.6,2210.0,5761305.1,3169.7,631.27,15.157608695652174,32.43369565217392,Q3,1710.27,26.493641304347825,-0.3899969010741037,-0.1800543478260863,0.1,Neutral
Camarines Norte,2014,2014Q4,26.13369565217392,28.695108695652173,24.26086956521739,1419.5,1419.5,2059.0,6002280.55,2884.68,592.15,15.175,31.11521739130435,Q4,1274.62,26.37679347826087,11.366524925075698,-0.2430978260869487,0.6,El Niño
Camarines Norte,2015,2015Q1,25.667222222222225,28.706666666666667,23.278333333333336,638.6,638.6,871.0,6654748.71,3431.58,723.68,16.605,31.792777777777776,Q1,784.1800000000001,25.951444444444444,-18.56461526690301,-0.284222222222219,0.5,El Niño
Camarines Norte,2015,2015Q2,27.29890109890109,30.215934065934068,24.884065934065934,750.5,750.5,1386.0,6952127.96,3701.92,766.84,11.13076923076923,25.50879120879121,Q2,1099.64,27.344835164835168,-31.750391037066667,-0.0459340659340732,0.9333333333333332,El Niño
Camarines Norte,2015,2015Q3,26.403260869565216,28.7233695652174,24.69782608695652,1376.8,1376.8,2187.0,6175734.71,3289.24,654.3,15.048913043478262,31.88967391304348,Q3,1710.27,26.493641304347825,-19.49809094470464,-0.0903804347826096,1.8666666666666665,El Niño
Camarines Norte,2015,2015Q4,26.53152173913044,29.242391304347827,24.48695652173913,864.8,864.8,1680.0,6583239.03,3195.79,653.58,14.556521739130435,30.5625,Q4,1274.62,26.37679347826087,-32.152327752585094,0.1547282608695717,2.533333333333333,El Niño
Camarines Norte,2016,2016Q1,26.63901098901099,29.83186813186813,24.013736263736263,452.7,452.7,957.0,6824652.48,3554.88,747.65,14.012637362637363,28.70274725274725,Q1,784.1800000000001,25.951444444444444,-42.270907189675846,0.6875665445665469,2.066666666666667,El Niño
Camarines Norte,2016,2016Q2,27.718131868131863,30.686263736263733,25.28241758241758,1169.8,1169.8,1614.0,6802356.33,3604.63,759.07,10.85934065934066,25.386813186813185,Q2,1099.64,27.344835164835168,6.380269906514869,0.3732967032966954,0.3999999999999999,Neutral
Camarines Norte,2016,2016Q3,26.75108695652174,29.1375,25.03695652173913,1451.9,1451.9,2183.0,6162002.35,3271.44,653.59,13.743478260869566,30.93804347826088,Q3,1710.27,26.493641304347825,-15.10697141387032,0.2574456521739137,-0.5,La Niña
Camarines Norte,2016,2016Q4,26.36467391304348,28.93260869565217,24.53695652173913,1614.3,1614.3,2180.0,5772553.39,2814.23,575.38,14.28858695652174,30.49836956521739,Q4,1274.62,26.37679347826087,26.649511226875443,-0.0121195652173895,-0.6666666666666666,La Niña
Camarines Norte,2017,2017Q1,26.15111111111111,29.09611111111112,23.898333333333333,1008.9,1008.9,1064.0,5832712.63,3066.62,648.59,13.82388888888889,33.60388888888889,Q1,784.1800000000001,25.951444444444444,28.656685964957013,0.1996666666666655,-0.1333333333333333,Neutral
Camarines Norte,2017,2017Q2,27.573076923076925,30.665934065934064,25.232417582417582,1245.0,1245.0,1447.0,6489652.84,3443.29,720.11,10.458241758241758,27.5989010989011,Q2,1099.64,27.344835164835168,13.21887163071552,0.2282417582417579,0.2666666666666666,Neutral
Camarines Norte,2017,2017Q3,26.79945652173913,29.444021739130434,24.9125,2139.2,2139.2,2118.0,5292779.44,2891.82,594.25,11.305978260869566,29.27391304347826,Q3,1710.27,26.493641304347825,25.07966578376513,0.3058152173913058,-0.1333333333333333,Neutral
Camarines Norte,2017,2017Q4,26.64673913043478,29.279347826086955,24.78152173913044,1499.7,1499.7,1710.0,5322491.21,2661.41,558.17,12.716304347826089,32.85163043478261,Q4,1274.62,26.37679347826087,17.658596287520982,0.269945652173913,-0.8333333333333334,La Niña
Camarines Norte,2018,2018Q1,26.282222222222224,29.23444444444444,23.96444444444445,995.1,995.1,1066.0,5861766.91,3052.76,641.26,13.09888888888889,31.629444444444445,Q1,784.1800000000001,25.951444444444444,26.89688591904919,0.3307777777777794,-0.8333333333333334,La Niña
Camarines Norte,2018,2018Q2,27.578021978021976,30.67637362637363,25.17087912087912,916.6,916.6,1394.0,6643112.3,3468.08,732.27,11.563736263736264,30.06318681318681,Q2,1099.64,27.344835164835168,-16.64544760103305,0.2331868131868084,-0.2333333333333333,Neutral
Camarines Norte,2018,2018Q3,26.63478260869565,29.0375,24.907065217391303,1958.6,1958.6,2771.0,5440392.83,2994.95,607.6,13.633152173913045,34.618478260869566,Q3,1710.27,26.493641304347825,14.519929601758784,0.1411413043478262,0.2666666666666666,Neutral
Camarines Norte,2018,2018Q4,26.75108695652174,29.6875,24.50978260869565,945.8,945.8,1626.0,6253718.37,3131.27,653.0,12.908152173913043,32.19728260869565,Q4,1274.62,26.37679347826087,-25.79749258602565,0.3742934782608706,0.8333333333333334,El Niño
Camarines Norte,2019,2019Q1,26.10611111111111,29.70888888888889,22.93888888888889,300.8,300.8,731.0,6729329.65,3609.76,757.63,14.268333333333334,33.00111111111111,Q1,784.1800000000001,25.951444444444444,-61.64145986890765,0.1546666666666674,0.6999999999999998,El Niño
Camarines Norte,2019,2019Q2,27.86868131868132,31.187912087912085,25.18901098901099,1057.5,1057.5,1607.0,6679190.37,3594.25,760.52,10.974725274725277,28.499450549450547,Q2,1099.64,27.344835164835168,-3.832163253428384,0.5238461538461507,0.5666666666666667,El Niño
Camarines Norte,2019,2019Q3,26.829891304347825,29.09891304347826,25.04728260869565,1993.2,1993.2,2558.0,5252229.26,2974.67,612.69,13.917934782608697,34.488586956521736,Q3,1710.27,26.493641304347825,16.543001982143174,0.3362499999999997,0.1999999999999999,Neutral
Camarines Norte,2019,2019Q4,26.69293478260869,29.60434782608696,24.470108695652176,1095.4,1095.4,1626.0,6169283.29,3081.4,635.27,12.722282608695652,31.654891304347824,Q4,1274.62,26.37679347826087,-14.060661216676342,0.3161413043478234,0.4333333333333333,Neutral
Camarines Norte,2020,2020Q1,26.49285714285714,29.781868131868134,23.74010989010989,720.6,720.6,1248.0,6723326.32,3521.92,736.11,13.442307692307692,32.04120879120879,Q1,784.1800000000001,25.951444444444444,-8.10783238542172,0.5414126984126959,0.4666666666666666,Neutral
Camarines Norte,2020,2020Q2,27.87252747252748,31.13791208791209,25.25879120879121,1108.5,1108.5,1506.0,6616625.34,3586.39,760.2,11.106593406593406,28.57747252747253,Q2,1099.64,27.344835164835168,0.8057182350587581,0.527692307692309,-0.0666666666666666,Neutral
Camarines Norte,2020,2020Q3,27.09402173913044,29.86847826086957,25.026630434782607,1793.3,1793.3,2141.0,5461297.52,3112.7,639.44,10.38586956521739,27.20815217391305,Q3,1710.27,26.493641304347825,4.854789009922408,0.6003804347826147,-0.6333333333333333,La Niña
Camarines Norte,2020,2020Q4,26.63043478260869,29.404347826086955,24.713043478260868,2301.0,2301.0,2226.0,5332674.09,2711.93,562.14,12.652173913043478,32.35108695652174,Q4,1274.62,26.37679347826087,80.52439158337386,0.2536413043478234,-1.2333333333333334,La Niña
Camarines Norte,2021,2021Q1,26.13222222222222,29.009444444444444,23.875,1401.3,1401.3,1855.0,5635194.68,3004.2,620.86,13.362222222222222,32.446111111111115,Q1,784.1800000000001,25.951444444444444,78.6962177051187,0.1807777777777772,-0.9,La Niña
Camarines Norte,2021,2021Q2,27.287912087912087,30.256593406593407,24.928021978021977,1292.4,1292.4,1716.0,6257053.84,3469.4,721.01,11.80054945054945,29.626373626373628,Q2,1099.64,27.344835164835168,17.529373249427106,-0.0569230769230806,-0.5333333333333333,La Niña
Camarines Norte,2021,2021Q3,27.124456521739127,29.81304347826088,25.19076086956522,1628.9,1628.9,2237.0,5701950.58,3197.42,659.99,12.202717391304349,31.003804347826087,Q3,1710.27,26.493641304347825,-4.757728311903962,0.6308152173913015,-0.5333333333333333,La Niña
Camarines Norte,2021,2021Q4,26.671739130434784,29.698913043478264,24.526630434782607,1519.8,1519.8,1717.0,5520613.98,2998.08,627.76,13.567934782608695,31.404891304347824,Q4,1274.62,26.37679347826087,19.235536865889426,0.2949456521739151,-0.9333333333333332,La Niña
Camarines Norte,2022,2022Q1,26.440555555555555,29.807777777777776,23.917777777777776,838.0,838.0,1245.0,5923513.41,3318.99,691.13,13.077222222222222,29.943888888888885,Q1,784.1800000000001,25.951444444444444,6.863220179040518,0.4891111111111108,-0.9666666666666668,La Niña
Camarines Norte,2022,2022Q2,27.177472527472528,30.5456043956044,24.68516483516484,1541.5,1541.5,1667.0,5829210.51,3474.86,723.6899999999999,11.565934065934066,27.46868131868132,Q2,1099.64,27.344835164835168,40.18224146084175,-0.1673626373626398,-1.0,La Niña
Camarines Norte,2022,2022Q3,26.792391304347827,29.82608695652174,24.569021739130434,1856.4,1856.4,2173.0,5439137.72,3311.29,674.71,11.364673913043475,27.1608695652174,Q3,1710.27,26.493641304347825,8.544264940623417,0.2987500000000018,-0.9,La Niña
Camarines Norte,2022,2022Q4,26.57608695652174,29.595108695652176,24.463043478260868,1530.2,1530.2,1645.0,5374689.16,2969.93,614.59,12.98913043478261,29.752173913043475,Q4,1274.62,26.37679347826087,20.05146631937361,0.1992934782608699,-0.9,La Niña
Camarines Norte,2023,2023Q1,25.935,28.985,23.668888888888887,1334.9,1334.9,1672.0,5313315.89,3100.45,641.43,14.26888888888889,31.47222222222222,Q1,784.1800000000001,25.951444444444444,70.22877400596802,-0.0164444444444455,-0.3999999999999999,Neutral
Camarines Norte,2023,2023Q2,27.49670329670329,30.875274725274725,24.932967032967035,1246.0,1246.0,1542.0,6376671.57,3658.51,765.2,12.2989010989011,28.48406593406593,Q2,1099.64,27.344835164835168,13.309810483430953,0.1518681318681238,0.5,El Niño
Camarines Norte,2023,2023Q3,27.151630434782607,30.16304347826087,24.910326086956523,1813.1,1813.1,2158.0,5985192.33,3497.68,717.98,13.394565217391303,31.578260869565216,Q3,1710.27,26.493641304347825,6.012500950142371,0.6579891304347818,1.3333333333333333,El Niño
Camarines Norte,2023,2023Q4,27.11141304347826,30.45652173913044,24.61521739130435,1032.8,1032.8,1467.0,6187256.62,3259.49,678.75,12.446739130434782,28.857065217391305,Q4,1274.62,26.37679347826087,-18.97192888860995,0.7346195652173932,1.9,El Niño
Camarines Norte,2024,2024Q1,26.3510989010989,30.36758241758241,23.1510989010989,315.2,315.2,927.0,6800132.69,3572.22,792.27,18.514285714285712,38.14670329670329,Q1,784.1800000000001,25.951444444444444,-59.80514677752558,0.3996544566544564,1.4666666666666668,El Niño
Camarines Norte,2024,2024Q2,29.21098901098901,34.04835164835165,25.437912087912085,886.6,886.6,1035.0,6935320.99,3990.87,910.66,13.274725274725276,29.7478021978022,Q2,1099.64,27.344835164835168,-19.37361318249608,1.8661538461538427,0.4333333333333333,Neutral
Camarines Norte,2024,2024Q3,27.433152173913044,30.68423913043478,25.105434782608693,2673.4,2673.4,2312.0,5433008.93,3278.47,685.06,14.094021739130437,31.00163043478261,Q3,1710.27,26.493641304347825,56.31450004969977,0.9395108695652185,-0.1,Neutral
Camarines Norte,2024,2024Q4,26.83277777777777,30.042857142857144,24.555494505494508,2121.5,2121.5,1705.0,5476411.9,2814.12,596.6,16.459340659340658,34.315384615384616,Q4,1274.62,26.37679347826087,66.44176303525755,0.4559842995169028,-0.3999999999999999,Neutral
Camarines Norte,2025,2025Q1,25.941011235955056,29.15277777777778,23.64777777777778,1177.7,1177.7,1530.0,5596667.74,3014.35,632.48,16.216666666666665,33.553888888888885,Q1,784.1800000000001,25.951444444444444,50.18235609171363,-0.0104332084893883,-0.3999999999999999,Neutral
Camarines Norte,2025,2025Q2,28.32087912087912,32.12692307692308,25.47857142857143,832.6,22.2,1189.0,5999730.6,3374.44,732.11,11.00824175824176,24.7489010989011,Q2,1099.64,27.344835164835168,-24.284311229129525,0.9760439560439522,-0.1,Neutral
Camarines Norte,2025,2025Q3,26.96358695652174,29.70108695652174,24.984239130434784,1568.6,100.9,1924.0,5068024.42,3040.9,625.75,13.16304347826087,30.067391304347822,Q3,1710.27,26.493641304347825,-8.283487402573867,0.4699456521739158,-0.3,Neutral
Camarines Norte,2025,2025Q4,27.08032786885246,30.31065573770492,24.828688524590163,947.3,205.0,1075.0,3446815.27,1911.29,398.06,12.359836065573772,29.030327868852456,Q4,1274.62,26.37679347826087,-25.679810453311585,0.7035343905915923,-0.6,La Niña
Zamboanga Sibugay,2010,2010Q1,27.02777777777778,30.245555555555555,24.57777777777778,660.8,660.8,1186.0,6700213.68,3662.26,761.98,18.50055555555556,40.265,Q1,1158.98,26.60041391941392,-42.98434830626931,0.4273638583638579,1.1666666666666667,El Niño
Zamboanga Sibugay,2010,2010Q2,28.703296703296704,32.46043956043956,25.76538461538461,1115.1,1115.1,1414.0,7196702.71,4034.78,873.34,12.214835164835163,30.017582417582418,Q2,1289.09,28.08527472527472,-13.497118122086125,0.6180219780219822,-0.1666666666666666,Neutral
Zamboanga Sibugay,2010,2010Q3,27.669565217391305,31.26032608695652,25.008152173913043,2100.3,2100.3,1989.0,6548798.7,3644.86,758.28,9.148369565217392,25.230978260869566,Q3,1493.2,27.50434782608696,40.65764800428611,0.1652173913043491,-1.3,La Niña
Zamboanga Sibugay,2010,2010Q4,27.09619565217391,30.47934782608696,24.71467391304348,1964.2,1964.2,2222.0,6411738.55,3149.85,642.66,11.610869565217392,28.994565217391305,Q4,1546.14,27.099347826086955,27.03894860749998,-0.003152173913044,-1.6000000000000003,La Niña
Zamboanga Sibugay,2011,2011Q1,26.26833333333333,29.14111111111111,24.329444444444444,2432.2,2432.2,2470.0,5326755.76,2952.69,590.69,17.063333333333333,38.178333333333335,Q1,1158.98,26.60041391941392,109.85694317417035,-0.3320805860805897,-1.1666666666666667,La Niña
Zamboanga Sibugay,2011,2011Q2,27.475274725274726,30.65714285714286,25.12087912087912,1648.4,1648.4,1790.0,6226237.32,3485.77,719.53,12.425274725274726,30.28296703296704,Q2,1289.09,28.08527472527472,27.87315082732782,-0.6099999999999959,-0.5666666666666667,La Niña
Zamboanga Sibugay,2011,2011Q3,27.518478260869564,30.82282608695652,25.15271739130435,1378.6,1378.6,1594.0,6229999.12,3474.4700000000003,732.09,12.983152173913044,33.99619565217392,Q3,1493.2,27.50434782608696,-7.674792392177881,0.0141304347826078,-0.6333333333333333,La Niña
Zamboanga Sibugay,2011,2011Q4,27.14945652173913,30.314673913043475,24.89293478260869,1847.6,1847.6,2135.0,6193456.96,3171.31,645.41,12.998913043478264,31.955978260869564,Q4,1546.14,27.099347826086955,19.497587540584945,0.0501086956521739,-1.0333333333333334,La Niña
Zamboanga Sibugay,2012,2012Q1,26.77692307692308,29.78076923076924,24.63901098901099,1544.4,1544.4,2024.0,6363088.61,3392.42,679.16,16.312087912087915,37.4,Q1,1158.98,26.60041391941392,33.255103625601826,0.1765091575091588,-0.7333333333333334,La Niña
Zamboanga Sibugay,2012,2012Q2,27.83626373626373,31.220329670329672,25.25164835164836,1308.8,1308.8,1506.0,6929505.21,3822.93,789.64,11.735714285714286,29.76483516483516,Q2,1289.09,28.08527472527472,1.5289855634594975,-0.2490109890109906,-0.2666666666666666,Neutral
Zamboanga Sibugay,2012,2012Q3,27.529347826086955,30.7625,25.22445652173913,1357.5,1357.5,1657.0,6170234.76,3480.09,735.31,13.701086956521738,35.01684782608696,Q3,1493.2,27.50434782608696,-9.087864987945354,0.0249999999999985,0.3333333333333333,Neutral
Zamboanga Sibugay,2012,2012Q4,27.20923913043478,30.32336956521739,24.92934782608696,1274.3,1274.3,1817.0,6394843.42,3306.87,676.66,16.030978260869563,37.10869565217392,Q4,1546.14,27.099347826086955,-17.58184899168251,0.1098913043478262,0.0666666666666666,Neutral
Zamboanga Sibugay,2013,2013Q1,26.83388888888889,29.747222222222224,24.695,1404.5,1404.5,1830.0,6059751.54,3317.99,672.88,17.854444444444447,38.949444444444445,Q1,1158.98,26.60041391941392,21.184144678941827,0.2334749694749689,-0.3666666666666667,Neutral
Zamboanga Sibugay,2013,2013Q2,28.296703296703296,31.791208791208792,25.596153846153847,1523.7,1523.7,1688.0,6484608.08,3684.31,783.8,10.834615384615384,27.347252747252742,Q2,1289.09,28.08527472527472,18.19966022543036,0.2114285714285735,-0.3666666666666667,Neutral
Zamboanga Sibugay,2013,2013Q3,27.528260869565216,30.86847826086957,25.14782608695652,1648.3,1648.3,1914.0,6171305.83,3393.99,715.3,12.177717391304348,31.245652173913044,Q3,1493.2,27.50434782608696,10.387088132869,0.0239130434782595,-0.3333333333333333,Neutral
Zamboanga Sibugay,2013,2013Q4,27.109239130434784,30.19619565217392,24.89130434782609,1538.0,1538.0,1948.0,6251945.0200000005,3158.49,642.45,14.778260869565216,34.573913043478264,Q4,1546.14,27.099347826086955,-0.5264723763695314,0.0098913043478283,-0.2333333333333333,Neutral
Zamboanga Sibugay,2014,2014Q1,26.096666666666664,28.85611111111111,23.96333333333333,1497.3,1497.3,1805.0,5792939.6,3215.53,651.02,19.311666666666667,41.47388888888889,Q1,1158.98,26.60041391941392,29.19118535263766,-0.5037472527472566,-0.3999999999999999,Neutral
Zamboanga Sibugay,2014,2014Q2,28.041758241758245,31.505494505494507,25.291208791208792,1587.6,1587.6,1674.0,6622033.81,3732.2,777.32,11.332967032967032,28.21043956043956,Q2,1289.09,28.08527472527472,23.156645385504504,-0.0435164835164769,0.1333333333333333,Neutral
Zamboanga Sibugay,2014,2014Q3,27.42010869565217,30.603804347826088,25.039130434782606,1404.0,1404.0,1730.0,5810823.4,3283.86,693.32,12.877173913043478,32.625,Q3,1493.2,27.50434782608696,-5.973747656040721,-0.0842391304347849,0.1,Neutral
Zamboanga Sibugay,2014,2014Q4,27.079891304347825,30.09021739130435,24.80163043478261,1597.9,1597.9,2013.0,6081982.94,3076.65,632.67,14.641847826086956,34.04945652173913,Q4,1546.14,27.099347826086955,3.347691670870699,-0.01945652173913,0.6,El Niño
Zamboanga Sibugay,2015,2015Q1,26.66611111111111,29.864444444444448,24.085,472.3,472.3,1196.0,6763924.92,3678.59,764.85,18.15111111111111,39.25666666666667,Q1,1158.98,26.60041391941392,-59.24864967471398,0.0656971916971898,0.5,El Niño
Zamboanga Sibugay,2015,2015Q2,28.632417582417585,32.23956043956044,25.56043956043956,902.6,902.6,1391.0,6871464.85,3870.82,839.89,11.295604395604396,28.03131868131868,Q2,1289.09,28.08527472527472,-29.981614937669203,0.5471428571428625,0.9333333333333332,El Niño
Zamboanga Sibugay,2015,2015Q3,27.771195652173912,30.957608695652173,25.31793478260869,1441.1,1441.1,1598.0,6424078.34,3472.57,744.17,13.070108695652175,32.79673913043479,Q3,1493.2,27.50434782608696,-3.4891508170372445,0.2668478260869555,1.8666666666666665,El Niño
Zamboanga Sibugay,2015,2015Q4,27.479891304347827,30.56304347826088,25.082065217391307,1020.3,1020.3,1601.0,6747914.43,3396.71,701.7,15.360869565217392,35.526630434782604,Q4,1546.14,27.099347826086955,-34.0098568046878,0.3805434782608721,2.533333333333333,El Niño
Zamboanga Sibugay,2016,2016Q1,27.60054945054945,31.10384615384616,24.71648351648352,273.6,273.6,849.0,7152031.7700000005,3952.5,846.51,17.48076923076923,38.76373626373626,Q1,1158.98,26.60041391941392,-76.39303525513814,1.0001355311355304,2.066666666666667,El Niño
Zamboanga Sibugay,2016,2016Q2,28.936263736263733,32.75054945054945,25.877472527472527,1641.4,1641.4,1572.0,7086409.73,3930.84,870.16,11.881318681318682,29.500549450549453,Q2,1289.09,28.08527472527472,27.330132108696848,0.8509890109890108,0.3999999999999999,Neutral
Zamboanga Sibugay,2016,2016Q3,27.98369565217392,31.339130434782607,25.45163043478261,1402.9,1402.9,1637.0,6475169.89,3547.55,751.13,12.457065217391303,32.2695652173913,Q3,1493.2,27.50434782608696,-6.0474149477631896,0.4793478260869612,-0.5,La Niña
Zamboanga Sibugay,2016,2016Q4,27.20978260869565,30.29619565217392,24.97554347826087,1733.8,1733.8,2141.0,6006705.25,3026.48,620.99,13.297282608695651,32.69130434782608,Q4,1546.14,27.099347826086955,12.137322622789664,0.1104347826086957,-0.6666666666666666,La Niña
Zamboanga Sibugay,2017,2017Q1,26.129444444444445,28.11055555555556,24.607222222222223,1372.1,1372.1,1721.0,5414081.69,3010.16,627.89,20.94388888888889,44.385,Q1,1158.98,26.60041391941392,18.388583064418704,-0.4709694749694755,-0.1333333333333333,Neutral
Zamboanga Sibugay,2017,2017Q2,27.35769230769231,29.68241758241758,25.499450549450547,1422.9,1422.9,1902.0,6847023.78,3686.68,735.29,13.151648351648353,31.154395604395607,Q2,1289.09,28.08527472527472,10.380190677144356,-0.7275824175824113,0.2666666666666666,Neutral
Zamboanga Sibugay,2017,2017Q3,27.04510869565217,29.44836956521739,25.23260869565217,2026.4,2026.4,1959.0,6127960.43,3368.6,682.01,13.316847826086958,32.17989130434783,Q3,1493.2,27.50434782608696,35.70854540583981,-0.4592391304347849,-0.1333333333333333,Neutral
Zamboanga Sibugay,2017,2017Q4,26.828260869565216,28.98967391304348,25.18913043478261,1777.0,1777.0,2237.0,5710718.81,2881.63,589.86,16.338043478260868,37.64891304347826,Q4,1546.14,27.099347826086955,14.931377494922849,-0.2710869565217386,-0.8333333333333334,La Niña
Zamboanga Sibugay,2018,2018Q1,26.475,28.65111111111111,24.75777777777777,1554.0,1554.0,1772.0,5982047.5,3274.52,663.66,18.40333333333333,40.01166666666667,Q1,1158.98,26.60041391941392,34.083418178053115,-0.1254139194139192,-0.8333333333333334,La Niña
Zamboanga Sibugay,2018,2018Q2,27.571428571428573,30.113736263736264,25.51208791208791,922.1,922.1,1609.0,6879359.88,3793.93,775.46,14.636263736263738,34.37692307692308,Q2,1289.09,28.08527472527472,-28.46891993576864,-0.5138461538461492,-0.2333333333333333,Neutral
Zamboanga Sibugay,2018,2018Q3,27.17228260869565,29.54402173913044,25.3625,1133.2,1133.2,1774.0,6371631.58,3515.38,726.22,17.607065217391302,41.36086956521739,Q3,1493.2,27.50434782608696,-24.10929547281007,-0.3320652173913068,0.2666666666666666,Neutral
Zamboanga Sibugay,2018,2018Q4,26.819021739130434,29.034239130434784,25.095108695652176,1379.4,1379.4,2424.0,6272024.69,3216.27,650.09,16.679347826086957,37.31847826086957,Q4,1546.14,27.099347826086955,-10.784275680080704,-0.2803260869565207,0.8333333333333334,El Niño
Zamboanga Sibugay,2019,2019Q1,26.129444444444445,28.407222222222224,24.341111111111108,378.6,378.6,1107.0,6658127.3,3690.36,774.24,21.635,45.589444444444446,Q1,1158.98,26.60041391941392,-67.33334483770211,-0.4709694749694755,0.6999999999999998,El Niño
Zamboanga Sibugay,2019,2019Q2,28.00164835164836,30.743956043956043,25.78516483516483,818.3,818.3,1551.0,7107108.1,3943.19,830.81,15.763186813186811,36.66483516483517,Q2,1289.09,28.08527472527472,-36.52111179203935,-0.083626373626366,0.5666666666666667,El Niño
Zamboanga Sibugay,2019,2019Q3,27.405434782608697,29.88586956521739,25.48369565217392,1039.7,1039.7,1713.0,6106603.9,3534.5,745.3,17.222282608695654,39.58913043478261,Q3,1493.2,27.50434782608696,-30.371015269220464,-0.0989130434782588,0.1999999999999999,Neutral
Zamboanga Sibugay,2019,2019Q4,27.0125,29.43913043478261,25.128804347826087,1328.9,1328.9,2238.0,6483924.93,3256.8,663.47,15.569021739130434,36.05869565217392,Q4,1546.14,27.099347826086955,-14.050474083847504,-0.0868478260869558,0.4333333333333333,Neutral
Zamboanga Sibugay,2020,2020Q1,26.796703296703296,29.1010989010989,24.984615384615385,533.9,533.9,1480.0,6884098.94,3758.79,789.22,21.134615384615383,44.667582417582416,Q1,1158.98,26.60041391941392,-53.93363129648484,0.196289377289375,0.4666666666666666,Neutral
Zamboanga Sibugay,2020,2020Q2,27.954395604395604,30.71153846153846,25.75494505494505,1126.7,1126.7,1748.0,6752579.51,3822.46,807.0,15.038461538461538,34.684615384615384,Q2,1289.09,28.08527472527472,-12.59725853121193,-0.1308791208791184,-0.0666666666666666,Neutral
Zamboanga Sibugay,2020,2020Q3,27.2625,29.757065217391304,25.27608695652174,1867.6,1867.6,2217.0,6299935.51,3520.45,710.21,13.195652173913045,31.714130434782607,Q3,1493.2,27.50434782608696,25.07366729172247,-0.2418478260869569,-0.6333333333333333,La Niña
Zamboanga Sibugay,2020,2020Q4,26.892391304347825,29.19836956521739,25.227717391304346,1822.7,1822.7,2634.0,5750559.22,2955.09,596.19,15.21141304347826,35.13369565217391,Q4,1546.14,27.099347826086955,17.88712535734152,-0.20695652173913,-1.2333333333333334,La Niña
Zamboanga Sibugay,2021,2021Q1,26.47388888888889,28.60055555555556,24.87,1488.1,1488.1,2353.0,5727094.6,3158.8,642.9,17.54222222222222,38.75222222222222,Q1,1158.98,26.60041391941392,28.397383906538497,-0.1265250305250305,-0.9,La Niña
Zamboanga Sibugay,2021,2021Q2,27.307142857142853,29.66813186813187,25.37087912087912,1582.0,1582.0,2143.0,6553196.94,3627.44,730.24,14.545054945054943,34.4010989010989,Q2,1289.09,28.08527472527472,22.72223041059973,-0.7781318681318687,-0.5333333333333333,La Niña
Zamboanga Sibugay,2021,2021Q3,27.332608695652173,29.77228260869565,25.39021739130435,1440.6,1440.6,2063.0,6374687.45,3531.79,726.76,14.50054347826087,33.94565217391305,Q3,1493.2,27.50434782608696,-3.52263594963837,-0.1717391304347835,-0.5333333333333333,La Niña
Zamboanga Sibugay,2021,2021Q4,26.73152173913044,29.12173913043478,24.896195652173912,2102.5,2102.5,2549.0,5627200.25,3037.15,620.0,17.484239130434784,37.41576086956522,Q4,1546.14,27.099347826086955,35.98380483009302,-0.3678260869565157,-0.9333333333333332,La Niña
Zamboanga Sibugay,2022,2022Q1,26.38111111111112,28.624444444444443,24.56388888888889,1174.3,1174.3,1987.0,5929449.35,3393.21,682.23,19.15111111111111,39.32388888888889,Q1,1158.98,26.60041391941392,1.32185197328685,-0.2193028083028032,-0.9666666666666668,La Niña
Zamboanga Sibugay,2022,2022Q2,27.04890109890109,29.52747252747253,25.00384615384615,1928.3,1928.3,2156.0,6308663.52,3707.11,742.09,14.578021978021978,31.6,Q2,1289.09,28.08527472527472,49.58614216230055,-1.0363736263736278,-1.0,La Niña
Zamboanga Sibugay,2022,2022Q3,27.07934782608696,29.74673913043478,24.9733695652174,1651.5,1651.5,1823.0,6408101.28,3716.65,744.8,13.590217391304348,30.386413043478264,Q3,1493.2,27.50434782608696,10.601392981516202,-0.4249999999999971,-0.9,La Niña
Zamboanga Sibugay,2022,2022Q4,26.76413043478261,29.217391304347824,24.872826086956525,2061.4,2061.4,2535.0,5592722.27,3120.31,632.04,16.51086956521739,35.0929347826087,Q4,1546.14,27.099347826086955,33.32557206979965,-0.3352173913043437,-0.9,La Niña
Zamboanga Sibugay,2023,2023Q1,26.20888888888889,28.43722222222222,24.47277777777778,1856.4,1856.4,2282.0,5251347.97,3121.75,636.94,19.322222222222223,39.403888888888886,Q1,1158.98,26.60041391941392,60.17532658026886,-0.391525030525031,-0.3999999999999999,Neutral
Zamboanga Sibugay,2023,2023Q2,27.620329670329667,30.32362637362637,25.321428571428573,1376.2,1376.2,1654.0,6754648.28,3906.0,799.32,14.295604395604396,31.60989010989011,Q2,1289.09,28.08527472527472,6.757480082849152,-0.4649450549450549,0.5,El Niño
Zamboanga Sibugay,2023,2023Q3,27.33641304347826,30.33858695652174,25.11847826086957,1610.7,1610.7,1800.0,6425232.28,3701.73,774.01,16.222282608695654,37.102717391304346,Q3,1493.2,27.50434782608696,7.869006161264398,-0.1679347826086967,1.3333333333333333,El Niño
Zamboanga Sibugay,2023,2023Q4,27.11521739130435,30.17554347826087,24.770108695652173,1485.6,1485.6,2132.0,6406873.97,3409.24,700.47,15.1125,34.227717391304346,Q4,1546.14,27.099347826086955,-3.9155574527533066,0.0158695652173932,1.9,El Niño
Zamboanga Sibugay,2024,2024Q1,27.09450549450549,30.093406593406595,24.76648351648352,366.3,366.3,1263.0,6720650.33,3808.53,838.27,21.11813186813187,45.27527472527473,Q1,1158.98,26.60041391941392,-68.39462285803035,0.49409157509157,1.4666666666666668,El Niño
Zamboanga Sibugay,2024,2024Q2,28.671978021978024,32.27197802197802,25.77912087912088,902.2,902.2,1375.0,7156574.99,4155.91,923.89,15.96868131868132,36.90714285714286,Q2,1289.09,28.08527472527472,-30.012644578733827,0.5867032967033019,0.4333333333333333,Neutral
Zamboanga Sibugay,2024,2024Q3,27.316304347826087,30.275,25.14565217391305,1682.5,1682.5,1905.0,6209088.91,3634.75,749.43,14.347826086956522,33.43369565217392,Q3,1493.2,27.50434782608696,12.67747120278596,-0.1880434782608695,-0.1,Neutral
Zamboanga Sibugay,2024,2024Q4,27.02722222222222,30.182967032967035,24.727472527472525,1607.2,1607.2,2120.0,6054384.55,3235.25,668.89,14.86758241758242,34.698901098901096,Q4,1546.14,27.099347826086955,3.949189594732701,-0.0721256038647339,-0.3999999999999999,Neutral
Zamboanga Sibugay,2025,2025Q1,26.585955056179778,29.69833333333333,24.349444444444444,1332.6,1332.6,2287.0,5881965.17,3311.43,676.09,17.105555555555554,39.37055555555556,Q1,1158.98,26.60041391941392,14.980413812145152,-0.0144588632341431,-0.3999999999999999,Neutral
Zamboanga Sibugay,2025,2025Q2,27.9032967032967,31.79230769230769,24.843956043956045,589.8,1.9,967.0,6354702.13,3588.75,764.74,11.613736263736262,29.709890109890107,Q2,1289.09,28.08527472527472,-54.24679425020751,-0.181978021978022,-0.1,Neutral
Zamboanga Sibugay,2025,2025Q3,26.955978260869564,30.860326086956523,24.228804347826088,937.6,157.5,1112.0,5636108.52,3328.58,714.19,11.483695652173912,32.584782608695654,Q3,1493.2,27.50434782608696,-37.20867934637021,-0.5483695652173921,-0.3,Neutral
Zamboanga Sibugay,2025,2025Q4,26.68688524590164,30.195901639344264,24.238524590163934,958.5,225.9,1097.0,3614401.61,1949.78,405.75,9.394262295081967,30.84426229508197,Q4,1546.14,27.099347826086955,-38.00690752454499,-0.4124625801853163,-0.6,La Niña
Davao,2010,2010Q1,26.002777777777776,29.78333333333333,23.177777777777777,347.0,347.0,694.0,6651603.5600000005,3415.63,767.27,16.499444444444446,31.68611111111111,Q1,570.67,25.643884004884,-39.194280407240605,0.3588937728937758,1.1666666666666667,El Niño
Davao,2010,2010Q2,27.71868131868132,31.03736263736264,24.99615384615385,821.7,821.7,1304.0,6730885.09,3608.59,791.32,12.804395604395603,25.584615384615383,Q2,964.67,27.50543956043956,-14.820612230089049,0.2132417582417574,-0.1666666666666666,Neutral
Davao,2010,2010Q3,26.65217391304348,29.30597826086957,24.56304347826088,1569.1,1569.1,2160.0,6041368.25,3184.97,663.59,12.734782608695651,26.29076086956522,Q3,1587.22,26.55494565217391,-1.1416186792001184,0.0972282608695707,-1.3,La Niña
Davao,2010,2010Q4,26.220108695652176,29.044565217391305,24.16576086956522,921.3,921.3,1467.0,6068453.16,2844.27,608.04,13.932065217391305,29.57934782608696,Q4,875.45,26.28766304347826,5.237306528071267,-0.0675543478260856,-1.6000000000000003,La Niña
Davao,2011,2011Q1,25.10333333333333,28.10055555555556,23.03611111111111,842.1,842.1,1194.0,5930456.28,2927.79,643.46,17.710555555555555,34.56444444444445,Q1,570.67,25.643884004884,47.56339040075702,-0.5405506715506689,-1.1666666666666667,La Niña
Davao,2011,2011Q2,26.572527472527472,29.49175824175824,24.28021978021978,1418.3,1418.3,1514.0,6023582.87,3249.24,694.78,13.57857142857143,27.93021978021978,Q2,964.67,27.50543956043956,47.02437102843458,-0.93291208791209,-0.5666666666666667,La Niña
Davao,2011,2011Q3,26.21032608695652,28.56684782608696,24.360326086956523,1545.8,1545.8,2050.0,5503165.66,2974.23,616.78,14.944021739130434,31.136413043478264,Q3,1587.22,26.55494565217391,-2.609594133138448,-0.3446195652173891,-0.6333333333333333,La Niña
Davao,2011,2011Q4,26.04728260869565,28.78641304347826,24.015760869565216,832.7,832.7,1365.0,5876748.11,2853.23,606.99,14.615760869565218,30.525543478260868,Q4,875.45,26.28766304347826,-4.883202924210406,-0.2403804347826117,-1.0333333333333334,La Niña
Davao,2012,2012Q1,25.59065934065934,28.71923076923077,23.379670329670333,625.0,625.0,1135.0,6098327.95,3045.32,661.1,16.052747252747253,31.818131868131868,Q1,570.67,25.643884004884,9.52038831548882,-0.0532246642246612,-0.7333333333333334,La Niña
Davao,2012,2012Q2,27.00989010989011,30.00494505494505,24.61868131868132,922.6,922.6,1493.0,6333203.41,3352.29,715.35,13.528571428571428,27.847252747252742,Q2,964.67,27.50543956043956,-4.361076844931432,-0.4955494505494506,-0.2666666666666666,Neutral
Davao,2012,2012Q3,26.23260869565217,28.675,24.355434782608693,1633.9,1633.9,2202.0,5422464.32,2939.26,615.17,14.673369565217392,30.99347826086957,Q3,1587.22,26.55494565217391,2.940991166945985,-0.3223369565217382,0.3333333333333333,Neutral
Davao,2012,2012Q4,26.17228260869565,29.144565217391307,23.967934782608697,680.6,680.6,1085.0,6294743.7,3011.1,655.64,15.627173913043478,31.45217391304348,Q4,875.45,26.28766304347826,-22.25712490719059,-0.1153804347826117,0.0666666666666666,Neutral
Davao,2013,2013Q1,25.82444444444444,29.07611111111111,23.452222222222225,823.9,823.9,1049.0,6059721.14,3086.31,691.38,17.08888888888889,32.97,Q1,570.67,25.643884004884,44.37415669300997,0.1805604395604376,-0.3666666666666667,Neutral
Davao,2013,2013Q2,27.52692307692308,30.540109890109893,25.05934065934066,1063.5,1063.5,1446.0,6236123.84,3348.52,730.92,12.271978021978022,25.06923076923077,Q2,964.67,27.50543956043956,10.244954233053782,0.0214835164835172,-0.3666666666666667,Neutral
Davao,2013,2013Q3,26.35217391304348,28.86195652173913,24.36902173913043,1711.7,1711.7,2069.0,5266692.1,2946.43,621.15,13.678260869565218,28.99510869565217,Q3,1587.22,26.55494565217391,7.84264311185595,-0.20277173913043,-0.3333333333333333,Neutral
Davao,2013,2013Q4,26.04728260869565,28.86413043478261,23.967391304347824,667.4,667.4,1118.0,6273219.22,2932.56,622.79,14.355978260869565,30.16684782608696,Q4,875.45,26.28766304347826,-23.764920897823984,-0.2403804347826117,-0.2333333333333333,Neutral
Davao,2014,2014Q1,25.211111111111112,28.651666666666667,22.62555555555556,652.6,652.6,823.0,6242081.24,3223.4,719.84,17.10333333333333,33.11277777777778,Q1,570.67,25.643884004884,14.356808663500807,-0.4327728937728885,-0.3999999999999999,Neutral
Davao,2014,2014Q2,27.64945054945055,30.83846153846154,25.06318681318681,839.2,839.2,1439.0,6585028.87,3501.38,761.05,12.352197802197802,25.926923076923075,Q2,964.67,27.50543956043956,-13.006520364476971,0.1440109890109866,0.1333333333333333,Neutral
Davao,2014,2014Q3,26.48478260869565,28.94836956521739,24.57608695652174,1676.5,1676.5,1967.0,5511876.76,3046.07,639.02,14.714673913043478,30.86684782608696,Q3,1587.22,26.55494565217391,5.624929121356836,-0.07016304347826,0.1,Neutral
Davao,2014,2014Q4,26.191304347826087,29.12336956521739,24.061956521739127,714.6,714.6,1213.0,6202558.01,2993.83,643.72,14.542934782608697,30.4733695652174,Q4,875.45,26.28766304347826,-18.37340796161974,-0.0963586956521744,0.6,El Niño
Davao,2015,2015Q1,25.32444444444444,28.93,22.58388888888889,272.7,272.7,593.0,6673109.53,3384.44,754.6,17.547777777777778,33.32611111111111,Q1,570.67,25.643884004884,-52.21406417018593,-0.3194395604395623,0.5,El Niño
Davao,2015,2015Q2,27.77692307692308,31.23956043956044,24.96758241758242,702.0,702.0,1140.0,6974685.84,3726.89,826.59,13.50054945054945,27.17967032967033,Q2,964.67,27.50543956043956,-27.22900059087564,0.2714835164835172,0.9333333333333332,El Niño
Davao,2015,2015Q3,26.532065217391303,28.903260869565216,24.705978260869564,1373.8,1373.8,1888.0,6150875.82,3255.84,672.8,15.070108695652175,30.543478260869566,Q3,1587.22,26.55494565217391,-13.446151132168197,-0.022880434782607,1.8666666666666665,El Niño
Davao,2015,2015Q4,26.482065217391305,29.466847826086955,24.25054347826088,944.3,944.3,939.0,6587489.27,3137.35,683.91,16.516847826086956,32.90217391304348,Q4,875.45,26.28766304347826,7.864526814780959,0.1944021739130441,2.533333333333333,El Niño
Davao,2016,2016Q1,26.163736263736265,29.7434065934066,23.44175824175824,251.6,251.6,581.0,6878396.45,3462.77,764.08,15.85,30.497252747252748,Q1,570.67,25.643884004884,-55.91147247971682,0.5198522588522643,2.066666666666667,El Niño
Davao,2016,2016Q2,28.04230769230769,31.302747252747256,25.44670329670329,719.3,719.3,1393.0,6786345.29,3578.09,796.82,12.912087912087912,25.874725274725275,Q2,964.67,27.50543956043956,-25.43564120372771,0.536868131868129,0.3999999999999999,Neutral
Davao,2016,2016Q3,27.034239130434784,29.58043478260869,25.02717391304348,1389.2,1389.2,1956.0,5803243.02,3114.73,665.22,14.882608695652175,30.3,Q3,1587.22,26.55494565217391,-12.47590126132483,0.4792934782608746,-0.5,La Niña
Davao,2016,2016Q4,26.36576086956521,29.0233695652174,24.405434782608697,915.7,915.7,1439.0,5580195.93,2735.63,596.46,15.307065217391305,31.56847826086957,Q4,875.45,26.28766304347826,4.597635501741961,0.0780978260869531,-0.6666666666666666,La Niña
Davao,2017,2017Q1,25.5,28.56611111111111,23.20055555555556,982.2,982.2,1075.0,6069338.81,3132.62,676.59,19.174444444444443,39.18,Q1,570.67,25.643884004884,72.11348064555699,-0.1438840048840006,-0.1333333333333333,Neutral
Davao,2017,2017Q2,27.43516483516484,30.62692307692308,25.03516483516483,1170.4,1170.4,1405.0,6769536.56,3721.3,787.62,13.374175824175824,30.64835164835165,Q2,964.67,27.50543956043956,21.32646397213555,-0.0702747252747251,0.2666666666666666,Neutral
Davao,2017,2017Q3,26.721739130434784,29.532608695652176,24.675,1712.3,1712.3,2021.0,5728973.04,3271.35,666.51,13.019565217391303,29.714130434782607,Q3,1587.22,26.55494565217391,7.880445054875816,0.1667934782608746,-0.1333333333333333,Neutral
Davao,2017,2017Q4,26.32771739130435,29.10815217391304,24.291304347826088,1170.7,1170.7,1541.0,5730247.87,2909.14,611.33,15.891304347826088,35.58967391304348,Q4,875.45,26.28766304347826,33.72551259352333,0.0400543478260893,-0.8333333333333334,La Niña
Davao,2018,2018Q1,25.92833333333333,29.13888888888889,23.485,554.5,554.5,731.0,6291294.69,3340.01,720.11,17.34111111111111,36.195,Q1,570.67,25.643884004884,-2.8335114864983195,0.2844493284493303,-0.8333333333333334,La Niña
Davao,2018,2018Q2,27.541758241758245,30.86868131868132,25.03956043956044,1035.3,1035.3,1287.0,6695668.79,3750.48,804.35,14.381318681318682,32.30054945054945,Q2,964.67,27.50543956043956,7.32167476961032,0.0363186813186828,-0.2333333333333333,Neutral
Davao,2018,2018Q3,26.592391304347824,29.252173913043475,24.57934782608696,1576.7,1576.7,2202.0,5751130.0,3256.04,663.94,14.779347826086957,33.08586956521739,Q3,1587.22,26.55494565217391,-0.6627940676150743,0.0374456521739148,0.2666666666666666,Neutral
Davao,2018,2018Q4,26.525,29.73478260869565,24.08043478260869,807.0,807.0,1247.0,6315631.76,3282.06,705.35,16.069565217391304,35.11141304347826,Q4,875.45,26.28766304347826,-7.818836027186022,0.2373369565217373,0.8333333333333334,El Niño
Davao,2019,2019Q1,25.79,29.48,22.84611111111112,355.1,355.1,752.0,6606027.11,3583.99,798.4399999999999,19.758888888888887,40.33388888888889,Q1,570.67,25.643884004884,-37.774896174671866,0.1461159951159985,0.6999999999999998,El Niño
Davao,2019,2019Q2,27.78076923076924,31.226373626373626,25.09065934065934,954.4,954.4,1584.0,6777088.08,3767.52,816.45,14.394505494505497,32.247252747252745,Q2,964.67,27.50543956043956,-1.064612769133496,0.2753296703296755,0.5666666666666667,El Niño
Davao,2019,2019Q3,26.73695652173913,29.340760869565216,24.732065217391305,1683.2,1683.2,2333.0,5728600.57,3282.1,675.71,15.53858695652174,33.88695652173913,Q3,1587.22,26.55494565217391,6.047050818412068,0.1820108695652216,0.1999999999999999,Neutral
Davao,2019,2019Q4,26.497826086956525,29.779891304347824,23.957608695652173,1100.2,1100.2,1356.0,6442594.49,3323.89,694.63,14.620108695652174,32.9679347826087,Q4,875.45,26.28766304347826,25.672511279913184,0.2101630434782642,0.4333333333333333,Neutral
Davao,2020,2020Q1,26.365934065934063,30.21098901098901,23.38736263736264,315.5,315.5,739.0,6827087.34,3616.47,823.92,19.301098901098904,39.83571428571429,Q1,570.67,25.643884004884,-44.71410797834125,0.7220500610500622,0.4666666666666666,Neutral
Davao,2020,2020Q2,27.793956043956044,31.337362637362634,25.08681318681319,1052.9,1052.9,1561.0,6699899.47,3780.81,819.86,14.004395604395606,31.448901098901096,Q2,964.67,27.50543956043956,9.146132874454478,0.2885164835164815,-0.0666666666666666,Neutral
Davao,2020,2020Q3,26.963043478260868,29.905434782608697,24.62010869565217,1475.8,1475.8,1856.0,6017378.01,3457.72,708.52,12.47554347826087,28.811956521739127,Q3,1587.22,26.55494565217391,-7.01982081879009,0.4080978260869585,-0.6333333333333333,La Niña
Davao,2020,2020Q4,26.29402173913044,29.119565217391305,24.232065217391305,1726.6,1726.6,1934.0,5474796.3,2900.84,596.55,14.33695652173913,32.56032608695652,Q4,875.45,26.28766304347826,97.2242846536067,0.0063586956521781,-1.2333333333333334,La Niña
Davao,2021,2021Q1,25.68388888888889,28.74111111111111,23.334444444444443,951.1,951.1,1330.0,5959984.43,3204.54,670.83,16.355,34.52444444444444,Q1,570.67,25.643884004884,66.66374612297827,0.0400048840048903,-0.9,La Niña
Davao,2021,2021Q2,27.46978021978022,30.95769230769231,24.7434065934066,1258.2,1258.2,1650.0,6697109.39,3776.37,813.71,14.545604395604396,31.976373626373626,Q2,964.67,27.50543956043956,30.428022017892125,-0.0356593406593432,-0.5333333333333333,La Niña
Davao,2021,2021Q3,26.83695652173913,29.62663043478261,24.68097826086957,1724.9,1724.9,2299.0,5953735.16,3388.86,688.58,13.992391304347825,31.84945652173913,Q3,1587.22,26.55494565217391,8.67428585829312,0.2820108695652195,-0.5333333333333333,La Niña
Davao,2021,2021Q4,26.20923913043478,29.426086956521736,23.928804347826084,1162.8,1162.8,1349.0,5574878.33,3080.71,652.5,16.413586956521737,34.14945652173913,Q4,875.45,26.28766304347826,32.82311953852303,-0.0784239130434798,-0.9333333333333332,La Niña
Davao,2022,2022Q1,26.04722222222222,29.792777777777776,23.395000000000003,801.1,801.1,933.0,6213039.69,3460.34,749.64,18.043333333333333,36.534444444444446,Q1,570.67,25.643884004884,40.37885292726096,0.40333821733822,-0.9666666666666668,La Niña
Davao,2022,2022Q2,26.94120879120879,30.410989010989013,24.337912087912088,1511.8,1511.8,1592.0,6086133.54,3635.32,764.46,14.265934065934069,30.576373626373623,Q2,964.67,27.50543956043956,56.71680471041909,-0.5642307692307718,-1.0,La Niña
Davao,2022,2022Q3,26.541304347826088,29.70108695652174,24.27608695652174,1878.5,1878.5,1938.0,5569195.98,3454.62,702.86,13.37336956521739,28.87336956521739,Q3,1587.22,26.55494565217391,18.351583271380147,-0.0136413043478214,-0.9,La Niña
Davao,2022,2022Q4,26.13532608695652,29.343478260869563,23.89402173913044,1495.7,1495.7,1471.0,5833312.32,3145.01,645.24,15.158695652173911,31.80978260869565,Q4,875.45,26.28766304347826,70.84927751442115,-0.15233695652174,-0.9,La Niña
Davao,2023,2023Q1,25.63055555555556,29.19555555555556,23.08722222222222,1072.3,1072.3,1077.0,5844932.48,3345.1,716.7,18.776666666666667,37.44833333333333,Q1,570.67,25.643884004884,87.90193982511785,-0.0133284493284406,-0.3999999999999999,Neutral
Davao,2023,2023Q2,27.373076923076923,31.13296703296703,24.62252747252748,1535.1,1535.1,1525.0,6684928.97,3922.81,829.31,14.21978021978022,30.63846153846153,Q2,964.67,27.50543956043956,59.132138451491166,-0.1323626373626396,0.5,El Niño
Davao,2023,2023Q3,26.95271739130435,30.35054347826087,24.419565217391305,1736.2,1736.2,1933.0,5948723.15,3539.51,734.49,14.192391304347826,30.63967391304348,Q3,1587.22,26.55494565217391,9.386222451834026,0.3977717391304409,1.3333333333333333,El Niño
Davao,2023,2023Q4,26.68804347826088,30.47554347826087,23.9875,952.2,952.2,1294.0,6236332.52,3332.64,715.07,15.87336956521739,33.49782608695652,Q4,875.45,26.28766304347826,8.766919869781255,0.4003804347826154,1.9,El Niño
Davao,2024,2024Q1,26.96648351648352,31.09175824175824,23.87582417582417,669.2,669.2,750.0,6613019.84,3596.95,845.5600000000001,19.556593406593407,40.229670329670334,Q1,570.67,25.643884004884,17.265670177160196,1.3225995115995168,1.4666666666666668,El Niño
Davao,2024,2024Q2,28.6978021978022,32.9478021978022,25.53021978021978,969.2,969.2,1188.0,6761718.06,4020.71,909.09,14.882967032967032,32.684615384615384,Q2,964.67,27.50543956043956,0.4695906372127227,1.1923626373626384,0.4333333333333333,Neutral
Davao,2024,2024Q3,27.22717391304348,30.657065217391303,24.79891304347826,1783.6,1783.6,2045.0,5660965.4,3460.77,719.39,13.41304347826087,29.31793478260869,Q3,1587.22,26.55494565217391,12.372575950403842,0.67222826086957,-0.1,Neutral
Davao,2024,2024Q4,27.002777777777776,30.71978021978022,24.4,1219.6,1219.6,1396.0,5755563.01,3133.11,675.16,15.163736263736263,33.31758241758242,Q4,875.45,26.28766304347826,39.311211377006096,0.7151147342995152,-0.3999999999999999,Neutral
Davao,2025,2025Q1,26.441011235955056,30.32777777777778,23.75888888888889,771.4,771.4,1121.0,5853112.96,3240.98,714.63,17.747222222222224,37.925,Q1,570.67,25.643884004884,35.17444407450891,0.7971272310710553,-0.3999999999999999,Neutral
Davao,2025,2025Q2,27.703296703296704,32.309890109890105,24.343956043956045,968.9,26.3,1116.0,6245955.34,3686.56,805.05,12.233516483516484,26.238461538461536,Q2,964.67,27.50543956043956,0.4384919195165087,0.197857142857142,-0.1,Neutral
Davao,2025,2025Q3,25.88586956521739,29.49673913043478,23.23641304347826,1433.0,148.2,1578.0,4923290.79,3019.0,630.08,12.805434782608694,35.136413043478264,Q3,1587.22,26.55494565217391,-9.716359420874236,-0.6690760869565189,-0.3,Neutral
Davao,2025,2025Q4,26.286065573770493,30.29262295081967,23.437704918032782,593.4,65.7,713.0,3781160.95,2072.82,442.76,13.597540983606558,34.218032786885246,Q4,875.45,26.28766304347826,-32.21771660288995,-0.001597469707768,-0.6,La Niña
Davao Occidental,2010,2010Q1,26.74,30.466666666666665,24.195,867.5,867.5,1239.0,6467311.48,3406.26,727.76,11.130555555555556,27.39,Q1,1205.54,26.436639804639803,-28.04054614529588,0.3033601953601952,1.1666666666666667,El Niño
Davao Occidental,2010,2010Q2,27.543956043956044,30.964285714285715,25.04945054945055,1366.3,1366.3,1693.0,6320620.77,3312.95,705.4,9.445054945054943,24.503296703296705,Q2,1292.14,27.191978021978024,5.739316173170097,0.3519780219780202,-0.1666666666666666,Neutral
Davao Occidental,2010,2010Q3,26.78369565217391,29.980978260869566,24.34945652173913,1488.7,1488.7,1967.0,6033335.78,3211.71,667.17,9.128260869565215,23.878804347826087,Q3,963.65,26.81108695652174,54.48554973278681,-0.0273913043478302,-1.3,La Niña
Davao Occidental,2010,2010Q4,26.68423913043478,29.98804347826087,24.325,1228.4,1228.4,1780.0,6233313.32,3015.86,632.55,9.218478260869563,24.51413043478261,Q4,1138.54,26.74701086956522,7.892564161118637,-0.0627717391304401,-1.6000000000000003,La Niña
Davao Occidental,2011,2011Q1,25.781666666666663,28.742222222222225,23.715,2145.0,2145.0,2096.0,5329148.87,2775.89,577.27,10.169444444444444,26.69777777777778,Q1,1205.54,26.436639804639803,77.92856313353353,-0.6549731379731405,-1.1666666666666667,La Niña
Davao Occidental,2011,2011Q2,26.51428571428572,29.70384615384616,24.291208791208792,1609.0,1609.0,1823.0,5546725.76,2998.36,623.52,9.192307692307692,24.119230769230768,Q2,1292.14,27.191978021978024,24.52211060720976,-0.677692307692304,-0.5666666666666667,La Niña
Davao Occidental,2011,2011Q3,26.422826086956523,29.828260869565216,23.9125,819.2,819.2,1349.0,5957184.5,3207.35,662.03,9.831521739130435,26.194021739130434,Q3,963.65,26.81108695652174,-14.989882218647844,-0.3882608695652187,-0.6333333333333333,La Niña
Davao Occidental,2011,2011Q4,26.360326086956523,29.45217391304348,24.080978260869564,1122.4,1122.4,1597.0,5767661.55,2961.49,616.28,9.303804347826087,24.90869565217391,Q4,1138.54,26.74701086956522,-1.4176050028984375,-0.3866847826086967,-1.0333333333333334,La Niña
Davao Occidental,2012,2012Q1,25.965934065934068,29.06923076923077,23.74175824175824,1419.5,1419.5,1883.0,5861496.26,3005.34,624.33,10.141208791208792,26.72582417582418,Q1,1205.54,26.436639804639803,17.74806310864841,-0.4707057387057354,-0.7333333333333334,La Niña
Davao Occidental,2012,2012Q2,26.72252747252747,30.072527472527472,24.254395604395604,1096.5,1096.5,1467.0,6108363.63,3239.5,671.67,9.424725274725274,24.70604395604396,Q2,1292.14,27.191978021978024,-15.14077421951181,-0.4694505494505527,-0.2666666666666666,Neutral
Davao Occidental,2012,2012Q3,26.50054347826088,29.79836956521739,23.970108695652176,908.8,908.8,1475.0,5895515.82,3218.85,665.71,9.928260869565218,26.7108695652174,Q3,963.65,26.81108695652174,-5.69190058631246,-0.3105434782608647,0.3333333333333333,Neutral
Davao Occidental,2012,2012Q4,26.458695652173912,29.57771739130435,24.195652173913043,1366.7,1366.7,1662.0,6116227.01,3005.51,630.96,10.0,27.42717391304348,Q4,1138.54,26.74701086956522,20.03969996662393,-0.2883152173913075,0.0666666666666666,Neutral
Davao Occidental,2013,2013Q1,26.08,29.111666666666668,23.905,1785.7,1785.7,1890.0,5479099.9,2931.26,613.9,10.598888888888888,27.23777777777778,Q1,1205.54,26.436639804639803,48.12449192892812,-0.3566398046398049,-0.3666666666666667,Neutral
Davao Occidental,2013,2013Q2,27.07472527472528,30.31153846153846,24.684615384615388,1321.8,1321.8,1789.0,5734224.26,3114.23,656.35,9.004945054945056,23.321428571428573,Q2,1292.14,27.191978021978024,2.295416905288908,-0.117252747252742,-0.3666666666666667,Neutral
Davao Occidental,2013,2013Q3,26.492934782608696,29.730434782608693,24.041304347826088,1257.8,1257.8,1713.0,5661459.94,3131.8,650.65,9.456521739130435,25.301086956521736,Q3,963.65,26.81108695652174,30.52456804856535,-0.3181521739130453,-0.3333333333333333,Neutral
Davao Occidental,2013,2013Q4,26.40271739130435,29.569021739130434,24.092934782608697,1286.0,1286.0,1645.0,5978538.6,2939.18,614.7,9.440217391304348,26.217934782608697,Q4,1138.54,26.74701086956522,12.95167495213168,-0.3442934782608695,-0.2333333333333333,Neutral
Davao Occidental,2014,2014Q1,26.01388888888889,29.27111111111111,23.719444444444445,1490.8,1490.8,1610.0,5724284.62,3031.83,643.23,11.237222222222222,27.494444444444444,Q1,1205.54,26.436639804639803,23.66242513728288,-0.4227509157509139,-0.3999999999999999,Neutral
Davao Occidental,2014,2014Q2,27.227472527472525,30.52142857142857,24.75989010989011,1109.2,1109.2,1641.0,6141211.76,3275.48,686.34,8.971978021978023,23.140659340659344,Q2,1292.14,27.191978021978024,-14.157908585756948,0.0354945054945012,0.1333333333333333,Neutral
Davao Occidental,2014,2014Q3,26.66358695652174,29.92391304347826,24.17228260869565,1019.3,1019.3,1427.0,5710898.27,3186.32,662.82,10.1625,26.129891304347822,Q3,963.65,26.81108695652174,5.774918279458308,-0.1475000000000008,0.1,Neutral
Davao Occidental,2014,2014Q4,26.60815217391304,29.90380434782609,24.194021739130434,987.9,987.9,1554.0,6080723.03,3073.61,641.84,9.601630434782608,25.10217391304348,Q4,1138.54,26.74701086956522,-13.230980027052189,-0.1388586956521784,0.6,El Niño
Davao Occidental,2015,2015Q1,26.718333333333334,30.50166666666667,24.07611111111111,676.1,676.1,1115.0,6581420.55,3410.98,737.12,11.735,27.85111111111111,Q1,1205.54,26.436639804639803,-43.91724870182656,0.2816935286935305,0.5,El Niño
Davao Occidental,2015,2015Q2,27.517032967032968,31.12692307692308,24.91263736263737,1148.0,1148.0,1578.0,6345258.39,3365.89,717.18,9.781318681318682,24.390659340659344,Q2,1292.14,27.191978021978024,-11.15513798814369,0.3250549450549442,0.9333333333333332,El Niño
Davao Occidental,2015,2015Q3,26.75543478260869,29.907608695652176,24.44619565217392,908.0,908.0,1416.0,6269563.63,3304.15,683.76,10.882065217391304,28.280978260869563,Q3,963.65,26.81108695652174,-5.774918279458308,-0.0556521739130495,1.8666666666666665,El Niño
Davao Occidental,2015,2015Q4,26.922826086956523,30.275,24.54891304347826,886.2,886.2,1287.0,6685072.88,3234.33,681.1,10.415760869565217,26.48641304347826,Q4,1138.54,26.74701086956522,-22.1634725174346,0.1758152173913032,2.533333333333333,El Niño
Davao Occidental,2016,2016Q1,27.65824175824176,32.011538461538464,24.64450549450549,305.1,305.1,689.0,7012722.46,3683.82,808.18,11.253846153846151,27.78956043956044,Q1,1205.54,26.436639804639803,-74.69183934170579,1.221601953601958,2.066666666666667,El Niño
Davao Occidental,2016,2016Q2,27.843406593406595,31.42252747252747,25.286813186813188,1238.5,1238.5,1710.0,6312918.51,3335.67,715.43,9.621978021978022,25.103296703296703,Q2,1292.14,27.191978021978024,-4.151252960205541,0.6514285714285712,0.3999999999999999,Neutral
Davao Occidental,2016,2016Q3,27.49184782608696,30.833695652173912,24.88858695652174,926.9,926.9,1300.0,6269146.04,3355.57,713.4,10.15,26.650543478260868,Q3,963.65,26.81108695652174,-3.813625278887563,0.6807608695652192,-0.5,La Niña
Davao Occidental,2016,2016Q4,26.67336956521739,29.758152173913043,24.49076086956521,1599.6,1599.6,1800.0,5491004.08,2806.54,591.61,9.409239130434782,24.971739130434784,Q4,1138.54,26.74701086956522,40.49572259209162,-0.0736413043478307,-0.6666666666666666,La Niña
Davao Occidental,2017,2017Q1,26.308333333333334,29.08277777777777,24.171666666666663,1328.0,1328.0,1302.0,5814007.31,3064.67,661.93,16.775555555555556,34.504444444444445,Q1,1205.54,26.436639804639803,10.158103422532644,-0.1283064713064696,-0.1333333333333333,Neutral
Davao Occidental,2017,2017Q2,27.022527472527475,29.665384615384617,24.997252747252748,1661.1,1661.1,1999.0,6502461.23,3609.7,726.49,12.673076923076923,27.89120879120879,Q2,1292.14,27.191978021978024,28.55418143544818,-0.1694505494505485,0.2666666666666666,Neutral
Davao Occidental,2017,2017Q3,26.75326086956522,29.42065217391304,24.72934782608696,1052.6,1052.6,1379.0,6052241.32,3352.96,682.16,12.694021739130434,27.62119565217392,Q3,963.65,26.81108695652174,9.23052975665438,-0.0578260869565205,-0.1333333333333333,Neutral
Davao Occidental,2017,2017Q4,26.95217391304348,29.74673913043478,24.8483695652174,847.4,847.4,1286.0,5821445.49,3115.74,663.87,14.222826086956522,30.01304347826087,Q4,1138.54,26.74701086956522,-25.57134575860313,0.2051630434782616,-0.8333333333333334,La Niña
Davao Occidental,2018,2018Q1,26.665,29.73833333333333,24.216111111111108,817.0,817.0,1104.0,6206954.9,3460.16,729.98,15.46277777777778,31.467777777777776,Q1,1205.54,26.436639804639803,-32.22954028899912,0.2283601953601959,-0.8333333333333334,La Niña
Davao Occidental,2018,2018Q2,27.12692307692308,29.97142857142857,24.92087912087912,1071.0,1071.0,1543.0,6529730.23,3683.92,751.04,12.905494505494506,28.250549450549453,Q2,1292.14,27.191978021978024,-17.114244586499908,-0.0650549450549426,-0.2333333333333333,Neutral
Davao Occidental,2018,2018Q3,27.34130434782609,30.63097826086957,24.92771739130435,459.9,459.9,915.0,6415198.03,3506.61,780.49,15.622282608695652,32.98315217391304,Q3,963.65,26.81108695652174,-52.2752036527785,0.5302173913043475,0.2666666666666666,Neutral
Davao Occidental,2018,2018Q4,27.20271739130435,30.51467391304348,24.75543478260869,945.4,945.4,1496.0,6543898.85,3518.96,751.03,14.554891304347825,31.636413043478264,Q4,1138.54,26.74701086956522,-16.96383087111564,0.4557065217391312,0.8333333333333334,El Niño
Davao Occidental,2019,2019Q1,26.435,29.99833333333333,23.659444444444443,1220.7,1220.7,1079.0,6401109.53,3591.72,804.3100000000001,18.90055555555556,37.62777777777778,Q1,1205.54,26.436639804639803,1.2575277469018102,-0.0016398046398045,0.6999999999999998,El Niño
Davao Occidental,2019,2019Q2,27.32692307692308,30.343406593406595,25.02802197802198,1300.0,1300.0,1561.0,6801516.54,3781.72,781.91,13.754395604395606,29.818131868131868,Q2,1292.14,27.191978021978024,0.6082932190010469,0.1349450549450566,0.5666666666666667,El Niño
Davao Occidental,2019,2019Q3,26.905434782608697,29.69728260869565,24.686956521739127,795.3,795.3,1075.0,6386446.97,3576.67,749.35,15.904347826086957,32.73478260869565,Q3,963.65,26.81108695652174,-17.47003580138017,0.0943478260869561,0.1999999999999999,Neutral
Davao Occidental,2019,2019Q4,27.204891304347825,30.44836956521739,24.720652173913045,1115.4,1115.4,1395.0,6712437.54,3603.41,758.02,13.740217391304348,29.569565217391304,Q4,1138.54,26.74701086956522,-2.032427494861829,0.4578804347826057,0.4333333333333333,Neutral
Davao Occidental,2020,2020Q1,27.02912087912088,30.557692307692307,24.318131868131868,690.5,690.5,1139.0,6779456.3,3756.04,836.01,18.552747252747253,37.13736263736264,Q1,1205.54,26.436639804639803,-42.72276324302802,0.5924810744810785,0.4666666666666666,Neutral
Davao Occidental,2020,2020Q2,27.40384615384616,30.41043956043956,25.1,1478.8,1478.8,1837.0,6451590.79,3733.82,779.6899999999999,13.88901098901099,30.574175824175825,Q2,1292.14,27.191978021978024,14.445803086352878,0.2118681318681332,-0.0666666666666666,Neutral
Davao Occidental,2020,2020Q3,26.92771739130435,29.569565217391304,24.7108695652174,1188.6,1188.6,1693.0,6270298.39,3613.47,724.1,13.13586956521739,28.81413043478261,Q3,963.65,26.81108695652174,23.34353759144917,0.116630434782607,-0.6333333333333333,La Niña
Davao Occidental,2020,2020Q4,26.72119565217391,29.49619565217392,24.60108695652174,1343.2,1343.2,1585.0,5952012.99,3140.25,643.68,12.209782608695653,26.936956521739127,Q4,1138.54,26.74701086956522,17.97565302931826,-0.0258152173913082,-1.2333333333333334,La Niña
Davao Occidental,2021,2021Q1,26.328333333333337,29.22722222222222,24.08666666666667,1250.2,1250.2,1683.0,5912652.37,3307.51,681.27,14.236666666666666,30.292222222222225,Q1,1205.54,26.436639804639803,3.704563929857167,-0.1083064713064665,-0.9,La Niña
Davao Occidental,2021,2021Q2,26.904395604395607,29.69670329670329,24.738461538461536,1791.8,1791.8,1797.0,6197080.67,3522.48,718.66,12.695604395604397,27.485714285714284,Q2,1292.14,27.191978021978024,38.66918445369698,-0.2875824175824171,-0.5333333333333333,La Niña
Davao Occidental,2021,2021Q3,26.97717391304348,29.78369565217391,24.727717391304346,1166.9,1166.9,1517.0,6374227.26,3619.25,740.52,13.180978260869566,28.55923913043478,Q3,963.65,26.81108695652174,21.09168266486796,0.1660869565217382,-0.5333333333333333,La Niña
Davao Occidental,2021,2021Q4,26.76304347826087,29.903260869565216,24.477717391304346,1422.2,1422.2,1447.0,5860777.48,3324.98,694.29,14.505434782608695,29.39565217391305,Q4,1138.54,26.74701086956522,24.914364010047965,0.0160326086956494,-0.9333333333333332,La Niña
Davao Occidental,2022,2022Q1,26.433333333333334,29.836111111111112,23.94111111111111,1383.1,1383.1,1438.0,6013763.41,3550.74,741.58,16.81111111111111,33.01111111111111,Q1,1205.54,26.436639804639803,14.728669310018743,-0.0033064713064696,-0.9666666666666668,La Niña
Davao Occidental,2022,2022Q2,26.63791208791209,29.43076923076923,24.3934065934066,1916.2,1916.2,1899.0,5948791.31,3578.61,719.6,13.62032967032967,28.146703296703297,Q2,1292.14,27.191978021978024,48.29662420480755,-0.5540659340659353,-1.0,La Niña
Davao Occidental,2022,2022Q3,26.7858695652174,29.77717391304348,24.342934782608697,1370.3,1370.3,1305.0,6304748.14,3738.05,754.81,13.465760869565216,27.86304347826087,Q3,963.65,26.81108695652174,42.198931147200746,-0.0252173913043449,-0.9,La Niña
Davao Occidental,2022,2022Q4,26.659239130434784,29.794565217391305,24.32119565217392,1565.4,1565.4,1542.0,5893875.57,3308.11,683.35,14.325,29.14891304347826,Q4,1138.54,26.74701086956522,37.49187555992764,-0.0877717391304351,-0.9,La Niña
Davao Occidental,2023,2023Q1,26.17888888888889,29.496111111111112,23.80055555555556,1392.9,1392.9,1577.0,5648474.12,3394.06,697.37,16.434444444444445,32.132777777777775,Q1,1205.54,26.436639804639803,15.541583025034436,-0.2577509157509148,-0.3999999999999999,Neutral
Davao Occidental,2023,2023Q2,27.184615384615388,30.41263736263737,24.78131868131868,1193.0,1193.0,1465.0,6432240.19,3706.74,760.81,13.732417582417584,28.32087912087912,Q2,1292.14,27.191978021978024,-7.672543222870577,-0.007362637362636,0.5,El Niño
Davao Occidental,2023,2023Q3,27.02880434782609,30.633152173913043,24.429891304347827,934.5,934.5,1204.0,6211035.71,3540.07,761.06,15.092391304347826,33.014673913043474,Q3,963.65,26.81108695652174,-3.0249571940019693,0.2177173913043475,1.3333333333333333,El Niño
Davao Occidental,2023,2023Q4,27.150543478260868,31.07880434782609,24.30869565217392,1079.9,1079.9,1383.0,6478161.62,3612.34,766.96,14.156521739130437,31.20543478260869,Q4,1138.54,26.74701086956522,-5.150455846961888,0.4035326086956488,1.9,El Niño
Davao Occidental,2024,2024Q1,27.0967032967033,31.0989010989011,24.10164835164835,1153.3,1153.3,1112.0,6505881.31,3792.14,865.21,19.26538461538461,39.14120879120879,Q1,1205.54,26.436639804639803,-4.3333278033080616,0.6600634920634967,1.4666666666666668,El Niño
Davao Occidental,2024,2024Q2,27.67142857142857,31.58186813186813,24.71538461538461,1424.8,1424.8,1484.0,6614654.75,3952.85,843.21,14.77307692307692,33.00989010989011,Q2,1292.14,27.191978021978024,10.266689368025144,0.4794505494505472,0.4333333333333333,Neutral
Davao Occidental,2024,2024Q3,26.95978260869565,30.32771739130435,24.445108695652173,1146.8,1146.8,1426.0,6090497.69,3609.18,752.22,14.27282608695652,31.37336956521739,Q3,963.65,26.81108695652174,19.005863124578426,0.1486956521739095,-0.1,Neutral
Davao Occidental,2024,2024Q4,27.299444444444443,31.176923076923075,24.575274725274724,1149.4,1149.4,1387.0,6187741.84,3454.63,750.5,14.616483516483516,33.51373626373626,Q4,1138.54,26.74701086956522,0.9538531803889304,0.552433574879224,-0.3999999999999999,Neutral
Davao Occidental,2025,2025Q1,26.6376404494382,30.66,23.92055555555556,1495.6,1495.6,1588.0,5857778.51,3438.85,735.12,15.975555555555555,36.35166666666667,Q1,1205.54,26.436639804639803,24.06058695688239,0.2010006447983983,-0.3999999999999999,Neutral
Davao Occidental,2025,2025Q2,28.02472527472528,32.15494505494505,24.935714285714287,681.5,15.2,900.0,6067099.21,3609.52,774.17,11.173626373626371,25.43516483516484,Q2,1292.14,27.191978021978024,-47.2580370548083,0.8327472527472537,-0.1,Neutral
Davao Occidental,2025,2025Q3,27.85326086956522,32.50380434782608,24.31358695652174,616.0,10.4,864.0,5973075.72,3501.78,774.93,12.484782608695651,27.47228260869565,Q3,963.65,26.81108695652174,-36.07637627769418,1.0421739130434773,-0.3,Neutral
Davao Occidental,2025,2025Q4,27.841803278688523,32.67704918032787,24.198360655737705,581.0,3.4,703.0,3881683.29,2203.07,483.42,11.059016393442624,24.57049180327869,Q4,1138.54,26.74701086956522,-48.96973316703848,1.094792409123304,-0.6,La Niña
Davao de Oro,2010,2010Q1,26.39888888888889,27.93555555555556,24.837777777777777,753.8,753.8,1027.0,3313144.1,1773.45,356.97,10.617777777777778,25.35333333333333,Q1,805.67,26.319731379731383,-6.438119825735103,0.0791575091575076,1.1666666666666667,El Niño
Davao de Oro,2010,2010Q2,27.22857142857143,28.67912087912088,25.80989010989011,1111.4,1111.4,1180.0,3308187.31,1750.37,354.02,11.143956043956043,24.93956043956044,Q2,742.9100000000001,27.165274725274724,49.600893782557776,0.0632967032967073,-0.1666666666666666,Neutral
Davao de Oro,2010,2010Q3,26.720652173913045,28.132608695652173,25.279347826086955,1006.3,1006.3,1129.0,3202896.73,1725.34,342.92,12.31195652173913,24.88586956521739,Q3,471.64,27.045,113.36188618437792,-0.324347826086953,-1.3,La Niña
Davao de Oro,2010,2010Q4,26.653260869565216,28.0858695652174,25.195652173913043,908.7,908.7,1132.0,3293304.14,1606.6,322.22,10.730434782608697,23.85217391304348,Q4,669.6899999999999,26.91576086956522,35.68964744881962,-0.2625000000000028,-1.6000000000000003,La Niña
Davao de Oro,2011,2011Q1,25.97222222222222,27.32333333333333,24.63111111111112,1312.5,1312.5,1219.0,2856540.77,1471.92,293.74,11.106666666666667,26.68,Q1,805.67,26.319731379731383,62.907890327305225,-0.3475091575091618,-1.1666666666666667,La Niña
Davao de Oro,2011,2011Q2,26.470329670329672,27.796703296703296,25.15054945054945,941.6,941.6,1042.0,3055126.19,1650.05,325.04,11.0010989010989,23.521978021978025,Q2,742.9100000000001,27.165274725274724,26.744827771870067,-0.6949450549450518,-0.5666666666666667,La Niña
Davao de Oro,2011,2011Q3,26.49347826086957,27.73804347826087,25.257608695652173,301.7,301.7,629.0,3226951.68,1752.3,343.19,11.655434782608696,23.23369565217392,Q3,471.64,27.045,-36.03171910779408,-0.551521739130429,-0.6333333333333333,La Niña
Davao de Oro,2011,2011Q4,26.544565217391305,27.87934782608696,25.175,806.8,806.8,1059.0,3062313.03,1570.14,313.75,10.405434782608696,24.275,Q4,669.6899999999999,26.91576086956522,20.473651988233364,-0.3711956521739132,-1.0333333333333334,La Niña
Davao de Oro,2012,2012Q1,26.223076923076924,27.625274725274725,24.84175824175824,1049.1,1049.1,1207.0,3104979.27,1591.7,319.39,10.373626373626374,26.64395604395604,Q1,805.67,26.319731379731383,30.214603994191165,-0.0966544566544591,-0.7333333333333334,La Niña
Davao de Oro,2012,2012Q2,26.765934065934065,28.141758241758243,25.383516483516484,776.6,776.6,932.0,3295752.99,1753.43,347.58,10.778021978021975,23.421978021978024,Q2,742.9100000000001,27.165274725274724,4.534869634276014,-0.399340659340659,-0.2666666666666666,Neutral
Davao de Oro,2012,2012Q3,26.55,27.75543478260869,25.33043478260869,390.8,390.8,656.0,3190414.63,1741.96,343.99,12.28804347826087,24.35108695652174,Q3,471.64,27.045,-17.140191671613938,-0.4949999999999974,0.3333333333333333,Neutral
Davao de Oro,2012,2012Q4,26.59891304347826,27.936956521739127,25.311956521739127,950.6,950.6,1037.0,3184486.14,1583.13,319.4,10.560869565217391,26.506521739130434,Q4,669.6899999999999,26.91576086956522,41.94627364900179,-0.3168478260869598,0.0666666666666666,Neutral
Davao de Oro,2013,2013Q1,26.244444444444444,27.61111111111111,24.90888888888889,1302.5,1302.5,1213.0,2897622.52,1547.52,311.67,11.602222222222222,26.66333333333333,Q1,805.67,26.319731379731383,61.66668735338291,-0.0752869352869396,-0.3666666666666667,Neutral
Davao de Oro,2013,2013Q2,26.98351648351648,28.363736263736264,25.575824175824177,958.5,958.5,1177.0,3144588.87,1682.53,339.05,11.164835164835164,23.44395604395605,Q2,742.9100000000001,27.165274725274724,29.01966590838727,-0.1817582417582457,-0.3666666666666667,Neutral
Davao de Oro,2013,2013Q3,26.544565217391305,27.821739130434786,25.297826086956523,755.1,755.1,894.0,3045368.71,1692.47,335.94,11.896739130434783,23.27173913043478,Q3,471.64,27.045,60.10092443389027,-0.5004347826086928,-0.3333333333333333,Neutral
Davao de Oro,2013,2013Q4,26.567391304347822,27.914130434782606,25.176086956521736,732.5,732.5,958.0,3183236.64,1591.17,319.72,10.530434782608696,24.343478260869563,Q4,669.6899999999999,26.91576086956522,9.378966387433,-0.3483695652173963,-0.2333333333333333,Neutral
Davao de Oro,2014,2014Q1,25.862222222222226,27.23333333333333,24.43555555555556,1041.4,1041.4,932.0,3007634.84,1625.11,322.93,13.283333333333331,27.844444444444445,Q1,805.67,26.319731379731383,29.258877704271,-0.4575091575091576,-0.3999999999999999,Neutral
Davao de Oro,2014,2014Q2,26.9010989010989,28.28241758241758,25.47472527472528,720.0,720.0,1044.0,3277439.17,1789.15,353.95,10.836263736263737,22.709890109890107,Q2,742.9100000000001,27.165274725274724,-3.083819035953222,-0.2641758241758225,0.1333333333333333,Neutral
Davao de Oro,2014,2014Q3,26.592391304347824,27.75434782608696,25.453260869565216,502.0,502.0,614.0,3103136.33,1741.81,343.71,12.89891304347826,24.47934782608696,Q3,471.64,27.045,6.43711305232805,-0.4526086956521737,0.1,Neutral
Davao de Oro,2014,2014Q4,26.532608695652176,27.855434782608693,25.20543478260869,663.5,663.5,908.0,3221276.03,1665.83,329.51,11.180434782608694,24.539130434782606,Q4,669.6899999999999,26.91576086956522,-0.9243082620316776,-0.383152173913043,0.6,El Niño
Davao de Oro,2015,2015Q1,26.067777777777778,27.596666666666664,24.432222222222222,550.9,550.9,837.0,3350260.96,1797.0,358.38,11.978888888888887,26.306666666666665,Q1,805.67,26.319731379731383,-31.622128166619085,-0.2519536019536055,0.5,El Niño
Davao de Oro,2015,2015Q2,26.834065934065936,28.3,25.36813186813187,795.3,795.3,1014.0,3330150.01,1867.05,370.85,12.287912087912089,24.53516483516483,Q2,742.9100000000001,27.165274725274724,7.051998223203331,-0.3312087912087875,0.9333333333333332,El Niño
Davao de Oro,2015,2015Q3,26.38043478260869,27.528260869565216,25.28804347826087,334.8,334.8,653.0,3357255.19,1819.55,354.33,14.119565217391305,26.77065217391305,Q3,471.64,27.045,-29.013654482232205,-0.6645652173913064,1.8666666666666665,El Niño
Davao de Oro,2015,2015Q4,26.718478260869563,28.10217391304348,25.35978260869565,661.0,661.0,902.0,3482165.07,1745.05,345.99,11.215217391304348,25.67717391304348,Q4,669.6899999999999,26.91576086956522,-1.2976153145485136,-0.1972826086956551,2.533333333333333,El Niño
Davao de Oro,2016,2016Q1,26.91868131868132,28.58571428571429,25.223076923076924,534.7,534.7,932.0,3558773.97,1923.86,394.54,11.33956043956044,25.91318681318681,Q1,805.67,26.319731379731383,-33.63287698437325,0.5989499389499358,2.066666666666667,El Niño
Davao de Oro,2016,2016Q2,27.484615384615385,29.05934065934066,26.0021978021978,1017.3,1017.3,1280.0,3411139.68,1814.14,371.95,12.29010989010989,25.14395604395604,Q2,742.9100000000001,27.165274725274724,36.93448735378443,0.3193406593406607,0.3999999999999999,Neutral
Davao de Oro,2016,2016Q3,27.143478260869564,28.43260869565217,25.78369565217391,443.5,443.5,690.0,3289885.0,1796.85,359.6,12.575,23.530434782608697,Q3,471.64,27.045,-5.966415062335677,0.098478260869566,-0.5,La Niña
Davao de Oro,2016,2016Q4,26.67717391304348,27.98804347826087,25.32282608695652,979.0,979.0,990.0,2974170.3,1512.99,304.24,10.594565217391304,23.561956521739127,Q4,669.6899999999999,26.91576086956522,46.18704176559305,-0.2385869565217397,-0.6666666666666666,La Niña
Davao de Oro,2017,2017Q1,26.276666666666667,28.45555555555556,24.364444444444448,617.1999999999999,617.1999999999999,743.0,2804093.92,1508.03,302.44,15.338888888888889,35.794444444444444,Q1,805.67,26.319731379731383,-23.39295244951408,-0.0430647130647159,-0.1333333333333333,Neutral
Davao de Oro,2017,2017Q2,27.16153846153846,29.21868131868132,25.3043956043956,633.2,633.2,840.0,3284713.43,1730.02,347.72,14.013186813186811,32.23406593406594,Q2,742.9100000000001,27.165274725274724,-14.767603074396632,-0.0037362637362647,0.2666666666666666,Neutral
Davao de Oro,2017,2017Q3,27.29565217391304,29.60869565217392,25.42826086956521,496.3,496.3,827.0,3097134.12,1684.18,352.67,13.016304347826088,28.644565217391307,Q3,471.64,27.045,5.228564159104407,0.2506521739130427,-0.1333333333333333,Neutral
Davao de Oro,2017,2017Q4,27.19782608695652,29.440217391304348,25.26630434782609,427.0,427.0,656.0,2982339.35,1567.12,328.39,14.008695652173913,33.540217391304346,Q4,669.6899999999999,26.91576086956522,-36.239155430124384,0.2820652173913025,-0.8333333333333334,La Niña
Davao de Oro,2018,2018Q1,26.815555555555555,29.25555555555556,24.62,494.7,494.7,537.0,3025466.49,1639.32,336.38,13.864444444444445,34.156666666666666,Q1,805.67,26.319731379731383,-38.59768888006256,0.4958241758241719,-0.8333333333333334,La Niña
Davao de Oro,2018,2018Q2,27.864835164835164,30.57362637362637,25.654945054945053,247.8,247.8,686.0,3373863.48,1784.96,384.54,14.308791208791208,33.56923076923077,Q2,742.9100000000001,27.165274725274724,-66.64468105154057,0.6995604395604396,-0.2333333333333333,Neutral
Davao de Oro,2018,2018Q3,28.691304347826087,32.05,26.18369565217392,188.2,188.2,481.0,3255836.46,1823.56,440.97,16.31304347826087,37.90434782608696,Q3,471.64,27.045,-60.096683911457895,1.6463043478260886,0.2666666666666666,Neutral
Davao de Oro,2018,2018Q4,27.87608695652174,30.958695652173912,25.403260869565216,268.8,268.8,631.0,3313004.92,1727.86,379.27,15.281521739130437,37.28695652173913,Q4,669.6899999999999,26.91576086956522,-59.86202571338978,0.9603260869565204,0.8333333333333334,El Niño
Davao de Oro,2019,2019Q1,26.417777777777776,29.454444444444444,23.73,399.9,399.9,602.0,3205988.35,1738.42,367.97,17.047777777777778,38.32666666666667,Q1,805.67,26.319731379731383,-50.3642930728462,0.0980463980463923,0.6999999999999998,El Niño
Davao de Oro,2019,2019Q2,27.958241758241755,30.74065934065934,25.626373626373628,227.4,227.4,690.0,3382744.92,1818.51,392.22,15.157142857142857,35.31868131868132,Q2,742.9100000000001,27.165274725274724,-69.39063951218857,0.7929670329670309,0.5666666666666667,El Niño
Davao de Oro,2019,2019Q3,28.03804347826087,30.994565217391305,25.81413043478261,297.7,297.7,671.0,3257208.89,1792.35,406.49,14.72608695652174,33.44565217391305,Q3,471.64,27.045,-36.87982359426682,0.9930434782608728,0.1999999999999999,Neutral
Davao de Oro,2019,2019Q4,27.791304347826088,30.794565217391305,25.342391304347824,299.0,299.0,664.0,3350987.61,1733.03,376.81,13.829347826086956,34.41413043478261,Q4,669.6899999999999,26.91576086956522,-55.35247651898639,0.8755434782608695,0.4333333333333333,Neutral
Davao de Oro,2020,2020Q1,27.25824175824176,30.30989010989011,24.481318681318683,226.3,226.3,521.0,3439306.58,1797.77,393.32,19.547252747252745,42.862637362637365,Q1,805.67,26.319731379731383,-71.91157670013776,0.938510378510376,0.4666666666666666,Neutral
Davao de Oro,2020,2020Q2,27.88131868131868,30.57032967032967,25.55604395604396,355.7,355.7,817.0,3228056.07,1772.28,385.32,16.75934065934066,37.27472527472528,Q2,742.9100000000001,27.165274725274724,-52.120714487623,0.7160439560439578,-0.0666666666666666,Neutral
Davao de Oro,2020,2020Q3,27.53804347826087,29.877173913043475,25.472826086956523,459.5,459.5,817.0,3091777.26,1698.56,358.1,13.242391304347825,31.175,Q3,471.64,27.045,-2.573997116444743,0.4930434782608728,-0.6333333333333333,La Niña
Davao de Oro,2020,2020Q4,27.293478260869566,29.70217391304348,25.25108695652174,714.4,714.4,776.0,2913041.88,1522.76,322.56,13.592391304347826,31.77717391304348,Q4,669.6899999999999,26.91576086956522,6.676223327211103,0.3777173913043476,-1.2333333333333334,La Niña
Davao de Oro,2021,2021Q1,26.427777777777777,28.61555555555556,24.32,539.6,539.6,808.0,2927438.21,1586.2,317.79,14.926666666666668,35.175555555555555,Q1,805.67,26.319731379731383,-33.02468752715131,0.1080463980463939,-0.9,La Niña
Davao de Oro,2021,2021Q2,27.384615384615383,29.8043956043956,25.262637362637363,504.0,504.0,807.0,3202955.66,1757.57,366.17,14.16043956043956,32.59120879120879,Q2,742.9100000000001,27.165274725274724,-32.15867332516725,0.2193406593406592,-0.5333333333333333,La Niña
Davao de Oro,2021,2021Q3,27.98586956521739,30.768478260869564,25.703260869565216,536.3,536.3,743.0,3169715.17,1762.61,389.48,13.825,32.964130434782604,Q3,471.64,27.045,13.709609023831728,0.9408695652173904,-0.5333333333333333,La Niña
Davao de Oro,2021,2021Q4,27.34021739130435,29.94782608695652,25.08043478260869,392.1,392.1,609.0,2810606.39,1586.18,340.3,14.475,32.42717391304348,Q4,669.6899999999999,26.91576086956522,-41.45052188325941,0.4244565217391312,-0.9333333333333332,La Niña
Davao de Oro,2022,2022Q1,26.532222222222224,29.25888888888889,24.05,476.0,476.0,682.0,3014662.1,1722.31,347.97,15.944444444444445,34.67666666666667,Q1,805.67,26.319731379731383,-40.9187384412973,0.2124908424908405,-0.9666666666666668,La Niña
Davao de Oro,2022,2022Q2,27.102197802197804,29.43186813186813,24.907692307692308,469.7,469.7,805.0,2992560.46,1743.14,359.99,15.303296703296702,32.675824175824175,Q2,742.9100000000001,27.165274725274724,-36.77565250164893,-0.0630769230769203,-1.0,La Niña
Davao de Oro,2022,2022Q3,27.741304347826084,30.675,25.343478260869563,464.9,464.9,773.0,3128508.26,1806.76,392.07,14.201086956521738,30.915217391304346,Q3,471.64,27.045,-1.4290560597065578,0.6963043478260857,-0.9,La Niña
Davao de Oro,2022,2022Q4,27.382608695652173,30.230434782608693,25.02608695652174,469.7,469.7,663.0,2973715.88,1649.56,354.6,14.768478260869566,32.922826086956526,Q4,669.6899999999999,26.91576086956522,-29.86307097313681,0.4668478260869548,-0.9,La Niña
Davao de Oro,2023,2023Q1,26.313333333333333,28.76222222222222,24.121111111111112,555.4,555.4,749.0,2734669.84,1614.71,323.09,14.44111111111111,31.31222222222222,Q1,805.67,26.319731379731383,-31.06358682835404,-0.0063980463980506,-0.3999999999999999,Neutral
Davao de Oro,2023,2023Q2,28.09450549450549,31.1010989010989,25.553846153846155,355.0,355.0,745.0,3306491.51,1858.27,403.56,13.92087912087912,31.093406593406595,Q2,742.9100000000001,27.165274725274724,-52.21493855244916,0.9292307692307666,0.5,El Niño
Davao de Oro,2023,2023Q3,28.28695652173913,31.794565217391305,25.698913043478264,438.3,438.3,697.0,3175642.01,1810.57,419.17,16.210869565217394,33.608695652173914,Q3,471.64,27.045,-7.068950894750229,1.2419565217391302,1.3333333333333333,El Niño
Davao de Oro,2023,2023Q4,27.8,31.13804347826087,25.157608695652176,344.6,344.6,602.0,3269253.32,1779.55,379.8,13.830434782608696,31.845652173913045,Q4,669.6899999999999,26.91576086956522,-48.5433558810793,0.8842391304347821,1.9,El Niño
Davao de Oro,2024,2024Q1,26.18021978021978,28.47692307692308,24.410989010989013,584.3,584.3,1218.0,3211436.5,1804.05,368.72,20.33296703296704,44.42747252747253,Q1,805.67,26.319731379731383,-27.47651023371852,-0.1395115995116036,1.4666666666666668,El Niño
Davao de Oro,2024,2024Q2,28.006593406593407,30.83956043956044,25.605494505494505,380.6,380.6,639.0,3491861.49,2085.87,443.78,16.595604395604397,37.84395604395605,Q2,742.9100000000001,27.165274725274724,-48.769029895949714,0.8413186813186826,0.4333333333333333,Neutral
Davao de Oro,2024,2024Q3,27.881521739130434,30.75869565217392,25.666304347826088,608.6,608.6,844.0,3160054.72,1876.82,398.68,13.959782608695653,33.41413043478261,Q3,471.64,27.045,29.039097616826403,0.8365217391304363,-0.1,Neutral
Davao de Oro,2024,2024Q4,26.92222222222222,29.582417582417584,24.99670329670329,611.1,611.1,1106.0,2853290.45,1560.37,322.08,15.917582417582418,37.33186813186813,Q4,669.6899999999999,26.91576086956522,-8.74882408278456,0.006461352657002,-0.3999999999999999,Neutral
Davao de Oro,2025,2025Q1,25.8123595505618,28.24,24.16555555555556,784.8,784.8,1354.0,2719654.74,1564.17,299.88,16.778888888888886,39.14,Q1,805.67,26.319731379731383,-2.590390606575894,-0.5073718291695819,-0.3999999999999999,Neutral
Davao de Oro,2025,2025Q2,27.93186813186813,31.56043956043956,25.15274725274725,277.4,11.2,464.0,2971883.59,1737.55,367.03,10.074725274725274,24.94395604395605,Q2,742.9100000000001,27.165274725274724,-62.66034916746309,0.7665934065934046,-0.1,Neutral
Davao de Oro,2025,2025Q3,27.62934782608696,31.907608695652176,24.17934782608696,210.9,6.0,366.0,2954820.45,1755.31,375.73,10.227173913043478,24.075,Q3,471.64,27.045,-55.28369095072513,0.5843478260869617,-0.3,Neutral
Davao de Oro,2025,2025Q4,27.59344262295082,32.09836065573771,24.024590163934427,176.20000000000002,4.0,315.0,1896793.49,1065.12,230.61,9.350819672131149,23.67377049180328,Q4,669.6899999999999,26.91576086956522,-73.68931893861338,0.6776817533856025,-0.6,La Niña
